lon,lat,nombre
-76.56917,-11.15166,Santa Catalina
-69.80901,-15.6695,Siale
-71.88462,-13.47796,Matinga
-71.54789,-13.61691,Ccatcca Pampa
-75.70196,-11.38791,Ninatambo
-76.87203,-10.70104,Mallay
-73.00999,-13.62035,Llactabamba
-71.16801,-14.56346,Urinsaya Ccollana
-69.86133,-14.39889,Oruro
-77.48014,-5.5527,El Milagro
-70.20636,-14.62685,Ajanani Grande
-70.06949,-14.98956,Tiruyo
-72.00356,-13.7591,Rocco
-69.4087,-16.74556,Tuntipucara
-76.27672,-9.79767,Tambo de San José
-69.18063,-15.21822,Kantati Ururi
-78.81387,-6.32741,Chipuluc
-69.19079,-15.24,Lipichicarca
-75.27865,-12.70057,San Antonio
-70.04614,-15.58526,Collana Segunda
-71.1476,-14.27849,Patacalasaya
-76.34722,-9.72779,Santa Rosa de Sirabamba Alta
-76.15822,-12.75607,Santa Cruz
-73.21015,-4.30494,El Chino
-70.77748,-15.21833,Jose Luis de la Puente Uceda de Chivay
-70.33374,-15.79027,Canllacollo Jatunmayo
-70.4561,-15.56115,Coachico
-71.55973,-15.56373,Canocota
-76.25234,-12.06369,Sunisica
-77.10457,-8.85452,Canchabamba
-72.907,-15.329,Toro
-72.21214,-13.3064,Kacllaraccay
-79.874,-5.11864,Santa Catalina de Moza
-72.4034,-13.58674,Pantipata
-73.12457,-14.73839,Pallancata
-71.62495,-14.79218,Ccamanocca
-73.9783,-13.12899,Huaychao
-71.94257,-13.82354,Huarobamba
-73.1283,-13.39584,Incahuasi
-75.32522,-11.9443,Mito
-77.42963,-8.92587,Lucma Tayabamba
-70.34756,-15.54294,Corisuyo
-78.63234,-7.85705,Luis de la Puente Uceda
-77.56119,-7.82723,Andres Razuri
-77.0705,-9.29762,Acchas
-72.11329,-13.46086,Ayarmaca
-78.59255,-7.17033,Sexemayo Lote II
-75.83203,-12.99893,Tupac Amaru de Azangaro
-77.42777,-8.60495,Pauca
-76.57065,-11.18702,Santa Cruz
-72.17521,-13.46421,Haparquilla Occoruro
-77.75026,-6.08613,Chiliquin
-71.52259,-14.21491,Pongoña
-77.42568,-8.8824,La Libertad
-71.17331,-14.32639,Huiscachani
-71.27339,-14.34015,Totorani Hercca
-69.81751,-15.693,Miraflores Yapura
-71.3595,-13.61709,Tayancani
-71.61242,-13.5089,Piscohuata
-72.07981,-14.13405,Huayllayoc
-71.81619,-15.68946,Maca
-75.03972,-12.30661,San Pedro de Mullaca
-77.21307,-9.15786,Union Caninaco
-71.34282,-14.02474,Paccobamba
-72.14224,-13.46854,Anansaya Urinsaya Collana
-71.32324,-14.09692,Cullcuire Salloca
-71.41359,-14.23932,Layme
-81.01193,-4.20047,Mancora
-71.33266,-14.57785,Vilcamarca Hospital
-70.17754,-15.23724,Collana
-73.65907,-15.46796,Maraycasa Tambo Caylla
-74.14872,-13.60323,Matero
-70.00548,-13.90746,Anana
-71.87885,-13.45013,Huancalle
-75.23097,-13.51015,Marcas Pampapuquio
-76.77317,-11.43989,Marco
-73.81934,-13.61319,Parcco
-76.33191,-12.25718,Mariatana
-77.85497,-8.64369,Ranguas
-70.66976,-13.80201,Altiplano de Chia
-73.55596,-14.89021,Calpamayo
-74.00604,-13.09645,General Cordova de Socos
-76.32183,-9.80361,Santiago de Llacón
-71.43887,-14.43939,Consa
-71.57392,-13.75347,Ttio
-76.57227,-9.81068,Chavinillo
-70.55826,-15.43457,Pucarini
-73.92539,-13.68922,San Jose de Churia
-77.82569,-6.34954,San Isidro del Mayno
-74.54371,-12.56902,Pucaccasa
-70.32169,-14.53912,Nueva Esperanza de Bajo Chilluma
-71.43044,-13.67805,Llullucha
-70.14471,-15.23895,Accopunco
-73.33409,-13.5628,Puihualla Alta
-77.03464,-10.09174,Pomapata
-68.97095,-16.19892,Sihualaya
-76.95716,-9.69618,José Crespo y Castillo
-70.36134,-14.61714,Jila Inampo
-77.13539,-10.16072,Chiquian
-72.25721,-14.85512,Chucñihuaqui
-76.91582,-10.77909,Andajes
-71.84959,-14.54297,Ccollana
-69.55613,-16.03474,Alpacuyo Kolakollive
-79.84006,-4.61285,Marmas
-77.58159,-10.09254,Huacyon
-79.972,-4.83721,Masias
-74.91842,-12.41296,Uyque San Vicente y Anexos
-77.60658,-9.45508,Andres Avelino Caceres de Cuncashca
-79.72193,-5.14995,Yamango
-74.71999,-12.52371,Alianza Andino
-72.24319,-14.1737,Choaquere
-74.04499,-13.28535,Jesus Nazareno de Chontaca
-74.73394,-12.75345,Chopcca
-71.32383,-14.3805,Conde Viluyo
-79.88784,-4.76522,San Andres de Montegrande
-72.20596,-13.51039,Conchacalla y su Anexo Mantoclla
-75.16049,-12.88459,Cachimayo
-69.63378,-16.1485,Juventud Jichuccollo Antamarca
-76.28607,-10.06772,Ñausa
-74.7705,-12.24929,Quishuar
-76.58417,-10.7782,Lancari
-77.26691,-9.094,San Pedro de Canchabamba
-74.94792,-12.64285,La Florida
-77.5175,-7.9434,Jose de San Martin
-78.31262,-6.93514,Sorochuco
-76.51057,-9.80922,Ayapiteg
-71.33651,-14.56582,Vilcamarca Hospital
-71.42371,-13.54473,Hachacalla y su Anexo Ccolla
-77.07594,-10.33223,Mangas
-77.82979,-8.63454,Yanac
-79.62122,-4.70297,Olleria
-72.09177,-14.22049,Urubamba
-74.81427,-12.08689,La Victoria Manchay
-69.29248,-16.72227,Arconuma
-76.78749,-9.46202,Chuquibamba
-71.38736,-14.30047,Llallapara
-70.18672,-14.09048,Upina
-75.00023,-12.2664,Churampi
-69.70279,-15.66234,Sancayuni de Amantani
-69.7144,-15.65432,Lampayuni
-77.21067,-10.31822,Canis
-77.45581,-8.64144,Socosbamba
-77.23155,-9.09716,Union Caninaco
-79.37961,-5.37429,Huaricancha
-77.17506,-10.10455,Carcas
-77.03898,-10.2473,Pacllon
-71.04281,-16.69994,Huasacache
-77.89761,-8.47179,Aco
-74.26451,-12.78219,Virgen del Carmen de Chinchay
-77.1449,-10.23258,Cuspon
-75.24846,-11.97751,Hualhuas
-76.13602,-9.76216,Nuevo de Antapucro
-73.42263,-13.68228,Ccompicancha
-74.28125,-13.07229,La Florida
-71.23651,-14.20596,Livincaya
-71.37878,-14.78351,Huancane - Anta Ccollana
-74.51547,-12.59125,Cconccorpata
-76.26214,-10.08147,San Pedro de Cumbe
-79.18325,-6.88972,Niepos
-76.74922,-10.94926,Jucul
-76.68747,-9.31015,San Pedro de Pariarca
-77.17899,-9.38265,Yacya
-71.53226,-13.7413,Urinccoscco
-80.37336,-4.98988,Apostol Juan Bautista de Locuto / Tambo Grande
-77.11311,-10.73413,Lascamayo
-77.00231,-10.39998,Uramasa
-72.39167,-13.46119,Ayaviri Ninamachi
-69.92246,-15.50184,Santa Cruz de Capara
-71.65192,-13.41314,Mika
-76.77977,-11.11821,Carac
-75.05946,-12.72616,Pueblo Libre
-75.88764,-12.38966,Achin
-70.20778,-15.41481,Cochaquinray
-71.11575,-14.44068,Occobamba
-76.80942,-9.43221,San Juan de Viscas
-77.29577,-8.70189,San Jose
-72.30373,-13.4669,Circa Kcacya
-72.17016,-13.45303,Mosocllacta Ayllu Sanco
-72.22362,-13.40685,Urinsaya Collana
-77.82549,-8.9051,Alpamayo de Colcas
-76.31402,-11.99287,Concha
-76.90133,-9.88993,Santa Rosa de Yaruwilca
-77.26355,-8.26166,Señor de los Milagros
-77.03616,-10.87901,Conchao
-76.4784,-10.19594,San Antonio de Chucchuc
-69.66786,-16.18422,Lacaya
-71.55742,-13.98367,"Santa Rosa de Ihuina
"
-72.16161,-13.4311,Eqquecco Chacan
-72.12303,-13.38881,Ccollana - Cheqquerec
-73.71476,-13.42544,Jose Maria Arguedas
-75.40506,-12.04954,Cochangara
-71.04561,-16.37084,Santa Lucia de Salinas de Ubinas
-70.02969,-16.14229,Ñuñomarca
-71.94038,-13.89241,Ccoyabamba
-71.61944,-14.75224,Urinsaya
-69.99703,-14.4822,Carputa Collana
-71.55921,-14.02184,San Jose de Conchacalla
-78.65211,-7.2463,Santa Maria de Magdalena
-69.33401,-16.38123,Collini
-75.3445,-13.70395,Ayavi
-71.93062,-15.67967,Cabanaconde
-71.97198,-13.72847,Toctohuaylla
-69.07162,-16.53168,Cumi
-77.06571,-10.16778,Quero
-75.97017,-12.56961,Auco
-74.17197,-12.89184,Sulluhuaylla
-74.35059,-12.75266,Churcampa Pichcay
-75.5623,-11.82133,Pocutanja
-71.85073,-13.3879,Viacha
-71.34741,-14.15702,Ccocha Ccosccoparte
-76.03275,-12.50893,Aucampi
-75.10432,-12.14941,Raquina
-76.53321,-11.23732,Baños
-71.88229,-14.19956,Hacca
-75.37404,-12.66547,San José de Acobambilla
-76.33783,-10.09498,Cesar Vallejo de Rayancatac
-75.84925,-12.86714,Apuri
-75.7716,-12.52929,Aquicha
-76.27764,-10.19752,San Pablo de Acochincha
-74.57496,-12.53231,Huanchos
-74.22779,-13.30318,San Juan de Cochabamba II Alta
-72.90686,-13.78194,Seccebamba
-77.26772,-10.62755,Cahua
-74.52143,-12.59925,Santa Rosa de Huachuapampa
-71.66617,-13.66685,Secsencalla
-74.68889,-12.15202,Pueblo Libre
-71.31902,-14.54862,Cebaduyo Ccollana
-74.30008,-13.2333,Maucallacta
-75.92243,-12.33446,Carania
-75.93833,-12.60719,Casinta
-71.45866,-14.78799,Anansaya Ccollana
-71.14853,-14.43154,Llallahui
-74.82581,-12.61582,Nuevo Progreso de Huantaylla
-71.17361,-14.03735,Llutuyo
-79.63621,-4.5803,Aragoto
-70.19063,-13.80861,Qquete
-72.01783,-13.49714,Chinchaysuyo
-77.81621,-8.90353,Caranca
-80.01622,-4.88928,Castro Pozo de Geraldo
-75.25205,-12.05122,Pilcomayo
-71.34051,-13.94543,Pampachiri
-77.40318,-8.92696,Lucma Tayabamba
-72.35054,-14.15978,Huanacopampa
-69.59116,-15.1794,Quispilacaya
-70.99655,-13.90455,Phinaya
-76.30656,-10.23311,San Juan de Yanamachay
-71.2432,-14.50877,Huarcachape
-73.47387,-13.69557,Ccaccacha
-71.54619,-13.68376,Sonccomarca
-71.91447,-13.65438,"Incacona
"
-76.7239,-10.01031,Brillante del Nupe
-72.25988,-13.46629,San Nicolas de Bari
-76.96936,-10.0135,Chiuruco
-71.83769,-14.01022,Misanapata
-71.8595,-13.74943,"Incacona Ttantar Ccosco
"
-69.28002,-16.38274,Jiscuani
-72.11363,-13.28822,Yanacona
-71.42514,-14.64769,Sillota
-78.57884,-5.42111,Santa Rosa
-76.03436,-10.59869,Ticlacayan
-73.94488,-12.65986,Irquis
-78.88404,-5.29663,San Juan de Chirinos
-71.01676,-14.82797,Pallpata
-72.06625,-13.44464,Ccorimarca
-69.84875,-16.38064,Collpa
-74.41161,-12.72286,Cconocc
-71.34744,-13.32131,Marcachea
-70.20373,-15.47267,Huichay Jaran
-75.65453,-14.1479,Yauca de Cocharcas
-69.09105,-16.29504,Chinumani Copapujo
-74.46467,-12.78983,San Martin de Marcayllo
-73.13224,-13.64947,Santa Rosa de Sotccomayo
-71.92651,-13.27823,Accha - Baja
-69.0517,-16.22437,San Juan de Totora
-70.04937,-13.72851,Upina
-71.96171,-13.60147,Occopata
-70.04149,-17.43408,Ticaco
-74.45617,-13.3285,Anchac Huasi
-77.21005,-9.11287,Union Caninaco
-71.85194,-13.73299,Anansaya Nihuacalla Masca
-74.5822,-12.23293,Tablahuasi
-69.60078,-15.10045,Calahuyo
-71.42069,-14.12603,Uchu
-74.81476,-12.72014,Troya
-70.15409,-17.35423,Susapaya
-70.60535,-14.04008,Huaylluma Ninahuisa
-71.71102,-14.86565,Tahuapalcca
-77.49398,-8.9913,San Pedro de Chinguil
-75.45961,-12.82011,Tipicocha
-71.61195,-14.5993,Oqquebamba
-72.06638,-13.42773,Ccorimarca
-71.72785,-13.70753,Mancco
-77.9492,-9.12141,Chaclancayo
-76.6424,-11.81228,Chaclla
-77.40652,-9.71149,Los Andes de Recuay
-74.15046,-12.72153,Cercan
-71.13628,-14.152,Lahua Lahua
-70.67683,-13.21669,Huacyumbre
-77.651,-9.1691,Tumpa
-76.17857,-10.62003,La Candelaria
-69.81593,-15.18137,Antacahua
-71.6938,-13.49633,Huayllapata
-75.07364,-11.66649,Chupa
-71.93517,-13.56407,Huillcarpay
-76.65932,-11.29503,Chisque
-79.78546,-4.63394,Chonta
-69.84568,-16.05981,San Carlos
-77.14392,-10.36735,Nanis
-74.49679,-13.22698,Paccha
-77.39757,-9.67764,Cordillera Blanca
-77.32076,-9.19002,San Antonio de Macuash
-76.68367,-9.57656,Quivilla
-76.18989,-10.62068,San Miguel
-73.98634,-13.28366,San Isidro de Soytocco
-76.46675,-12.68422,Coayllo
-71.9585,-13.71456,Ayllo Pachicte o Mollebamba
-77.60485,-9.58166,24 de Junio de Piruruyoc - Canshan
-80.0982,-4.8641,Tunal Zapallal
-78.78566,-7.07807,Unanca
-76.81353,-12.08532,Collanac
-76.18165,-10.42666,Huariaca
-72.14927,-14.04579,Quehuincha
-72.2371,-13.45162,San Nicolas de Bari
-72.91333,-15.13175,Ccayahua
-73.21243,-4.31017,El Chino
-69.74769,-15.08632,Chullocota Chucallane
-77.28419,-8.73177,Santa Rosa
-71.04183,-13.57614,Puyca
-75.67535,-12.91993,Ortigal
-74.75992,-12.50534,Huari
-76.58748,-11.42869,Obrajillo
-71.34745,-14.06787,Sallocca
-69.70606,-14.9892,Santa Cruz de Chillimuri
-71.82214,-13.28461,Poques
-78.0596,-9.03313,Cosma
-71.84071,-13.7415,Cucuchiray
-76.76826,-11.21006,Coto
-73.09681,-13.83141,Pichirhua
-74.94593,-12.66195,Chillhuapampa
-80.04307,-4.79808,Tupac Amaru de Llicsa Grande Cerro Lima y Zapotal
-73.55465,-14.63501,Huray Huma
-70.6749,-14.99247,Pacobamba Alto
-76.09213,-10.12369,Lomas Gordas
-73.15508,-13.86741,San Mateo Taqquebamba
-71.64414,-14.10244,San Juan
-74.18477,-15.22162,Sancos
-73.73647,-15.15705,Carhuanilla
-69.78873,-15.14258,Chuquiaguillo
-71.67878,-13.49849,"Tambopata
"
-76.18174,-9.79377,Cascay
-70.31294,-14.65107,Sillota
-71.31031,-14.34251,Urinsaya Ñahui Chaccopata
-69.40589,-15.14379,Halla Alto Grande
-77.31089,-9.10852,El Ingenio
-73.41838,-13.7918,San Juan de Occollo
-73.72728,-15.00408,Muchapampa
-71.86408,-14.97152,Cucho Capilla
-77.90447,-7.57383,Moraspampa Yanas
-71.46005,-13.61257,Llachic
-72.94101,-4.12858,Constancia
-71.89696,-14.55248,Ccollana
-73.77062,-15.15811,Acos
-69.79126,-15.12214,Tiquirini Toteria
-77.56823,-8.62046,Sicsibamba
-71.3654,-14.57935,Cullcutaya
-76.99225,-9.27448,Yunguilla
-72.26293,-13.38097,Chaquepay
-71.36807,-13.95925,Pampachiri
-74.18111,-12.689,Choccehuiscca o Mosoccpampa
-71.81685,-13.9971,Sihuina
-72.82202,-4.23074,Miraflores
-78.42662,-7.83212,Mashual y Cruz de Pecop
-71.9125,-13.35519,Huanca Ayllo
-71.74505,-13.79556,Parara
-69.72294,-14.93144,Tirapunco
-76.15536,-12.18214,Huancaya
-72.32381,-13.42408,San Martin de Porres
-74.67462,-12.6101,San Martin de Mayunmarca
-72.25207,-13.49409,Curamba - Tumibamba
-70.11354,-15.73163,San Martin de Porres de Yanico
-69.70004,-15.05118,Pajchacuyo
-72.34768,-13.79823,Huarccoy
-72.84664,-15.66457,Uchumire
-77.03182,-11.25618,Ihuari
-71.15081,-14.3361,Ccaicco
-70.8638,-14.66867,Santa Cruz
-70.80434,-16.20497,Yaribaya
-74.19349,-13.12957,Mariscal Andres Avelino Caceres
-74.70999,-11.86564,Astilleria
-77.47807,-10.1214,San Lorenzo de Marca
-73.15773,-3.73186,Juan Velasco Alvarado
-72.07003,-13.76644,Roccoto Cedroni
-71.49711,-13.8857,Tintinco
-71.56979,-13.43913,Mikaypata
-74.05343,-15.24692,Huillcallama
-72.67762,-3.4359,Los Invensibles de las Amazonas
-71.82465,-13.40836,Cuyo Chico
-75.29801,-13.54162,Huayacundo Arma
-76.95266,-11.1395,Huaicho
-71.61178,-13.94171,Sangarara
-71.57995,-13.76321,Huaraypata
-73.50271,-15.43362,Ayroca
-75.67239,-11.32785,San Antonio de Ataquero
-72.09869,-13.49519,Juan Velasco Alvarado
-76.22624,-10.10953,Ayancocha
-74.53728,-12.66157,Lambrasniyocc
-71.51853,-13.64604,Pampa Camara
-70.48609,-16.12557,San Jose de Humalso
-71.63804,-14.15417,Aucho
-71.30906,-14.06752,Tiruma
-69.4886,-14.91619,Japo
-71.23456,-14.34861,Sullca
-72.326,-13.46376,Ccolccabamba
-74.06284,-13.127,Virgen del Carmen de Urpay
-70.36547,-14.82643,Collana Santa Cruz
-72.08727,-13.76646,Roccoto Cedroni
-72.99613,-13.88247,Antabamba
-69.84998,-17.53622,Talabaya
-77.23098,-8.98542,Jose Carlos Mariategui
-72.39995,-13.98467,Patarcancha
-77.19872,-10.31748,Carhuajara
-69.72864,-15.17344,Huilahuyo
-75.41948,-11.84811,Pacamarca
-69.51134,-14.56889,Cojene Rotojoni
-76.21424,-9.84104,Pachabamba
-75.22932,-13.96074,San Juan de Huirpacancha
-73.8783,-13.03648,Virgen de Cocharcas de Cochas
-77.86375,-8.72569,Kiman Ayllu
-78.80375,-6.36167,Muque Saden Liclipampa
-77.815,-8.75078,Quitaracza
-71.64543,-14.62084,Oqquebamba
-71.53331,-14.21598,Aucho
-69.03408,-16.25604,Pajana San Agustin
-78.7703,-6.91143,San Antonio de Ojos
-76.30422,-9.84651,San Sebastian de Quera
-76.18945,-12.23519,Láran de Huanchac
-71.92887,-13.30226,Pampallacta Baja
-74.11176,-12.89603,Ranra Llamahuillca
-77.69799,-7.15442,Bolivar
-77.59766,-9.67403,Santa Cruz de Rurek
-74.23317,-14.1773,Yanama
-76.4588,-12.10937,Langa
-72.20546,-13.40407,Urinsaya Collana
-74.7657,-12.50165,Los Libertadores
-72.10952,-13.74439,Coror Paco
-74.85247,-12.0499,San Cristobal de Picpis
-74.49056,-12.62035,Nueva Esperanza de Chonta
-69.61394,-16.01753,Janccocollo
-76.29231,-9.74512,Icna
-71.06236,-15.03813,Pirhuayani
-74.80398,-14.1825,Llauta
-76.04097,-12.62243,Allauca
-78.80089,-6.94698,Rodeopampa
-70.62043,-16.34953,Lloque
-71.80825,-13.36551,Sacaca
-77.53342,-9.43099,Pedro Cochachin de Chavin
-76.4352,-12.22026,Matara
-80.07074,-4.91541,Veinticuatro de Junio las Cuevas
-70.32768,-14.30156,Quilca Viluyo
-74.21665,-12.59356,Sayhua Llamanniyocc
-81.08141,-4.8966,San Lucas de Colan
-74.3911,-15.79807,Atiquipa Jaqui y Yauca
-72.72457,-13.90844,Lambrama
-79.03303,-7.67891,Ascope
-74.23873,-12.66184,Ccorerupay Masingana y Huayccohuasi
-71.91103,-16.02567,Taya
-76.64958,-9.66412,Chuquis
-72.26488,-15.32114,Misahuanca
-76.66902,-11.13593,Chauca
-71.57527,-13.79652,Huaraypata
-71.83957,-12.94963,Cristo Salvador
-76.64209,-11.42409,San Miguel
-76.14184,-11.74809,Pomacocha
-76.9188,-9.88665,Santa Rosa de Yaruwilca
-77.61503,-9.39766,San Luis
-69.71816,-15.98187,Juruhuanani
-70.37571,-13.76287,Kanchi
-73.93738,-13.11275,Virgen del Carmen de Ninabamba
-70.19926,-15.09802,Mataro Chico
-71.27572,-14.21557,Puchuri
-76.60206,-11.56039,Lachaqui
-71.97884,-13.80499,Nayhua
-74.6788,-12.68678,Paccho Molinos
-76.3068,-9.58551,Virgen de Asuncion de Roccchacc
-69.74489,-15.9977,Caritamaya
-70.18592,-14.87789,Primer Chimpa Jallapisi
-71.57752,-13.39035,Santa Barbara de Huallhua
-69.8054,-16.09777,Marca Esqueña
-69.84058,-15.85953,Karana
-75.8554,-12.73783,Aiza
-71.47879,-15.0267,Hatun Aira Ccollana
-70.02946,-15.61038,Uquisilla
-71.4545,-13.99697,Cangalli
-69.82484,-16.12664,Aymahui Quenarire
-76.907,-10.5459,Antay
-79.95449,-4.55008,Santa Rosa de Suyo
-71.05924,-14.98207,Pirhuayani
-79.61793,-4.95052,Vilcas
-71.37494,-14.64411,Ccollpamayo
-77.08184,-10.19086,Mahuay
-77.70513,-9.88155,Quimayalluyok
-76.16926,-9.77017,Cochabamba
-77.48263,-9.76173,Manco Capac
-71.34277,-16.3711,La Rinconada
-77.82128,-9.53661,Virgen de Fatima
-72.20054,-13.45387,Markjo
-71.60848,-13.32775,Huaynapata
-75.98946,-11.42765,San Jose Huaypacha
-79.63114,-4.47552,Mostazas
-69.73448,-15.22098,Muñapata Ayllu Jurinsaya Primer Jilata
-79.73084,-6.54636,Manuel Arevalo Cáceres
-76.74425,-11.25181,Ravira
-69.88204,-15.35485,Requena
-71.71684,-14.77193,Achahui
-79.41515,-6.26859,Micaela Bastidas
-76.20367,-12.05624,Rimac
-76.05654,-10.70385,Ninacaca
-74.1143,-12.77684,Huaychao
-79.97553,-4.81337,Naranjo y Molino
-76.84038,-9.76457,Racuay
-72.62477,-15.72965,Rio Blanco
-70.9123,-14.61881,Quishuara
-73.46775,-13.71313,Pampamarca
-72.25688,-13.48757,Yanama de Ayllo Mayo
-71.21571,-14.2273,Pampa - Ansa
-71.84806,-14.42437,Merques
-70.05081,-14.9297,Tiramaza
-80.25288,-4.4584,Romeros
-77.95139,-8.40229,Cabana
-80.33542,-4.58349,Nuestra Señora de las Mercedes
-69.95637,-16.72172,Rosario de Saacata
-69.81162,-16.38456,Santiago de Villacuma
-74.17917,-14.38205,Pampahuasi
-72.20123,-14.46593,Antuyo Llaullimarka
-77.98056,-8.95066,Rosa Maria de Aliso
-74.08079,-12.79138,Occoro Espincuy
-77.06294,-10.37827,San Jeronimo de Copa
-71.75792,-14.00014,Taucabamba
-77.57346,-7.91688,Señor de los Desamparados
-75.44208,-13.76229,San Jose de Tambillos
-70.38807,-14.52046,Huanaco Mayo
-76.18313,-11.87611,San Antonio
-71.85154,-13.6377,Araycalla - Anyarate
-75.86618,-12.62165,Pampas
-77.86051,-9.81256,Ayllu Auquimarca de Quisuar
-77.82768,-8.16912,Pampas
-74.23498,-14.82538,San Cristobal
-75.92838,-12.91589,San Cristobal de Chocos
-76.22452,-11.82181,San Jose de Parac
-71.31556,-14.78428,Chani Kanamarca
-76.51426,-12.10769,Villa Pampilla
-72.02584,-13.4326,Ayllo Pongo
-69.63995,-16.03801,Cangalli  Achatuyo
-77.59421,-7.77761,Leoncio Prado
-77.56796,-9.2739,Copa Chico
-70.1847,-15.69473,San Jose de Llungo
-70.84056,-14.91889,Corani
-73.85693,-13.76682,Curipaco
-74.26313,-13.33458,Toccyascca
-71.82751,-13.75779,Sutec
-74.83515,-12.55202,Naranjal
-77.0643,-10.92212,San Miguel de Huaca
-76.49336,-10.03789,Cochas
-74.31464,-13.2832,Sallalli
-70.31328,-15.09678,Torkopi Pampa
-71.53411,-13.39971,Humamarca
-76.77294,-9.84296,Progreso
-74.21513,-13.56917,San Juan de Churrupallana
-76.80835,-11.31594,San Salvador de Pampas
-76.70015,-12.05771,Santa Rosa de Chontay
-78.15259,-7.58848,Chorobamba
-72.88,-15.13309,Huampo Secsincaylla
-76.64089,-9.72885,Chupán
-74.99234,-12.56369,Muque
-77.40034,-8.89321,La Libertad
-71.65901,-14.38693,Huanaco
-75.29187,-12.91575,Yauricocha
-69.71882,-14.89762,Tupac Amaru de Quilca
-69.09093,-16.35836,Ccalacoto
-72.05965,-14.30732,Curpire
-72.16264,-13.48576,Yungaqui
-71.30197,-14.95321,Huisa
-76.36145,-11.63846,Santiago de Carampoma
-74.32484,-13.17605,La Merced de Loyanta
-72.16096,-13.44743,Chacacurqui
-75.46413,-11.91232,Llacuari
-71.07643,-15.10445,Anta Cama
-72.33956,-13.46898,Ccolccabamba
-77.74043,-9.8229,Cori Aylluyoc
-72.13599,-12.87282,San Jose de Colca
-70.49482,-13.9712,Tantamaco Niahuisa
-70.26461,-14.76955,Calahuala Camacachi
-71.86045,-12.9309,San Jose Sahuay
-74.62058,-12.46393,San Jeronimo de Chuspi
-77.50775,-8.90965,Juan Velasco Alvarado
-71.30864,-14.55837,Tjusa
-69.798,-14.91855,Aziruni Andamarca
-70.17927,-15.26202,Huayrapata Lluncha
-72.00407,-13.63453,Checco Pucca
-70.05274,-16.1818,San Juan de Laconi
-75.79464,-12.54884,Quisque
-72.22658,-13.35246,Huayllas
-69.84496,-15.84578,Parina
-69.70063,-15.15283,Culachata
-69.76127,-14.94151,Janansaya
-77.4523,-9.5107,Cahuide
-74.81675,-12.53193,Chupaca
-69.66034,-16.1056,Lacutuyo Choconapi
-71.67997,-13.65649,Secsencalla
-73.12154,-13.63163,Ccallaspuquio Pumarcco
-76.67096,-12.17414,Cucuya
-71.43152,-14.57925,Chañi
-71.90602,-13.3525,Huanca Ayllo
-80.42145,-4.68773,Virgen del Cisne
-74.57785,-12.88027,Allpas
-71.24428,-15.01598,Hanccollahua
-71.88181,-15.05967,Santa Rosa
-75.66082,-12.28495,Tinco
-72.83435,-13.83865,Siusay
-70.23454,-15.11796,Varejon
-75.4096,-13.56725,Quito y Chocorvo Arma
-74.28775,-13.17017,San Lorenzo de Cochabamba
-76.70917,-11.22005,Viscas
-79.46503,-6.36287,San Antonio de Liquipampa
-76.72619,-11.2856,Cormo
-69.87243,-14.50568,Toma
-69.64805,-15.03331,Tres de Mayo Tocrahuyo Huilatirani
-75.39497,-13.61219,Huaytara
-71.90784,-13.78082,Paccarectambo
-70.51249,-14.03768,Tantamaco Niahuisa
-74.71133,-4.48404,Roca Fuerte
-70.52146,-15.86132,Añavile
-74.52988,-12.84726,"Choclococha, Yanacocha, Chilcapite"
-76.79858,-10.68615,Viroc
-71.72005,-13.76552,Yanaccocha
-77.51375,-10.27055,Corazon de Jesus
-79.46482,-5.87486,Chinche Tallacas
-71.61478,-14.30999,Aucho
-76.57456,-9.56329,San Francisco de Marias
-77.06594,-10.63358,Virunhuaira y Aguas
-80.37822,-4.69229,Cury Lagartos
-76.6603,-11.53836,Viscas Bellavista
-72.0168,-13.3882,Cuper
-70.60853,-16.14635,Santa Cruz de Oyo Oyo
-76.61253,-9.96748,Caramarca
-72.26752,-13.08889,Yanamayo
-78.63821,-7.21803,Cumbico
-74.11369,-13.19065,Tambillo
-71.80694,-13.3583,Paru Paru
-71.3338,-14.28008,Huayllani Pacpaca
-69.03025,-16.33845,Sanquira
-74.19839,-13.39217,Minascucho
-69.22516,-14.53963,Girigachi
-71.11903,-14.14239,Irubamba Machaccoyo Occopata
-71.54551,-16.45501,Pampas Viejas de Socabaya
-72.44687,-15.1943,Umachulco
-69.59668,-16.05067,Unidas Jilata
-70.5424,-16.20037,Corire
-76.30656,-12.35788,Viscas
-72.68569,-15.13308,Challpa Pullhuay Yanacanta
-74.67531,-14.66281,Uchuymarca
-73.82614,-13.53323,Chacari
-74.29399,-12.87943,San Pedro de Pampay
-74.10019,-13.59341,Putica
-74.88609,-12.64381,Union Progreso Pucacancha
-70.47903,-16.15603,Crucero
-71.39631,-14.52633,Sausaya
-71.55638,-13.85357,Huaccaytaqui
-75.93095,-12.43511,Yauyos
-73.86523,-13.02255,Virgen de Cocharcas de Cochas
-78.34408,-7.02288,La Encañada
-70.2857,-17.5009,Chipispaya
-72.23126,-13.428,Rahuanqui
-71.87426,-14.34306,Cconcha Ccollo
-72.78896,-15.09049,Piramarca
-71.08481,-13.78724,Sallani
-70.36548,-14.9965,Isla Ticca Huito
-76.42519,-10.367,San Juan de Paucar
-77.40535,-8.65461,Ocopon
-73.55333,-13.71957,Mollepata
-77.45678,-8.6583,Socosbamba
-71.24935,-14.18586,Ccanccahua
-76.57426,-11.29159,Pirca
-69.09298,-16.3153,Santa Rosa de Pichicho
-69.89087,-15.09899,Alto Trapiche
-69.98721,-14.96184,Esquina Pata
-79.36941,-7.19046,Chepen
-75.34544,-11.97771,Vicso
-70.31047,-15.15472,Chicchipani
-72.06809,-14.67839,Vista Alegre de Santiago y Anexo Corazon
-70.95906,-13.58342,No se sabe
-76.46638,-13.03643,Cerro Azul
-70.26119,-17.32795,Quilahuani
-69.71212,-14.63248,Chuquine y Anexos  Condorumaña y Jilokara Collpa
-69.9138,-15.17719,Caminacoya
-71.81961,-14.74287,Cangalle
-77.73814,-7.59468,La Victoria
-71.27548,-14.22615,Lari
-71.76927,-13.96013,Pillpinto
-69.69436,-16.18632,Chingani
-72.00883,-14.24427,Charamuray
-77.89486,-8.97175,Francisco Bolognesi de Ancoraca
-77.41169,-8.82756,Virgen de la Candelaria
-74.56901,-15.25004,Otapara
-71.70148,-14.89496,Tahuapalcca
-71.4977,-13.98545,Chuquicahuana
-78.25637,-8.8724,Lacramarca
-69.95262,-15.13119,Alto Parque
-76.88251,-9.89883,Santa Rosa de Yaruwilca
-71.20875,-14.16133,Santa Barbara
-69.97795,-15.1183,Santa Cruz de Chacapunta
-74.88906,-12.56766,Chunca Jatuspata Lirio Auquis Atayllama
-71.53518,-13.85986,Antisuyo
-72.02584,-13.71113,Molle Molle
-69.93936,-15.14223,Alto Escantapi
-73.00005,-15.73206,Ispacas
-71.46312,-15.17341,Ccota Ccota
-72.7338,-13.79354,Kishuara
-72.28274,-13.53757,Pantipata
-71.7828,-15.59693,Lari
-71.41202,-14.15333,Tinta
-76.23347,-11.97702,Lupo
-76.38026,-10.78319,San Pedro de Racco
-76.74551,-9.46822,San Antonio
-74.31047,-13.16476,Cedro
-74.10754,-13.21829,Santa Cruz de Ccechcca
-73.14841,-13.6021,Belen Anta
-78.00374,-9.14053,Mateo Rivera
-74.22008,-13.63732,Unya
-72.55766,-15.74514,Piscopampa
-77.81542,-9.50613,Pam Pan
-71.66882,-13.53579,Pitucancha
-76.62279,-11.49702,Pariamarca
-71.92119,-13.94347,Ppoccorhuay
-77.76042,-5.91356,Chisquilla
-69.45185,-15.15016,Yaputira
-73.78475,-3.93648,Diamante Azul
-78.43531,-9.27391,Huambacho
-76.4355,-10.20644,Liberacion de Yauran
-76.62742,-9.8886,Chacabamba
-72.06853,-13.35871,Racchi Ayllo
-71.10141,-14.28225,Condorsencca
-72.02454,-14.37176,Ahuichanta Huisuray
-71.6337,-13.90712,Sangarara
-76.77473,-10.99286,Mayobamba
-78.63136,-6.9624,Morohuisha Lote Cuarenta y Tres
-70.23924,-14.47022,Yaurifina Catuyo Chico
-69.25082,-16.38632,Tuquina
-77.64069,-9.23354,Jose Carlos Mariategui
-70.32256,-15.02424,Osocco
-70.68326,-14.97023,Umasi
-75.075,-12.57335,Zunepampa
-71.92049,-13.62233,Itunca
-79.82767,-4.65602,Cuchinday
-70.7751,-16.77003,Yaragua
-74.17258,-12.78304,San Francisco de Asis
-75.67686,-12.16476,Tomas
-70.10429,-15.76273,Cueva
-71.83512,-13.78646,Sutec
-71.8352,-13.85951,Araypallpa
-75.0905,-12.20184,Jatun Suclla
-72.87066,-13.73701,Cruz Pata
-76.81869,-9.79715,Cochabamba
-79.67292,-4.6911,Cujaca
-71.33561,-14.37936,Conde Viluyo
-78.19546,-8.1761,Victor Raul Haya de la Torre
-79.6142,-4.9938,Cumbicus
-70.82411,-16.38429,Escacha
-78.4522,-8.05806,Solidaridad Campesina
-76.1426,-11.97993,Carhuapampa
-74.63722,-12.08503,Socos
-69.89778,-15.49681,Escallani
-76.30345,-11.85123,Viso
-76.36363,-12.16784,Escomarca
-76.43914,-10.82025,Ucrucancha
-77.59537,-7.76531,Leoncio Prado
-70.44814,-15.10252,Pucarayllo
-76.40226,-9.97302,Juan Velasco Alvarado de Antil
-75.22269,-12.70611,San Miguel
-76.49398,-12.06181,Espiritu Santo
-70.00174,-15.20723,Carigueta
-75.88528,-12.06706,Vilca
-69.48311,-16.36244,Pasiri
-75.9417,-13.10755,Chavin
-79.6456,-5.54335,Chalpa Molulo
-77.80783,-8.88979,Hualcayan
-81.08507,-4.88838,Miramar
-76.25826,-10.4137,Pallanchacra
-71.96673,-13.32319,Mitmac
-79.56213,-5.30327,Andajo
-69.55703,-16.21936,Union Pucara Huallatiri I
-76.29584,-10.88751,Cochamarca
-76.95469,-11.2571,Otec
-72.78451,-15.68345,Huamanmarca Tumpullo Ochuro
-76.72442,-11.49587,Huamantanga
-71.07418,-13.41702,Japu
-71.65366,-13.50773,Quiñer
-69.23649,-16.53776,Huañacaya
-76.43736,-10.10495,San Pedro de Chaulan
-74.9611,-12.79149,Santa Ana
-76.19075,-12.35035,Huampara
-69.21732,-16.56979,Sicuyani
-72.97348,-14.72808,Huanacmarca Alta
-70.17817,-15.04537,Campuco
-73.41777,-13.74511,Soccñacancha
-71.85651,-15.99131,Huanca
-69.64438,-16.12094,Mañazo
-73.4662,-3.86616,San Martin
-77.87271,-9.74214,Huanchai
-69.94363,-15.36653,Huancollusco
-76.78103,-11.39536,Huandaro
-77.20069,-10.43566,Huanri
-76.92707,-9.15818,Uco
-73.09715,-3.88645,Libertad Aucayo
-73.90329,-14.96827,Para
-75.6064,-11.35866,Huaylahuichan
-74.21091,-13.13761,Totora
-71.63178,-13.77708,Occoran
-76.08045,-10.16077,Maraypata
-71.3886,-14.26852,Llallapara
-73.95299,-3.79924,Puca Urco
-80.10345,-4.75673,La Menta
-70.54014,-14.08264,Tupac Amaru
-72.04161,-15.56217,Llanca
-76.50429,-10.58954,Huaylasjirca
-76.13384,-10.32708,Matihuaca
-69.94549,-15.51263,Collana Logera
-76.91757,-9.26587,Contan
-77.18198,-10.30699,Llaclla
-74.14098,-13.42053,Quishuarcancha
-77.66432,-9.15135,Los Vencedores
-71.85093,-13.69449,Sutec
-75.1502,-4.44778,Tres Fronteras
-71.79659,-13.2977,Huarqui
-71.39118,-13.67277,Patapallpa
-76.7658,-10.65279,Oyon
-71.11331,-16.02449,Condori
-70.53095,-17.02197,Asana
-74.29174,-12.59101,Tambobamba
-73.81101,-5.35382,Los Cuatro Hermanos del Aleman
-72.83571,-13.61961,Asillo
-75.75843,-12.47021,Huantan
-76.41507,-9.75207,Yanapaccha Huajag
-77.5217,-9.50658,Luis M. Sanchez Cerro
-74.23311,-12.82303,Huayllay
-72.36186,-13.47024,Huaman Chacona de San Cristobal de Vilcaconga
-76.08154,-9.87079,San Marcos
-74.55652,-13.84167,Lucanamarca
-72.21691,-13.47631,Tambo Real de Ayllo Mayo
-72.10565,-13.79992,Chocho
-74.15831,-13.51863,Accomayo
-77.20952,-10.49772,Aco de Carhuapampa
-71.89484,-13.34433,Sayhua
-76.95955,-10.3712,Huayllapa
-73.84562,-3.42101,Tres Unidos
-73.40768,-4.10606,San Pedro de Pintuyacu
-73.44342,-3.04064,Esperanza Paleta
-70.18831,-15.78775,Arboleda
-71.81859,-13.96442,Sihuina
-71.46373,-13.2682,Mashuay Ccoricancha
-74.55974,-12.7384,Villa Mantaro
-70.75558,-3.92762,Inti Pacari
-75.01482,-11.65781,Maraynioc
-71.27902,-14.26044,Chihuaco
-69.41634,-14.97725,San Juan Bautista de Chajana
-75.23049,-12.13696,Huayucachi
-76.46027,-11.57855,Huanza
-71.97975,-13.68294,Incacona Ayllo Chifia
-76.42616,-10.85183,Yuraghuanca
-74.19246,-13.11171,Espiritu Santo de Muyurina
-72.11539,-13.34236,Ccollanas
-71.57141,-14.68333,Oqquebamba
-77.87525,-6.16905,Huancas
-69.33855,-15.01104,Progreso Bellapampa Koricancha
-75.2627,-11.95771,Saño
-73.83559,-13.06255,La Merced de Sacharaccay
-73.13144,-13.59465,Yanama
-78.64978,-6.66727,Moran Pata
-71.43322,-13.44253,Umana
-76.99916,-9.47921,Santa Cruz
-76.54161,-9.89094,Quilcayhuarin
-71.83894,-13.30626,Poques - Huama
-73.14216,-3.93218,Gran Peru
-71.40903,-14.66293,Sillota
-78.86552,-7.26254,Huertas
-72.14135,-13.41204,Eqquecco Chacan
-71.66111,-14.467,Huanaco
-76.41226,-10.25651,Colpas
-69.42712,-16.21327,Cruz Pata Tutacani
-79.55207,-4.56941,Huara de Indios y de Veras
-71.43531,-13.72667,Palcca
-74.76555,-12.83624,San Juan de Ccarhuacc
-69.78095,-16.27029,Cutini Pucara y Surpo
-74.33872,-12.79693,Ccasir
-73.66833,-13.6268,Tancayllo
-77.08027,-10.15875,Machcos
-71.1752,-14.08797,Tucsa Ccaccacucho
-79.2483,-5.7739,San Felipe
-76.62695,-9.6856,Rahua Huancachaca
-70.21968,-14.2273,Ajoyani
-73.21841,-13.66133,Rosaspata
-72.19347,-14.13487,Minascucho
-69.67975,-16.09279,Challacollo
-70.32764,-15.85939,Cahualla
-72.11237,-13.37259,Ccollana - Cheqquerec
-72.59366,-3.50971,Nueva Alianza San Pedro Caballocochillo
-71.65684,-13.54591,Pitucancha
-77.48495,-8.63585,Micaela Bastidas
-72.13496,-15.48705,Miña
-74.91379,-13.35861,Ccarhuacc Pampa
-73.96924,-14.41426,Andamarca
-76.98255,-11.07782,Santo Domingo de Apache
-70.19243,-15.1662,Llantapata
-71.64269,-14.58617,Oqquebamba
-77.67722,-7.56267,San Agustin de Chuquique
-70.36999,-14.57011,Millipunco
-71.39941,-14.44446,Orccocca
-76.78047,-10.82195,Curay
-74.53384,-12.80756,San Juan Villarica Ccarabamba
-71.67018,-13.58224,Ccoyaraqui
-72.72345,-3.56281,Libertad Vainilla
-71.4535,-14.13056,Pampamarca Urinsaya
-71.48667,-14.05868,Acopia
-74.16011,-12.82649,San Juan de Parccora
-76.17712,-10.61584,La Quinua
-70.46364,-16.2266,Condorani - Santa Clara
-76.07981,-12.31543,Quinches
-76.22314,-12.374,Quinocay
-71.41798,-14.81092,Huarca
-69.49724,-16.62765,Vilachave
-75.88247,-10.36223,Sunec
-70.39312,-14.7653,San Cristobal de Chana Pampa
-72.06715,-13.83429,Incacona
-72.20262,-13.41922,Urinsaya Collana
-69.86168,-15.94848,Camacani
-71.56522,-14.10746,Huaylluta y Surimana
-74.26287,-13.22481,Quishuarpampa
-76.42404,-10.79848,Cochamarca
-69.09061,-16.32613,Machacmarca
-77.09883,-10.2014,Llamac
-71.93973,-13.65408,Incacona
-69.86961,-16.05378,Huayllahueco Aquechia
-77.38318,-8.6453,Ocopon
-69.72679,-15.91868,Titilaca
-74.77858,-4.51327,Ollanta
-72.0335,-14.60812,Condes y Anexos Anchayaque y Ccollana
-72.18868,-13.50918,Inquilpata
-73.56683,-3.87836,Tres Unidos
-72.35091,-13.46062,Ccasacancha
-70.17884,-15.22443,Santa Fe de Achoj
-72.17644,-12.90562,Otalo
-71.07702,-15.32736,Condoroma
-69.50448,-16.01631,Compacaso
-77.22527,-10.27815,Corpanqui
-72.51918,-13.44409,Ccoyaraqui
-77.62223,-9.19006,Mitimaes
-74.16996,-13.2222,Uchuypampa
-71.65142,-14.20378,Pataqqueña
-77.11453,-10.54742,Huancapon
-72.69934,-15.08393,Pettce
-74.95684,-12.60615,La Union Cachillallas
-69.29699,-16.40866,Huapaca Santiago
-78.89219,-6.71886,Saucepampa
-69.30382,-16.32915,Lampa Grande
-69.21967,-16.34771,Llaquepa
-69.90791,-15.89354,Cusipata
-70.80072,-14.90635,Umacollana
-71.19671,-14.53172,Hilatunga
-76.06255,-12.84101,Picamarán
-69.82022,-15.35207,Jatun Isla Jasana Sacasco
-70.69133,-14.57136,Ñequecota
-76.64639,-9.90167,Shulluyaco
-75.54836,-11.77323,Muquillanqui
-71.08893,-14.23911,Condorsencca
-75.57272,-13.24033,Pichuta
-72.06135,-14.26289,Huaccoto
-76.18689,-10.54277,San Antonio de Malauchaca
-77.61611,-8.59079,Virgen del Socorro
-69.83634,-15.82604,Tacasaya
-71.32809,-14.96839,Huisa
-77.2855,-9.12285,Santiago de Cardon
-70.12426,-15.96474,Camata
-71.27206,-14.80694,Molloccahua
-78.68635,-7.14647,Mishca Chica
-72.1521,-13.40393,Huayllaccocha
-71.43967,-14.74319,Suero y Cama
-79.655,-5.28361,San Francisco Bajo
-71.63913,-13.6155,Coñamuro
-70.09751,-15.04185,Alto Orurillo
-76.45971,-9.91794,Raccha Cedrón
-70.42006,-14.6023,Chilliutira
-70.40207,-14.60326,Apaicachi
-71.02695,-14.31156,Tañihua
-74.03111,-12.94485,Nueve de Octubre
-69.48342,-16.10905,Vilca Maquera
-76.65669,-9.80362,Cochas
-72.17465,-13.43685,Huerta
-76.43789,-10.4466,Mito
-74.99581,-12.55059,Muque
-71.94639,-13.42194,Qquencco
-77.74028,-10.47988,Huaricanga
-73.04464,-14.02892,Pampallacta
-71.37678,-14.48023,Ccollana
-78.48563,-7.39632,Huariguro
-72.01002,-14.09701,Cancahuani
-70.76531,-16.45751,Huarina
-75.07374,-11.64245,Yauringa
-77.26466,-9.14203,Santiago de Cardon
-74.94469,-12.70194,Palca
-76.30235,-12.23001,Huariquiña
-71.35832,-16.64445,Polobaya
-75.02262,-12.78536,Callqui Chico
-73.68047,-3.98145,Santa Maria
-69.21066,-14.44541,Girigachi
-71.53827,-14.12088,Pampahuasi
-75.25261,-13.45248,Santa Rosa de Rumichaca
-70.07574,-16.29117,Huarijuyo
-71.91488,-13.81588,Pirca
-69.78496,-15.9339,Pallalla
-76.65453,-9.62199,Huancan
-69.42912,-14.86335,Quenajani
-69.69387,-15.95672,Surupa
-74.6804,-12.81748,Nuevo Progreso de Laccanccapampa
-70.33222,-14.96529,Corazon de Jesus
-79.18122,-6.53185,Paden Potrerillo
-77.07834,-8.81331,Canchabamba
-78.83079,-6.68668,Yauyucan
-71.47467,-14.00267,Ccayocca
-71.8107,-13.72103,Yarccacunca
-73.08289,-13.65463,Huancarama
-71.17323,-14.39993,Silli
-76.72633,-9.76197,Casacancha
-71.64468,-14.26605,Aucho
-73.77572,-13.68101,Muchcapata
-71.46235,-14.19771,Quecha Quecha
-73.96109,-13.05195,Tupac Amaru
-79.66124,-5.25776,Santa Rosa de Soccha
-76.84952,-9.42529,Punchao
-78.65518,-6.74204,El Tingo
-73.39382,-13.73646,Sucaraylla
-71.76104,-13.34106,Chichicmarca
-77.51722,-8.13579,Jose Maria Arguedas
-75.14712,-12.69065,Tansiri
-74.89939,-12.07441,San Francisco de Pacccha
-77.8357,-7.58346,Señor de los Milagros
-70.15114,-15.25513,Pacaraquin
-74.08687,-12.95399,San Antonio de Huitotoccto
-72.78105,-15.13039,San Jose de Luicho
-73.24495,-13.70987,Cupisa
-78.45978,-7.78069,Sañumas
-72.06231,-14.38655,Idiopa - Ñaupa - Japo Urinsaya
-71.56189,-13.99276,Pomacanchi
-70.96514,-13.59059,Marcapata Collana
-71.4279,-14.19465,Jilayhua
-69.80423,-15.82298,Churo
-74.0585,-13.5511,Yanayacu
-69.82634,-15.79876,Luquina Grande
-70.34212,-15.3341,Sutuca Urinsaya
-70.16147,-15.22354,Occoro
-78.22495,-7.85975,El Milagro
-78.7791,-6.921,Pampa de Cuyoc - La Colpa
-70.44905,-15.18886,Alto Qquepa Ccochapata
-72.3223,-15.29551,Tintaymarca
-79.22631,-6.40969,San Juan de Licupis
-79.28917,-6.40062,Santiago de Cachen
-71.16802,-14.29474,Pumaorcco
-69.69356,-16.12654,Quenafajja
-75.06217,-12.75928,Totoral Chico
-78.6328,-7.15011,Cushunga
-73.50104,-13.73745,Canccayllo
-74.69163,-4.4108,San Roque 7 de Junio
-79.36907,-6.41965,Tocmoche
-69.56197,-16.72528,Providencia
-70.41264,-15.6652,Callapoca
-70.37882,-15.3708,Enrique Torres Belon
-69.48803,-16.04496,Yaja Circatuyo
-78.49198,-8.09699,San Isidro
-78.81288,-6.91361,Pampa de La Calzada
-78.937,-6.95541,Suyto Orco
-72.40396,-14.19574,Cconchaccota
-72.05559,-13.62153,Ccorimarca Quinsacruzniyoc
-71.84902,-13.47871,Qqueccayoc
-74.12547,-12.84261,Uchuraccay
-71.47016,-13.63777,Huayllabamba
-75.44186,-11.84862,Muqui
-70.30557,-16.64673,Aruntaya
-70.61679,-16.87116,Cambrune
-73.59819,-14.81431,Ccalani
-70.72598,-16.09517,Coalaque
-78.1634,-8.18316,Santa Cruz de Huamada
-79.63401,-7.07399,Lagunas
-74.23588,-12.97239,Urocc
-76.15516,-11.82301,Yuracmayo
-75.5441,-11.72683,Acolla
-71.90423,-13.58745,Kircas
-73.12336,-3.88233,Libertad Aucayo
-71.47097,-13.46578,Payajama
-70.66872,-16.69584,Calacoa y Bellavista
-69.76837,-14.64685,Chijos
-71.56416,-13.41153,Inca Paucar
-76.93356,-11.30343,Yungui
-80.49684,-4.97063,Señor Cautivo de Progreso Alto
-72.07792,-13.17088,Cuncani
-69.995,-15.56703,Llachahui
-76.19286,-10.37973,Acobamba
-75.21143,-12.12412,Huamanmarca
-72.37361,-13.77497,Ccarancca
-71.59207,-13.58078,Pumaorcco
-70.78246,-16.15868,Querala
-70.6677,-16.3833,San Miguel de Coroise
-76.14143,-10.58695,Huamanmarca
-70.86524,-16.41577,Tonohaya
-70.64438,-17.11174,Tumilaca - Pocata - Coscore - Tala
-71.90459,-13.40714,Paullo Ayllo
-79.57087,-7.04319,San Francisco de Mocupe
-69.67095,-16.15735,Tres de Mayo de Jarani
-76.27062,-9.89238,Nauyan Rondos
-77.48502,-8.43293,Condor Cerro San Isidro
-71.91342,-13.28488,Vista Alegre de Yanahuaylla
-74.65462,-12.83276,Anccomarca
-71.90154,-13.55183,Picol Orccompucyo
-73.03605,-3.86122,Unión Quebrada Aucayo
-73.37004,-15.06929,San Pedro de Huataca
-74.00877,-14.78963,Santa Cruz
-71.23625,-14.3127,Hercca
-71.61867,-13.98242,Chosecani
-70.22094,-14.74161,Ccaso y su anexo Llancoane Kumi Pata
-74.16042,-13.61737,Mollebamba
-74.99433,-13.37202,Pilpichaca
-69.8154,-15.79138,Karina Luquina Chico
-75.16895,-4.44662,Nuevo Angora
-75.05643,-12.25755,Pazos
-72.13422,-12.86526,Huy Huy
-70.0227,-15.88522,Cancharani
-69.51012,-14.67651,Ananea
-74.31622,-13.06624,Santiago de Pischa
-71.28248,-14.20166,Pampa - Calasaya
-74.10317,-13.09372,San Exaltacion de Colpa
-70.0033,-14.39476,Mercedes
-77.70116,-9.57008,Pira
-72.22416,-13.64233,Huambomayo
-74.15885,-14.19015,Santa Ana
-70.12666,-15.73214,La Union de Colila
-73.86189,-15.00282,Chaviña
-69.60462,-15.99159,Challapujo
-69.86438,-14.20447,Oruro
-72.03903,-14.03506,Huascabamba
-76.60301,-11.68733,Quilcamachay
-70.25077,-15.79235,Agua Buena
-71.80539,-13.37892,Sacaca
-72.2989,-13.47227,Circa Kcacya
-71.49839,-14.25313,Kascani
-75.06915,-6.94127,Nuevo Islas Baño
-70.60514,-14.87209,Ccapac Hanco
-71.5772,-13.58097,Atapata
-72.0239,-13.78482,Percca
-72.90011,-15.58811,Queñuaimarca
-70.67128,-13.51589,Pumachanca
-74.31713,-13.35558,Rosas Pata
-77.34549,-8.76798,Virgen de los Desamparados
-74.08176,-12.91373,San Juan de Churulla
-71.92154,-13.29833,Pampallacta Baja
-76.81196,-9.17226,Yanas
-69.47843,-15.26131,Ñapa
-71.8847,-14.53628,Ccollana
-72.00314,-13.80559,Tucuyachi
-78.53115,-5.41481,La Yunga
-71.24333,-13.9093,Pampachiri
-77.5486,-8.14952,Jose Maria Arguedas
-77.57219,-8.49687,Juan Velasco Alvarado de Chullin
-76.40043,-10.67614,Santa Ana de Pacoyan
-72.85345,-15.20855,Cachana Chaucavilca
-70.21773,-15.29055,Collana San Sebastian
-72.34048,-13.66151,Pantipata
-80.02483,-5.00633,Misquis
-74.33281,-13.28022,San Jose de Mayobamba
-74.93857,-12.62963,Quimina
-77.54478,-8.00981,El Calvario
-69.93881,-16.41058,Pampahui Huencasi Huajaito Jayujayuni
-71.84601,-14.55567,Ccollana
-74.60449,-12.84983,Bellavista
-74.39262,-13.08499,San Pedro de Cachi
-76.91991,-9.91495,Santa Rosa de Yaruwilca
-70.00132,-14.14688,Sallaconi
-78.00267,-7.58366,Llucho
-76.32805,-10.2325,Utcush
-74.69366,-12.72254,Huanaco Pampa
-69.30995,-15.41682,Inca Wisachata Pomaoca
-79.88255,-4.82143,Arrendamientos
-73.90211,-13.70525,Putacca
-70.02785,-15.37882,Icallo
-71.46897,-14.87542,Hatun Ayra Ccollana
-71.54325,-13.79874,Accopata
-77.14808,-10.59491,Caquioc Marcahuaín
-75.348,-12.0154,Llacuas Huachac
-77.15973,-9.59186,San Pedro de Ucana
-71.57309,-13.46367,Pichiuca Ñahuinpucyo
-72.78618,-15.48568,Acchaimarca
-69.31755,-15.30137,Huayrapata
-79.75699,-4.67576,Arreypite y Pingola
-75.1573,-12.57155,Santa Rosa
-76.26785,-10.44948,La Merced de Jarria
-74.97601,-12.08196,San Jose de Trancapampa
-76.49653,-11.53766,Acobamba
-71.73582,-13.58511,Pinagua
-72.01598,-13.50549,Chinchaysuyo
-75.07028,-11.74237,Pusacpampa
-74.50451,-12.61309,Vista Florida
-77.22207,-8.7093,Huachumay
-79.61131,-4.71802,San Bartolomé de los Olleros
-78.2908,-7.18745,Chilacat
-73.1024,-3.81977,Gallito
-69.19901,-14.52931,Saqui Totora
-76.82446,-11.26829,Acos
-77.69145,-8.03491,San Nicolas
-77.07503,-11.10727,Acotama
-70.97219,-16.15034,Quinsachata
-77.03306,-10.4374,La Florida
-75.49128,-11.74769,Paca
-79.38839,-5.85633,Jacapampa Tasajeras
-70.02228,-15.55028,Suchis
-74.56381,-12.55135,San Cristobal de Ccocha
-71.91503,-13.03288,Amparaes
-76.7803,-10.51996,Quichas
-71.37944,-14.34361,Hampatura
-69.63262,-15.01409,San Salvador de Ticani
-69.19211,-16.36685,Tambillo
-74.29672,-13.74425,Tinca
-69.84735,-15.99526,Calala
-71.08893,-14.258,Condorsencca
-77.48192,-8.71882,Chogo
-76.25385,-12.21252,Quiripa
-69.83903,-15.67039,Allan Pucara Jajanra Capano
-70.57096,-14.988,Pacobamba Bajo
-70.64981,-14.97538,Condormilla Alto
-79.62556,-5.8062,Yahuangate Landa
-76.56819,-12.31091,Llanac
-76.73924,-9.43264,Chavín de Pariarca
-76.34511,-10.35707,Antapirca
-76.23112,-12.70478,Tauripampa
-75.02101,-6.91973,Nuevo Encanto de Suni
-70.32704,-14.63657,Union Pacuhuta
-74.98684,-4.43031,Nueva Alianza
-72.57167,-15.60417,Unro
-71.92205,-13.50312,Ayarmaca y Pumamarca
-73.08117,-13.61804,Pacobamba
-70.52453,-16.09526,Sicuani
-71.84395,-14.3008,Sihuincha
-76.42713,-12.15844,Acurana
-76.75169,-9.57439,Palanca
-75.34353,-12.42663,Huasicancha
-75.86716,-12.16435,Vitis
-72.14386,-13.48412,Anansaya Urinsaya Ccollana
-74.19609,-12.61017,Rodeo
-76.82976,-10.73354,Sto. Domingo de Nava
-74.73129,-12.35087,Occoro
-75.44909,-13.46883,Alcas
-71.46086,-13.7301,Huacatinco
-74.64413,-12.46627,San Julian Alto y Tacsana Pampa
-77.46398,-9.62096,Wiracocha
-72.04566,-13.65008,Chanca
-70.14255,-15.25765,San Jose Collpani Ccotos Pampa
-75.14794,-12.13839,Sapallanga
-74.92361,-12.77814,Huayllaracra
-69.58806,-15.01531,Alto Libertad
-70.40344,-14.66749,Colquemarca
-74.60936,-12.84103,Bellavista
-69.44166,-16.19255,Olla
-77.48983,-9.49927,Cuatro Estrellas
-69.34997,-15.48721,Cupisaya
-71.313,-14.49664,Hanansaya Ccollana
-73.39754,-15.31591,Toncio
-78.81398,-5.32872,San Pedro de Perico
-73.70581,-15.10165,Santa Cruz de Chumpi
-78.7416,-6.33958,Pandalle
-71.73232,-13.3135,Ttocra
-70.04155,-15.3614,Isilloa
-70.43953,-17.33602,Toco Grande
-77.21223,-10.25293,Ticllos
-75.90303,-12.73199,Cachuy
-75.31933,-11.87087,Huanchar
-70.69872,-14.91136,Umachiri
-74.80869,-12.13331,Cedro Pampa
-73.94722,-13.06837,Tupac Amaru
-74.01708,-13.26476,San Jose de Parco
-70.10534,-15.11623,Chapani
-77.66849,-8.18946,Animas de Llamara
-70.132,-14.55498,Llacta Choquepiña
-77.90227,-6.60017,Santo Tomas
-70.13282,-15.58505,San Antonio de Chujura
-70.27603,-14.67907,Choquepiña
-72.95852,-13.59015,Juan Velasco Alvarado
-77.37709,-10.06515,Pampas Chico
-71.08778,-16.59071,Amata
-74.45602,-13.35597,Jatumpampa
-70.45594,-16.07305,San José de Cachipascana y Jesus María
-74.2503,-14.54932,Ccontacc
-73.94574,-13.31258,San Pedro de Ccoisa
-70.0735,-13.99839,Ayusuma
-71.54146,-14.32181,Choccayhua
-71.91239,-13.55554,Pillao Matao
-71.38031,-14.20456,Queromarca
-69.84792,-15.95643,Rinconada
-70.05632,-15.00493,Primer Jilahuata
-71.52844,-13.1995,Virgen de la Asunción
-73.36923,-14.86111,Ampi
-70.08752,-15.066,Pantipantine
-71.16209,-14.1323,Irubamba Machaccoyo Occopata
-71.50226,-13.42898,Mollomarca
-74.68871,-12.60061,Alhuara
-72.87583,-15.49736,Ayanca
-77.37622,-9.00632,Jose Carlos Mariategui
-77.64842,-6.12516,Diosan
-79.5335,-4.8631,Yanta
-72.00415,-14.38606,Idiopa - Ñaupa - Japo Urinsaya
-73.8063,-14.44255,Tacalla
-69.59995,-16.11266,Chilacollo
-71.74533,-13.35955,Sipascancha Alta
-70.51541,-14.56504,Santa Cruz de Sincata
-69.79769,-16.00749,Yanamuri
-74.31159,-13.1709,Sapsi
-69.28718,-16.78821,Pilco
-70.87714,-14.93894,Llalli
-75.49252,-11.72299,Chunan
-74.86134,-12.69843,Tres Estrellas
-74.85438,-12.12628,Montecolpa
-74.07018,-13.92048,Hualla
-79.97242,-4.89637,Tupac Amaru de Parihuanas
-74.25163,-13.57777,Chirilla
-69.55871,-16.16878,Colloco Huaychani Totorlaya Tiñuco
-72.01467,-13.9592,Tahuay
-69.56492,-15.17477,Aquirani Calamarca
-76.89584,-9.57736,El Porvenir
-71.46,-14.48012,Consa
-71.61819,-14.21445,Pataqqueña
-74.58204,-12.16275,Uchuysihuis
-71.82569,-13.80208,Valle de Cusibamba
-74.87391,-12.80761,San Antonio de Matipacana
-69.67439,-16.20568,Jachocco
-74.2863,-12.65758,Mosoccllaccta
-70.28059,-15.02874,Pupuja
-71.96778,-13.70318,Ayllo Pachicte o Mollebamba
-74.58342,-12.12098,Bellavista
-75.02301,-12.70729,Ñuñungayocc
-72.22045,-13.46271,San Nicolas de Bari
-74.78251,-12.81699,Condor Huachana
-71.30619,-14.14437,Cuchuma
-70.55195,-14.07748,Huaylluma Ninahuisa
-71.26731,-14.19851,Qqehuar
-71.6318,-14.15759,Aucho
-73.10817,-3.67665,Juan Velasco Alvarado
-70.38858,-14.96221,Puyutira
-77.70579,-8.51429,Luis Pardo de Lachoj
-69.61722,-16.20538,Catamuro Primero
-70.44155,-14.99403,Santa Cruz de Colquejahua
-70.54695,-16.12412,Totorani
-73.88145,-13.66466,Santa Rosa de Huancapuquio
-69.59676,-16.19803,Coraraca
-75.41028,-12.03481,Angasmayo
-70.09974,-15.97541,Inchupalla
-69.67695,-16.14972,Thocori
-76.37213,-10.12477,Oreb de Quepayacan
-72.03492,-14.46538,Pullpure Puente de Coyo I Uscamarca
-72.93877,-15.45847,Yanque
-72.17218,-14.01783,Payancca
-72.23005,-13.51552,Compone
-77.128,-8.7532,San Buenaventura
-76.38132,-12.1137,Llambilla
-70.57161,-14.05922,Tupac Amaru
-77.11785,-9.35898,Gantu
-72.90526,-14.0354,La Union
-74.90036,-12.63497,Muquec Alto
-74.2793,-13.41074,Munaypata
-69.71424,-15.18569,Yarata Aquicuyo
-70.68771,-16.13968,Pachamayo
-70.23133,-14.82364,Layaccota
-77.4397,-9.81575,Virgen del Socorro
-69.80372,-15.11872,Quishuarani
-71.3783,-13.98527,Pitumarca y Anexo Huasapampa
-69.96993,-15.22701,Chucaripo
-72.97583,-13.96754,Chacoche
-71.753,-13.72991,"Huarcay
"
-76.56283,-10.58484,San Antonio de Pomayaros
-72.01972,-13.47882,Chinchaysuyo
-69.80554,-15.1428,Machacamarca
-77.54257,-7.96221,Jose de San Martin
-71.88968,-13.59654,Suncco
-71.92122,-13.6368,"Hurin - Sayac, Hanan - Sayac, Ccollana Ayllu"
-72.02457,-13.44869,Ccoricancha
-78.05504,-6.18051,Conila
-74.16605,-13.60136,Huahuapuquio
-73.93614,-13.52486,San Pedro de Tantar Ccantoyocc
-70.2083,-14.98694,Primer Chimpa Jilahuata
-77.64589,-7.41961,Bambamarca
-76.90311,-9.87684,Santa Rosa de Yaruwilca
-69.93588,-14.89357,Santiago de Bellavista
-72.24375,-14.69511,Urinsaya Picutani Yabina
-75.85901,-9.89557,Chaglla
-73.7181,-13.49962,San Miguel de Llimpe
-76.25916,-9.75861,Nueva LIberación de Huallanca
-76.53256,-10.45798,Huarautambo
-71.96885,-13.4854,Huayllarccocha
-78.67202,-6.62034,Lingan Pata Santos Solano del Coñor
-72.14228,-15.59637,Choco
-77.51186,-9.60924,Huamarin
-77.23415,-9.10493,Union Caninaco
-71.64983,-15.69652,Anansaya
-74.93547,-12.41925,Union Progreso
-77.52284,-8.83373,Juan Velasco Alvarado
-71.90314,-13.55847,Picol Orccompucyo
-70.04026,-14.44712,Anansaya
-76.73332,-11.63925,Anaica y Collo
-70.50436,-16.11499,Anchallani
-76.63382,-11.29485,Pasac
-70.36571,-14.58092,San Salvador de Sihuaruyo
-77.38814,-9.19451,Cordillera Blanca
-74.98041,-12.26739,Tapo
-70.75867,-13.69804,Incacancha Yanacocha
-69.83034,-16.21118,Pirco
-77.39951,-8.66921,Ocopon
-71.2676,-14.60315,"Huarcachape
"
-77.97865,-6.07973,Olto
-71.26884,-16.17215,Huayllacucho
-74.13324,-13.56943,Cochapata
-78.4096,-5.65975,Copallin
-73.96913,-13.67842,Santa Rosa de Soquia
-72.16326,-13.474,Yungaqui
-69.6569,-16.1191,Santa Maria
-69.5608,-15.98387,Sullcacatura
-70.3189,-15.59554,Quinsachata
-70.39257,-15.59128,Tancuaña
-77.93266,-5.9569,San Carlos
-77.57928,-6.14573,San Pedro de Yambajalca
-73.62883,-4.53554,San Antonio
-69.41849,-15.25478,Quellahuyo Pomaoca
-72.90953,-15.25863,Ankaro
-70.17359,-14.104,Coaza y Anexo: Achacire Taracocha
-69.78179,-16.01344,Molloco
-79.81621,-4.78686,Yerbas Buenas
-69.2327,-16.76654,Maycu Phujo
-73.37387,-13.77142,Sacclaya
-70.68553,-14.09779,Jorge Chavez
-71.44819,-14.37293,Ccollana Qquehue
-76.98725,-10.72663,Ascension del Señor de Pumahuain
-76.63716,-12.6081,Santa Cruz de Flores
-76.40402,-12.0871,Santa Ana
-75.05024,-11.62766,Talhuis
-76.54232,-10.49982,Villo
-71.91833,-13.50802,Ayarmaca y Pumamarca
-70.03836,-14.36569,Crucero
-72.04327,-13.70549,Maska
-71.47579,-13.96071,San Isidro de Occobamba Sur
-72.99436,-14.03152,Chapimarca
-75.91287,-12.2511,Piños
-73.48951,-13.75404,Contugna
-71.75334,-13.44589,Occoruro
-76.51494,-12.75627,Asia
-71.74261,-14.52219,Chilloroya
-71.93439,-15.58413,Colca Peral
-70.45354,-15.30794,Marno
-73.23046,-4.30557,El Chino
-75.24918,-12.3498,Chacapampa y Parcahuara
-76.24134,-12.05357,Yungalla Primo
-69.53852,-14.2014,Patambuco
-77.25666,-9.08996,Union Caninaco
-73.84649,-13.15765,Apucancha
-78.81704,-7.87277,Ñary
-73.09648,-3.85979,Unión Quebrada Aucayo
-77.72077,-9.75721,San Agustin de Almizcle
-77.71742,-7.48696,San Mateo de Mollepata
-71.68734,-15.64962,Ichupampa
-75.32601,-12.04961,Huayao
-69.1917,-16.76309,Perez
-71.93926,-13.61798,"Hurin - Sayac, Hanan - Sayac, Ccollana Ayllu"
-72.43225,-13.97598,Sorcco
-76.16982,-12.15828,Copara
-74.71726,-12.54731,Macho Era
-77.48103,-10.6294,Cochas
-69.22787,-16.82741,Kapia Pusuma
-74.1561,-13.17234,Santa Barbara
-77.61898,-10.33901,Colquioc
-70.35448,-14.60949,Quilca Viluyo
-74.25364,-13.08474,San Martin de Paraiso
-74.05152,-13.34223,Santa Barbara de Uchuymarca
-71.72179,-14.56376,Ccollana
-71.90707,-13.51205,"Ayamarca y Pumamarca
"
-73.44371,-14.77393,Achuani
-69.0475,-16.29948,Yanapata
-71.51958,-14.94954,Hanccoccahua o Manturcca
-77.39034,-8.60878,Cuzca
-71.60201,-13.96876,Manzanares
-74.76478,-13.08826,San Juan de Dios de Lircay
-69.70592,-15.91585,Socca Patjja
-69.64374,-16.17825,Simillaca
-70.69522,-13.86801,Chimboya
-70.44018,-14.73526,"Ticcocca
"
-71.17217,-16.18644,San Juan de Tarucani
-70.39264,-14.81391,Chuani San Antonio
-71.52304,-13.9619,Marcaconga
-77.60941,-9.19732,Atusparia
-72.2062,-14.9928,Orcopampa
-69.71606,-15.20611,Bajos Munaypa
-69.72681,-15.22429,Cacuña
-74.05776,-13.65135,Payahuanay
-76.62634,-10.52656,San Juan Baños de Rabi
-75.42676,-11.51744,Callas Huayanay
-70.08699,-15.60361,Collana Chillora
-75.04502,-7.15718,Alto Perillo
-71.64685,-13.43822,San Juan de Buenavista
-74.86011,-12.64054,Acoria
-70.12791,-14.89458,Collana
-72.37405,-15.49113,Andagua
-71.54836,-14.14828,Toccoccori
-70.35401,-14.7268,Villa Pampa
-75.20209,-12.77752,Orccobamba
-69.13558,-16.43234,Parcco
-69.09492,-16.4022,Illeca Molino
-76.52257,-9.71259,Defensor de Rondobamba
-69.06688,-16.43111,Isani
-74.78465,-11.75292,Antacalla
-69.64591,-14.48048,Puna Laqueque
-71.99859,-13.69571,Molle Molle
-76.28984,-9.77778,San Pedro de Choquecancha
-77.2791,-8.8536,San Juan Bautista de Pumpa
-73.95903,-13.90445,Tiquihua
-72.12632,-13.49053,Vallecito Suaray
-72.13853,-13.47633,Anansaya Urinsaya Ccollana
-69.98368,-15.01178,Puncuchupa
-70.20323,-15.39787,Kokan
-69.82001,-15.96691,Chamchilla Chusamarca Huilacaya Parccoccota
-71.26322,-13.9014,Pampachiri
-72.12275,-13.52355,Ccasacunca
-74.87465,-12.74538,Nueva Jerusalen de Chacarilla
-69.12557,-16.27483,Imicate
-71.48129,-14.47417,Anansaya
-76.88509,-9.6747,Inca Cahuide
-70.24643,-14.90374,Segundo Bajo Jurinsaya
-70.83563,-15.24982,Vilcamarca
-75.73076,-11.86662,Canchayllo
-70.23037,-15.37506,Chacas
-77.48087,-8.63315,Micaela Bastidas
-71.46227,-14.32836,Hampatura
-70.09274,-14.93087,Yajchata
-78.30505,-7.04341,Michiquillay
-70.14785,-14.89982,Macaya Piripirini
-70.42872,-16.34797,Calazaya
-71.63721,-13.46069,Ccotañe
-71.3548,-16.52814,Pocsi
-70.17732,-14.93963,Juan Velasco Alvarado de Parpuma Chico
-70.78431,-16.28294,Yalagua
-70.49485,-14.68126,Santa Cruz de Cochupujio Ñahuiña
-70.43046,-14.56853,Vilque Pitiquita
-71.52546,-14.34933,Chaupibamba
-69.74315,-15.93696,Totojira
-74.89409,-12.70898,Los Angeles de Ccarahuasa
-70.3065,-14.70627,Copacondori
-69.70447,-15.93285,Santa Rosa de Yanaque
-78.77281,-7.97804,Simbal
-78.13226,-9.22906,Juan Velasco Alvarado
-73.44012,-13.47655,Huampica
-70.08432,-14.81273,Nueva Esperanza
-70.13544,-15.12159,Llacharapi Grande
-74.20987,-12.95923,Puchcas
-74.68496,-12.63757,San Martin de Mayunmarca
-71.7934,-13.85,"Sanka
"
-71.69105,-13.64033,Salloc
-76.42513,-9.941,Tres de Mayo de Andas Chico
-69.60789,-16.18185,Quelcahueco
-69.08049,-16.3953,Camiraya Molino
-79.89885,-4.96241,San Andres de Culcas
-75.35222,-12.77578,Telepaccha
-77.56926,-7.90984,Señor de los Desamparados
-73.35623,-13.67481,Union Chumbao
-72.12208,-14.85026,Iñapata
-69.83957,-15.96977,Chicabotija
-77.70316,-6.31124,San Miguel de Soloco
-74.69962,-12.25183,Jatuspata
-77.92845,-9.20076,Santa Rosa
-71.99958,-13.60168,Huasampata
-71.60673,-14.51927,Anansaya
-72.25013,-13.48356,Yanama de Ayllo Mayo
-75.71362,-10.67337,Paucartambo
-76.80863,-9.2437,Tactabamba
-77.13302,-8.98537,Paras
-71.44706,-13.82936,Pata Sachac y Llacta Sachac
-76.77133,-9.79296,Sillapata
-77.1459,-9.42617,San Antonio - Quichuas
-70.39335,-14.73486,Anoravi
-79.72809,-4.95011,San Andres del Faique
-73.06037,-3.72455,General Marcial Merino
-72.23812,-3.50971,Dos Unidos
-79.53579,-4.59686,Chirinos Laque
-69.5971,-15.13143,Quejoni
-79.80206,-4.62501,Santa Rosa de Chonta
-70.87987,-16.52514,Matalaque
-74.2448,-14.60148,Challhualla
-71.17769,-14.45784,Ccollachape
-77.28124,-9.05472,San Pedro de Canchabamba
-77.92955,-7.8175,Huayllagual
-75.2676,-14.2152,San Andres de Quilcanto y San Nicolas de Pulpo
-74.22395,-12.90971,Santa Cruz de Pultunchara
-78.43304,-7.25505,Huancate Sumac Mollepata
-73.94879,-13.67585,Estancia Pata
-79.70244,-5.7752,San Jacinto de Tocto
-72.0966,-13.32978,Pacca Huaynaccolcca
-76.28223,-12.51836,Omas
-73.12295,-3.64557,Cabo Victor Pantoja Castillo
-71.9533,-13.4676,Queser Chico
-78.85899,-7.54437,Cascas y sus Anexos
-71.50768,-14.40099,Huinchiri
-71.68617,-13.95709,Huascabamba
-72.99294,-3.46005,Iquique
-72.39128,-13.44628,Pampaconga
-73.16566,-13.60966,Matapuquio
-70.85411,-16.18636,Matazo
-75.4853,-11.7153,Sacsa
-77.88169,-9.1487,Atahualpa
-77.60925,-8.24418,San Jose
-70.30532,-14.29271,Union Antauta
-74.26631,-12.66094,Vista Alegre
-72.77496,-13.11755,"Victor Raul Haya de la Torre de Ccolpa Grande Chaupimayo ""A"""
-74.37812,-13.12201,Tetemina
-71.091,-14.25986,Condorsencca
-76.07159,-9.78338,Nuevo Progreso de Taprag
-77.88315,-9.21574,Acoyo o Macrey Alto
-71.56737,-14.32693,Aucho
-73.89233,-13.83748,Upiray Pataccha
-72.09971,-13.04352,Ccachin
-77.08267,-9.73136,Tupac Amaru
-73.56004,-13.51644,Occepata
-74.82618,-12.87288,Santa Rosa de Pachacclla
-74.24294,-13.03753,Huayllapampa
-77.50628,-8.77745,Tupac Amaru
-71.80754,-13.48079,Huanca
-71.26875,-14.20275,Lari
-75.32338,-11.84072,Nueva Esperanza
-74.49087,-12.89318,Anccara
-72.27485,-13.47636,Katañaray
-75.46547,-11.75551,Huertas
-71.70161,-15.12004,Apacheta Rajada
-72.276,-13.46667,Katañaray
-71.653,-13.88526,Ccollpa
-73.65755,-13.35033,Jose Maria Arguedas
-76.21266,-9.92909,Inmaculada Concepción de Llicua Alta
-74.93808,-13.84794,Laramarca
-77.55138,-9.92411,Cotaparaco
-74.59673,-12.51979,San Juan de Chilca Pata
-71.80013,-13.34387,Pampallacta
-71.36266,-14.42563,Ccollana
-72.18668,-13.43912,Markjo
-71.5276,-13.43673,Concepcion de Pampaccocha
-77.48747,-10.26363,Huayllacayan
-73.24364,-13.61534,Manzanapata
-71.68002,-13.33123,Saturnino Huillca
-75.41477,-13.09054,Arma y Cotas
-78.52167,-7.17651,Calispuquio
-69.04061,-16.22526,Espiritu Santo
-75.57704,-12.94953,Mejorada
-72.01225,-14.16489,"Lacca - Lacca, Yanque, Parcobamba"
-70.1668,-14.40212,Aypaty Viscachani Livintira
-71.5557,-13.65525,Umuto
-71.1503,-16.47505,Salinas Moche
-70.47441,-14.61186,Santuario de Acllamayo
-69.48117,-16.2258,Cultural Inca Pucara Paque Paque
-72.06476,-13.34184,Nueva Luz de Huayllabamba
-75.31028,-13.34481,Sinto
-73.32675,-4.33298,San Juan de Yanayacu
-69.04611,-16.24268,Puerto Tapoje
-70.45922,-15.08835,Pucachupa Secsecani
-75.7916,-10.53454,Huachón
-70.04721,-14.75765,Pedro Vilcapaza de Checayani
-71.46032,-13.41424,Ccarpapampa
-77.30316,-8.68768,San Jose
-77.75268,-9.66077,Cajamarquilla
-74.84323,-11.82319,Yanabamba
-69.90081,-16.98836,Chichillapi
-77.70975,-8.42486,Quingao
-72.29815,-13.47788,Ccaccahuara
-69.17438,-16.60483,Jahuirja Mamanire
-69.113,-16.42935,Molino Chocopampa
-75.10072,-4.46369,Pandora
-75.83378,-12.78135,Catahuasi
-72.00472,-13.72151,Llaspay
-69.09761,-16.46177,Jachapampa
-73.11765,-3.53323,San Rafael
-78.01567,-6.14601,Trita
-72.0744,-13.0554,Rosaspata
-77.13565,-9.74445,La Republica
-72.0254,-13.03969,Choquecancha
-69.33341,-14.49376,Phoquera
-71.19573,-14.78329,Ccahuaya
-72.06608,-14.42072,Mellototora Colca Huayllapata
-69.10219,-16.4068,Molino Kapia
-70.35405,-15.0113,Llallahua Pacchapata
-69.14176,-16.29159,Acari
-74.87901,-12.63831,Yachacmarca Villa Victoria
-69.92862,-14.6282,Condorcanqui de Callatomasa
-79.28672,-5.30701,Tabaconas
-71.28039,-14.1632,Songoña
-72.96299,-4.14585,Constancia
-70.25174,-14.67794,Triunfo
-76.42167,-9.84854,Tres de Mayo de Huayllacayan
-72.29482,-13.46204,Circa Kcacya
-79.73389,-5.5766,San Jose de Hualcas
-75.56608,-11.38739,Tapo
-77.22188,-10.8725,Calpa
-70.43528,-14.01607,Catacancha
-72.02109,-14.03053,Cruz Pampa
-74.69814,-12.61293,Los Andes
-71.56676,-14.49996,Anansaya
-69.62116,-16.10686,Suquinapi
-76.79195,-9.60739,Pampas del Carmen
-71.93916,-14.49351,Tuntuma
-71.61745,-14.63912,Oqquebamba
-73.14816,-3.91767,Gran Peru
-72.07919,-14.31345,Huasca Urinsaya
-70.09262,-15.12839,Trapiche
-77.01417,-9.43892,Vichon
-72.04393,-13.51926,Poroy
-71.29986,-14.73535,Ccollana
-71.42517,-14.84534,Huarca
-71.33667,-14.18444,San Pedro de Cacha
-69.58671,-16.18479,Pantihueco
-77.22492,-8.87562,San Juan Bautista de Pumpa
-72.14853,-13.42486,Pancarhuaylla
-71.22269,-16.60781,Santa Rosa
-74.04516,-13.66094,Pariamarca
-71.23934,-13.99498,Ananiso
-76.24053,-10.27799,Añay
-72.34129,-13.48998,Ayllaca Accoraccay
-71.14736,-15.06408,Occoruro
-72.18207,-13.47145,Haparquilla Occoruro
-76.29015,-10.70868,Quiulacocha
-71.36144,-14.03532,Mukko
-74.1705,-13.17422,Niño Jesus de Ñeque
-72.42565,-13.40643,Sondorf
-75.23642,-11.50488,Uchubamba
-76.13084,-10.21161,Sacsahuanca
-79.68503,-4.84831,Santa Rosa
-77.40608,-8.90454,La Libertad
-72.66705,-3.35107,Huanana
-69.76742,-16.33429,Mayta Capac de Kollahuaya
-73.05862,-13.80029,Chalhuani
-74.68608,-12.87339,San Pablo de Occo
-74.98852,-12.79091,San Geronimo
-75.22064,-13.48326,Sacsaquero
-75.29737,-13.09117,Salcca Santa Ana
-73.4074,-4.4551,Jaldar
-73.31668,-3.62011,Unión Centro Fuerte Puerto Gen Gen
-70.00167,-15.10678,Rinconada
-71.9089,-13.88943,San Lorenzo
-75.62766,-13.14236,Tantara
-71.58525,-13.61914,"Cuyuni
"
-73.68611,-3.97468,Santa Maria
-74.62637,-12.34321,Pichiu
-71.50314,-13.8102,Cera Cera
-74.71855,-12.61831,San Antonio de Añaylla
-74.98357,-12.43723,Quintaojo
-77.60744,-9.31964,Siete Imperios
-77.57562,-9.51395,Santiago Antunez de Mayolo
-77.10581,-9.98804,Aquia
-77.48846,-10.20306,Yamor
-71.68227,-13.46809,Chinchayhuasi
-70.98622,-14.55616,Taipitunga
-74.8555,-12.83251,Virgen de Rosario de Mosoccancha
-71.83993,-14.50693,Ccollana
-72.11741,-14.46424,Ccoyo
-76.53871,-9.9843,Pacayhua
-77.59376,-9.82327,Mallqui
-77.67764,-8.54756,Santa Rosa de Ayaviña
-71.79947,-13.39326,Kuyo Grande
-77.48649,-8.62006,Micaela Bastidas
-80.73076,-4.65804,San Felipe Santiago de Cañas
-72.05693,-13.46024,Simataucca
-77.38676,-8.98202,Santa Rosa de Chucllush
-71.90144,-13.3484,Huanca Ayllo
-73.57716,-15.13227,Lacaya
-75.30713,-11.95078,Orcotuna
-78.09602,-5.94604,Dunia Chico
-70.29166,-14.78328,Chacocunca
-71.24933,-13.66892,Tinqui
-76.88149,-9.87468,Santa Rosa de Yaruwilca
-76.70246,-10.08419,Caran
-74.65731,-12.79351,Vista Alegre
-75.38687,-11.94136,Aco
-73.89756,-13.59232,San Antonio de Pirhuabamba
-75.60303,-11.65084,Tambo Paccha
-69.64447,-14.33155,Chaupi Ayllu
-72.23453,-13.64063,Anansaya
-72.06047,-14.23001,Charamuray
-76.25409,-10.8802,Vicco
-78.86247,-6.66861,Puchuden Yanayaco
-73.6815,-13.60835,Muñapucro
-71.43802,-3.97016,Alto Monte Israel
-72.07649,-13.58573,Ccorcca Ayllo
-73.60953,-13.46658,"Mozobamba ""B"""
-73.61718,-14.73406,Pauccaray
-77.22868,-9.11938,Union Caninaco
-71.76912,-13.73039,San Juan de Quihuares
-71.40591,-14.19214,Jilanaca
-71.49216,-14.28968,Hanccoyo
-73.24314,-14.98344,Huallhua
-72.43879,-14.61018,Pumallacta
-71.94567,-13.71308,Ayllo Pachicte o Mollebamba
-73.38725,-3.73027,Loboyacu
-74.83171,-12.90844,Antacancha Castilla
-72.29545,-15.22821,Sarpane
-72.28538,-13.45021,Circa Chaquilccasa
-73.28578,-15.22164,Pomacocha
-70.60766,-14.97275,Condormilla Bajo Central
-80.14532,-4.97435,Maria Angela Alvarado Zeta
-69.59782,-16.57481,San Juan de Chiuturi
-77.71914,-6.19513,Diosan
-73.4845,-15.18057,Chacaray
-78.48325,-5.5679,La Peca
-72.13571,-12.87602,San Jose de Colca
-72.07178,-13.89364,Callancha
-71.57279,-14.1363,Huaylluta y Surimana
-77.28366,-9.06315,San Pedro de Canchabamba
-76.13357,-9.75214,Nueva Libertad de Sogobamba
-71.28311,-14.47043,Chancarani Kcana
-80.10252,-4.78012,Mariano Melgar
-77.41707,-8.67336,Ocopon
-76.38555,-9.75795,San Miguel de Llacsa
-77.43892,-10.30742,Congas
-74.15571,-13.20194,Uchuypampa
-74.67986,-13.32488,Churia Rosaspampa
-74.02696,-13.16159,Huaychao
-76.8524,-10.17931,Queropalca
-70.77414,-14.39455,Cangalli Pichacani
-73.32786,-14.81472,Pucara
-73.54893,-3.84301,Yarina
-71.95273,-13.95515,Uray Ayllo
-75.28075,-12.01072,Sicaya
-70.77243,-14.6186,Juchuy Ayllu Canllicunca
-70.51676,-14.68982,Huayray Pata
-70.17115,-14.71813,Tupac Amaru II
-69.98134,-15.43805,Muni
-77.85767,-8.98369,Pachacutec
-77.54646,-9.38487,Tupac Yupanqui
-76.48341,-11.37839,Cullhuay
-75.05563,-13.9714,San Pedro de Ocobamba
-73.8346,-15.25444,Pullo
-76.86286,-11.64259,Puruchuco
-75.93754,-12.65247,Putinza
-76.85298,-10.90628,Puñun
-70.02616,-15.45241,Canchi
-71.43618,-14.68868,Sillota
-71.6366,-13.4218,Sayllapata
-71.72706,-14.13726,Antapallpa
-74.46341,-13.57595,Ayuta
-69.40772,-16.64675,Marca Ayllo
-73.39829,-13.46431,Huancas
-71.80966,-13.23784,Ttio
-71.31366,-14.77737,Chani Kanamarca
-77.43247,-10.11161,Ichoca
-77.19181,-10.70325,San Juan de Arinchay
-77.11564,-10.31546,Gorgorillo
-77.16127,-10.42709,Chamas
-70.4168,-15.8234,Humapalla
-70.88896,-16.16393,Carmen de Chaclaya
-79.7682,-6.8897,San Martin de Reque
-76.80237,-10.88686,Acain
-70.08161,-15.72872,Alianza Chale
-76.2661,-12.25376,Alloca
-79.67273,-5.00624,Pacaipampa
-79.59056,-4.87602,Aranza y Anexos
-72.98528,-15.63363,Arirahua
-76.3521,-11.85479,Barrio Bajo de Matucana
-77.75331,-10.77337,Barranca
-72.72076,-15.178,Cahuana
-75.50974,-13.2791,Cajamarca
-77.0537,-10.50862,Cajamarquilla
-76.7581,-9.90772,La Esperanza
-69.22845,-16.27785,Chatuma
-75.22499,-12.0706,Cajas Chico
-69.93841,-15.46566,Carabuco
-75.04898,-12.71555,Pachachaca
-76.16635,-10.66008,Pariamarca Quichas
-70.71297,-4.15493,San Pedro
-73.58299,-3.85652,Lagunas
-71.6678,-13.79095,Sullumayo
-73.28846,-3.77554,San Juan de Miraflores
-76.25743,-12.23749,Huancata
-77.4677,-10.17285,Raquia
-77.87559,-9.55191,Señor de los Milagros
-71.88585,-13.46597,Llaquepata
-76.24554,-12.17749,Sangallaya
-71.96927,-13.64247,Incacona Ayllo Chifia
-70.73351,-16.82917,Somoa
-74.25293,-13.13577,Huascahura
-71.23337,-14.66307,Alccasana
-76.54042,-9.77261,Jarpo Cuna de Chuscocha
-72.18508,-13.64685,Paucarcoto
-72.82018,-13.58898,Llañucancha
-72.16576,-13.47227,Anansaya Urinsaya Ccollana
-75.15732,-4.43954,Tres Fronteras
-78.26247,-6.85863,San Juan de Huangashanga
-70.25761,-14.10235,Tupac Amaru
-71.98377,-13.69438,Incacona Ayllo Chifia
-71.64767,-13.95216,"Pitumarca y Cabracancha
"
-69.98525,-14.89206,Hanajquia
-77.17134,-9.27678,Mituchaca
-76.23412,-9.76913,Tambogan
-71.9488,-13.33658,Llicllec
-74.57988,-12.34791,Huaranhuay
-69.52957,-16.20293,Cutine Capilla
-74.84897,-12.53001,3 de Mayo
-71.4672,-13.94828,Cangalli
-72.68489,-3.31007,Huanana
-71.85594,-13.73582,Anansaya Nihuacalla Masca
-71.71264,-13.5811,"Huambutio y Anexos Hhuayllapampa Huacarpay

"
-71.78901,-13.6706,Pucara de Ccolcaqui
-77.357,-8.65178,San Antonio de Taya
-74.82948,-4.5561,Nuevo San Juan
-78.66426,-7.5939,Chuquillanqui
-79.84743,-4.50983,Tupac Amaru de  Anchalay
-73.54373,-14.68764,Ccellopampa
-74.21588,-13.46033,Llunchicancha Ccehuarpuquio - Viscachayoc
-74.95439,-12.26612,Anta
-75.72513,-12.97176,Madean
-77.96847,-8.73851,Queralcoto
-74.13998,-13.30767,San Martin de Yanapiruro - Ichubamba
-78.52731,-8.07593,Candual Alto
-74.15499,-12.90774,Razuhuillca
-79.67193,-5.26723,San Martin de Pajonal
-76.55075,-11.36135,Huaros
-69.41998,-14.33895,Quiaca  Ayllu
-70.47302,-14.65885,Patabamba
-70.24171,-14.63707,Ichuravi
-70.43125,-15.32574,Ancorin Huaral Orcco
-76.94913,-10.90041,Ayaranga
-76.66718,-4.83015,Angamos
-73.50925,-2.35568,Porvenir de Inayuga
-71.92648,-13.55284,Ayamarca y Pumamarca
-70.59111,-4.08302,Nueva Jerusalen
-70.14296,-15.65748,Chijollani Chupa
-69.13223,-16.38028,Ccopani
-72.18613,-13.48248,Yungaqui
-69.10547,-16.42139,Molino Humacata
-72.77078,-13.84072,Pichiuca
-74.18211,-13.57539,Hualchancca
-75.03938,-12.61316,Nuevo Occoro
-71.69243,-13.48564,Ohay
-70.04321,-14.49905,Jila Cajamarca
-76.69343,-11.49437,San Jose
-69.26299,-16.29904,Sajo
-71.35012,-16.48774,Piaca
-73.61869,-14.82988,Huanca Huanca
-69.4747,-16.10445,Quety
-70.36173,-15.64304,Lizacia
-69.58981,-15.18571,Huancarani Soracota
-70.85595,-14.51495,Kunurana Alto
-69.65641,-15.01306,Sayhuani Pata Cruz
-70.07922,-14.39227,Potoni Cangalli
-70.43717,-14.74838,Caluyo Rosaspata Isla
-70.18369,-15.5072,Esquen y Anexo: Chaupiccacca
-69.84567,-15.22984,Yanaoco
-70.34866,-15.71069,Huatta y Anexos
-70.11229,-15.65924,Caracora Quispipata
-70.34037,-15.07245,Kojra
-70.35028,-15.0621,Huito Balsapata
-70.27183,-14.93792,Segundo Chimpa Jilahuata
-71.0489,-14.65007,Alto Collana Quilca
-70.10178,-15.67946,Chumpi Huaro Pampa
-70.23505,-14.85704,Bajo Jurinsaya
-78.49099,-8.17186,Miguel Grau
-77.61948,-9.70254,Tian Ayllu
-70.70425,-16.76705,Socoaya
-70.74184,-16.21075,Camata
-73.34725,-15.33007,Casiri
-70.1108,-15.69283,Ticani Pampa
-70.12973,-17.63734,Estique Pampa
-70.52268,-15.98373,Charamaya
-72.72252,-14.94645,Chincayllapa
-77.03942,-10.55945,Chucchi
-76.55466,-12.07933,Cochahuayco
-70.47156,-16.39976,Hirhuara
-77.03774,-11.11781,Huanangui
-72.32873,-15.13495,Huancarama
-78.14937,-9.35677,Huanchuy
-77.96704,-9.09717,Jose Carlos Mariategui de Chorrillos
-77.95477,-9.45294,La Esperanza de Calpoc
-70.32097,-16.17707,Laca Apacheta
-77.22153,-10.36172,Llipa
-69.43895,-14.83184,Mallcutira
-70.10907,-15.88165,Micaela Bastidas de Yanamocco
-69.78674,-16.09484,Mocaraya
-69.85347,-15.28685,Ramis
-77.20171,-10.20838,Roca
-75.29518,-13.48726,San Antonio de Cusicancha
-76.69904,-11.54595,San Lorenzo de Cochabamba
-78.32433,-7.75114,San Luis de Monte Carmelo
-77.57904,-9.59244,San Miguel de Purucuta
-76.53299,-11.98603,Santiago de Tuna
-79.81151,-4.6486,Sicacate
-77.79573,-8.93274,Sol de Oro de Huancarhuaz
-72.80028,-15.43697,Solimana
-70.65144,-16.02495,Tolapalca
-78.63326,-7.98823,Virgen de la Puerta de Salpo
-70.24017,-14.73351,Alta Gracia
-78.62634,-8.06424,El Triunfo de Shulgomo
-77.9183,-10.49296,Pararin
-77.10564,-10.16338,San Antonio de Quisipata
-80.03301,-4.53502,San Joaquin
-78.51529,-7.71523,Tupac Amaru II - Sacamaca
-72.0857,-15.53391,Ucuchachas
-75.15494,-13.97014,San Juan Bautista de Cordova
-80.07713,-5.0469,Cesar Vallejo de Palo Blanco
-79.8715,-4.78044,San Juan de Lagunas
-81.01468,-4.8744,Amotape
-69.17014,-16.54017,Chimo Alto Ayriguas
-69.68768,-16.16954,Chijichaya
-69.74958,-16.32265,San Carlos de Marca Kollu
-69.47542,-16.08819,"Chaullacamani  Churacutipa
"
-69.5099,-16.12313,Sacari Achacuni Titicachi
-70.29205,-15.64589,Collana
-70.16458,-15.47077,Huray Jaran
-70.15653,-15.54123,Collana
-69.55031,-15.98617,Choquetanca
-69.79705,-16.14809,Totorani Quenarire
-69.82969,-16.15547,Parapechuza
-69.64557,-16.05602,Conchaca
-70.13309,-15.98666,Chimu
-70.083,-15.91241,Jayllihuaya
-70.00287,-15.812,Uros Chulluni
-70.1288,-15.71777,Palcamayo
-69.88829,-15.53946,Isañura
-70.0012,-15.37173,Muni Grande
-70.02693,-15.33677,Jasana Grande
-70.41871,-15.37685,Canteria
-70.22477,-15.75871,Ullagachi
-70.32787,-15.59354,Huancollusco Rosario
-70.35578,-15.56172,Sacasco Miraflores
-70.38544,-14.84757,Chana
-70.10057,-14.96147,Segundo Jilahuata y Anexo Cebada Pata
-69.93203,-15.03266,Santiago de Ajjatira
-69.61836,-14.9404,Tisñahuyo
-69.96599,-15.26711,Collana
-69.40164,-15.0423,Guitarrani Calamarca
-70.40862,-15.15173,Chillin
-69.821,-15.01092,Torno
-70.08541,-14.4338,Lourdes
-70.27025,-14.21538,Alto de la Alianza
-69.41091,-15.38122,Revolución 9 de Octubre
-69.34864,-15.40113,Occopampa
-69.71657,-15.08473,Munaypa
-70.23672,-14.43918,San Isidro
-70.21726,-15.14283,Tuturcuyo
-70.70967,-16.79362,Ataspaya
-70.35558,-14.6527,San Jerónimo
-70.34834,-14.63193,Milluni
-70.37222,-14.66009,Jila
-70.48152,-14.71049,Carmen Alto
-70.4197,-14.55418,Tumuyo
-70.29456,-14.4957,La Estrella de Alto Chilluma
-69.77778,-14.89994,Huayllapata
-70.21793,-14.73325,Ccollpatira Uyuni
-70.19285,-15.1287,Pepiachi
-70.57533,-14.72863,San Jose de Tiahuanaco
-70.31571,-14.87235,Choque Moroco
-70.15312,-15.00695,Tercer Sahuacasi
-70.21569,-15.01049,Huayllacunca
-70.37205,-14.94356,San Pedro de Pucarani
-69.85112,-15.05824,Tunila
-69.77149,-15.00677,San Salvador
-69.90918,-15.05693,San Ignacio de Mayapunco
-69.8871,-15.06079,Tupac Amaru de Ayrampuni
-69.988,-15.08147,Rukus
-69.56195,-14.81066,Victoria Alvarizani
-69.8926,-14.45491,Cullco Jurinsaya
-69.59896,-14.96995,Cajon Huyo
-69.89587,-14.91114,San Martin
-69.80827,-14.99741,Caya Caya
-70.21233,-14.7961,Huancarani
-70.18676,-14.74937,Collana Layuyo Pantipantini
-70.26585,-14.6957,Lacaycunca Modelo
-70.20198,-15.22427,Yucajachi
-69.70222,-16.04265,Capalla
-69.84458,-16.01465,San Jose de Calala
-70.09386,-15.411,Ayabacas Maravillas Sutuca
-70.34271,-15.27376,Quello Quello
-70.44096,-15.62863,Collana
-70.20887,-14.08268,Cayattocco
-69.31868,-14.67162,Potoni
-69.414,-14.75794,Trapiche
-69.30969,-14.69584,Girigachi
-70.35403,-14.33836,Pacastiti
-70.33888,-14.31507,Vilacollo Quilca
-69.42018,-15.40376,Sico Pomaoca
-69.27126,-15.36355,Jacha Pomacca
-69.23855,-15.30076,Centro Lipichi Karka
-69.50452,-15.22346,Putira Jutipata
-69.58141,-15.18523,Tiquitiqui Tomapirhua
-69.41258,-14.68747,Llachacata Bajos Hilata
-69.48387,-15.32915,Chujucuyo Marcayoca
-69.74848,-15.16517,Isancuyo
-70.25061,-15.16147,Saytococha
-69.88272,-14.92505,Villa Candelaria Churura
-69.98922,-14.39375,Ccatuyo Condoriri
-70.22515,-14.35365,Ccatuyo
-70.22402,-15.021,Mercedes
-70.14806,-14.81575,Antauta Chaupi Aupi
-70.04408,-14.77013,Pedro Vilcapaza de Moroscco
-70.06816,-14.82533,Inka Pucara
-70.05081,-14.78778,Ocra Ordiga Orurillo
-69.85764,-15.07157,Huilacunca
-69.79145,-15.00871,Pistuni
-69.85545,-14.87589,Santisima Trinidad
-69.79078,-14.97166,Cupisco
-70.28138,-15.1601,Tulani Capajon
-70.88498,-14.81176,Jatun Sayna
-70.81898,-14.76305,Huamanruro
-69.10238,-16.33436,San Juan de Tahuaco
-69.91542,-17.21578,Kovire - Chilicolpa
-70.44581,-14.47263,Nuevo Amanecer Angostura
-71.20122,-15.10753,Huisapata
-69.87481,-15.17661,Huancho
-69.70634,-16.11111,Amparini
-69.68943,-16.14148,Occopesque Japopatja
-77.98759,-9.17023,Virgen del Rosario de Chiquinquira
-75.02773,-14.00409,Ocoyo
-75.63554,-13.25948,San Juan de Cacrillo
-75.40441,-13.28608,Villoco
-77.64197,-9.75852,Llactun
-75.3631,-13.28587,San Francisco de Cocas
-76.66294,-11.44363,San Buenaventura
-75.34904,-13.42041,Huayrancca
-75.38802,-13.14617,Los Libertadores de Ocoro
-75.38597,-13.1885,Suytupampa
-70.78741,-14.22182,Chectuyoc
-70.70103,-16.61996,Sijuaya
-75.3019,-14.04964,San José de Curis
-77.74017,-9.9296,San Miguel
-77.57172,-9.49162,Miguel Grau
-77.60541,-9.214,Fuerza y Poder
-77.52324,-9.46704,Jose Olaya
-69.79414,-14.37706,Huacchani Capilla Pampa
-77.54922,-9.51239,Alfredo Montero
-70.8281,-16.10678,Pillone
-74.61706,-14.40814,"Pallcco y sus anexos: Totora, Sonconche, Tayacucho"
-70.5629,-16.152,San Juan de Miraflores
-70.65443,-16.75175,Quebaya
-79.65239,-5.24986,San Ramon de las Vegas el Tutumo y el Mango
-70.97744,-16.45254,Logen
-70.65948,-16.23852,La Pampilla
-75.5803,-13.77007,Santa Cruz de Huancacasa
-75.13937,-14.18585,Santa Ana de Tibillos
-77.70686,-9.17467,Llactary
-75.30253,-13.23578,Castrovirreyna
-75.21557,-13.60117,Santa Rosa de Tambo
-77.70503,-9.10718,Unidos Venceremos
-77.94533,-9.36319,San Roque
-77.70784,-10.53025,San Francisco de Julquillas
-77.84962,-8.46194,Cusca
-77.2659,-10.51184,Pimachi
-77.60385,-9.26478,Justicia y Libertad
-77.58503,-9.34189,Shumay
-78.00095,-9.26518,Virgen de Guadalupe de Huacuy
-77.53788,-10.34916,Copa
-76.96567,-10.15781,Pocpa
-77.42437,-9.65108,Canray Grande
-73.51189,-14.77411,Lahualahua
-74.24437,-14.69242,Ccochapata
-70.67593,-15.92829,Ixsuya
-70.35894,-16.06774,Komerucho Pucara
-69.80176,-16.06327,Cucho Esqueña
-69.91525,-15.25727,Patascachi
-74.64911,-14.81467,Huallhua y Anexo
-73.94052,-14.2426,San Diego de Ishua
-73.6282,-15.36359,Calera
-73.917,-14.28934,Sondondo
-73.6118,-14.51451,Huataccocha
-73.75337,-14.777,Pallapalla-Huaycco-Huasi
-73.33081,-14.9376,Pacapauza Baja
-73.38125,-15.11289,Sequello
-73.30317,-15.12085,Vilcar
-73.39064,-15.14488,Nahua Alta
-74.13254,-14.75175,Santa Ana
-73.36899,-15.16937,Colcabamba
-73.42895,-15.21165,Aulla
-73.37156,-15.24245,Mirmaca
-73.56517,-15.60219,Sondor
-75.1563,-12.29213,San Juan de Leon de Retama
-75.15195,-12.28828,San Luis de Retama Alto
-72.36452,-14.59847,Ccollana
-70.26498,-13.8886,Carabaya
-74.40982,-13.42379,Waripercca
-79.40083,-5.47039,Huaricancha
-77.1222,-10.59893,Quinllan Antacocha
-69.5654,-14.32047,Patambuco
-73.90931,-13.56986,Virgen del Carmen de Pacomarca
-74.79271,-12.87853,San Martin de Tantaccato
-72.08524,-13.56759,Totora
-73.97449,-13.07863,General Cordova de Socos
-73.54963,-13.40417,Porvenir la Cabaña
-72.1639,-13.46806,"Anansaya Urinsaya Collana    
"
-77.17053,-8.31775,La Victoria
-77.85051,-6.66219,San Francisco del Yeso
-71.36694,-13.80088,Accocunca
-71.44588,-14.25255,Chicnayhua
-76.28789,-9.82879,San Isidro de Visag
-71.5429,-13.92387,Marcaconga
-71.60755,-13.99448,Santa Rosa de Mancura
-71.22483,-14.90867,Huarcapata
-77.24137,-10.32087,Cajamarquilla
-72.18432,-14.52897,Moscco
-74.53047,-12.88115,San Lorenzo de Pomacocha
-71.02599,-14.51305,Hanocca
-74.44815,-12.66185,San Juan de Occopampa
-71.98137,-13.60418,Occopata
-71.16053,-14.17604,Callanca
-71.11003,-14.48805,Hanocca
-71.48575,-13.85897,Pata Ccolcca
-71.87977,-13.71896,Incacona Ttantar Ccosco
-73.69469,-13.22604,Ccarin
-70.39751,-14.85294,Puca Cancha
-73.67016,-13.66595,Uranmarca
-71.51636,-13.63093,Kcauri
-72.36718,-14.10255,Chicnahui
-71.90975,-13.42367,Patabamba
-71.57555,-15.0405,Cerritambo
-76.63052,-10.49653,Chinche Tingo
-71.88207,-14.4064,Ayaccasi
-69.05948,-16.38235,Tacapisi Challapampa
-69.91884,-15.15204,Chocco
-77.45579,-8.80043,Jatun Torre
-71.49848,-13.60215,Quespe Cruz de Ausaray
-69.29578,-14.52466,Potoni
-78.03482,-7.73362,La Candelaria
-74.81617,-12.57388,Alto Andino
-71.8114,-13.57036,Huasao
-75.84342,-11.24378,San Pedro de Cajas
-71.6643,-13.90839,Accha
-77.57255,-7.93833,Señor de los Desamparados
-74.86938,-12.75441,Miraflores
-69.77256,-13.98061,Pataquitun
-69.26863,-14.50861,Potoni
-74.98276,-12.78749,Yananaco
-74.76945,-4.52159,Ollanta
-75.31443,-14.19989,Curis
-71.58353,-13.60117,Ccopi
-74.67247,-12.38351,3 de Octubre
-71.69044,-13.93399,Acomayo
-73.41617,-13.86537,Ccenahuaran
-70.20525,-14.93598,Pancca Quia
-74.75707,-12.4012,Carpapata
-71.67317,-14.13801,Alcco
-77.21623,-9.41246,San Bernardo de Colpa
-74.37204,-13.03883,Laramate
-73.02299,-13.73328,Piscaya
-71.52872,-13.62002,Yurac Mayo
-71.72828,-13.69185,Ttiomayo
-70.5735,-13.9882,Tantamaco Niahuisa
-70.39685,-16.90823,Huaytire
-74.32817,-13.2669,Villa Mejorada
-77.48327,-8.63881,Micaela Bastidas
-76.19569,-10.17988,Chaucha
-77.87578,-9.10393,Juan Velasco Alvarado
-69.58495,-16.11481,Colpalaya Totorfujo Chasqui
-73.43574,-13.81547,Soccospata
-70.66859,-16.1607,Tassa
-70.42829,-14.84806,Virgen de la Asuncion de Catuyo
-70.17249,-14.96467,Tercer Jilahuata
-71.55107,-13.70435,Pampachulla
-69.57578,-16.10538,"Collpalaya ""A"""
-71.99938,-14.72621,Cayarani
-76.75623,-11.29058,Huascoy
-71.75719,-13.88983,Corma Llansa Corma
-71.58761,-14.18985,Totora
-76.62064,-9.93324,San Antonio de Chinchas
-72.22401,-13.44916,Rahuanqui
-71.42691,-14.01946,Ccañoccota
-74.61699,-4.48655,San Roque 7 de Junio
-73.40328,-13.77452,Ccacce
-71.16203,-14.84335,Pallpata
-74.13664,-13.19057,Condoray
-77.62578,-8.42936,Sacsay - Llama
-72.02602,-14.32386,Ahuichanta Huisuray - Curpire
-70.18442,-15.46118,Centro Jaran
-70.39502,-14.07872,Patapampa Hatun Pinaya
-69.96804,-15.10885,Union Calachaca
-69.71989,-16.18135,Ullacachi
-73.62345,-3.91571,Anguilla
-71.65488,-13.91934,Accha
-73.00196,-4.13997,Buenos Aires
-77.27271,-9.04665,San Antonio de Ranracancha
-74.00563,-12.97289,Santa Rosa de Jerusalen y Marccahuay
-70.02808,-15.69152,Santa Barbara de Moro
-77.69858,-9.99139,Cochapeti
-70.9677,-14.66662,Bajo Collana
-75.54839,-11.92308,Chalhuas
-72.15743,-13.37578,Mahuaypampa
-72.16605,-13.4611,Occoruro
-75.36017,-11.8522,Apata
-74.06833,-3.8304,Puca Urco
-73.20645,-4.28225,Buena Vista
-77.0747,-9.41507,Quilloc
-71.97539,-13.44594,Umasbamba
-69.77719,-15.88995,Sihuecani
-73.64102,-3.96712,Anguilla
-74.42867,-12.69474,Patacancha
-69.90772,-15.00238,Pichacani
-70.49155,-14.90994,Malliripata
-72.06072,-13.73503,Roccoto Cedroni
-71.20858,-14.31254,Sencca Chectuyoc
-71.11818,-14.73132,Ccahuaya
-73.94098,-3.92663,Salvador
-71.90279,-12.86745,Otocani
-77.40464,-10.60621,Acas
-70.6217,-14.4912,Orcorara Pampa Pantión Cucho y Rosaspata Pampa
-71.57129,-14.9689,Mamanihuayta
-69.82189,-15.93021,Ccota
-77.26657,-8.31856,Patramarca
-72.13045,-12.86494,San Jose de Colca
-72.63232,-3.43361,Los Invensibles de las Amazonas
-74.37507,-13.14786,Molinos
-69.82184,-15.08348,Quealli
-77.01637,-9.57227,Huaripampa
-74.07131,-5.90158,Puerto Angel
-78.02038,-8.56543,Huashgo
-78.49306,-7.52584,Huacanal Pauca Cepo
-71.86643,-14.17062,Hacca
-72.84402,-3.53257,Maniti I Zona
-77.91715,-8.26226,Lacabamba
-70.10636,-14.83029,Pucara
-74.40821,-12.62149,Pampalca
-70.89842,-13.57028,Marcapata Collana
-75.168,-4.42886,Nuevo Angora
-73.17185,-3.72827,Juan Velasco Alvarado
-74.87518,-12.77626,Pucara Atalla
-71.66889,-13.48865,Quiñer
-76.47719,-9.95341,Huanchan
-71.33444,-14.97743,Huisa
-72.16071,-13.47359,Pacca
-76.6593,-9.78875,Valle del Marañon Obaspampa
-71.22387,-14.29952,Hercca
-73.11851,-3.54842,San Rafael
-77.30033,-9.09402,El Ingenio
-71.8619,-13.45142,Huatta
-79.68061,-4.90946,Tulmacito
-72.87549,-15.53516,Huassca
-70.62826,-16.21059,Yunga
-72.99059,-14.90272,Ccalaccapcha
-71.21947,-14.35938,Sullca
-72.06255,-13.90273,Cajapucara o Copora - Quehuayllo
-77.33829,-8.75298,Virgen de los Desamparados
-75.30808,-11.95094,Orcotuna
-71.70203,-14.29151,Ccollana
-76.0706,-12.41598,Jesús de Ayaviri
-73.4637,-13.7562,Santa Cruz Yanaccma
-77.25256,-8.32847,Patramarca
-70.37113,-16.32894,Huaychuni
-75.09099,-4.42914,Pandora
-69.82443,-15.62128,Hilata San Juan Yamocco Pampa
-75.29313,-11.87184,Santa Rosa
-71.86618,-13.74092,Anansaya Nihuacalla Masca
-72.80195,-15.12204,Huayqui
-72.03958,-13.89998,Cajapucara o Copora - Quehuayllo
-73.63034,-13.68709,Huancane
-69.93107,-15.08621,Central Trapiche
-75.23528,-11.99563,San Agustin de Cajas
-71.80928,-13.70256,Yarccacunca
-73.00761,-15.31945,Caspi
-73.76752,-3.84189,Nuevo Loreto
-73.32408,-14.85765,Huayta
-74.46984,-13.672,Tomanga
-71.87011,-13.93407,Pacopata
-69.94565,-15.08118,Chijuraya
-71.54684,-13.66958,Sonccomarca
-72.15228,-13.41578,Pancarhuaylla
-74.17485,-12.72332,Ccanccayllo
-74.27947,-13.21894,Socos
-72.29471,-12.82816,Santa Elena
-74.04836,-13.44321,Illapasca
-71.89412,-13.80457,Pirca
-71.61059,-3.83814,San Antonio
-74.2057,-12.86349,San Antonio de Culluchaca
-77.36602,-8.63581,Ocopon
-74.97832,-12.77965,Ascension
-73.71858,-3.80999,Los Seis Hermanos del Pintuyacu Anexo
-76.20827,-9.98044,Chicchuy
-75.79904,-11.05947,Chupan
-76.71497,-9.69019,Pucutin
-77.34572,-9.20316,San Antonio de Macuash
-72.97704,-15.16507,Huarhua
-71.63799,-13.47823,Queuñacancha
-71.91396,-12.84599,Televan
-74.40882,-13.26161,Vinchos
-76.31909,-10.79961,Huaraucaca
-75.12198,-13.67699,San Francisco de Sangayaico
-69.96308,-15.06248,Chiña Chiña
-74.38483,-12.97905,Villoc
-69.95358,-15.14543,San Miguel de Sinti
-75.22499,-12.0706,Cajas Chico
-74.13185,-12.77578,Macabamba
-71.43099,-13.46951,Buenavista Parpacaya y Anexo Callhua
-74.75853,-12.56119,Pallalla
-76.56857,-9.92765,San José de Tashga
-73.36704,-13.5203,Andarapa
-73.50678,-13.83978,Santiago Belen Anta
-71.69193,-13.91979,Acomayo
-71.18751,-14.38677,Silli
-71.55824,-14.00236,Pomacanchi
-75.17227,-13.80059,Santiago de Chocorvos
-72.07143,-14.47079,Pullpure Puente de Coyo I Uscamarca
-70.13493,-15.78133,Inmaculada Concepcion
-74.31284,-12.69826,Aranhuay
-70.02796,-15.03346,Jose de Quesca
-76.60368,-10.57277,Huachus
-74.24882,-13.7994,Manchiri
-77.25959,-9.07801,San Antonio de Ranracancha
-70.36368,-15.12677,Tuni Requena Ramis
-76.69519,-9.71418,Pampamarca
-69.82289,-15.03685,Palline Quillo Chico
-70.39052,-14.79613,Curani
-71.03628,-14.26386,Condorsencca
-75.42884,-12.099,Chucupata
-70.12134,-14.44475,Ccanccolly
-75.03748,-12.54872,Laria
-77.01821,-9.52332,Huaripampa
-76.86264,-9.65797,Inca Cahuide
-70.07508,-15.51169,Canchi Chico
-75.13676,-12.10918,Miluchaca
-73.96064,-13.1033,Condoray
-71.65462,-13.49835,Quiñer
-70.37755,-15.68548,Huataquita
-70.5136,-16.20868,Santiago de Chucapaca
-73.03242,-14.82968,Sauricay
-71.99049,-13.75776,Toctohuaylla
-71.66807,-13.62248,Churubamba
-79.66016,-6.58386,Santa Lucia de Ferreñafe
-71.81526,-13.59234,Huasao
-76.93043,-11.92734,Jicamarca
-77.82037,-5.84364,Corosha o Chirta
-69.27771,-14.63168,Potoni
-71.30817,-15.08409,Jattarana
-72.01702,-14.48999,Pullpure Puente de Coyo I Uscamarca
-79.96121,-6.70501,San Pedro de Morrope
-75.10841,-12.65386,Tambopata
-72.13397,-12.86134,Huy Huy
-76.54176,-9.90891,San Antonio de Colpa
-71.23266,-13.58768,Pucaorcco
-74.21644,-13.3747,Llachoccmayo
-73.16422,-13.5831,Vischingay
-71.18963,-14.302,Uscupata
-79.82995,-6.85651,Santa Rosa
-79.81532,-6.50704,Santa Rosa de las Salinas
-79.65598,-5.98391,Santo Domingo de Olmos
-71.6737,-14.65689,Pausiri. Anexo Sepillata - Anansaya Ccollana - Pumahuasi - Oqquebamba
-70.0823,-15.12156,Iscayapi
-71.93714,-14.24323,Huininquiri
-70.3523,-14.74298,Llacta Sillota
-71.40242,-13.98451,Ccapacchapi
-70.41306,-14.97473,Tuni Grande
-76.07047,-9.90863,Umari
-73.95595,-13.63478,Pomacocha y Anexos
-70.16444,-14.98249,Asillo Pampa Grande
-76.34745,-9.74878,Santa Isabel y Anexos
-71.7324,-14.53407,Chilloroya
-73.07654,-3.57382,Santa Victoria I Zona - Rio Amazonas
-76.50427,-9.86039,Jacas Chico
-71.25329,-14.15779,Huallataire Collana
-69.93594,-13.90394,Esquena y Anexo de Amayani
-75.1661,-12.08213,Azapampa
-77.06769,-8.64298,Cochag
-71.71834,-13.60101,"Huambutio y Anexos Hhuayllapampa Huacarpay
"
-70.06355,-15.02068,Okechupa Santa Maria Curayllo
-74.43944,-12.7162,Yaureccan
-73.93664,-15.54422,Huanuhuanu
-79.93632,-4.6566,Yacila de Zamba
-69.79613,-15.0414,Llinquipata
-75.36442,-12.21167,Yanacancha
-70.45626,-14.56371,Ñaupapampa
-74.17603,-12.94151,Huaracco Pata
-71.43789,-14.53585,Quillihuara Consachapi
-69.57857,-16.20269,Itapalluni
-79.55489,-6.16432,San Mateo de Penachi
-75.36169,-11.8819,Matahuasi
-69.97507,-14.33678,Urinsaya
-79.97468,-6.75451,San Jose
-71.26837,-14.22726,Qqehuar
-78.94751,-6.60794,Cerro Cochopampa La Coronilla Chambac
-76.80294,-9.53981,La Florida
-77.10348,-8.91237,Umbe y Tunamarca
-74.16422,-13.57241,San Pedro de Sayhuapata
-76.1891,-10.28292,Santo Domingo de Rondos
-77.57668,-9.37754,Recuayhuanca
-74.07878,-13.49526,Niño Jesus de Huarapite
-71.97966,-13.59341,Occopata
-76.72125,-11.37727,San Agustin
-70.23579,-14.51898,Tupac Amaru Choquesani Callpaparque
-69.58948,-16.09367,Ocoña
-71.86147,-13.93744,Huyaino Aya
-72.85134,-13.63305,Ayaorcco
-74.87317,-11.55875,Huanuco
-71.51,-14.10278,Mosocllacta
-72.11877,-14.56203,Hanansaya Llique Curahuata
-71.00798,-13.69982,Marcapata Collana
-69.54868,-16.06616,Urani Marcaccollo
-70.27455,-14.48064,Cangalli
-69.47168,-16.04955,Accaso
-71.76229,-13.77917,Rondocan
-69.66489,-16.08701,Taapaca
-76.58512,-10.2126,Cauri
-73.85899,-13.96556,Chonta
-69.99997,-14.92992,Primer Achosita
-69.98737,-15.06655,Collpani
-71.88763,-12.89549,Solan
-69.70723,-16.00324,Thunco
-74.78016,-12.49575,La Union Ambo
-71.94277,-13.24556,Llanchu
-69.47923,-14.48779,Huancasayani Cumani
-78.69889,-7.94964,San Antonio
-72.52988,-15.7765,Sihuarpo
-72.21628,-13.67209,Huancancalla
-73.12742,-13.50103,Huascatay
-71.65559,-13.42058,Viscochoni
-72.33831,-3.5019,Canton
-73.8421,-15.60206,Huayuri Molino
-79.81868,-5.13069,Silahua
-70.03835,-16.13231,Anccaca
-72.2246,-13.61463,Anansaya
-70.06004,-16.12359,Jayuncora
-70.01582,-15.22422,Jasana Chico
-76.66719,-10.31578,Lauricocha
-71.95978,-13.57612,Ccoillorpuquio
-69.91652,-15.89548,Raya
-74.4892,-13.78414,San Jose de Huarcaya
-76.64987,-9.99397,Huarin
-77.72386,-8.44955,Cahuide de Paccha
-72.60408,-13.78196,Cruz Pata
-76.73321,-11.41494,Rauma
-70.09467,-15.01742,Asillo Yuracchupa
-73.98346,-13.70631,San Jose de Tia
-75.4972,-13.03164,Aurahua
-69.47712,-14.89115,Caylloma
-71.14104,-14.3616,Ccuyo
-72.23968,-13.45848,San Nicolas de Bari
-70.0352,-15.7878,Huerta Huaraya
-79.66798,-4.54558,Joras
-70.05912,-15.10076,Impuche
-77.2666,-9.06086,San Antonio de Ranracancha
-71.90429,-13.44912,Kallarayan
-71.21529,-14.67618,Alccasana
-75.24264,-11.91977,Quilcas
-74.11973,-12.87291,Paria
-77.46629,-8.91883,Leoncio Prado
-74.30661,-12.86571,Santa Rosa de Ocana
-69.73348,-15.20863,Huerta Pata
-71.2653,-14.16692,"Ccanccahua
"
-74.09528,-13.17794,Yanamilla
-71.87281,-13.83619,Araypallpa
-80.24434,-5.82796,Santo Domingo de Olmos
-75.77086,-11.36756,Chancha
-69.72179,-15.14122,Tres de Mayo de Jahuarhuyo
-69.95009,-15.10969,Mamarapi
-77.16558,-9.42343,Yura - Yaco
-72.15302,-13.50747,Pacca
-69.50633,-14.4471,Ñacoreque
-71.39485,-14.73686,Mamanoca
-70.32257,-14.77118,Turupampa
-77.46368,-8.58514,Puyaupampa
-74.69065,-12.39978,Los Nogales
-70.3759,-14.68133,Corpa Accopata
-72.2471,-13.39632,Chaquepay
-72.11609,-14.43114,Pfuisa
-72.09248,-14.25739,Hatta
-71.7037,-14.53155,Ccollana
-69.67069,-15.15796,Sombreroni Jancocollo
-69.61678,-14.07834,Phara Toldoqueri Comunidad
-70.00733,-14.11712,Coyorana
-71.99154,-13.16627,Pampa Camara
-70.58154,-13.71013,Altiplano de Chia
-76.53941,-10.65144,Andachaca
-71.73357,-13.93653,Acos
-74.87065,-12.9486,Ccasccabamba
-71.15664,-14.22047,Acco Acco Phalla
-78.69538,-6.71983,Chugur
-75.09794,-12.40983,Pilchaca
-77.22275,-9.39828,Mallas
-72.22025,-13.64065,Anansaya
-69.97084,-15.14272,Umansaya
-71.80558,-14.03336,Amancay
-71.16934,-14.95083,Anta Cama
-72.74973,-15.11445,Calle Nueva
-71.69851,-13.69692,Quehuar
-70.66057,-16.81273,Saylapa
-72.26389,-13.05183,Qelqanqa
-70.50409,-14.77192,Carcatira San Miguel
-75.0652,-12.7806,Alto Andino
-80.59824,-5.22726,Castilla
-72.11302,-13.22588,Suttoc Pacchac
-71.72741,-13.52563,Ccollana
-75.28495,-11.94515,San Jeronimo de Tunan
-72.03422,-13.68292,Maska
-75.21866,-12.22313,Paccha
-77.40615,-8.64221,Ocopon
-76.65375,-10.60152,Yanacocha
-74.82615,-14.26522,Laramate
-75.52577,-11.75809,Pachascucho
-71.82179,-14.39175,Uchucarcco
-76.42195,-9.94639,Chullay
-71.49684,-14.78116,Sepillata
-78.14433,-7.58571,Chorobamba
-74.36036,-13.05939,Atacocha
-76.87929,-9.64273,Inca Cahuide
-71.52548,-14.31329,Choccayhua
-76.16907,-9.94779,San José de Paucar
-74.63781,-12.40143,Pilcos
-77.37738,-8.54689,San Miguel
-70.09074,-15.71111,Rumini Mocco
-77.80968,-7.62871,San Lorenzo de Marcabal Grande
-71.35783,-13.5783,Chillihuani Tayancani
-69.26453,-14.58125,Koriwara
-75.26858,-12.29581,Yana Yana
-76.28421,-12.27589,Pachamarca
-70.15541,-15.43398,Chimpa Jaran
-69.67744,-16.13063,Tanapaca
-71.76033,-13.39213,Chahuaytiri
-77.51987,-8.123,Jose Maria Arguedas
-69.20772,-16.42016,Patacollo
-75.05084,-12.5806,Occoro Viejo
-73.28592,-13.57862,Villa Esperanza Cotahuacho
-79.06515,-6.42826,Pachacutec
-74.57721,-13.06625,Ccochatay - Huaraccopata
-71.25703,-13.93443,Pampachiri
-72.22787,-13.44373,Rahuanqui
-72.21148,-13.36916,Mullakas Misminay
-74.24178,-13.05463,Huayllapampa
-75.10029,-12.54894,San José de Belén
-72.87675,-15.86638,Chila Chila
-76.18406,-12.43398,Tamara
-74.87414,-12.66647,Huanaspampa
-77.32219,-8.68021,San Jose
-76.76928,-10.77319,Pachangara
-70.37083,-14.71062,Accopata
-69.51659,-16.13313,Sarapi Arroyo
-76.16118,-9.92894,Malconga
-74.3018,-13.19944,Andres Avelino Caceres de Yanayacu
-79.54294,-5.86551,Belisario Ramon Asencio Porcuya - Limon Km 38
-72.18619,-13.48502,Yungaqui
-74.98846,-12.73979,3 de Mayo de Pucarumi
-78.67005,-8.20117,Jorge Chavez
-71.26469,-14.28985,Suyo
-75.08645,-11.65339,Retama
-78.54823,-7.4026,Cospan
-77.24886,-9.10712,Union Caninaco
-72.13463,-13.62537,Paucarcoto
-71.72145,-13.48409,Taucamarca
-71.74891,-13.97495,Ccahuatura
-71.08848,-14.93646,Mamanoca
-71.70424,-13.69014,Ttiomayo
-72.06246,-13.86658,Callancha
-71.84952,-14.24911,Quellomarca Pocta
-78.23616,-7.82708,Challuate
-69.87842,-15.94807,Potojani Chico
-74.22246,-12.61901,Cayramayo
-70.38237,-16.41223,Janco Pujo
-71.38917,-14.95821,Alto Huarca
-77.28026,-9.08623,San Pedro de Canchabamba
-70.39321,-15.62497,Collana
-74.89969,-12.36282,Villa Progreso
-71.23287,-13.84249,Pampachiri
-75.0476,-12.69663,Pachachaca
-71.68166,-13.38903,Choccopia
-77.50949,-8.11429,San Juan Bautista de Chilia
-77.62574,-6.07913,Diosan
-77.60515,-9.53515,Jose Carlos Mariategui
-71.61384,-13.71905,Mollebamba
-74.31005,-14.59489,Santiago de Vado
-69.70815,-16.08044,Collini Huilalaca Pucuchi
-76.83912,-10.94176,Santiago de Maray
-76.54606,-10.9242,Los Andes de Pucara
-69.25633,-16.52429,Justani
-71.24679,-14.41679,Yanacucho
-72.23686,-15.80083,Huambo
-70.09423,-15.75568,Jilanca
-77.85275,-8.93813,Huacanhuasi
-71.02014,-13.80702,Phinaya
-69.81934,-16.05156,San Miguel de Chillerota
-71.86554,-13.44061,Huancalle
-69.7827,-15.86366,Perka
-75.25458,-12.01608,Coyllor
-72.09858,-13.68298,Qencconay
-73.96475,-13.80494,Chincheros
-70.13634,-15.67344,Colca
-76.68479,-11.67676,Collata
-69.89473,-15.91214,Chinchera
-69.77598,-15.83154,Perka Norte
-76.85462,-9.49868,Wilka Jirca Pampas de Flores
-72.14008,-15.17949,Chachas
-75.78772,-12.13122,Huancaya
-77.02495,-11.00359,Lacsanga
-70.11701,-15.85998,Paqarimuy
-77.45242,-8.48777,Jose Carlos Mariategui
-76.18309,-10.60203,Santa Rosa de Pitic
-72.25325,-13.82318,Huaraccopata Ccoñamuro
-76.50242,-9.94622,Yacus
-74.58473,-12.80594,Ccelccaya Yacuraquina
-77.69117,-6.47553,La Jalca
-77.16177,-9.37341,Yacya
-77.75416,-9.45935,Independiente de Chacchan
-70.3314,-14.99952,Llicllica Pucacancha
-77.24991,-9.12697,Union Caninaco
-71.65853,-14.62572,Oqquebamba
-72.42866,-13.30141,Kquescca
-75.6252,-12.54081,Atcas
-77.61041,-9.29981,Inti Raymi
-77.51874,-8.12861,Jose Maria Arguedas
-74.6623,-13.37481,Tunsulla
-76.80509,-9.74736,Shunqui
-76.75635,-9.74921,San Santiago de Ocrospata
-73.88832,-15.18475,Sacsara
-75.08666,-12.60425,Rio de la Virgen
-77.19809,-10.41984,Rajan
-72.31229,-13.47609,Ccaccahuara
-74.2593,-12.68957,Ccachir
-77.5606,-7.9209,Señor de los Desamparados
-76.37584,-9.55217,Patay Rondos
-72.13311,-14.35965,San Sebastian Llusco Ccollana
-76.46033,-10.4429,Tapuc
-77.55717,-7.94993,Señor de los Desamparados
-76.2991,-9.7061,San Miguel de Chogobamba
-71.21503,-14.23191,Pampa Phalla
-75.43034,-11.63643,Yauli
-69.10788,-16.49715,San Sebastian
-74.06313,-5.80388,San Pedro del Tapiche
-74.82461,-12.63615,Panccan
-70.05634,-15.79318,San Jose de Collana
-77.67592,-9.25637,Tahuantinsuyo
-75.60776,-11.12837,Santa Rosa de Casca
-74.45127,-12.15231,Tintay
-74.93005,-12.44911,San Juan de Miraflores
-69.66014,-16.16596,Chijotamaya
-77.4118,-8.63836,Ocopon
-71.49753,-14.74678,Cotahuasi
-70.47996,-14.02365,Tupac Amaru
-78.61802,-8.02354,Santa Rosa
-78.13754,-7.31179,Pomabamba
-74.36002,-13.42835,Condorpaccha
-74.04913,-6.01391,Morales Bermudez
-76.36515,-12.64401,Uquira
-69.94345,-15.41364,Jatun Ayllo
-76.99699,-10.7856,San Juan de Caujul
-72.15647,-13.43687,Piñanccay
-72.06225,-13.09866,Lares Ayllu Talana
-69.57658,-16.18546,Catahuicollo
-71.32129,-13.98635,Ochollocllo
-73.90691,-13.3374,Cceraocro
-69.67442,-14.39544,Puna Ayllo
-75.00154,-12.61156,Pampalanya
-73.48383,-13.69018,Buenavista
-78.40545,-7.22734,La Huaraclla
-70.42985,-14.67773,Accopata
-70.67682,-16.80284,Solajo
-75.4247,-11.77901,Masma
-71.44268,-14.16537,Pabellones
-77.25949,-9.08155,San Antonio de Ranracancha
-74.17066,-13.59088,Pacopata
-75.47011,-11.9156,Yuracancha
-75.47028,-11.72638,Huala
-73.38963,-3.73118,Loboyacu
-71.36398,-13.83821,Chillihuani
-76.14347,-9.81023,Umpayog
-71.66594,-14.35742,Aucho
-69.85,-14.85829,Jose Carlos Mariategui
-74.49322,-14.95843,Santa Lucia
-74.48647,-12.73235,Paucarbambilla
-70.1596,-15.11866,Yanico Cuturi
-77.90455,-7.73594,Santa Rosa de Huachacchal
-77.39479,-8.20232,Señor de los Milagros
-70.34906,-13.6367,Icaco
-75.40668,-11.95556,San Antonio de Quicha Chico
-77.65538,-5.99328,Olleros
-76.82021,-11.23155,Canchapilca
-69.55993,-14.16631,Cullucachi
-76.13473,-12.53712,San Lorenzo de Porococha
-72.02892,-13.42648,Pongobamba
-75.08752,-11.72491,Comas
-70.09575,-15.93561,San Jose de Pucani
-73.71095,-14.44435,Yanama
-70.19773,-15.9177,Condoriri
-71.89243,-14.07502,Huillque
-70.21388,-15.8158,Chila
-71.93505,-13.86541,Ccoyabamba
-76.8136,-10.97607,Canin
-74.26914,-12.84764,Santa Rosa de Ocana
-70.30488,-14.86532,Alto Jurinsaya
-71.50771,-13.6557,Pampa Camara
-70.12307,-14.40772,Huayrapata
-71.90615,-13.21643,Accha Alta
-72.99905,-3.4306,Iquique
-72.2315,-13.39851,Urinsaya Collana
-74.95778,-12.6274,Acobambilla
-79.67826,-6.07171,Tongorrape
-75.97347,-12.74302,Capillucas
-72.13671,-13.47784,Juan Velasco Alvarado
-71.68743,-14.01832,Huayqui
-71.61294,-14.67935,Pumahuasi
-73.37093,-13.75019,Progreso de Cumanaylla
-79.91677,-5.11164,Caracucho y Jacanacas
-79.93236,-5.0048,Jose Carlos Mariategui de San Jorge
-71.05499,-14.78614,Pallpata
-71.04153,-14.8152,Pallpata
-70.77312,-16.34448,San Cristobal Torata
-69.59828,-15.15704,Bella Ojechaya
-71.56964,-13.47797,Virgen del Rosario
-74.70005,-14.54142,Otoca
-78.40918,-8.06751,Union Quinual
-78.15489,-8.22867,Casapamba
-74.90602,-12.60053,Ccaccasiri
-79.3168,-6.22198,San Pablo de Incahuasi
-74.27289,-13.45243,Satica
-70.70396,-16.68667,Muylaque
-74.10539,-13.16293,San Juan de Pacuaro
-74.04971,-15.48597,Chaipi
-79.62737,-4.90758,Jose de San Martin de San Lazaro
-77.2902,-9.08999,San Pedro de Canchabamba
-71.96652,-13.81589,Huarobamba
-74.17392,-13.10058,Lurinzaracc y Ananzayacc
-80.30014,-5.16726,Jose Ignacio Tavara Pasapera
-76.8789,-10.80783,La Chimba
-72.00407,-13.58096,Mayrasco
-69.77167,-14.59452,Cambria
-69.43428,-15.09127,Huancarani los Andes de Achucachi
-77.11479,-10.44727,Santiago de Poquian
-70.07987,-15.36212,Sucapaya
-73.72599,-14.64041,Negro Mayo
-75.0435,-12.51924,Conaica
-69.40385,-15.01582,Pucara Condoriquiña
-77.62939,-11.02235,Vegueta
-69.47381,-14.9617,Lucero de Huatapa
-74.54587,-12.10049,Chihuana
-71.85355,-13.40549,Viacha
-74.19545,-12.78063,Chaca
-71.83585,-13.57934,"Ana Warqque

"
-76.91225,-11.40753,Sumbilca
-75.50977,-11.26492,Palca
-69.79914,-15.28122,Sunuco
-79.71153,-4.66028,Suyupampa
-72.91765,-15.17228,Mungui
-71.50078,-14.14429,Urinsaya Llalla Tungasuca
-73.20815,-13.62131,Quillabamba
-71.79556,-13.46378,Siusa
-73.91776,-3.87604,Salvador
-71.49535,-14.22129,Pongoña
-71.30107,-14.76327,"Chanki Kanamarca
"
-71.19897,-14.28286,Huitaca Sencca
-69.45815,-15.31775,Cajramarca Pomaoca
-78.65401,-6.64424,Lingan Grande
-72.82541,-3.55363,Maniti I Zona
-77.32761,-10.10445,Huambo
-69.35587,-14.65493,Mariano Paco de Huatuhuyo
-79.37998,-6.71756,Santa Catalina de Chongoyape
-69.70195,-15.04213,Layuni Pulluni
-71.95717,-13.90931,Ccoyabamba
-76.80227,-11.37564,San Cristobal de Rauma
-76.89668,-11.02489,Santa Cruz
-77.3542,-8.65584,Ocopon
-80.40631,-5.10589,Señor de los Milagros de la Cruz de Caña
-69.66752,-14.96558,Santa Rosa Huayrapata
-73.79939,-13.10713,Ayay
-71.76864,-13.64577,Yanamanchi
-69.71255,-14.97423,Urinsaya Hilata
-72.06631,-13.79486,Percca
-74.23799,-13.59787,Pomabamba
-77.51994,-8.12536,Jose Maria Arguedas
-70.77029,-14.94602,Union Ccollana
-75.2762,-12.53659,Coricocha
-74.86113,-12.73003,Incañan Uchcus
-74.29231,-13.0574,La Florida
-76.25248,-10.19843,Acobambilla
-74.11156,-13.29833,Pinao Yantapacha
-71.83562,-14.31173,Sihuincha
-71.66625,-13.61235,Ccollotaro
-78.03457,-9.32392,Virgen del Rosario
-71.66877,-14.17623,Alcco
-71.32117,-14.24973,Huaroccani
-76.14723,-9.80834,Churubamba
-77.3846,-10.47789,Chilcas
-76.28436,-9.71204,Pagshag
-73.18064,-3.32327,Huaman Urco
-70.49038,-13.79411,Ollachea
-77.41993,-8.10048,La Paccha
-71.4282,-14.92401,Alto Huarca
-76.12736,-9.79313,Vinchos
-74.8465,-12.68607,Antaymisa
-79.58752,-6.29854,Salas
-77.99981,-8.25481,Pallasca
-72.12875,-14.62156,Urinsaya
-76.28377,-11.69835,San Mateo de Huanchor
-71.31374,-13.94062,Osefina
-71.71462,-13.43501,Tiracancha
-72.06696,-13.89942,Cajapucara o Copora - Quehuayllo
-69.52426,-15.11862,Huancane Huyo
-77.52153,-7.95238,Jose de San Martin
-70.90087,-14.28028,Huiscachani
-76.81068,-9.21762,Huacchis
-77.90875,-8.86163,Huaylas
-76.67269,-10.03444,San Juan Bautista de Jivia
-74.84494,-4.56329,Nuevo San Juan
-71.86106,-13.7445,Anansaya Nihuacallana - Incacona Ttancar C
-74.17311,-12.94962,San Martin de Pomahuasi
-69.34461,-14.71548,Pullucuyo
-78.32226,-7.88257,Virgen de la Puerta
-71.50802,-13.47203,Chichina
-71.2218,-14.23311,"Pampa - Ansa
"
-76.76506,-9.48869,Quipran
-71.48175,-13.88956,Tintinco
-76.9125,-10.95587,Paccho
-71.18868,-14.70989,Ccahuaya
-71.98049,-13.73434,Toctohuaylla
-71.93722,-13.30792,Mitmac
-69.68361,-15.17327,Sacacani
-69.5219,-14.34373,Apabuco
-77.89545,-6.93429,San Pedro de Chuquibamba
-75.69294,-12.38984,Laraos
-74.20491,-14.43814,Pampahuasi
-77.97476,-9.41283,Canchirao
-76.52627,-10.06217,Margos
-71.61191,-14.69382,Pumahuasi
-76.48642,-10.09974,San Jose de Julcan
-75.06571,-12.67218,Tinyacclla
-73.74561,-15.298,Tarco
-76.19033,-10.61091,Cajamarquilla
-74.37489,-13.78288,Porta Cruz
-77.23195,-8.95474,Juan Velasco Alvarado de San Francisco
-76.17427,-10.62651,Pariamarca Quichas
-71.48557,-13.80499,Llampa
-71.45222,-14.1852,Pabellones
-71.21187,-16.34508,Salinas Huito
-74.91106,-11.9423,Chaquicocha
-69.79199,-15.71402,Ccollpa
-70.46765,-14.68819,Santa Cruz de Cuchupujio Ñahuiña
-71.55599,-14.68695,Oqquebamba
-70.21408,-15.11224,Mataro Grande
-70.11598,-17.38127,Sitajara
-74.7462,-12.31548,Occoro
-71.60709,-14.02121,Canchanura
-77.37613,-9.02003,Jose Carlos Mariategui
-72.86056,-15.16733,Taurisma
-73.8564,-13.34914,Cruz Ccasa Pacobamba
-71.67424,-13.9001,Tucumarca Quispillacta
-74.51995,-13.04895,Tranca
-71.54197,-14.27492,Machaccoyo
-71.33868,-14.83787,Huancane Bajo
-70.25853,-14.43349,"Condoriri Suchini
"
-71.19161,-15.00871,Marquiri Bajo
-72.13224,-13.46842,"Agustin Gamarra de Pichoc
"
-69.97027,-17.50457,Tarucachi
-74.00196,-14.27763,Aucara
-69.39528,-14.30735,Aricato
-76.37581,-12.04642,Sunicancha
-70.47451,-15.04358,Koriñahui
-77.14929,-9.27822,Huayna Capac
-77.51049,-9.70299,Pampacancha
-80.02858,-4.71963,Timbes Pampas Verdes
-78.02578,-5.95382,Chosgon
-75.15711,-12.05157,Ocopilla
-70.87415,-16.34517,Ubinas
-71.5154,-14.96932,Hanccoccahua o Manturcca
-76.15438,-10.38702,Chacos
-72.12774,-13.39197,Ccollana - Cheqquerec
-73.05476,-13.45127,Ccarcco San Fernando
-74.63151,-13.51124,Paras
-77.98505,-5.84756,San Lucas de Pomacochas
-71.39785,-14.77119,Suero y Cama
-71.48725,-13.66381,Sacsayhuaman
-72.17245,-13.48202,Yungaqui
-72.01737,-12.82217,Suyo
-69.84235,-15.64364,Toctoro
-74.17372,-13.48828,Buena Vista
-70.11698,-14.4815,Carlos Gutierrez Iruhuata
-70.36542,-15.29411,Pucacuesta
-70.09615,-17.33943,Yabroco
-72.42666,-13.49691,Choquemarca
-70.33052,-14.33467,Chimpa Choquesani
-70.82281,-14.57223,Kunurana Bajo
-77.17936,-9.49623,Yura - Yaco
-77.658,-10.22912,San Jeronimo de Pacllu
-70.47386,-17.35672,Chululuni
-77.5199,-10.08544,Huayllapampa
-71.86295,-13.43348,Wayna Taray
-70.73523,-4.16494,San Pedro
-70.80867,-13.71855,Incacancha Yanacocha
-76.48341,-11.71385,San Juan de Iris
-73.51517,-14.90353,Tambobamba
-75.16173,-12.29306,San Juan de Leon de Retama
-69.79722,-15.99608,Quealla
-77.0018,-9.50491,Santa Cruz
-77.04965,-9.40027,Chupan
-76.38413,-10.12184,San Juan de Libertad
-74.17469,-13.41041,Seccha Pampa
-74.52698,-13.31307,Occollo Asabran
-79.59782,-4.65794,Tacalpo
-75.05356,-11.65426,Todos los Santos
-69.76747,-16.11615,Huaychani
-71.83455,-13.90872,Ccochirhuay
-71.76947,-13.61718,Pinagua
-77.40986,-8.66115,Ocopon
-76.39052,-10.74761,Quiulacocha
-73.58929,-3.80763,Lagunas
-74.82048,-11.74335,Caña Andamayo
-79.73078,-4.96832,Tojas Malache
-70.91504,-14.45486,Piccho
-72.42491,-14.24827,Cuchuhuacho
-77.51949,-7.94289,Jose de San Martin
-72.19846,-13.50031,Conchacalla y su Anexo Mantoclla
-69.45011,-15.41389,San Francisco de Chañajari
-71.83766,-13.75962,Cucuchiray
-72.05685,-14.65105,Parcco Vallecito
-77.12795,-8.72251,Virgen de las Mercedes
-71.72508,-13.59828,Huambutio
-70.06773,-16.16323,Tolamarca
-76.11694,-10.66647,Yanacachi
-77.22679,-9.15425,Union Caninaco
-76.78171,-9.17777,Huacchis
-74.07265,-13.43903,San Lucas de Chanchayllo
-74.18426,-14.62804,San Juan de Lucanas
-75.50988,-11.80882,Huancas
-76.42029,-9.90797,San Juan de Villa
-75.45021,-11.8184,Muquiyauyo
-75.01351,-12.48555,Larmenta
-73.11434,-13.59089,Malinas
-74.94224,-12.56187,Huando
-72.19039,-13.4796,Haparquilla Occoruro
-78.01199,-6.10755,Cuemal
-73.90651,-13.05939,Churrubamba
-72.02322,-13.51058,Huampar
-70.27423,-17.20139,San Pedro
-71.22469,-16.53756,Talamolle
-71.29333,-13.9411,Pampachiri
-76.92166,-9.85365,Tres de Mayo de Llacuash
-75.17022,-12.41692,Huayllahuara
-72.44689,-13.45925,Retiro Moyopata
-71.49497,-14.12175,Thume
-73.71228,-15.43913,Tonco
-69.55945,-15.10472,Catahui
-71.94271,-13.45506,Seqqueraccay
-71.51871,-13.95031,Yaucat
-77.24552,-8.33646,Patramarca
-72.60844,-15.65619,Tuhuallque
-71.63812,-13.56601,Lloqueta
-74.92562,-12.78275,Pumaccoria
-71.52497,-14.61069,Totora Alta
-72.16737,-13.46372,Haparquilla Occoruro
-79.53119,-5.32475,Quispampa
-69.71471,-14.47424,Puna Laqueque
-74.09857,-12.91993,Union Cristal
-72.0934,-14.80703,Huamanripa - Iñapata
-76.72742,-9.64044,San Juan de Pichgas
-70.96752,-16.0693,Toruni Tiullani Pati
-77.56954,-10.5338,Choque
-70.09949,-15.18874,Puca Mocco Miraflores
-69.61198,-14.57137,Puna Ayllu
-70.39467,-15.10456,Queñuani Bajo
-71.88092,-14.69638,Ccollana
-73.62975,-4.53192,San Antonio
-70.36845,-17.28508,Cairani
-75.05928,-12.38067,Acostambo
-76.5904,-11.88271,San Mateo de Otao
-71.57636,-13.87785,Usi
-71.364,-14.53587,Sausaya Pumathalla
-71.93358,-13.58635,Punacancha
-77.91424,-7.74358,Seis de Mayo
-74.62948,-12.1263,San Martin de Vista Alegre
-76.68154,-9.72981,Cruz Pampa
-71.47846,-14.16949,Tungasuca Ccollana
-72.15112,-12.86192,Huy Huy
-77.44795,-8.8114,Camino de los Incas
-71.59318,-13.67106,Muñapata
-73.78625,-3.89396,Diamante Azul
-69.81865,-16.08791,Culta
-76.1789,-10.66257,San Miguel
-75.08558,-12.96672,San Jose de Astobamba
-75.12186,-12.26406,Dos de Mayo
-72.59604,-3.49343,Nueva Alianza San Pedro Caballocochillo
-76.38303,-9.91781,San Damian de Huancapallac
-72.30912,-13.45776,Ancahuasi
-76.90553,-9.22075,Pariacancha
-73.40813,-4.48262,Jaldar
-74.9915,-12.68208,Palca
-72.07592,-13.65519,Chanca
-78.17461,-7.8115,Liberacion Caracmaca
-71.91423,-13.52249,Ayamarca y Pumamarca
-77.65163,-8.10528,Juan Velasco Alvarado de Mongon
-69.71836,-16.1375,Anccacca
-71.8201,-13.44763,Pillahuara
-74.09468,-12.69986,Bramadero
-77.65549,-8.59599,Juan Velasco de Pasacancha
-70.39357,-15.07755,Queñuani Alto
-77.33267,-8.98676,Rosas Tayapampa
-74.54258,-13.64304,Vilcanchos
-77.32831,-8.68633,San Jose
-71.87726,-13.43839,Wayna Taray
-70.89133,-13.54876,Marcapata Collana
-77.40596,-8.91261,La Libertad
-75.48935,-11.60258,Jajapaqui
-76.256,-10.24157,Buena Vista
-69.12161,-16.30231,Choquechaca
-71.34162,-13.71761,Lauramarca
-72.21801,-13.42223,Urinsaya Collana
-72.4214,-13.46688,"Choquemarca
"
-75.89892,-12.20368,Miraflores
-73.79599,-13.69537,Inmaculada Huallhua
-77.75733,-9.74865,Liberacion Campesina de Coltus
-73.34028,-13.52514,Illahuasi
-77.69724,-6.11782,Quinjalca
-77.41226,-8.67318,Ocopon
-71.39949,-14.10031,Combapata Urinsaya
-71.60043,-14.37698,Pisquicocha y su Anexo Calani
-76.99564,-10.98148,Muzga
-77.07395,-8.70223,Chocobamba
-69.94233,-15.11663,Central Escantapi
-73.10622,-13.87303,San Mateo Taqquebamba
-79.29216,-5.67419,Sallique
-72.19562,-14.64051,Urinsaya Picutani Yavina - Allhuacchuyo
-69.54151,-14.89129,Cantuma
-71.41776,-14.25951,Chullucane
-73.41113,-13.70402,Ccapacalla
-70.32132,-14.81098,Ccajani
-71.50938,-14.59753,Totora Alta
-77.42044,-8.80444,Virgen de Las Mercedes
-79.95217,-5.06227,Simiris
-70.61032,-14.08776,Huaylluma Ninahuisa
-74.0784,-12.87465,Polanco
-71.15824,-13.85938,Chillca
-70.01561,-15.89168,Mi Peru
-71.97692,-13.71126,Manchaybamba Karhuacalla
-70.12053,-15.66617,Llulluchani
-73.9101,-13.02007,Uras
-70.24563,-15.07361,Titiri
-70.5422,-16.15165,Centro Ichuña
-72.35702,-14.1916,Lahuani
-76.65684,-10.20426,Yachas
-74.37046,-13.18006,Opancca
-71.17514,-14.78919,Ccahuaya
-77.26564,-8.44617,Fortaleza Andina
-74.94992,-12.88897,Santa Barbara
-72.32959,-13.45467,San Rafael
-77.87561,-6.38616,Magdalena
-74.2536,-13.03522,Huayllapampa
-71.62032,-13.73004,Mollebamba
-71.57409,-13.64007,Machacca
-71.06139,-14.57691,Taipitunga
-77.25172,-8.85635,San Juan Bautista de Pumpa
-76.36728,-10.20035,Quio
-69.53522,-16.10558,Sancuta
-77.21793,-9.44522,Yura - Yaco
-70.40595,-14.83444,Pesquecucho
-73.3848,-4.17405,San Salvador de Omaguas
-74.12948,-13.16656,San Juan de Tambobamba
-77.97452,-7.63007,Migma
-71.99126,-13.55733,Ccachona
-72.34181,-14.24336,Huaraccoyoc
-74.14556,-13.18423,Condoray
-77.8032,-6.09231,San Idelfonso de Vituya
-72.08247,-14.27726,Paycama Ccollana
-76.65393,-9.82394,Cochamarca
-77.4747,-7.96695,Juan Velasco Alvarado
-74.70773,-12.6174,Sol Naciente
-71.80888,-13.4234,Ampay
-69.95902,-15.11703,Calachaca
-74.75348,-12.98231,Constancia
-71.2763,-14.875,Alto Huancane
-74.14871,-12.9563,Sulluhuaylla
-69.52991,-16.07307,Tara
-70.43182,-14.87522,Purina
-71.87668,-13.36981,Ccoya Runa
-71.19576,-14.386,Silli
-71.50736,-14.00042,Yanampampa
-73.67424,-13.42396,Ongoy
-77.59827,-8.20933,Alto Marañon
-71.24962,-13.36855,Qeros
-74.59449,-12.1576,Tablahuasi
-73.71608,-13.7276,Contay
-70.37588,-14.61403,Retiro
-71.69772,-14.41458,Huancane
-70.34285,-14.66966,Machariri
-70.74368,-16.76793,Yojo
-73.64374,-13.46565,Miraflores
-71.89747,-13.58991,Sucso Auccaylle
-77.60051,-7.79482,Leoncio Prado
-69.97866,-15.08071,Accorani
-72.28184,-13.63664,Sumaro
-71.24718,-14.84041,Canlletera
-72.33437,-13.33388,Chillipahua - Anapahua
-71.81869,-13.84942,San Francisco de Colcha
-76.27374,-10.13191,San Pedro de Raccha
-71.81145,-13.91036,Pampacucho
-70.71075,-16.77276,Sotolojo
-69.8821,-14.88858,Jayuraya Miraflores
-71.35044,-13.68199,Colca
-70.04369,-15.61099,Jochi San Francisco
-77.57974,-8.04487,Deliciana
-70.41896,-14.71354,Huichullo
-77.91842,-5.67617,Yambrasbamba
-74.27404,-12.74163,Occopecca
-69.54226,-16.04039,Vilca Chili Chojñaputi Huanacuni
-71.17248,-14.3676,Hanccoacca
-71.80594,-13.76683,Sutec
-74.91475,-12.54497,Union Paraiso
-70.41208,-14.90296,Jatun Tirapata
-74.45426,-12.72666,La Merced de Chupas
-79.88019,-4.65848,La Palma
-77.58176,-9.78486,Huillcacay Grande Anquilta
-70.23464,-14.8914,Uray Jallapisi
-74.11478,-13.13761,San Juan de Tambobamba
-76.56031,-10.5305,Yanahuanca
-78.54783,-7.27625,Quivinchan
-75.53043,-11.78298,Chocon
-74.67502,-12.84548,Buenos Aires de Parco
-76.364,-9.84122,San Isidro de Capillapampa
-71.12229,-14.58283,Limbani Alto Huallatani
-72.43337,-13.94899,Llaulliyoc
-69.55388,-16.01358,Segundo Camicachi
-71.62048,-14.13296,Sayhua
-80.64981,-4.84103,Querecotillo
-69.61735,-16.03396,Apharuni
-74.71169,-13.51399,Vista Alegre de Ccarhuaccocco
-70.11542,-15.59713,Collana Pucara Viscachani
-72.69147,-13.84801,Marjuni
-74.60218,-12.47905,Santa Rosa de Occoro
-73.95932,-13.29122,Tallana
-71.14831,-14.76077,Ccahuaya
-79.67231,-4.78437,Andurco
-77.43595,-8.77386,Alpamayo
-71.60162,-13.19181,Jajahuana
-77.73829,-8.02842,San Nicolas
-71.28911,-14.35907,Ñahui Chapi Ccollana
-73.46214,-13.51492,San Antonio
-71.82676,-13.71942,Cucuchiray
-77.43024,-8.63632,Puyaupampa
-77.23054,-8.88962,San Juan Bautista de Pumpa
-72.36183,-14.24485,Choccoyo
-74.34292,-13.08169,Santiago de Colca
-77.2652,-8.42948,Patramarca
-76.18302,-12.13608,Hualcaralla
-74.73993,-13.24749,Llillinta - Ingahuasi
-71.92737,-14.45218,Tuntuma
-69.6549,-14.26483,Chejjani Cahuichana
-74.47088,-12.73172,Chanchara
-77.22831,-8.87683,San Juan Bautista de Pumpa
-73.52738,-12.92854,Kintearena Alta
-72.14544,-13.32918,Maras Ayllo
-72.85392,-13.97329,Taccacca
-70.99139,-14.25832,Mamuera
-70.10201,-15.66723,Jipa Grande y Chico
-76.86946,-9.81512,Pampa Esperanza
-70.01548,-14.99437,Alto Huaraconi
-75.5391,-11.96601,Chalhuas
-75.14138,-12.25834,Aza Cruz
-74.91492,-12.62549,Palmadera
-71.92874,-13.34511,Chuquibamba
-77.27608,-9.10368,Santiago de Cardon
-70.6636,-16.49745,Santiago de Pachas
-71.46924,-13.98257,Llocllora
-74.6951,-12.70834,Checco Cruz
-77.28437,-9.13673,Santiago de Cardon
-80.01635,-4.56967,Mariscal Ramon Castilla
-71.47661,-14.54895,Alto Ccayhua Orccocca
-71.62726,-13.65835,Parrocan
-69.51617,-16.067,Sucano
-72.15676,-13.51692,Pacca
-74.45719,-12.62665,Carmen de Tullpacancha
-77.25484,-9.01607,San Martin de Porras
-71.88348,-13.52501,Picol Orccompucyo
-71.11493,-14.22974,Chapichumo
-69.49155,-16.08495,Pacco Cusullaca
-69.82476,-14.53344,Picotani
-74.58788,-12.0819,Virgen del Carmen de Huaylacucho
-70.60748,-13.86726,Corani Aconsaya
-71.75132,-13.33941,Sipascancha
-70.0633,-16.59038,Irpapampa
-77.11955,-9.35495,Gantu
-71.68599,-13.52037,Huayllabamba
-75.56953,-13.30307,Cochapampa Capillas
-69.52028,-16.04492,Pacuncani
-71.88961,-13.44837,Ccaccaccollo
-69.85745,-15.61864,San Cristobal
-76.92588,-11.6217,Quipan
-78.49107,-8.14332,Pachacutec
-76.80282,-11.34779,Pallac
-77.97624,-9.03839,Pamparomas
-74.90609,-12.26246,Callacasa
-71.60927,-13.43789,Manco Ccapac de Pumapaccha
-71.88936,-13.56043,Sucso Auccaylle
-75.07161,-12.28604,Vista Alegre
-78.18372,-7.86596,Chuyugual
-74.32109,-13.29189,Urpaypampa
-75.28252,-12.1111,Jurpac
-71.48618,-14.72506,Cotahuasi
-70.59252,-14.00701,Tantamaco Niahuisa
-77.75118,-9.05666,Cruz de Mayo
-77.33764,-8.70169,San Jose
-72.42362,-13.78026,Chuyllullo
-77.56855,-7.92639,Señor de los Desamparados
-72.03095,-14.28942,Huaccoto
-75.76188,-11.43961,Pian Sanyacancha
-74.05388,-12.89524,Llinquiccasa
-74.44094,-12.21797,Puerto San Antonio
-69.74887,-15.91355,Año Callejon
-71.2432,-14.27356,Chumo
-77.8179,-10.63297,Pararin
-77.08081,-9.23401,Flor de Cantu
-74.38617,-12.79418,Mayocc
-69.88915,-15.93435,Potojani Grande
-70.89705,-13.47072,Union Araza
-76.10987,-10.48559,San Francisco de Pucuruhuay
-71.97281,-13.55312,Chocco
-77.52137,-8.67015,San Isidro
-76.45854,-12.10576,Pariapongo
-71.87177,-13.48806,Picol
-71.50491,-13.76539,Callatiac
-71.54058,-14.22303,Aucho
-74.12062,-13.12006,San Martin de Pamparque
-75.57642,-11.59813,Sacas
-77.38384,-9.53839,Pedro Pablo Atusparia
-74.28309,-13.18151,Accoylla
-76.13822,-10.46306,Chinchan
-77.54839,-9.47827,Ramon Castilla
-79.84459,-4.66707,Siete de Junio
-71.54496,-13.45185,Pichiuca Ñahuinpucyo
-74.2303,-13.22148,San Cristobal de Casaorcco
-74.95536,-12.25749,Santa Rosa
-73.84029,-13.74871,San Antonio de Ccocha
-76.58542,-9.93037,Choras
-71.80158,-13.7171,San Juan de Quishuares - Yarccacunca
-76.06624,-12.27602,Santisima Trinidad de Huañec
-76.37551,-10.26701,Cayna
-77.2117,-9.1231,Union Caninaco
-75.42709,-13.40872,Chacoya
-70.34417,-14.15788,Queracucho
-69.57347,-14.47355,Puna Ayllu
-74.36675,-13.19697,Ñaupallaccta
-70.1685,-15.93384,Huallatani Millutayani
-70.42162,-14.05584,Jorge Chavez
-71.38083,-14.14522,Machacmarca
-76.45211,-11.87705,Surco
-72.60282,-3.53663,Alianza Campesina Cinco Unidos
-70.02288,-15.24306,Muni Chico
-77.73086,-8.02419,San Nicolas
-72.07065,-13.61825,Ventanayoc
-78.40026,-7.23609,La Huaraclla
-71.10637,-15.04234,Anta Cama
-72.08571,-14.32573,Huasca Urinsaya
-76.92051,-9.33262,Huacachi
-71.78288,-13.39623,Kuyo Grande
-70.2434,-14.81013,Punta Jallapisi
-76.87109,-10.88978,Tulpay
-71.98633,-13.40183,Taucca
-78.05258,-5.89775,Shipasbamba
-69.84066,-15.18792,Pampa Amaru
-71.32851,-14.8821,Tintaya Marquiri
-72.25902,-13.55065,Urinsaya
-72.58786,-3.60409,Alianza Campesina Cinco Unidos
-71.50959,-14.18885,Ccotaña Machaccoyo
-74.51617,-12.19829,Cochabamba Grande
-74.71823,-12.61,Añancusi
-74.9683,-12.74663,San Cristobal
-73.90167,-13.80574,Accomarca
-77.63109,-9.78908,Aija
-69.88655,-15.26352,Tuni Grande
-71.7041,-13.313,Miscahuara
-77.79597,-8.97684,Santa Cruz
-78.88456,-5.12104,San Jose de Lourdes
-72.69322,-3.51299,Marupa
-69.87866,-15.33281,Tuni Requena
-69.78817,-15.2635,Caparaya
-70.88514,-16.40066,Sacohaya
-71.53185,-14.04044,Pomacanchi
-71.8842,-14.12799,Hacca
-71.40024,-13.73853,Palcca
-69.50325,-16.34694,San Jose Lihuayto
-71.92634,-14.64389,Cullahuata
-78.13153,-9.1069,Luis Pardo
-72.07191,-14.51989,Hanansaya
-72.25976,-13.44319,San Nicolas de Bari
-71.17233,-14.25126,Pujyo Pujyo Chumo
-78.67472,-5.38443,Zapotal
-71.61253,-14.27674,Aucho
-74.11184,-12.9926,Quiturara
-72.18254,-13.625,Anansaya Huacahuaylla
-70.98376,-13.83509,Phinaya
-72.38513,-14.02299,Pamputa
-74.14054,-14.25782,Mayo o Luren
-76.3085,-10.16427,San José de Caracalla
-71.26948,-13.72587,Ausangate
-72.17207,-13.47766,Yungaqui
-69.83815,-15.17145,Calahuyo
-80.01502,-4.76563,Sapillica
-72.20107,-14.02986,Huaylluyoc Upina
-74.21283,-13.4396,Pariahuanca
-74.3164,-13.20089,San Jose de Samana
-69.27148,-14.41704,Potoni
-79.72947,-6.21639,San Julian de Motupe
-70.22406,-14.82471,Ccaccallaco
-72.3523,-13.88342,Ayumaqui
-74.74419,-11.79063,Pampahuasi
-70.04266,-14.31078,Sallaconi
-74.31371,-13.15644,San Jose de Bellavista
-77.12469,-9.5176,Angoraju
-71.30029,-13.38484,Quero Totorani
-78.96453,-7.53137,San Benito
-77.53604,-7.93472,San Isidro Labrador
-78.49224,-7.54263,San Jorge
-76.48773,-10.49115,Rocco
-75.6909,-11.37109,Tupin
-78.48398,-7.28974,San Juan de Yanac
-77.71245,-6.16996,Olleros Anexo Cupacha
-77.8445,-9.96028,San Martin de Porres
-69.36429,-14.90461,Villa Kantutani
-71.66969,-14.04083,Santa Lucia
-70.59404,-14.29083,Jorge Chavez
-71.75178,-13.25226,Sayllafaya
-71.93209,-13.4762,Paucarpata Mandorani
-71.67009,-13.51602,Uray Ayllo
-74.6567,-12.82058,Rayanniyocc
-72.14958,-13.44433,Kehuar
-71.30289,-13.67607,Pinchimuro
-73.99632,-13.25213,Huico
-74.65062,-13.47095,Antallaqta
-76.68135,-11.31452,San Pedro de Huaroquin
-71.89309,-13.32561,Sayhua
-78.85193,-7.32559,Toledo
-74.21006,-13.6552,Patallaccta
-69.88969,-15.92589,Tajquina
-71.80401,-13.48834,Huanca
-77.6154,-9.38973,Tres de Octubre
-72.03864,-13.48667,Poroy
-69.55282,-16.02359,Lupaca Chilimamanini Alpacuyo
-74.85277,-12.60422,Chaynapampa
-77.53881,-9.97587,Tapacocha
-72.13219,-14.17174,Ccocha
-70.23943,-14.79296,Condorcuyo
-77.4968,-7.80737,Los Andes
-70.18131,-15.00104,Segundo Sahuacasi
-73.27791,-4.32904,San Juan de Yanayacu
-70.41846,-14.93057,Ccorpa
-77.19244,-9.53993,Natividad de Catayoc
-74.07866,-12.89454,Union Minas Ruyactullo
-76.75337,-9.36767,San Juan de Pampas
-69.59162,-16.02533,Laqui
-71.4038,-14.12673,Junttuma
-77.90322,-5.93393,Cuispes
-69.80996,-15.8618,Huancarani
-71.52524,-13.88846,Paropujio
-74.13915,-13.49143,Manallasac
-74.97678,-13.25657,Ccarhuancho
-76.25694,-9.72232,Huallmish
-69.47844,-16.02582,Ccaccata
-74.8689,-12.76573,Villa Hermosa de Atalla
-74.13095,-13.54715,Pantin
-71.56223,-13.99609,Marcaconga - Pomacanchi
-74.31331,-13.13047,Virgen Asunción de Chacapuquio
-74.80063,-12.48917,Yacuy
-71.68878,-14.80423,Achahui
-72.06842,-13.38346,Yanacona
-72.20668,-13.20012,Huilloc
-75.07041,-12.71482,Pueblo Libre
-76.31369,-10.39288,Chunquipata
-71.59677,-13.48189,San Isidro de Ninamarca
-71.67163,-13.36008,Ccolquepata
-75.48948,-11.80979,Tambo
-76.89234,-9.90218,Santa Rosa de Yaruwilca
-78.61768,-8.16709,Simon Bolivar
-71.60615,-13.76491,Pata - Qquehuar I Pampa - Qquehuar
-71.4499,-14.20616,Ccolliri
-72.22907,-13.79489,Pamparqui
-72.05748,-14.35742,Huayllani
-77.42072,-8.88652,La Libertad
-74.24803,-13.37992,Allpachaca
-77.09999,-9.37349,Quecas
-76.41647,-10.21499,San Antonio de Rondoni
-72.26097,-13.5166,"Curamba - Tumibamba
"
-71.56783,-13.82792,Quiquijana
-72.12223,-14.08195,Miraflores y Anexos
-77.5318,-8.63756,Micaela Bastidas
-71.96358,-13.25468,"Huamanchoque
"
-74.67079,-12.44237,Vista Alegre
-71.67903,-13.48008,Huaccaycancha
-72.9605,-4.10013,Buenos Aires
-77.36297,-9.20257,Santa Cruz de Cochas - Patarcocha
-77.24452,-9.11063,Union Caninaco
-70.41795,-17.06766,Tacalaya
-77.66026,-8.15267,San Juan de Chalan
-79.73424,-5.02866,Totoral y Tingos
-71.81451,-13.72831,San Juan de Quihuares
-76.40639,-10.33121,Tangor
-71.66613,-13.47546,Patacancha
-74.15882,-13.68089,Alcamenca
-71.53777,-13.78217,Callatiac - Accopata
-71.94329,-13.4686,Ccorimarca
-74.25055,-13.4329,Virgen del Carmen de Cusibamba
-70.63263,-14.52586,Nuevo Peru
-74.21146,-13.5195,San Antonio de Cochucancha
-70.58139,-14.44481,Salccacancha
-74.83327,-11.71851,Huata
-69.94944,-17.73105,Ataspaca
-77.92215,-7.79123,Francisco Pinillos Montoya
-70.40104,-13.73043,Kanchi
-72.10387,-13.76634,Coror Paco
-71.70147,-14.20448,Checcapucara
-73.55153,-13.83387,Huancaray
-72.195,-13.37997,Chaquepay
-73.22922,-4.32954,El Chino
-77.40911,-8.72289,San Jose
-71.941,-14.28735,Huininquiri
-70.52547,-13.86385,Isibilla
-72.02591,-13.54232,Huancabamba
-78.73147,-6.30661,Mochadin
-71.51679,-13.91507,Yaucat
-72.08827,-13.71849,Huanca Huanca
-74.62704,-12.49712,Santa Cruz de Millpo
-77.41941,-9.18531,Raymondi
-71.52951,-14.77924,Tacrara
-77.33308,-8.68976,San Jose
-71.55769,-14.61869,Huayhuahuasi
-71.35861,-14.17946,Qquea
-70.65267,-14.15413,Chacaconiza
-71.52824,-13.98566,Union Chahuay
-74.21356,-12.68691,Ccarhuancho
-69.48635,-14.25908,Queneque
-70.87623,-13.68464,Ccollasuyo
-77.14534,-9.14577,Quinhuaragra
-76.54547,-10.48798,Tambochaca
-77.93774,-7.73498,Quince de Mayo
-71.93649,-13.40001,Sihua
-72.13688,-12.85173,Huy Huy
-70.39995,-15.12775,Jallahua
-78.5187,-7.37463,Chamani Sapuj
-77.36826,-8.63288,San Antonio de Taya
-75.23004,-12.29046,Colca
-77.19428,-5.75973,Paz y Esperanza
-71.85557,-13.32792,Huama
-73.14302,-3.09197,Tutapishco
-73.89835,-13.12703,Virgen del Carmen de Ninabamba
-72.20019,-13.55519,Conchacalla y su Anexo Mantoclla
-69.67425,-15.17904,Poquera
-70.81186,-13.86396,Chimboya
-73.65438,-3.7876,Los Seis Hermanos del Pintuyacu
-72.34607,-15.20186,Orcopampa
-79.43108,-5.34969,Huaricancha
-70.50515,-16.30843,Chaje
-71.84234,-13.66696,Cucuchiray
-74.21781,-15.71441,Chala Viejo
-73.1218,-3.83092,Gallito
-71.83955,-13.50852,Huaccoto
-79.75182,-5.00922,Changra
-71.33149,-14.71012,Ccollana
-71.38913,-16.45374,Characato
-76.44448,-11.97365,San Andres de Tupicocha
-70.05458,-14.50792,Llaulli
-71.98325,-14.67196,Quilcata Pulpera
-70.81203,-14.95426,Machacmarca
-71.21766,-13.96945,Ananiso
-71.49718,-14.16407,Tungasuca Ccollana
-78.62139,-7.09723,Chereg
-69.48163,-15.99535,Villa Sicata
-71.96363,-13.78064,Ccolque Ucro
-77.33449,-9.00957,Santa Rosa de Uchusquillo
-69.39491,-14.54172,Untuca
-74.9243,-12.62402,Victoria de Huayllayocc
-71.30378,-14.22806,Chara
-75.1587,-12.21746,Chucos
-73.15603,-13.73578,Cavira
-71.6638,-13.64959,Secsencalla
-75.38263,-12.14551,Achipampa
-79.48388,-4.62011,Samanga
-71.20999,-14.58976,Huarcachape
-69.65715,-14.99263,Santiago Mayor de Asiruni
-72.25488,-3.63103,Santo Tomas
-73.5267,-13.73023,Natividad Ataccara
-79.98985,-5.01685,San Andres de Guayaquil
-76.98076,-10.94825,San Andres de Huascar
-70.054,-15.47393,Canchi Grande
-74.34856,-13.75861,San Jeronimo de Taulli
-75.00028,-12.42233,Santa Maria Lausa Grande
-76.89265,-9.91637,Santa Rosa de Yaruwilca
-70.13862,-15.711,San Antonio
-71.39618,-14.8399,Huisa Collana
-78.32472,-7.27845,Hualqui
-76.61826,-11.99968,San Bartolome
-78.39657,-7.78053,San Benito
-73.81576,-13.18385,Apucancha
-71.31238,-14.38868,Ñahui Chapi Ccollana
-72.11669,-14.27635,Hatta
-76.9623,-10.82478,San Benito
-72.18566,-14.08129,Arcospampa Congota
-70.35762,-15.55433,Jasana Pocsellin Miraflores
-70.11611,-15.62447,San Francisco de Buena Vista
-71.35074,-13.97254,Osefina
-76.42588,-12.34487,San Francisco de Calaguaya
-70.86933,-14.74019,Selque
-74.52831,-13.00348,Ccenuacancha
-75.16994,-12.1975,Pucara
-73.30937,-4.30021,San Juan de Yanayacu
-72.39747,-13.472,Ninamanchi Challabamba
-78.84461,-7.19428,San Bernardino y San Antonio de Cachis
-77.69487,-9.14172,Jose Carlos Mariategui de Yanama Chico
-70.12416,-15.32784,Conchilla
-71.89211,-13.62094,Araycalla - Anyarate
-71.39651,-13.95917,Pampachiri
-71.65972,-14.14856,Alcco
-71.23461,-14.75658,Ccahuaya
-74.60594,-4.43849,Santa Rosa de Lagarto
-77.41176,-8.57136,Santa Cruz de Changa
-73.45361,-13.54736,Bellavista
-71.93902,-13.3249,Llicllec
-72.18537,-14.69626,Allhuacchuyo
-72.08392,-14.80205,Huamanripa
-81.07577,-5.15267,San Francisco de la Buena Esperanza de Paita
-75.24205,-12.62182,Viñas
-71.87193,-13.23773,Pampallacta Alta
-77.10455,-10.12246,Huasta
-78.56538,-7.35909,Huatum Vista Alegre
-80.50252,-5.35906,San Juan Bautista de Catacaos
-77.3742,-8.62862,Ocopon
-78.57531,-8.08335,Independiente
-70.12868,-15.45276,Escuri Corihuata Pojraccasi
-71.88377,-13.30697,Chumpe
-76.67077,-10.93547,Picoy
-72.0811,-14.61443,Anchayaque Condes
-71.24543,-14.94287,Huano Huano
-76.18145,-12.4815,Pilas
-69.80004,-13.93001,Saco
-71.4283,-13.97466,Ilave
-70.30785,-14.82302,Chuapi Ccollana Ipacuña
-75.51602,-11.67073,Jajapaqui
-71.70289,-14.18125,Checcapucara
-72.06008,-14.0744,Sayhua
-79.69719,-5.23034,San Juan de los Guayaquiles
-71.47683,-13.58308,Ullpo
-71.66744,-13.8587,Lampa y Puica
-77.97025,-7.68892,Tayanga
-70.23509,-15.45908,Isla
-77.77924,-6.17285,Sonche
-76.95969,-9.64889,José Crespo y Castillo
-74.05588,-13.14382,Nueva Union de Matarilla
-71.14633,-14.3905,Mamuera
-72.39224,-13.493,Ayllu Chullani Patallacta de Uratari
-79.10472,-7.44832,Trinidad
-73.93919,-13.96969,Taca
-69.52642,-14.49195,Cojene Rotojoni
-77.76492,-9.15744,Tupac Amaru
-71.65771,-13.49662,Quiñer
-72.16631,-14.512,Accacco
-71.68341,-14.59049,Oqquebamba
-73.83512,-13.63248,Huaccaña
-69.4786,-14.41999,Ura Ayllo
-72.10137,-14.10509,San Miguel
-80.05025,-5.02219,Juan Velasco Alvarado de Chililique Alto
-71.91044,-13.49093,Ccorao
-76.9792,-10.59211,Cochas
-75.76931,-12.91109,Viñac
-79.84066,-6.26992,Virgen Purisima Concepcion
-70.60507,-15.23199,Sorapampa Sapancota
-71.56252,-13.77041,Ttio
-71.5441,-14.03714,San Jose de Conchacalla
-70.89805,-14.29849,Huiscachani
-73.44225,-13.71772,Luispata Chilcaraccra
-69.28424,-15.09046,Soraycho Umabamba
-70.55264,-14.09583,Tupac Amaru
-79.75663,-5.13026,Tamboya
-71.99587,-14.44834,Idiopa - Ñaupa - Japo Urinsaya
-71.1889,-14.19263,Patahansa
-76.04942,-10.67168,Huamanmarca
-71.71406,-13.58424,"Huambutio y Anexos Hhuayllapampa Huacarpay

"
-69.31288,-16.82292,Perca
-78.98994,-7.2606,Chuquimango
-77.38774,-8.66361,Ocopon
-76.18381,-10.67459,San Juan de Jarapampa
-77.12743,-8.94128,Paras
-71.02583,-14.96827,Mamanoca
-72.34127,-13.42503,Chamancalla
-72.16587,-13.29111,Pichingoto
-70.24094,-15.44314,Rancho
-77.40671,-8.65853,Ocopon
-78.14439,-7.30959,Pomabamba
-77.38991,-8.22664,Señor de los Milagros
-71.90342,-13.76995,Huatacalla Puca Puca
-71.99329,-13.64636,Anccaschaca
-79.41065,-5.641,Lipanga
-71.95568,-13.34696,Sacllo
-74.30627,-12.72829,Marccari
-72.39556,-13.51869,Pampahuaylla
-71.89148,-13.85584,San Lorenzo
-74.37722,-13.13343,Molinos
-71.34357,-14.55494,Tjusa
-69.79757,-15.10052,Chijichaya
-69.16357,-16.30423,Cuturapi
-76.29692,-12.15652,Suni
-71.36991,-14.17107,Racchi
-76.18665,-10.73412,Villa de Pasco
-77.39936,-9.0647,Santa Victoria
-77.42566,-8.87091,La Libertad
-75.6978,-11.41307,Huancoy Sacsamarca
-74.39123,-13.49695,Quispillaccta
-77.87796,-9.4856,Cochabamba
-69.46256,-16.71283,Vilachave Primero
-71.72054,-13.52178,Ccollana
-69.65875,-15.08355,La Libertad
-72.20367,-14.08882,Sacsahuillca
-76.7428,-9.78095,Huarihuayin
-75.9379,-11.8061,Suitucancha
-70.88943,-13.57643,Sahuancay
-73.20544,-3.29969,Huaman Urco
-74.95823,-12.61201,La Union Cachillallas
-75.72585,-12.84273,Tana
-75.99289,-12.12735,Tanta
-71.42901,-13.55411,Sumana
-71.9705,-13.47547,Tambomachay Pucara
-75.27456,-12.80594,Orccobamba
-76.33423,-10.00019,San Francisco de Cayran
-74.05962,-13.28445,Pampamarca
-71.70096,-13.53287,Huayllatambo
-71.52292,-14.23475,Aucho
-74.59249,-12.85338,Bellavista
-78.59975,-6.54718,Cunuat
-71.71082,-13.68019,Yutto
-74.30133,-13.17644,San Rafael
-72.17455,-13.50108,Yungaqui
-74.54323,-12.76583,Ccarhuacc
-71.21254,-14.24923,Pampa Phalla
-70.63921,-13.68544,Quicho
-71.5729,-14.30782,Aucho
-72.18882,-13.39054,Chaquepay
-75.0872,-12.20377,Patala
-70.28321,-15.44245,Unocolla Kocan Cochaquinray
-71.75539,-13.4815,Umachurco
-71.36495,-13.75876,Accocunca
-73.20664,-4.07457,Buenas Nuevas Rio Amazonas
-73.63903,-13.441,Santa Rosa de Ongoy
-80.02135,-5.03272,San Jose
-75.02136,-12.41449,Santa Rosa Chucuna
-75.41581,-13.35965,Ticrapo
-74.85893,-13.01367,Yanaututo Bajo
-80.97241,-4.87599,Tamarindo
-77.50814,-8.62932,Micaela Bastidas
-73.7981,-3.82809,Diamante Azul
-71.6526,-13.6526,Secsencalla
-75.17559,-12.10552,La Punta
-74.67406,-12.12677,Sachacoto
-72.29561,-13.4423,Ancahuasi
-71.60235,-14.28855,Aucho
-76.49527,-12.51306,Calango
-74.236,-13.29481,Ahuapuquio
-76.23786,-10.12935,Cochatama
-74.56754,-12.78051,Curimaray
-71.43455,-13.5927,Andayaque
-77.51127,-8.1292,Jose Maria Arguedas
-71.84304,-13.61543,Ccachupata
-80.02959,-5.11488,Abad Berru Gonzaga de San Pedro
-71.42804,-13.39206,Kallakancha
-75.15864,-12.03031,Uñas
-76.72019,-9.72312,San Exaltacion de Jachahuayin
-70.31057,-14.11887,Patapampa Hatun Pinaya
-74.21985,-12.70063,Tocas Quesera
-71.89744,-13.91497,Pacopata
-76.47591,-10.28504,Yamor
-75.31217,-11.84822,La Libertad
-71.14625,-14.30051,Pumaorcco
-74.9154,-12.80246,Pampachacra
-73.56435,-13.68718,Ccantupata
-74.20821,-12.91547,Huancayocc - Huamanccacca
-76.23031,-9.74922,Utao
-70.00745,-17.91059,Higuerani
-72.27963,-13.50074,Katañaray
-71.75216,-13.8281,Papres
-70.28462,-14.84047,Chana Jilahuata
-70.82722,-15.9514,Toroya
-74.27406,-13.15313,Sacsamarca
-78.44072,-7.2374,Yanamango
-76.24752,-10.18083,San Miguel de Quepatupe
-78.60924,-7.15241,Cushunga
-72.88085,-13.77594,Huayrapampa
-78.01985,-6.31665,Colcamar
-70.61041,-4.13178,Nueva Jerusalen
-77.43298,-9.20954,Raymondi
-69.96661,-15.15774,Chacarilla
-71.53409,-13.88257,"Moccoraise
"
-76.22134,-10.53222,San Francisco de Asis de Yarusyacan
-69.24258,-16.64742,Challacollo
-73.76772,-13.71197,Santa Rosa de Huaracascca
-72.01132,-13.60005,Mayrasco
-77.21552,-8.90831,San Juan Bautista de Pumpa
-74.50392,-12.64959,Palermo
-71.46721,-14.95306,Alto Aira Ccollana
-71.06033,-14.74459,Pallpata
-69.95526,-15.1637,Sacanajachi
-71.92936,-13.38739,Quillhuay
-70.46912,-13.93818,Pacaje
-71.97695,-13.83569,Huatta
-77.09758,-10.99064,San Juan de Yarucaya
-75.33431,-12.56335,Vista Alegre
-71.07232,-15.08859,Pirhuayani
-71.81827,-13.71368,Yarccacunca
-77.01995,-10.49084,Astobamba
-75.45187,-12.07329,Misquipata
-71.13666,-14.24204,Chapichumo
-73.86043,-5.44178,Los Tres Hermanos del Bajo Tapiche
-77.46855,-8.80246,Virgen Inmaculada
-78.00378,-6.40868,Choctamal
-73.97861,-13.58572,Qocha
-76.05776,-12.04799,Llacuas
-74.23364,-12.72347,Laupay
-76.16987,-10.63836,Pariamarca Quichas
-77.75682,-9.13407,Ancash
-73.37895,-13.53648,Huallhuayocc
-71.83144,-13.39791,Maska Ccotobamba
-72.21034,-13.39134,Ccanac-chimpa
-76.63232,-9.36222,Coyllarbamba
-70.28043,-17.15756,Huanuara
-77.81638,-7.68657,Santa Rosa
-75.03305,-12.39515,Conopa
-71.48062,-13.37549,Chinchibamba
-74.2063,-13.6144,Urihuana
-76.68451,-9.9139,Cosma
-71.6017,-14.12782,Sayhua
-69.53615,-16.05837,Chiramaya
-77.62299,-8.04972,Usca
-74.1943,-13.67849,Huambo
-71.5154,-13.84721,Ccolcca
-77.08653,-9.37575,Quecas
-77.5302,-8.14519,Jose Maria Arguedas
-71.25469,-15.20253,Llacto Sayaña
-74.23673,-12.69237,Marccaraccay
-69.52951,-16.24082,Calliri
-71.93826,-13.56507,Huillcarpay
-74.42514,-13.64916,Huarcaya
-77.47194,-9.04648,Quisuar
-69.42818,-15.2058,Huayllacuyo
-76.47327,-10.83302,Sacra Familia
-74.72129,-12.5695,Amaco
-74.33516,-13.12001,San Jose de Ticllas
-77.85482,-8.9553,San Jacinto de Mato
-76.93203,-9.15956,Uco
-75.23817,-12.66634,Anccapa
-77.6951,-6.27943,San Juan de Cheto
-77.71216,-9.19455,San Jacinto de Mita
-77.13148,-8.62562,Santa Maria de Panacocha
-78.70679,-6.46311,Chulacmache
-71.62775,-14.15155,Aucho
-71.90887,-13.68362,Huancarqui
-75.82161,-12.93372,San Juan Bautistade Huangascar
-74.89989,-12.72863,Vista Alegre
-72.00155,-13.28488,Harin
-77.36206,-9.21141,San Antonio de Macuash
-69.58488,-14.26963,Tiraca
-69.57857,-16.53535,San Andres de Sales Chico
-75.29394,-12.29885,Chicche
-75.64841,-12.24336,Huancachi
-76.85541,-10.62111,San Sebastian de Tinta
-74.19583,-13.20054,Santa Rosa de Huatatas
-79.29803,-4.98961,Segunda y Cajas
-71.2389,-14.23673,Pampa-ansa
-76.20725,-10.31942,San Rafael
-70.28214,-15.09841,Chaqui Iquilo
-74.90276,-12.58303,Pucuto Ccatcco Maritana
-74.87458,-12.54211,Intihuatana
-70.16067,-15.25068,Yucno Cruz Pata
-76.82393,-9.72478,Pachas
-71.9543,-13.86104,Ccoyabamba
-74.17791,-14.43681,Pampahuasi
-79.98235,-5.14383,Juan Velasco Alvarado Franco
-71.82293,-13.73407,Cucuchiray
-71.86361,-13.30353,Poques
-72.97619,-13.68824,Pararani Cantuyocc Ccaccapaqui
-71.94578,-13.75286,Paccarectambo
-72.1474,-12.87363,Huy Huy
-77.2397,-9.09528,Union Caninaco
-77.18354,-11.06198,Quintay
-72.31942,-13.78116,San Juan
-71.60834,-13.82055,"Pata - Qquehuar I Pampa - Qquehuar
"
-77.37052,-10.19386,Cajacay
-72.16598,-14.07837,Pisaccasa Yuricancha Huaruma
-74.44239,-12.54868,Illpe Jambato Patibamba
-70.49667,-14.55778,Llusta Ccarcca Colquecancha
-71.80119,-13.44202,Ccotataqui
-72.22304,-13.37777,"Saratuhuaylla
"
-76.73312,-9.69862,Yanas
-69.57097,-16.17734,Casimuyo
-71.13192,-14.52572,Taipitunga
-71.27582,-14.17508,Songoña
-74.55383,-4.47754,Santa Rosa de Lagarto
-72.17703,-13.41224,Huayllaccocha
-73.6276,-3.79401,Samito
-72.12193,-13.27911,Palccaraqui
-69.80332,-15.70771,Alto Yapura Lago Azul
-76.49749,-10.33052,Yacan
-69.64641,-14.98247,Chalanani
-71.96279,-13.46014,Tambomachay Pucara
-76.25091,-10.54504,8 de Mayo de Anasquisque
-77.76127,-6.14354,Cuelcho
-72.04894,-13.3566,Urquillos
-73.46519,-13.84539,Turpo
-69.92921,-14.14239,Quetapalo
-69.7608,-15.15379,Chicasco
-69.35021,-15.3693,Ollaraya
-69.36603,-14.44918,Miraflores
-77.68698,-7.52532,Calemar
-69.72439,-14.41962,Canu Canu
-75.05972,-13.99082,Ayamarca
-69.10755,-16.34619,Checanehuma
-71.92297,-13.39125,Macay - Quilhuay
-71.44705,-14.49789,Anansaya
-75.49793,-13.37829,Pauranga y Anexos
-69.62836,-15.16525,Alcamarini
-74.35081,-6.77273,San Antonio de Fortaleza
-69.55564,-16.14288,Conapi Sumarire
-77.67871,-6.65466,Montevideo
-74.76378,-12.36914,San Vicente de Yanayacu
-77.64627,-9.83635,Santa Ana de Succha
-72.91242,-13.93287,Molline
-71.82579,-14.25196,Cacho Limamayo
-71.4961,-13.83082,Pata Sachac y Llacta Sachac
-76.65719,-9.50166,Jacas Grande
-76.77938,-9.54226,Palanca
-72.93099,-13.84118,Yaca
-69.56419,-16.15421,Chijuyo Ccopapujo
-73.25634,-13.68612,Choccecancha
-74.60032,-12.12387,Villa Paucarbamba
-78.44288,-8.08756,Santa Apolonia
-72.16511,-13.51112,Yungaqui
-74.38469,-14.20174,Aucara
-78.12842,-7.30767,Pomabamba
-71.55554,-13.99819,Marcaconga - Pomacanchi
-71.61156,-3.84032,San Antonio
-71.95634,-13.73677,Paccarectambo
-71.44397,-14.96782,Alto Aira Ccollana
-71.31874,-14.31089,Pata Suyo Capillani
-77.38311,-8.66503,Ocopon
-73.97696,-13.65463,Michcabamba
-77.24816,-9.06857,San Antonio de Ranracancha
-74.94098,-12.49249,Parco Chico
-72.32775,-14.17013,Pararani
-71.32917,-13.88978,Osefina
-72.02672,-13.64398,Tantacalla
-70.8607,-4.27014,Santa Rosa
-74.05754,-12.71634,Incaraccay
-69.42548,-16.44799,Laca Laca
-71.42577,-13.80053,Hayuni
-71.72473,-14.28529,Ccollana
-75.5236,-11.92584,Yuracancha
-79.48258,-5.60691,Llacuas Coyanayu
-71.05498,-14.29547,Tañihua
-76.80892,-9.81027,Ripan Liriopampa
-78.85559,-6.92309,Calquis
-75.15818,-13.06632,Salcca Santa Ana
-71.93948,-14.56714,Cullahuata - Tuntuma
-70.16015,-14.68879,San Jose
-73.23968,-13.66912,Santa Rosa de Anoccara
-69.57175,-15.99615,Sullcacatura Segundo
-71.78918,-13.72919,San Juan de Quihuares
-76.91849,-9.6523,Inca Cahuide
-73.18693,-13.71834,Tintay
-76.15127,-9.96469,San Sebastian de Shismay
-69.75037,-15.20028,Tikahuata
-80.0652,-4.82831,Juan Velasco Alvarado de Llicsa Chica
-71.81247,-14.02973,Amancay
-69.69537,-14.89158,Buenos Aires
-76.43626,-10.53979,San Miguel de Cuchis
-74.04883,-6.04651,Canchalagua
-69.70537,-16.15893,Chicachata
-71.88616,-13.73874,Incacona Ttantar Ccosco
-70.02133,-14.92969,Puca Cancha
-74.26422,-13.28519,Paucho
-75.42585,-11.94887,Quicha
-79.77102,-5.0207,Lanche
-75.75945,-11.32954,Ochonga
-79.54189,-4.62075,Lanchipampa
-76.23092,-10.25463,Angasmarca
-74.52025,-12.64565,San Cristobal de Sirihuasi
-73.60112,-13.43022,Virgen de Asuncion de Roccchacc
-70.44757,-16.39102,Jucumarine
-74.22982,-13.19516,Quicapata
-75.69233,-12.89822,La Florida
-76.87852,-11.27383,Lampian
-77.502,-8.77141,Tupac Amaru
-70.72895,-15.86293,Tincopalca
-75.10035,-11.68364,Parco
-73.34416,-13.48361,Chanta Umaca
-71.99023,-13.42403,Umasbamba
-70.59161,-14.51766,Urinsaya Cocha Ticuyo
-72.01807,-14.57763,Challa
-74.20502,-12.7365,Santa Cruz de Llachuas
-69.80192,-15.08063,Sustia Munaipa
-77.63928,-8.48847,Pachachin
-78.02272,-6.05637,Paclas
-77.68618,-9.8166,Quilla Ayllu
-77.58006,-6.22472,Taulia
-70.6156,-14.50178,Diego Tapara
-71.92063,-13.3885,Macay
-71.93128,-13.45492,Huillcapata
-72.11858,-14.39643,Llutto Kututo
-71.81267,-13.88164,San Francisco de Colcha
-69.65288,-16.13637,Huancarani
-72.3491,-14.12709,Ccahuapirhua
-69.83694,-15.19794,Cucho Amaru
-78.10733,-6.11052,Santa Catalina de Jacapatos
-69.82673,-15.20733,Cupisco
-73.98254,-13.3715,Tarhuiyocc
-70.0522,-15.91658,Capullani
-70.01622,-13.98473,Coaza y Anexo: Achacire Taracocha
-76.34237,-10.08703,Quircan Chico
-74.47707,-13.33567,Totorabamba
-71.52152,-14.28358,Machaccoyo
-77.20993,-9.43631,Yura - Yaco
-74.04496,-13.01728,Lurinzayacc y Ananzayacc
-74.8157,-12.69424,Silva
-69.8198,-15.09983,Taurahuta
-71.34219,-14.27972,Roconi Inca Anansaya
-76.74573,-9.9735,Vista Alegre
-73.03616,-13.60111,Juan Velasco Alvarado
-69.52627,-15.13645,Tisnacollo
-71.23773,-14.51152,Huarcachape
-69.84706,-14.41279,Oruro Asillo
-75.40092,-13.48179,Las Estrellas del 16 de Julio
-74.32555,-13.19486,Acco Capillapata
-71.46589,-14.74731,Apachillanca
-76.97074,-9.29385,Rambran
-75.72623,-12.70525,Lerida o Tupe
-71.38424,-13.85527,Chillihuani
-78.88838,-7.32806,San Francisco de Guzmango
-77.18942,-9.44662,Yura - Yaco
-77.55313,-8.95185,San Agustin
-72.03287,-13.16272,Quishuarani Ccollana
-76.98006,-9.93615,Huallanca
-72.86346,-13.93708,Huanrecca
-72.49007,-13.42479,Misquiyaco Urpaypugio
-77.40844,-8.8833,La Libertad
-69.62797,-16.18042,Pacco Risalazo
-72.83362,-14.49819,Mollocco
-79.66405,-4.60538,Socchabamba
-69.65265,-16.15226,Jaquencachi
-70.70892,-16.25162,Exchaje
-72.20494,-14.20611,Ccayau
-72.99629,-13.78408,Cotarma
-69.65158,-16.17127,Checca
-71.55902,-13.23991,Parpacalla
-74.1071,-5.88937,Puerto Angel
-69.44613,-14.40072,Ccapuna
-76.73638,-11.65655,Licahuasi
-72.13368,-13.70146,Qqeñaparo
-77.60313,-10.0752,Llacllin
-72.93014,-13.88319,Yaca Ocobamba
-70.1575,-17.25527,Calleraco
-71.51215,-14.09253,Santo Domingo
-75.64087,-12.79779,Lincha
-74.24655,-12.66103,Ccorerupay Masingana y Huayccohuasi
-69.33423,-15.4492,Santa Trinidad Ticani Ninantaya
-71.91872,-13.60782,Punacancha
-71.51254,-14.12232,Rosasani
-77.50397,-8.92116,San Antonio de Padua De Quishuar
-72.06221,-13.46386,Simataucca
-70.12294,-13.85539,Upina
-70.3013,-15.03058,Checca Pupuja
-73.49603,-12.89261,"Villa Quintiarena ""B"""
-69.72967,-15.18916,Sinticunca Chillimita
-77.04095,-10.45306,Santa Maria Magdalena
-72.042,-13.34252,Urquillos
-71.7122,-13.60049,Huambutio y Anexo Huayllapampa
-71.37088,-14.07071,Chiara
-69.48442,-14.30322,Mororia
-74.25877,-13.67274,Carampa
-69.51848,-16.1835,Santiago Tiri
-72.80522,-13.50272,Ttasta Poyoncco Quehuapampa Huillcayocc
-72.33635,-14.6905,Ccollpa Ccasahui
-74.82716,-12.75353,Ambato
-72.36272,-14.04985,Huancuire
-71.53785,-13.60542,Querora
-71.70287,-13.50581,Ohay
-70.71913,-16.75368,Huatalaque
-71.18894,-14.34517,Chectuyoc
-72.07071,-13.29401,Yucay
-75.98359,-11.56977,Santa Rosa de Saco
-71.35593,-14.25812,Irubamba
-71.98239,-14.59391,Congoya Santa Barbara
-70.65681,-16.77485,Cuchumbaya
-76.90757,-9.95184,Alto Peru
-71.66967,-15.03604,Echoccollo
-74.67947,-12.60325,Yañacc
-78.00845,-9.2013,24 de Junio
-71.18956,-14.31367,Chauchapata
-72.8742,-13.88014,Circa
-72.28217,-14.22288,Anta Anta
-74.18326,-14.65557,Acola
-78.18178,-6.79716,San Francisco de Chuclalas
-74.14306,-14.74016,Ccayau
-73.93615,-13.93548,Canaria
-69.94897,-14.77894,ChoqueChambi Carpani
-72.0104,-15.50516,Llatica
-79.58165,-4.52828,Lucarqui
-71.27333,-14.50606,Kcana Janansaya
-69.27981,-15.43818,Llaulli
-74.82278,-12.58361,Chaynapampa
-78.70958,-7.45411,Lleden
-71.80544,-12.97676,Lali Grande
-76.2666,-10.16805,San Ramón de Mantacocha
-75.26966,-12.13664,Chongos Bajo y Anexos
-76.92995,-9.90184,Santa Rosa de Yaruwilca
-71.89489,-13.58372,Suncco
-71.77204,-14.64564,Huaylla Huaylla
-69.95144,-15.55669,Lluco
-69.25378,-16.82922,Tulacollo
-72.0588,-13.61071,Ccorcca Ayllo
-69.91952,-16.14776,Sacuyo
-72.79059,-13.84339,Urpipampa
-74.1597,-13.54189,Incaraccay
-69.24618,-16.72338,Alto Aracachi Queluyo
-71.77603,-13.30341,Huarqui
-72.0729,-14.11682,Huayllura
-72.14454,-14.7682,Huaracco
-71.9993,-13.36561,Cuper
-71.64589,-14.65085,Pumahuasi
-69.6229,-15.15271,San Juan de Quishuarani Isca Quishuarani
-73.79845,-13.74455,San Miguel de Rayme
-76.62332,-12.05983,Sisicaya
-74.72645,-12.65022,Los Andes
-71.97589,-12.74145,Mendosayoc
-74.12867,-12.97459,Huamanguilla
-69.22322,-16.69003,Centro Aracachi Chiaraqui
-70.05679,-16.52805,3 de Mayo San Pablo o Aguas Calientes
-76.13951,-9.86912,Santa María del Valle
-69.87234,-16.72456,Apopata
-75.26331,-11.87172,Quichuay
-72.72879,-14.44108,Curanco
-72.83188,-15.20529,Locrahuanca
-70.62138,-14.51048,Juan Velasco Alvarado
-74.9455,-12.60681,La Union Cachillallas
-73.1726,-13.58933,Santiago Paucar
-71.24276,-13.92425,Pampachiri
-72.08494,-14.74842,Alcavictoria
-77.11917,-10.48383,Palpas
-72.14738,-14.49312,Ccasillo
-70.80212,-3.95104,San Jose de Berseba
-72.08259,-13.35533,Racchi Ayllo
-71.4653,-14.17646,Tungasuca Ccollana
-73.82705,-3.40171,Tres Unidos Anexos
-77.1973,-11.39402,Lomera de Huaral
-71.63601,-14.11807,San Juan
-71.8623,-13.81966,Valle de Cusibamba
-79.90799,-4.86646,Los Altos de Poclus
-78.6274,-7.16204,Mahuaypampa
-70.32813,-14.96571,Checca Quichuza y Anexos Huilaccollo Llicllica
-69.67737,-16.1755,Yaurima
-72.37863,-13.94377,Ñahuinlla
-76.60828,-12.63904,Mala
-71.61053,-13.3929,Ninamarca
-79.65958,-5.07453,Palo Blanco
-70.92802,-13.69302,Sahuancay
-76.85779,-11.06357,Auquimarca
-70.15405,-16.77532,Pasto Grande
-71.09605,-13.84944,Sallani
-70.79992,-14.60427,Santa Rosa y Anexos
-78.60058,-6.82096,Pingullo
-75.98946,-11.42765,San Jose Huaypacha
-72.16629,-13.45824,Haparquilla Occoruro
-77.5648,-10.21441,Chaucayan
-71.60788,-13.63448,Santa Cruz de Sallac
-69.40604,-15.2898,Sullca
-77.42599,-8.87445,La Libertad
-70.21667,-16.71352,Pasto Grande
-74.19628,-14.68659,Utecc
-71.28193,-14.40788,Ñahui Chapi Ccollana
-74.98812,-4.41351,Nueva Alianza
-80.18213,-4.41023,Pampa Larga
-76.72619,-11.59496,Pampacocha Yaso
-71.70311,-14.58921,Oqquebamba
-72.51923,-3.44514,Roca Eterna
-71.6568,-13.49703,Huancarani
-71.97998,-13.78087,Nayhua
-73.75754,-3.82659,Pisco
-71.95964,-13.58602,Ccoillorpuquio
-72.19795,-13.35199,"Mullakas Misminay
"
-72.17994,-13.53397,"Conchacalla y su Anexo Mantoclla
"
-74.40565,-13.31761,Anchac Huasi
-71.6258,-16.08573,Pampa de Arrieros
-72.08374,-13.45422,Tangabamba
-78.686,-8.10855,Patriarca San Jose
-71.77334,-13.43854,Ccamahuara
-71.58326,-13.96299,San Isidro de Ttio
-77.08326,-9.1332,San Antonio de Aco
-73.67161,-13.31758,Maramara
-78.03376,-5.99458,San Jeronimo
-74.67126,-4.51896,Roca Fuerte
-76.46022,-12.12939,Avichuca
-72.03267,-13.0874,Queyupay
-76.59578,-9.88551,San Lucas de Mesapampa
-71.445,-4.13908,Alto Monte Israel
-76.69743,-10.96632,Parquin
-69.71222,-14.86867,Ticani
-75.39073,-12.65708,San Martin
-72.05566,-13.58097,Ccorcca Ayllo
-72.03977,-13.88222,Cajapucara o Copora - Quehuayllo
-75.76484,-5.00229,Naranjal
-74.96774,-13.05351,Huachocolpa
-75.05995,-12.47827,Cuenca
-70.09213,-15.92435,Marca Jila Punta Concachi
-77.70849,-6.77917,Leymebamba
-72.0927,-13.55453,Cusibamba
-77.77476,-8.31604,Conchucos
-76.17298,-12.09573,San Juan de Tantaranche
-72.18656,-13.30222,San Mateo de Paucarbamba
-74.11486,-13.20252,Nueva Esperanza de Alanya
-71.82239,-13.56979,Ana Warqque
-78.13851,-9.05379,Jose Carlos Mariategui
-74.32383,-13.18606,San Rafael
-71.8633,-13.5479,Ccollana y Anexos Chahuanccoscco y Callampata
-74.64386,-12.45294,San Julian Alto y Tacsana Pampa
-71.44169,-14.01477,Checacupe
-70.23288,-13.70836,Kana
-76.87779,-10.81551,San Juan de Churin
-71.43069,-14.21957,Yanaoca
-78.46165,-7.34543,San Juan de Cachilgon y sus Anexos
-74.07045,-12.79643,Rodeo Pampa
-77.4752,-8.78841,Virgen Inmaculada
-73.24048,-13.58492,Tocctopata
-73.85208,-13.19416,Huinche
-77.03065,-9.42677,Vichon
-78.0206,-6.91453,Utco
-72.0015,-13.82454,Tucuyachi
-71.14473,-13.95007,Sallani
-75.44464,-11.90278,Llacuaripampa
-70.31971,-15.81819,San Juan de Quearaya
-72.15486,-13.69107,Koricancha Arabito Araypallpa
-71.57919,-14.03065,Pomacanchi
-75.33579,-13.12907,Patacorral
-77.16075,-9.5037,San Antonio de Huishin
-77.65161,-7.56922,San Agustin de Chuquique
-78.10023,-7.30658,Llanopaccha y Chuco
-77.08125,-9.44979,Huachis
-70.61803,-14.53779,Puca Cunca
-71.52963,-14.20737,Ccotaña Machaccoyo
-70.60066,-14.43823,Chirihuno
-75.51506,-11.68747,Paca
-71.19701,-14.41664,Silli
-76.35216,-10.49914,Santa Ana de Tusi
-76.77559,-9.27082,San Roque de Rapayan
-72.28581,-14.2058,Huancuire
-70.62153,-13.54308,Palca
-69.06438,-16.23147,Poccona
-72.96958,-13.8973,Huirahuacho
-69.99405,-15.53488,Santiago Soraza
-76.64595,-9.22841,Jircan
-71.87016,-13.3453,Chuquibamba
-75.60734,-14.21564,Señor de Luren
-71.56587,-14.67543,Oqquebamba
-75.1495,-12.79356,Pastales Huando
-72.14485,-14.09882,Andres Avelino Caceres
-76.43561,-10.30682,Yapac
-76.48541,-10.2595,Coquin y Anexos
-77.92531,-6.39355,Tingo
-75.06436,-13.17261,Choclococha
-78.05946,-7.54642,Tangalbamba
-76.56771,-10.45501,Tambochaca
-71.72425,-13.09206,Lucuybamba
-76.1046,-9.78113,Nueva Esperanza de Huallintusha
-72.13877,-13.45747,San Cristobal de Lluscana
-77.30413,-9.11887,Santiago de Cardon
-80.07382,-4.98278,Carlos Augusto Rivera del Rio Seco Alto
-74.46502,-12.17068,San Isidro
-74.24786,-13.16001,Huascahura
-74.16556,-12.69515,Choccehuiscca o Mosoccpampa
-76.36459,-10.15518,Sinai de Yanacocha
-79.47724,-6.06323,Tupac Amaru II
-71.42632,-14.2109,Layme
-72.91251,-15.23279,Quillunza
-73.16056,-13.46675,Tacmara
-78.1572,-7.58304,Chorobamba
-77.10798,-10.6639,Rajanya
-69.36033,-16.60929,Lacahaqui
-74.08518,-13.28362,Virgen Asuncion de Seccelambras
-69.15244,-16.28471,Queñuani
-76.25422,-9.80093,Pomacucho
-75.35309,-12.56797,Vista Alegre
-69.4177,-14.39434,Tuana
-71.79314,-13.48902,Huanca
-70.08178,-15.63839,Sucasco
-77.90402,-6.02718,San Pablo
-74.84996,-11.63806,Punco
-69.8631,-15.6019,San Juan de Yancaco Grande
-77.04549,-9.58001,Angoraju
-77.04265,-9.29847,Acchas
-71.91509,-13.37845,Ccoya Runa
-71.88878,-13.75422,Huatacalla Puca Puca
-76.26364,-10.58488,Tingo Palca
-77.52605,-7.54966,Condormarca
-73.70511,-3.87315,Santa Maria
-70.63319,-14.61957,Jachallani
-76.4684,-9.89772,Pampas
-76.34529,-10.26204,Masquin
-71.78623,-13.76527,Kuñotambo
-74.26458,-13.18668,Rancha
-72.0304,-13.466,Villa del Carmen
-75.49165,-14.24397,Tingue
-76.67338,-10.34304,San Juan de Paucar
-76.47153,-10.86101,Sacra Familia
-71.64513,-14.1686,Alcco
-70.90672,-13.55417,Sahuancay
-76.28589,-10.77117,Smelter
-69.90406,-15.04636,San Jose de Santa Cruz
-78.87383,-7.15662,San Luis
-75.00599,-12.70716,Palca
-72.20353,-13.15232,Rumira Sondormayo
-76.48189,-10.42048,Michivilca
-71.91732,-13.45439,Chitapampa
-78.84212,-7.05881,Cuzquiden y San Francisco del Monte
-73.74955,-3.91689,Nuevo Loreto
-74.3437,-13.04348,Atacocha
-77.36701,-8.68044,San Jose
-71.88361,-13.35702,Lamay Ccoscco
-75.09632,-12.21656,La Libertad
-71.69525,-14.92738,Tahuapalcca
-77.09517,-10.95805,Santo Tomas de Cochamarca
-75.38372,-11.84682,San Lorenzo
-72.04476,-13.33841,Urquillos
-74.2972,-12.61614,Choccllo
-72.21094,-13.22703,Ollanta
-71.71609,-13.36387,Soncco
-71.38002,-14.58781,Cullcutaya
-76.58134,-9.75211,Parashapampa Unión Cushpe
-71.69491,-14.3394,Quehuincha
-72.42735,-13.80581,Chisccahuaylla
-71.38867,-14.89444,Huisa
-78.55456,-7.06201,Tual
-72.02244,-13.74184,Vilcabamba
-72.32294,-13.20631,Chillca
-71.9832,-13.7421,Toctohuaylla
-75.19511,-12.24913,Vista Mantaro
-77.7123,-9.21583,Santo Toribio de Huaracpampa
-71.69775,-13.854,Llactapampa
-73.37849,-4.22703,Porvenir
-74.66469,-12.71199,Incaperccan
-78.91304,-6.63973,Mayobamba
-76.44336,-12.30002,Chatacancha
-72.20613,-13.47928,San Marcos
-70.07458,-15.7445,Tupac Amaru
-79.32521,-6.41127,San Jose de Yaque
-76.65023,-9.86567,Cahuac
-77.58376,-9.43064,San Isidro
-76.41921,-10.51662,San Miguel de Cuchis
-75.29677,-11.86051,Santa Rosa
-70.08777,-15.7764,San Miguel de Antoñani
-76.58189,-11.81351,Chauca Callahuanca
-76.78059,-11.36503,Chaupis
-76.50536,-11.93997,Chaute
-69.71984,-16.80191,Casana
-71.52355,-13.67808,Ccata - Camara
-71.66116,-13.50276,Quiñer
-71.82859,-13.37411,Amaru
-68.94615,-16.23479,Isla Iscaya
-69.33782,-16.32751,Sisipa Challacollo
-77.24416,-8.85602,San Juan Bautista de Pumpa
-69.67035,-16.3155,Ccopa Chullpa
-70.20419,-13.94494,Cayattocco
-72.91325,-15.79549,Charco
-77.86646,-9.02848,San Lorenzo de Huata
-71.46012,-13.95034,Cangalli
-74.01921,-13.66561,San Antonio de Umaro
-69.59994,-14.27765,Tiraca
-71.68125,-13.44184,Accha
-71.22919,-14.10502,Pampachaca Huichaymuyo
-75.89088,-9.74002,Pillao
-74.74284,-12.92536,Tuco
-75.77497,-11.38702,Huancoy Sacsamarca
-71.38377,-14.37511,Ccollana Qquehue
-69.18562,-16.70715,Santa Cruz de Ayriguas
-72.11697,-14.41443,Pfuisa
-76.31977,-11.93993,Checa
-77.14109,-10.94746,San Martin de Mani
-71.33207,-13.92098,Osefina
-70.42073,-14.65956,San Juan de Choquesani
-76.44148,-9.74916,San Cristóbal de Querapampa
-77.39528,-8.9562,San Agustin
-75.40291,-11.78335,Conopa
-76.26212,-11.70436,Chicla
-77.38545,-8.40347,Nueva Victoria
-79.74178,-4.5072,Chocan
-73.74905,-3.81641,Los Seis Hermanos del Pintuyacu Anexo
-71.33555,-14.54063,Hanansaya Ccollana
-72.05043,-13.45067,Ayarmaca
-69.48768,-16.06334,Callachoco
-77.45359,-8.78189,Camino de los Incas
-69.63128,-16.54149,San Pedro de Sales Grande
-69.92887,-15.59027,Carata
-76.63857,-11.51454,Carhua
-74.91661,-14.21438,Carhuacucho
-78.61659,-7.25629,Catache
-69.27884,-15.20942,Mallcosuca
-74.03519,-5.8224,San Pedro del Tapiche
-71.60797,-13.58188,Illapata
-71.10926,-14.39899,Quisini
-77.73809,-5.96979,Goncha
-78.94679,-7.29403,Catan
-79.68229,-5.49208,San Juan de Mamayaco
-72.06408,-13.42715,Ccorimarca
-74.65202,-13.10771,Buena Vista Pichoy
-72.2889,-14.15892,Queuña
-69.59751,-16.51936,San Pedro de Sales Grande Adjudicado
-75.57374,-11.52725,Sacas
-71.16083,-14.64301,Alccasana
-72.28993,-13.47129,Circa Kcacya
-71.51196,-14.94101,Hanccoccahua o Manturcca
-78.2954,-7.17422,Chilacat
-69.72812,-17.57788,Alto Peru
-74.48318,-12.61263,Occsapata
-72.91879,-13.61101,Huayllabamba
-80.9255,-5.84211,Sechura
-70.38235,-17.31095,Ancocala
-73.99985,-13.24388,San Martin de Andaraccay
-74.46312,-13.44347,Cancha Cancha
-73.66896,-12.9882,Chiquintirca y Anexos: Huayllahura Osccocha
-69.20558,-15.18001,Huancasaya
-73.8842,-13.64177,Colpapampa
-74.87227,-12.7866,San Antonio de Matipacana
-76.79511,-10.85686,San Martin de Taucur
-72.00296,-13.56814,Huamancharpa
-75.18143,-12.01557,Vilcacoto
-77.56965,-9.8835,San Miguel de Utcuyacu
-76.84481,-10.78793,San Pedro de Palpas
-70.77379,-16.55505,Cacahuara
-75.27596,-12.16979,Pumpunya
-70.8319,-13.58693,Socapata
-78.36528,-7.76587,San Pedro la Pauca
-70.38823,-13.8411,Taype Cochauma
-75.27732,-12.57496,Huancallpi
-77.62513,-6.18137,San Juan de Eñara
-71.95982,-13.29764,Rayampata
-71.85141,-13.89579,Ccochirhuay
-78.59291,-7.3356,Catulla y anexos Palo Blanco y Layo
-73.23642,-13.07684,Vilcabamba
-78.74822,-7.70893,San Salvador
-69.51257,-15.19378,San Antonio de Esquerica
-71.21727,-16.69999,Seche
-76.64689,-12.49399,Chilca
-71.35887,-14.68261,Ccahuaya Baja
-75.95084,-9.55015,Vista Alegre
-74.10936,-13.0358,Lurinzayacc y Ananzayacc
-70.33108,-13.87059,Hanac Ayllu Ataraya
-76.48916,-10.49632,Huaylasjirca
-70.29729,-15.78852,Vizcachani y Anexo Queri
-75.00119,-12.36263,Huayta Corral
-70.36669,-15.32786,Muruhuanca
-75.26748,-12.51588,Chuya
-70.39204,-15.3395,Canchiuro
-71.20205,-14.94185,Chorrillo
-71.69413,-13.98902,Huayqui
-71.33713,-14.10216,Jayubamba
-72.68119,-13.80031,Payancca
-75.30946,-11.95033,Orcotuna
-71.17463,-14.69764,Ccahuaya
-72.06064,-13.89613,Cajapucara o Copora - Quehuayllo
-71.48716,-13.51754,Quisinsaya
-71.07541,-14.61322,Limbani Alto Huallatani
-72.13819,-12.87692,San Jose de Colca
-74.37197,-13.33065,Mitapsamana
-77.38413,-9.19436,Cordillera Blanca
-70.53973,-15.41013,Coarita
-76.71078,-8.75645,Lucmabamba
-70.47145,-15.60063,Ucupisac Pujio
-71.82874,-13.87618,San Francisco de Colcha
-70.26083,-15.76732,Vilque y Anexos
-71.09686,-14.53094,Taipitunga
-76.66874,-9.7513,Vilcabamba
-69.29393,-16.30097,Lampa Chico
-71.57795,-13.70476,Pampachulla
-70.32196,-15.56744,Quimsachata
-72.23691,-13.21575,Ollanta
-71.57273,-13.20311,Juan Velasco Alvarado
-72.19338,-13.63651,Anansaya
-75.4263,-11.94469,Miraflores
-74.8107,-12.70444,Motoy
-70.3837,-15.78081,Caricari
-74.26712,-12.70083,San Antonio
-71.85618,-13.60974,Conchacalla
-72.04772,-13.77573,Percca
-75.63734,-12.6353,Poroche
-69.73588,-17.39557,Coracorani
-74.99615,-12.78336,San Geronimo
-69.67767,-15.05278,Callpacuyo
-75.0188,-12.72145,Palca
-69.30527,-15.25029,Altos Huayrapata
-71.85969,-13.79827,Misca
-71.43607,-14.71544,Mamanoca
-69.7225,-15.13288,Santa Cruz de Calpacuyo
-76.15705,-9.90136,San Juan de Marambuco
-71.21966,-14.43751,Conde
-71.52835,-14.24975,Aucho
-72.05741,-13.55946,Huayllay
-69.35521,-15.46155,Queallani
-74.52929,-12.06499,Huachocolpa
-71.82544,-13.34541,Paru Paru
-69.15061,-15.23888,Tarucani
-71.63589,-14.18419,Alcco
-71.80874,-13.74109,San Juan de Quihuares
-76.80934,-9.2175,Huacchis
-71.33053,-14.21798,Incaparte
-69.57749,-16.14612,Llau
-73.27405,-13.69585,Ancatira
-76.53963,-10.61574,Yanacocha
-73.19083,-4.28679,Buena Vista
-74.07741,-12.75287,Pampalca
-77.19838,-4.36605,Puerto Alegría
-69.8508,-14.80771,San Pedro de Lagunillas
-69.9702,-15.13188,Jardin de Huerta
-71.46446,-14.61175,Chimpa Alccasana
-69.31931,-16.54205,Yorocco
-76.11318,-10.24172,Ayancocha Alta
-69.86183,-14.07825,Phusca
-71.59876,-13.69765,Urcospampa
-71.10331,-14.78001,Pallpata
-71.81176,-14.11504,Huillcuyo
-75.09594,-12.27114,Chuquitambo
-69.23604,-16.65702,Ancomarca
-77.97022,-6.43497,Maria
-69.64275,-17.49202,Ancomarca
-74.11711,-13.15993,San Juan de Tambobamba
-71.7125,-3.31713,Nuevo Pebas
-69.51986,-16.02731,Choque Jachuni
-74.23604,-12.90192,Mio
-76.29126,-10.33532,Mosca
-75.76285,-12.29151,San Lorenzo de Alis
-77.37879,-8.90826,La Libertad
-72.07594,-13.23414,San Isidro de Chicon
-74.77781,-12.59142,Yanaocco
-74.88379,-12.7903,Parccacancha
-74.18552,-13.62414,Tucsen
-71.29741,-14.20253,Suncho Chumo
-74.01427,-12.93227,Huihuinco
-71.76765,-14.44811,Uchucarcco
-74.40539,-6.7807,San Antonio de Fortaleza
-70.11749,-15.95622,Chucuito Sillamuri Atoja
-77.74873,-7.11598,Unamen
-78.19613,-7.64928,Maria Parado de Bellido
-71.81665,-14.16593,Quille
-75.59454,-11.64292,Tingo Paccha
-72.21231,-13.55195,Ocra
-70.96699,-13.86025,Phinaya
-69.3156,-15.44262,Ticaparqui Ninantaya
-72.16469,-14.45747,Pfuisa
-74.228,-13.07686,Huayllapampa
-71.56309,-13.78308,Ttio
-76.58678,-11.10513,San Miguel de Vichaycocha
-70.03067,-15.11505,Compi
-77.33699,-8.73962,Virgen de los Desamparados
-69.93811,-15.90682,Pusalaya Atojccollo
-74.28369,-12.83876,Paccayhuaycco
-76.00902,-11.63086,Pachachaca
-77.39692,-8.90459,La Libertad
-72.15135,-13.27656,San Jose de Media Luna
-72.19566,-13.44442,Markjo
-76.22456,-10.20954,Cochachinche
-78.28356,-7.22427,Chilacat
-73.67978,-3.81196,Los Seis Hermanos del Pintuyacu
-70.68587,-16.41246,San Lorenzo de Chojata
-77.17317,-9.54745,Union San Pedro
-73.2991,-3.59565,Unión Centro Fuerte Puerto Gen Gen
-71.60986,-13.55418,Queuña
-70.02591,-15.09367,Copilatani
-74.12973,-12.73945,Carhuahuran
-74.72358,-12.56475,Amaco
-71.63155,-13.72797,Huanccara
-71.09479,-14.75454,Pallpata
-72.38934,-15.2964,Chilcaymarca
-73.0014,-13.66078,Tambo de Carhuacahua
-71.90829,-13.46909,Rayanniyoc
-72.13742,-14.31307,Quiñota
-71.5419,-14.51844,Consapata
-74.23265,-14.964,San Pedro
-78.57239,-6.09568,Cujillo
-73.57177,-13.70921,Lamay
-74.59962,-12.50173,Arma Patacancha
-72.02793,-13.3594,Urquillos
-71.62228,-13.35048,Llullucha
-75.32694,-11.3897,Callas Huayanay
-76.37405,-9.85759,San Pedro de Cani
-79.28467,-6.06368,San Juan de Cañaris
-77.25916,-9.05436,San Antonio de Ranracancha
-71.24178,-14.68139,Alccasana
-74.08265,-14.3369,Cabana
-69.85578,-15.5645,Chillora
-74.34475,-14.6764,Lucanas
-75.98952,-9.54892,Leon Pampa
-74.06775,-13.26588,Pomapuquio
-73.11388,-3.73531,General Marcial Merino
-73.33151,-13.66376,Ollabamba Hualluc
-72.67392,-15.81728,Chojanitayoc
-71.46427,-14.6894,Totora Baja
-73.8308,-13.8241,Huarcas
-75.05657,-14.04292,Vichuri y San Isidro de Taracachi
-70.29129,-14.80507,Chaupi Ccollana Catahuicucho
-71.97153,-13.42557,Qquencco
-70.28427,-14.66717,Chaupi Compuyo
-70.18217,-15.02075,Ipacuni
-77.81093,-6.10118,Sengachi
-77.54202,-9.33235,Vicos
-71.64944,-13.58458,Huarahuara
-79.83742,-5.16657,Coca Mambluque San Cristobal
-72.23283,-13.4678,Ayllo - Mayo
-77.74615,-9.31666,Ecash
-71.89255,-13.51219,Ccorao
-71.59003,-13.98537,Chosecani
-70.0901,-14.01061,Huarachani
-74.91985,-12.44653,Villa La Libertad
-76.26318,-10.29707,San Antonio de Quircan
-71.87345,-13.38462,Ccoya Ccoscco
-75.57934,-11.8013,Mata Grande
-79.49139,-4.78481,Tapal
-76.17684,-10.21768,Salapampa
-69.78241,-15.29179,Cohasia
-71.46867,-14.10662,Mosocllacta
-69.85525,-14.26603,Oruro
-77.65374,-9.9267,Malvas
-80.00201,-4.83954,Coletas y Chachacomal
-76.6743,-11.64924,Collana
-71.49073,-14.91706,Hanccoccahua o Manturcca
-71.30801,-14.6829,Alccasana
-77.13685,-9.42811,San Antonio - Quichuas
-76.37217,-10.08073,San Francisco de Bolognesi
-76.21708,-10.35676,Cochacalla
-69.11439,-16.6867,Collpacotaña
-78.57671,-7.31776,Catillambi
-71.7738,-14.08033,Omacha
-76.39298,-12.95091,Cañete
-76.91669,-9.49291,Puños
-78.76901,-5.27487,San Antonio de Huarango
-71.95868,-13.47981,Tambomachay Pucara
-69.92691,-15.21709,Chacamarca
-71.86851,-13.70125,Anansaya Nihuacalla Masca
-77.23805,-9.12798,Union Caninaco
-69.96216,-17.61277,Ancoma
-70.20124,-14.97295,Punta Sahuacasi
-70.02503,-17.55742,Estique
-70.11134,-14.94219,Segundo Choquechambi
-75.5422,-11.89984,Chalhuas
-74.61034,-12.79573,Tupac Amaru de Pomavilca
-71.09062,-14.2236,Jahuecca
-70.0997,-14.51901,Chaupi Api
-72.00363,-14.32481,Ahuichanta Huisuray
-75.33931,-12.59708,Vista Alegre
-72.25931,-13.44541,San Nicolas de Bari
-76.35341,-9.89809,Mamay Huachin
-74.92248,-12.75145,Antacocha
-69.96472,-13.95168,Tahuana
-72.18963,-13.14861,Patacancha
-71.6028,-13.71341,Mollebamba
-72.05221,-13.47218,Cachimayo
-70.34652,-14.90214,Jurinsaya Aniago
-75.48311,-11.7325,Pichus
-70.30276,-14.98976,San Pedro de Buena Vista
-71.56116,-14.86545,Apachaco
-76.1151,-12.24617,Cochas
-69.37018,-16.52682,Aurincota
-69.31962,-14.63468,Koriwara
-73.46503,-3.10192,Esperanza Paleta
-72.40641,-13.43497,Pampaconga
-71.59383,-13.69353,Pampachulla - Urcos Pampa
-74.9761,-12.51806,Tapana
-70.48655,-17.27164,Borogueña
-72.15545,-13.33074,Maras Ayllo
-77.89336,-6.30291,Levanto
-70.14432,-15.05926,Central Calla
-74.92767,-12.27751,Huaribamba
-69.73194,-16.41464,Llachuni
-74.62774,-12.79289,Casacancha
-76.46604,-10.40169,Chaupimarca
-70.02455,-13.94492,Uchuuma Chacamarca
-71.70302,-14.60675,Oqquebamba
-69.60714,-14.39874,Jarahuaña
-70.34443,-17.2274,Calacala
-70.42755,-17.32025,Cambaya
-71.17787,-13.8451,Chillca
-69.85431,-16.319,Jachocco Lacarapi
-71.62525,-14.94145,Chaupimayo
-77.91704,-9.09468,Los Vencedores
-71.52838,-14.16484,Ccochapata
-75.21238,-12.21143,Chuamba
-75.30468,-11.89374,Alayo
-74.27241,-12.85891,Santa Rosa de Ocaña
-74.29899,-12.85343,Santa Rosa de Ocana
-70.39938,-14.86622,Patacollana
-71.45965,-14.21367,"Ccolliri
"
-73.16489,-3.92894,Gran Peru
-79.96034,-4.6854,Virgen del Rosario de Pillo
-69.41827,-16.19774,Chucasuyo Ccaje
-70.41184,-17.18398,Camilaca
-75.02465,-12.57209,Buenos Aires
-78.47351,-8.05948,3 de Junio
-69.47772,-16.20933,Huaquina Sapijicani
-69.6019,-14.14572,Cullucachi
-70.1152,-15.17464,Jilahuata Pesqueria
-71.85855,-13.92476,Ccochirhuay
-73.77849,-13.61895,Cocharcas
-71.90085,-14.00721,Parcco
-74.50163,-12.97756,Aleluya
-73.38752,-13.67845,Pampansa Sahuacca
-69.92719,-17.67894,Caplina
-72.09861,-14.13367,Curca
-71.80323,-13.60465,Choqquepata
-71.94546,-13.61044,Occopata
-71.79025,-13.60079,Choqquepata
-75.24091,-11.41711,San Jose de Villano
-69.62395,-16.14318,Rio Zapatilla de Pusuyo
-77.24865,-9.03913,San Martin de Porras
-70.60601,-17.28374,Carambruya
-79.56709,-4.62703,San Vicente de Molino
-71.6235,-14.8723,Tahuapalcca
-71.62003,-13.38235,Umasbamba
-78.77676,-6.45436,Muñuño
-71.32422,-14.58043,Tjusa
-74.36639,-12.62568,Ccarhuancho
-74.53858,-14.45923,Uruiza
-76.9287,-9.28176,Quinhuay
-69.7035,-16.34873,Saracaya
-76.40098,-10.51856,Chacayan
-69.61497,-16.11642,San Miguel de Allpaccollo
-76.17165,-10.53639,Ticlacayan
-77.47502,-8.7528,Tambillos
-71.92419,-14.21273,Ingata
-71.50921,-13.395,Quescay y Anexo Huacahuani
-76.47382,-10.17999,Libertad de Huancan
-79.57577,-4.95555,Curilcas
-71.35923,-14.37395,Conde Viluyo
-76.4035,-10.37436,Chango
-69.62504,-17.34628,Chiluyo
-72.3867,-14.24096,Llamahuire
-72.27969,-13.39832,Sambor
-77.41881,-8.65831,Ocopon
-69.48906,-16.21309,Irupalca
-73.10524,-13.60631,Cruzpampa
-76.48643,-11.05873,San Agustin de Huaychao
-69.51271,-16.23873,Siquicaballuni
-76.99602,-9.37959,Conin
-79.51404,-5.52341,Segunda
-69.37791,-15.38851,Nuñuni
-71.27317,-14.09268,Paro
-69.27497,-15.40238,Viluyo
-71.94451,-13.79733,"Ccoypa Ayusbamba Urbis
"
-69.25606,-15.4362,Pajchani
-69.1819,-16.29798,Chimbo
-71.67188,-14.63824,Pumahuasi
-71.66011,-13.49139,Nueva Esperanza
-71.80895,-13.45515,Ccotataqui
-71.43639,-13.64021,Lahua Lahua Chinchayhuasi
-74.73874,-12.8606,Pantachi Sur
-71.93224,-13.28884,Accha Baja
-76.80811,-9.9436,Seccha
-73.34291,-13.58628,Manchaybamba
-75.17767,-12.6115,Manta
-72.32711,-14.20045,Tambulla
-73.87211,-13.51698,Concepcion de Chacamarca
-69.46218,-14.51422,Santa Rosa de Kallpapata
-77.53878,-8.62658,Micaela Bastidas
-75.42357,-11.92606,Aramachay
-71.78792,-13.45417,Siusa
-74.50744,-12.60389,Huaribambilla
-77.19043,-8.87767,San Juan Bautista de Pumpa
-78.11507,-6.27067,Lonya Chico
-71.30008,-14.18262,Songoña
-77.20091,-11.60903,Aucallama
-71.53167,-13.69594,Ccata - Camara
-78.16995,-6.77793,La Llave
-79.57557,-5.55737,Cabeza Succhirca
-72.35235,-13.42105,Huillque
-72.78669,-13.81439,Santa Cruz de Paccaypata
-69.57871,-15.12762,Pampilla Vargas Cucho
-74.93001,-12.81317,Huaylacucho
-70.09237,-17.40245,Challaguaya
-71.67294,-13.50145,Uray Ayllo
-77.30932,-11.12469,Chambara
-72.09524,-13.74669,Huanca Huanca
-72.791,-13.78664,Santa Isabel de Caype
-78.3193,-6.86919,San Juan de Huangashanga
-70.12482,-17.48637,Chucatamani
-70.04272,-17.63831,Challaviento
-73.85906,-13.78047,Ponturco y Anexos
-71.48008,-13.94495,Santa Cruz de Occobamba Norte
-69.22866,-16.80253,Chacacollo
-72.03409,-13.6881,Maska
-76.40428,-11.79588,Barrio Alto de Matucana
-74.19668,-12.9335,Chula
-77.36658,-8.65509,Ocopon
-77.19037,-9.3333,San Bartolome de Acopalca
-69.51353,-15.13867,Mantaro
-70.7376,-13.97775,Quelcaya
-76.2937,-10.20936,Moscatuna
-69.44379,-15.04305,Pata Pata
-69.76945,-15.109,Cuyuraya
-69.77203,-17.29556,Maure
-71.04031,-14.5529,Taipitunga
-75.52017,-11.8216,Ullusca
-69.8108,-15.06467,Palline Primero
-69.71898,-15.01859,Primero y Segundo Llocolloco
-71.36103,-14.76425,Chillque
-73.33528,-13.69363,Ccoyahuacho-antapata
-77.70349,-8.21648,Pampas
-77.24377,-4.7228,San Juan del Marañón
-71.46138,-14.07596,"Chillcani
"
-69.97119,-17.81043,Palca
-76.07953,-9.85519,Verbenapampa Sagrahuasi
-73.07234,-13.31393,Choqquetira
-70.24572,-17.33395,Pallata
-69.83173,-13.94695,Saco
-72.0345,-13.59682,San Isidro de Ccarhuis
-73.5828,-3.86642,Tres Unidos
-69.8612,-17.89303,Vilaviani Charipuja
-76.72679,-9.56727,Cascanga
-72.44914,-13.44661,Retiro Moyopata
-71.15061,-14.56408,Urinsaya Ccollana
-79.70934,-4.63434,Cuyas Cuchayo
-69.61393,-16.16636,Iñacaya Pichincuta Huecocucho
-74.74236,-12.54752,Amaco
-75.20286,-12.47822,Vilca
-72.83216,-15.12058,Huaynacotas
-69.63217,-16.19286,Catamuro Segundo
-69.56771,-16.22452,Sivicani Huaychajaque
-69.63964,-14.45976,Puna Laqueque
-71.63911,-13.88756,Accha
-78.97001,-6.32672,Pampa Grande
-74.04328,-13.21605,Acocro
-74.58637,-12.53907,San Jose de Yacumiracc
-77.97834,-8.30059,San Nicolas de Huacaschuque
-78.4832,-7.71214,La Laguna
-71.83963,-13.8371,Araypallpa
-69.61072,-16.09499,Ancasaya
-69.60218,-17.33266,Pampa Huyune
-75.85953,-12.56635,San Pedro de Cusi
-71.19624,-13.41165,Quico Grande
-71.42466,-13.99509,Chari
-69.68336,-16.14783,Paycone
-71.91828,-13.57344,Pillao Matao
-72.15854,-13.49383,Pacca
-71.01109,-14.94415,Mamanoca
-77.29458,-9.15374,El Ingenio
-78.63592,-6.71099,Tranca de Pujupe
-72.22432,-13.43758,Rahuanqui
-71.02256,-15.12096,Jaruma Alccasana
-71.79247,-13.9265,Ccapa
-71.46082,-13.89617,Tintinco
-71.25543,-14.03604,Palcuyo
-71.97824,-14.00662,Ccapacmarca
-72.31012,-13.48972,Ccaccahuara
-72.9494,-13.03817,Lucma
-77.95098,-9.23589,Virgen de Fatima de Pampacancha
-76.6231,-11.62252,Copa de Arahuay
-69.81126,-16.12747,Quelcca Upojani
-71.26713,-16.64786,Chilata
-69.80396,-16.12033,Cusini
-73.74867,-13.683,Saurama
-75.00847,-12.5899,Pampalanya
-71.90607,-13.54618,Villa Rinconada
-79.64032,-6.15898,Chochope
-69.9593,-17.66527,Toquela
-76.93789,-11.10774,Yancao
-72.05373,-13.40806,Ayllo Pongo
-77.79214,-6.60099,San Pedro de Utac
-71.89144,-14.25717,Ingata
-76.52807,-10.3123,San Juan de Paucar
-70.50627,-17.16504,Santa Cruz
-71.8581,-13.77097,Huatacalla Puca Puca
-70.3313,-17.11296,Turunturo
-77.53578,-7.86951,Pias
-76.64316,-9.76553,San Juan de Villa Castilla
-77.65452,-8.2689,San Antonio de Mayas
-69.97501,-16.16574,Tunquipa
-69.4822,-16.03946,Fora
-76.56301,-11.71812,Huachupampa
-74.3491,-13.11322,Buenos Aires de Cochapampa
-71.65414,-13.38905,Ccotatoclla
-72.13141,-13.39406,Ccollana - Cheqquerec
-80.01296,-4.86714,Geraldo Lucumo
-76.61202,-11.38192,Huacos
-78.02525,-6.14503,Luya Viejo
-75.50401,-13.198,Huachos
-74.29414,-13.29542,Rosas Pata
-72.83793,-4.24789,Miraflores
-76.81794,-9.1457,Yanas
-75.7433,-12.77731,San Pedro de Cacra
-71.15792,-14.15678,Lahua Lahua
-71.90579,-13.36628,Lamay Ccoscco
-72.3142,-14.23973,Patario
-76.89302,-9.25827,Anra
-71.13316,-14.49896,Hanocca
-76.7277,-9.74472,Agua Dulce de Cochayan
-71.96849,-13.41071,Umasbamba
-76.27344,-10.26346,San Pedro de Acobamba
-70.2922,-3.91017,Vista Alegre - Rio Amazonas
-74.89559,-14.14279,Huacuas
-75.45924,-13.22978,Huajintay
-71.99036,-13.67136,Incacona Ayllo Chifia
-71.67132,-13.92963,Acomayo
-75.64927,-11.01016,Yanic
-71.60413,-13.74878,Mollebamba
-72.22618,-13.39438,Urinsaya Collana
-71.82857,-13.78004,Sutec
-74.13981,-12.6902,Canrao
-76.82499,-9.5216,San Miguel de Querosh
-75.69156,-12.78148,Hongos
-71.45976,-13.23537,Totorani
-76.90803,-9.29666,Quinhuay
-71.50235,-14.8284,Hanccamayo
-76.88899,-11.1959,Huachinga
-74.65907,-14.72272,Tambo Quemado
-72.19173,-13.46861,Haparquilla Occoruro
-71.41562,-13.65154,Jullicunca
-72.02897,-13.91308,Quehuayllo
-74.1438,-13.61274,Yuraccyacu
-74.59901,-14.51484,San Valentin de Casone
-72.23847,-13.6404,Chinchaypucyo
-76.81991,-10.8284,Huacho
-76.57327,-11.77082,San Pedro de Casta
-72.11995,-13.42658,Eqquecco Chacan
-71.56371,-13.59327,Yaccacheta
-71.49025,-13.8894,Tintinco
-71.88917,-13.64201,Araycalla - Anyarate
-70.4361,-14.06734,Tupac Amaru
-69.91396,-16.08616,Angostura
-74.63078,-12.8045,Pariahuanca
-77.27996,-9.11934,Santiago de Cardon
-71.67099,-13.50771,Chacabamba
-75.44603,-12.69984,San Jose de Puituco
-71.54674,-14.73756,Pausire
-74.53627,-13.42672,Chuschi
-76.20304,-12.09452,San Pedro de Huancayre
-73.98405,-13.21947,San Francisco de Cuchicancha
-71.73371,-13.52752,Pacor Mojon
-75.55143,-11.79953,Parco
-71.13995,-14.85634,Pallpata
-71.83717,-13.92657,Ccochirhuay
-72.24574,-13.53257,Compone
-71.79237,-13.81198,Pirque
-69.51976,-14.3945,Laqueque Iguara Llamani
-70.04374,-15.80345,Yanamayo
-74.8082,-12.65577,Llahuecc Huanupata Llacan
-71.27609,-13.89226,Pampachiri
-77.42046,-8.65274,Ocopon
-73.80694,-15.14623,Pinahua
-76.57541,-11.46744,Canta
-74.88471,-14.60445,Concepcion
-70.34744,-14.59769,Lacayparque
-74.92557,-12.68865,San Miguel de Pucaccocha
-71.39712,-14.91863,Huisa - Alto Huarca
-79.16397,-7.10334,San Gregorio
-74.2236,-12.66287,San Juan de Huancas
-77.36629,-8.64311,Ocopon
-77.60999,-10.83783,Supe
-77.40569,-11.2952,Huacho
-77.01728,-10.83738,San Pedro de Navan
-76.90527,-10.87821,San Pedro de Tongos
-73.8638,-13.5586,Chacari
-70.20575,-15.71572,San Jeronimo de Ullagachi
-71.41881,-14.62647,Moro Alccasana
-72.022,-13.35099,Urquillos
-71.21498,-14.28633,Trapiche
-71.93243,-13.5018,Quillahuata
-77.34368,-9.84579,Catac
-71.51728,-13.90192,Paropujio
-69.09347,-16.50101,San Pedro de Vilcallama
-75.69465,-10.14161,Cañachacra
-77.11673,-9.41559,Castillo
-71.94791,-13.48907,Yuncaypata
-75.42874,-11.87252,Huancani
-76.88141,-9.90875,Santa Rosa de Yaruwilca
-77.21311,-11.16787,Sayán
-73.13344,-13.58055,Huirunay
-77.13957,-11.09951,Parán
-71.64896,-13.29895,San Marcos de Sihuas Pampa Llaspay
-73.7297,-3.88364,Pisco
-74.32884,-13.39109,Ccochapampa
-71.71223,-14.7428,Qquero Ccollana
-72.42265,-13.56494,Pivil - Huancarire
-71.65186,-15.63144,Coporaque
-71.10268,-14.30856,Patacalasaya
-71.39853,-14.21743,Chujchucalla
-70.4068,-14.75551,Huano Huatta Isla
-69.46386,-16.00487,Santa Rosa de Huayllata
-79.82006,-5.05131,Chalaco Trigopampa
-77.17155,-9.4719,Yura - Yaco
-77.429,-10.39684,Ocros
-71.70675,-13.58808,"Huambutio y Anexos Hhuayllapampa Huacarpay
"
-69.87029,-15.57763,Hilata
-74.28243,-13.60881,Chacolla
-74.27449,-12.92656,Impao
-70.92147,-14.32588,Ccuyo
-69.96065,-15.47324,Soraza
-70.06797,-14.85823,Santa Ana
-70.3192,-15.29573,Anansaya y Anexo Calachina
-78.45473,-8.0362,Sagrado Corazon de Jesus
-76.79114,-11.28253,San Juan de Uchucuanico
-77.40582,-8.71305,San Jose
-69.95066,-14.12328,Usicayos
-70.06054,-14.4862,Acosiri Caluyo Cañicuto
-73.43904,-13.74853,Taipicha
-71.59367,-15.61562,Chivay
-72.1827,-13.46533,Haparquilla Occoruro
-71.35604,-14.20042,Pichura
-69.71319,-15.23095,San Salvador de Llachacata
-71.87366,-13.40459,Viacha
-71.61536,-13.52598,Quisicancha
-78.6366,-7.16554,Cochapampa
-72.23718,-13.47436,Tambo Real de Ayllo Mayo
-72.12747,-13.48075,Huachancay
-76.35348,-10.65315,San Antonio de Rancas
-71.44028,-14.1389,Pamparqui Chosecani
-77.37024,-8.63914,San Antonio de Taya
-70.06984,-15.78549,San Salvador de Machallata
-71.18227,-14.90158,Anta Cama
-71.87468,-13.95623,Huyaino Aya
-80.15401,-4.48862,San Sebastian
-74.29554,-13.1588,Santa Rosa de Cochabamba
-74.19053,-12.79704,Villa Flor de Ingenio
-70.15484,-17.0873,Calientes
-71.56662,-13.98256,Marcaconga
-76.89078,-9.14966,Paucas
-71.66604,-14.70703,Urinsaya
-77.33594,-8.69802,San Jose
-73.32732,-3.60127,Roca Fuerte del Rio Momon
-79.09855,-7.27305,Santa Catalina
-76.82127,-9.87263,Aguamiro
-75.03758,-12.63269,San José de Miraflores
-74.22012,-13.02219,La Vega
-70.09398,-14.85264,Primer Choquechambi
-77.40624,-9.15601,Raymondi
-76.5269,-11.59401,Mittma
-74.68915,-12.41171,Colcabamba
-72.09974,-13.29583,Chichubamba Sayhua
-70.48559,-15.25506,Rivera Coylata
-75.48627,-11.81982,Huaripampa
-75.94234,-11.71938,Huayhuay
-71.91002,-13.39103,Macay
-70.229,-14.50142,Accosiri Caluyo Cañicuto
-70.0515,-14.9618,Alto Jilahuata
-71.40022,-13.92106,Pampachiri
-72.14149,-12.84888,Huy Huy
-70.69856,-16.29325,Lucco
-73.1044,-13.72112,Kishuara
-79.82797,-4.56481,Señor Cautivo de Hualambi
-72.37219,-13.83992,Acpitan
-79.78154,-4.59305,Sicchez
-79.68593,-4.95142,Luchadores Unidos de San Luis
-72.14586,-13.63894,Paucarccoto
