lon,lat,nombre,etnia,poblacion,familias,rio
-74.36226,-9.40022,Nuevo Nazareth,Shipibo-Conibo,420.0,150.0,Río Ucayali
-74.91975,-7.40367,Nuevo Sucre,Shipibo-Conibo,230.0,59.0,Quebrada Mashiria
-77.88339,-3.59137,Soledad,Huambisa (Wampis),0.0,0.0,Río Santiago
-78.08853,-4.63321,Ajachín,Aguaruna (Awajun),0.0,0.0,Río Marañón
-74.36944,-9.63662,Pijuayal,Asháninka,230.0,70.0,Quebrada Amaquiria
-75.57246,-3.69909,Santa Isabel de Copal,"Quechua, Pastaza (Kichwa)",134.0,34.0,Quebrada Shimbillo
-78.3825,-5.19543,Yupicusa,Aguaruna (Awajun),634.0,110.0,Río Marañón
-75.31065,-9.20175,Puerto Nuevo,Cacataibo,704.0,99.0,Río San Alejandro
-74.62352,-11.13527,San Jacinto de Shauriato,Asháninka,276.0,57.0,Río Teroriari
-71.09767,-10.08962,Colombiana,Cashinahua,34.0,9.0,Río Curanja
-73.84315,-4.58286,Gran Punta,Cocama-Cocamilla (Kukama-Kukamiria),220.0,43.0,Río Marañón
-76.67498,-6.23198,Chumbaquihui,"Quechua, Lamas (Kichwa)",320.0,73.0,Quebrada Chumbaquiwi
-75.15466,-10.85249,Unión Alto Sancachari,Amuesha (Yánesha),421.0,93.0,Río Sancachari
-75.14977,-10.29757,Shiringamazu,Amuesha (Yánesha),0.0,0.0,Río Palcazu
-74.2088,-9.37671,Curiaca,Shipibo-Conibo,720.0,82.0,Río Ucayali
-78.23314,-4.27414,Nuevo Mamayaque,Aguaruna (Awajun),44.0,10.0,Río Cenepa
-74.93881,-7.465,Libertador,Shipibo-Conibo,318.0,69.0,Quebrada Pacaya
-74.18285,-9.393,Pueblo Nuevo del Caco,Shipibo-Conibo,622.0,108.0,Río Caco
-78.2276,-5.15152,Wachapea,Aguaruna (Awajun),1102.0,197.0,Río Chiriaco
-74.93547,-10.87609,San Pedro Sotani,Asháninka,97.0,19.0,Quebrada Tahuankiriaro
-78.21887,-5.22232,Nayumpín,Aguaruna (Awajun),361.0,60.0,Río Chiriaco
-74.61267,-3.37891,Alvarenga Sector A,Iquito,41.0,7.0,Río Nanay
-73.76456,-4.59767,Peña Negra,Cocama-Cocamilla (Kukama-Kukamiria),140.0,25.0,Río Marañón
-74.43723,-4.44152,San Francisco de Choroyacu,Cocama-Cocamilla (Kukama-Kukamiria),0.0,0.0,Río Marañón
-74.64648,-11.29899,San José de Panama,Asháninka,129.0,27.0,Riachuelo Manitija
-73.4954,-4.42672,Payorote,Cocama-Cocamilla (Kukama-Kukamiria),407.0,87.0,Río Amazonas
-74.22629,-9.80907,Alto Aruya,Asháninka,214.0,40.0,Quebrada Aruya
-73.88477,-9.83136,Nueva Esperanza de Cumaria,Asháninka,125.0,25.0,Quebrada Cumaria
-74.42089,-9.01023,San José de Pacache,Shipibo-Conibo,370.0,42.0,Río Ucayali
-75.10941,-1.05337,San Juan de Miraflores,"Quechua, Napo (Kichwa)",125.0,22.0,Quebrada Yanayacu
-73.98737,-10.18332,Jatitza,Asháninka,172.0,28.0,Río Ucayali
-74.35993,-9.26652,Utucuro,Shipibo-Conibo,650.0,250.0,Cocha Utucuro
-75.19497,-10.94619,Marankiari Bajo,Amuesha (Yánesha),229.0,65.0,Río Perene
-74.12021,-9.5848,Nueva Jerusalén de Sheshea,Shipibo-Conibo,0.0,0.0,Quebrada Tabesha
-74.34929,-9.22292,Puerto Belén,Shipibo-Conibo,850.0,250.0,Riachuelo Belen
-78.11983,-4.40853,Achu,Aguaruna (Awajun),443.0,92.0,Río Huampami
-78.48401,-5.14917,Yampik,Aguaruna (Awajun),0.0,0.0,Quebrada Shaim
-78.54826,-5.24743,Shaim,Aguaruna (Awajun),167.0,29.0,Quebrada Shaim
-74.98139,-10.90449,Kivinaki,Asháninka,0.0,0.0,Río Kivinaki
-74.2007,-9.94846,Nuevo Paraíso,Ashéninka,630.0,98.0,Quebrada Shahuaya
-74.44561,-9.28566,Nuevo Perú,Shipibo-Conibo,0.0,0.0,Río Ucayali
-75.21552,-4.2679,02 de Mayo,Urarina,169.0,31.0,Río Chambira
-70.7978,-9.74398,San Francisco Pikiniki Bufeo,Cashinahua,207.0,55.0,Río Purus
-74.89079,-7.89617,El Porvenir,Shipibo-Conibo,250.0,35.0,Lago Porvenir
-78.40997,-4.42039,Kusu-Numpatkeim,Aguaruna (Awajun),569.0,96.0,Río Numpatkaim
-78.24298,-4.54869,Bashuin,Aguaruna (Awajun),104.0,20.0,Río Canga
-73.63797,-10.24214,Mencoriari,Ashéninka,400.0,95.0,Río Cohengua
-75.3098,-4.42183,Santa Cruz del Tagual,Urarina,68.0,15.0,Río Tigrillo
-74.44208,-9.40447,Dos de Mayo,Shipibo-Conibo,150.0,34.0,Quebrada Sharara
-78.40663,-4.78566,Wee,Aguaruna (Awajun),157.0,30.0,Quebrada Numpatkaim
-74.22228,-8.8603,Junín Pablo,Shipibo-Conibo,1200.0,150.0,Cocha Junín Pablo
-75.7036,-2.49989,San Juan,"Quechua, No Especificado",100.0,21.0,Río Tigre
-78.27627,-5.34897,Chayu Atunsamu,Aguaruna (Awajun),80.0,18.0,Quebrada Numpatkaim
-74.03996,-4.44799,Solterito,Cocama-Cocamilla (Kukama-Kukamiria),106.0,20.0,Río Marañón
-77.37669,-5.38806,Achu Anexo Cachiyacu,Aguaruna (Awajun),81.0,17.0,Río Potro
-74.9839,-10.83178,Inchatingari,Asháninka,176.0,35.0,Quebrada Inchatingari
-75.3606,-7.83745,San Luis de Charasmana,Shipibo-Conibo,853.0,220.0,Río Pisqui
-74.20432,-9.55978,Runuya,Shipibo-Conibo,376.0,40.0,Río Ucayali
-74.51298,-9.2401,Nueva Bellavista,Asháninka,70.0,14.0,Quebrada Huacashiria
-73.48541,-10.74,Taquila,Asháninka,0.0,0.0,Río Urubamba
-78.28018,-3.94644,Uchi Numpatkaim,Aguaruna (Awajun),48.0,10.0,Río Cenepa
-70.72261,-9.92598,Conta,Cashinahua,0.0,0.0,Río Purus
-69.2618,-12.55166,El Pilar,Shipibo-Conibo,122.0,34.0,Río Madre de Dios
-77.10994,-5.78058,Shimpiyacu,Aguaruna (Awajun),0.0,0.0,Río Huascayacu
-76.99889,-5.83593,Morroyacu,Aguaruna (Awajun),568.0,113.0,Río Huascayacu
-76.86335,-5.85785,Yarau,Aguaruna (Awajun),220.0,53.0,Quebrada Yarau
-74.34472,-9.53829,Amaquiria,Shipibo-Conibo,0.0,0.0,Quebrada Amaquiria
-74.67294,-11.30429,Umanavanti,Asháninka,74.0,15.0,Quebrada Chavitani
-75.02767,-10.8003,San Martin de Ubiriki,Asháninka,36.0,12.0,Río Ubiriki
-74.26422,-8.49867,Puerto Consuelo,Shipibo-Conibo,160.0,35.0,Río Ucayali
-71.80117,-3.72919,Remanso,Yagua,0.0,0.0,Río Marañón
-77.74657,-4.60484,Alto Pajakus,Aguaruna (Awajun),557.0,67.0,Quebrada Pupuntas
-74.28371,-8.67591,Nuevo Ceylan,Shipibo-Conibo,289.0,56.0,Río Ucayali
-76.02707,-6.66363,Mushuck Llacta de Chipaota,"Quechua, Lamas (Kichwa)",332.0,77.0,Río Huallaga
-75.14186,-7.26635,Nuevo San Francisco de Rompeo de Tipishca,Shipibo-Conibo,220.0,35.0,Lago Tipisha
-75.10088,-7.70726,Santa Rosa,Shipibo-Conibo,96.0,17.0,Río Pisqui
-74.5691,-9.88615,San Martín de Apurucayali,Asháninka,0.0,0.0,Río Apurucayali
-72.87432,-11.62798,Shivankoreni,Machiguenga (Matsigenka),0.0,0.0,Río Camisea
-74.86773,-0.34758,Santa Teresita,Huitoto,70.0,14.0,Quebrada Yubineto
-74.26169,-9.61074,Nuevo San Juan,Shipibo-Conibo,0.0,0.0,Río Ucayali
-75.08837,-7.24305,Nuevo Milagritos,Shipibo-Conibo,115.0,20.0,Río Ucayali
-73.90669,-9.94734,Nuevo Roca Fuerte,Ashéninka,60.0,19.0,Quebrada Shiquivia
-73.23329,-3.62079,Centro Arenal,Huitoto,285.0,46.0,Río Amazonas
-77.29679,-5.70419,Tiwiyacu,Aguaruna (Awajun),34.0,7.0,Río Mayo
-74.66786,-11.17258,Arizona Portillo,Asháninka,49.0,14.0,Río Cauchal
-77.08392,-5.86118,San Rafael,Aguaruna (Awajun),280.0,78.0,Río Morroyacu
-74.29111,-8.6937,Nuevo Ceylan,Shipibo-Conibo,0.0,0.0,Río Ucayali
-74.31076,-8.892,Nuevo Loreto,Shipibo-Conibo,0.0,0.0,Lago Imiria
-70.80837,-9.90024,Cashuera,Cashinahua,77.0,21.0,Río Purus
-74.36976,-8.71221,Santa Rosa de Dinamarca,Shipibo-Conibo,0.0,0.0,Quebrada Tahuantinsuyo
-74.22197,-9.77401,Nueve de Octubre,Shipibo-Conibo,0.0,0.0,Río Ucayali
-73.79841,-10.15517,Puerto Alegre,Asháninka,175.0,25.0,Río Tahuania
-73.79813,-9.68537,Mapalja,Asháninka,150.0,42.0,Río Genepanshea
-73.87095,-9.7478,Santa Ana,Shipibo-Conibo,218.0,89.0,Quebrada Manantay
-70.77281,-9.90112,Cantagallo,Cashinahua,127.0,29.0,Río Purus
-75.18622,-7.37506,Suhaya,Shipibo-Conibo,290.0,45.0,Quebrada Suhaya
-74.16069,-10.01001,Shima,Asháninka,45.0,10.0,Quebrada Pasaya
-74.82802,-7.81737,Alfonso Ugarte,Shipibo-Conibo,965.0,350.0,Río Ucayali
-74.12326,-4.46701,Lisboa,Cocama-Cocamilla (Kukama-Kukamiria),208.0,32.0,Río Marañón
-74.52719,-8.79478,Flor de Ucayali,Shipibo-Conibo,380.0,50.0,Río Ucayali
-74.28307,-8.46032,San Rafael,Shipibo-Conibo,0.0,0.0,Río Ucayali (Tipishca)
-74.50468,-9.40942,Dos de Mayo,Shipibo-Conibo,0.0,0.0,Quebrada Sharara
-73.9868,-9.7954,San Fernando de Vainilla,Asháninka,40.0,15.0,Río Ucayali
-70.8594,-9.90265,San Marcos,Sharanahua,115.0,20.0,Río Purus
-75.32216,-2.99047,Paiche Playa,"Quechua, No Especificado",113.0,20.0,Río Tigre
-76.47029,-6.30724,Chirikyaku,"Quechua, Lamas (Kichwa)",170.0,32.0,Quebrada Chirikyacu
-73.82755,-10.68678,Santa Rosa de Laulate,Asháninka,0.0,0.0,Río Ucayali
-74.30218,-9.229,Puerto Belén,Shipibo-Conibo,0.0,0.0,Riachuelo Belen
-74.43662,-9.31783,Sharara,Shipibo-Conibo,620.0,150.0,Río Ucayali
-74.10902,-10.33176,Pandishari,Ashéninka,110.0,24.0,Río Ucayali
-78.19578,-4.94859,Bichanak,Aguaruna (Awajun),321.0,87.0,Quebrada Wawik
-74.22629,-4.6546,Seis de Setiembre,Cocama-Cocamilla (Kukama-Kukamiria),80.0,13.0,Río Marañón
-74.64885,-3.78279,San Carlos,Achuar,198.0,45.0,Río Corrientes
-74.73522,-5.86353,Puerto Irene,Cocama-Cocamilla (Kukama-Kukamiria),0.0,0.0,Río Canal Puinahua
-74.52373,-8.80483,Flor de Ucayali,Shipibo-Conibo,0.0,0.0,Río Ucayali
-74.22056,-9.40677,Ramón Castilla,Asháninka,15.0,4.0,Río Ucayali
-75.30992,-7.7947,Vencedor,Shipibo-Conibo,470.0,60.0,Río Pisqui
-70.66414,-9.73781,Bola de Oro,Sharanahua,42.0,8.0,Río Purús
-74.10266,-4.37976,Nueva Conquista Sector A,Cocama-Cocamilla (Kukama-Kukamiria),48.0,15.0,Quebrada Nahuapa
-74.03529,-9.66754,Santa Belita de Sheshea,Ashéninka,140.0,35.0,Río Sheshea
-74.33552,-9.65164,Pijuayal,Asháninka,0.0,0.0,Quebrada Amaquiria
-78.36026,-5.05063,Yamayakat,Aguaruna (Awajun),505.0,105.0,Río Marañón
-78.23189,-4.60034,Shapijim,Aguaruna (Awajun),123.0,20.0,Río Cenepa
-72.82219,-11.73031,Segakiato,Machiguenga (Matsigenka),0.0,0.0,Río Camisea
-73.87806,-9.88709,Túpac Amaru,Shipibo-Conibo,0.0,0.0,Quebrada Cumaria
-70.75743,-9.81244,Conta,Cashinahua,211.0,38.0,Río Purus
-74.04176,-9.9641,Betijay,Shipibo-Conibo,0.0,0.0,Río Ucayali
-74.71261,-11.13383,Shintzijaroqui,Asháninka,68.0,12.0,Río Sinchijaroki
-75.04756,-4.39038,Santa Carmela,Urarina,82.0,18.0,Río Chambira
-78.16365,-4.97448,Alto Bichanak,Aguaruna (Awajun),0.0,0.0,Quebrada Kusu
-78.1696,-4.47086,Huampami,Aguaruna (Awajun),873.0,161.0,Río Cenepa
-73.55239,-9.62278,Puerto Esperanza de Sheshea,Ashéninka,215.0,45.0,Río Sheshea
-74.09992,-9.81668,Shahuaya,Shipibo-Conibo,0.0,0.0,Río Ucayali
-74.5346,-9.26027,Nueva Esperanza de Tabacoa,Asháninka,95.0,22.0,Quebrada Tabacoa
-74.12824,-9.8233,Shahuaya,Shipibo-Conibo,533.0,163.0,Río Ucayali
-75.33375,-10.76257,Alto Churumazu,Amuesha (Yánesha),103.0,21.0,Río Churumazu
-78.44083,-4.88391,Tuyankuwas (Sijiak),Aguaruna (Awajun),0.0,0.0,Quebrada Sijiak
-74.68055,-11.231,San Miguel,Asháninka,61.0,16.0,Río Blanca
-75.10376,-10.09804,San José de Santariani,Asháninka,129.0,32.0,Quebrada Santariani
-71.25446,-10.05872,Santa Rey,Cashinahua,72.0,17.0,Río Curanja
-74.42482,-9.42238,Juancito,Asháninka,195.0,52.0,Quebrada Sipiria
-74.39464,-11.26045,Mapitamani,Asháninka,60.0,16.0,Quebrada Caracol
-78.49567,-5.32638,Tayu,Aguaruna (Awajun),96.0,20.0,Quebrada Cangarizo
-75.01922,-4.31527,Santa Teresa,Urarina,96.0,24.0,Quebrada Patoyacu
-73.8469,-10.24188,Canapishtea,Asháninka,135.0,30.0,Río Tahuania
-74.23225,-8.63692,Preferida de Charasmana,Shipibo-Conibo,0.0,0.0,Río Tamaya
-78.26256,-4.38508,Cusu Pagata,Aguaruna (Awajun),1633.0,342.0,Río Comaina
-76.55583,-6.1636,Yurilamas,"Quechua, Lamas (Kichwa)",300.0,70.0,Río Polponta
-78.10524,-5.21842,Kusuim,Aguaruna (Awajun),115.0,21.0,Río Tuntungos
-78.24735,-5.19479,Pacuy,Aguaruna (Awajun),894.0,127.0,Río Chiriaco
-71.0211,-10.07879,Santa Margarita,Sharanahua,101.0,24.0,Río Purus
-74.984,-7.68086,Nuevo Cunshamay,Shipibo-Conibo,250.0,40.0,Río Ucayali
-78.28754,-5.1396,La Curva,Aguaruna (Awajun),167.0,32.0,Río Chiriaco
-71.13622,-10.39909,Monterrey,Piro (Yine),32.0,6.0,Río Purus
-74.23052,-8.50963,Puerto Consuelo,Shipibo-Conibo,0.0,0.0,Río Ucayali
-78.16178,-4.67564,Nueva Vida,Aguaruna (Awajun),269.0,45.0,Río Marañón
-78.133,-3.78358,Kunt Entsa,Huambisa (Wampis),0.0,0.0,No hay datos
-74.58319,-11.10387,Alto Sondoveni,Asháninka,0.0,0.0,Riachuelo Sondobeni
-78.36499,-4.83753,Numpatkaim,Aguaruna (Awajun),0.0,0.0,Río Marañón
-78.4232,-5.24429,Alto Numpatkaim,Aguaruna (Awajun),107.0,19.0,Río Marañón
-75.14828,-4.06604,Nueva Reforma del Patoyacu,Urarina,95.0,23.0,No hay datos
-73.92979,-4.46069,Villa Monte Alegre,Cocama-Cocamilla (Kukama-Kukamiria),79.0,14.0,Río Marañón
-74.97555,-10.20524,Paujil,Asháninka,0.0,0.0,Río Pichis
-75.21398,-4.01714,Santa Elena del Patoyacu,Urarina,129.0,26.0,No hay datos
-75.01706,-10.92352,Cerro Picaflor Alto Kivinaki,Asháninka,101.0,22.0,Río Kivinaki
-78.43112,-5.21048,Paik,Aguaruna (Awajun),0.0,0.0,Río Marañón
-74.43456,-11.33797,Tahuantinsuyo,Nomatsiguenga,112.0,22.0,Río Chichireni
-73.96952,-9.96841,Santa Clara,Shipibo-Conibo,0.0,0.0,Río Ucayali (Antiguo)
-73.14337,-12.62882,Chakopishiato,Machiguenga (Matsigenka),51.0,13.0,Quebrada Kioato
-73.83804,-4.59391,Puerto Perú,Cocama-Cocamilla (Kukama-Kukamiria),180.0,22.0,Río Marañón
-78.22328,-4.68252,Chikais,Aguaruna (Awajun),0.0,0.0,Río Marañón
-74.57594,-3.3567,Alvarenga Sector B,Iquito,0.0,0.0,Río Nanay
-69.73491,-12.75356,Boca del Inambari,Harakmbut,105.0,33.0,Río Madre de Dios
-78.27599,-4.62102,Bashuim Chinim,Aguaruna (Awajun),0.0,0.0,Quebrada Bashuim
-74.42867,-9.23894,Vista Alegre,Shipibo-Conibo,420.0,85.0,Río Ucayali
-78.46989,-5.38577,Tsuntsuntsa,Aguaruna (Awajun),211.0,46.0,Río Marañón
-78.39657,-5.16149,Samarén,Aguaruna (Awajun),75.0,18.0,Río Marañón
-74.7516,-7.92505,Nuevo Loreto,Shipibo-Conibo,0.0,0.0,Río Ucayali
-74.53907,-10.42042,La Paz de Pucharine,Asháninka,53.0,9.0,Río Tereshari
-78.19746,-4.54792,Pagki,Aguaruna (Awajun),60.0,10.0,Río Cenepa
-74.44866,-8.76868,Santa Martha,Shipibo-Conibo,250.0,72.0,Río Ucayali
-74.38574,-9.30846,Utucuro,Shipibo-Conibo,0.0,0.0,Cocha Utucuro
-74.25092,-9.32512,Caco Macaya,Shipibo-Conibo,1800.0,200.0,Río Caco
-78.26403,-4.90805,Suikai,Aguaruna (Awajun),60.0,19.0,Quebrada Nayumpim
-73.9092,-9.593,Nueva Alianza de Sheshea,Asháninka,62.0,32.0,Río Sheshea
-77.87233,-4.30078,Kagkas,Aguaruna (Awajun),315.0,54.0,Quebrada Kagkas
-70.64044,-9.65818,Catay,Mastanahua,105.0,28.0,Río Purus
-75.3152,-1.94516,Buena Vista,Arabela,258.0,45.0,Río Arabela
-76.81974,-6.63903,Nuevo Arica de Kachiyaku,"Quechua, Lamas (Kichwa)",130.0,42.0,Quebrada Chakishka Rarca
-78.42286,-4.48902,Pijuayal,Aguaruna (Awajun),30.0,8.0,Río Numpatkaim
-74.48892,-9.37138,Puerto Nuevo,Shipibo-Conibo,0.0,0.0,Cocha Antiguo Ucayali
-77.04296,-5.79537,Shimpiyacu,Aguaruna (Awajun),760.0,147.0,Río Huascayacu
-74.129,-4.38657,Nueva Conquista Sector B,Cocama-Cocamilla (Kukama-Kukamiria),0.0,0.0,Quebrada Nahuapa
-74.22455,-4.47281,Libertad de Choroyacu,Cocama-Cocamilla (Kukama-Kukamiria),68.0,17.0,Río Marañón
-71.11857,-9.92059,Curanjillo,Cashinahua,0.0,0.0,Río Curanja
-74.20104,-9.88919,Fernando Sthal,Shipibo-Conibo,123.0,34.0,Quebrada Shahuaya
-75.00877,-10.83558,Chinari,Asháninka,60.0,17.0,Río Ubiriki
-73.13448,-11.01077,Centro Sheboja,Asháninka,103.0,23.0,Río Urubamba
-78.13344,-4.62053,Wawaim,Aguaruna (Awajun),638.0,101.0,Río Cenepa
-77.33537,-5.80713,Bajo Naranjillo,Aguaruna (Awajun),2000.0,610.0,Río Naranjillo
-74.39915,-9.10489,Puerto Grau,Shipibo-Conibo,300.0,30.0,Río Ucayali
-70.62338,-9.74311,Catay,Mastanahua,0.0,0.0,Río Purus
-78.50894,-4.44046,Tunas,Aguaruna (Awajun),30.0,5.0,Quebrada Achuim
-78.21511,-4.50025,Canga,Aguaruna (Awajun),280.0,49.0,Río Comaina
-73.97394,-4.44932,Pampa Caño,Cocama-Cocamilla (Kukama-Kukamiria),169.0,29.0,Río Marañón
-77.4481,-5.8059,Alto Naranjillo,Aguaruna (Awajun),320.0,65.0,Río Naranjillo
-75.05213,-4.22715,La Petrolera y Anexo Bellavista,Urarina,188.0,24.0,Quebrada Patoyacu
-74.88241,-3.38117,28 de Julio,"Quechua, No Especificado",0.0,0.0,Río Tigre
-74.46328,-9.36467,Puerto Nuevo,Shipibo-Conibo,280.0,50.0,Cocha Antiguo Ucayali
-71.12817,-10.0263,El Triunfo,Cashinahua,20.0,4.0,Río Curanjillo
-74.25335,-9.93154,Fernando Sthal,Shipibo-Conibo,0.0,0.0,Quebrada Shahuaya
-78.46145,-5.28815,Tutumberos,Aguaruna (Awajun),640.0,110.0,Quebrada Tutumberos
-77.90311,-3.18895,Papayacu o San Martín,Huambisa (Wampis),0.0,0.0,Río Santiago
-74.03593,-10.02576,Betijay,Shipibo-Conibo,377.0,60.0,Río Ucayali
-78.36579,-5.12658,Winchu Temashnum,Aguaruna (Awajun),993.0,197.0,Río Marañón
-74.09815,-10.08113,Quipachari,Asháninka,121.0,21.0,Río Ucayali
-74.6779,-5.80484,Nuevo Clavero,Cocama-Cocamilla (Kukama-Kukamiria),96.0,20.0,Río Puinahua
-74.86802,-9.88215,San Jorge de Pachitea,Amuesha (Yánesha),45.0,13.0,Río Pachitea
-73.54094,-4.46131,Puerto Prado,Cocama-Cocamilla (Kukama-Kukamiria),77.0,15.0,Río Amazonas
-74.14222,-9.3189,Pueblo Nuevo del Caco,Shipibo-Conibo,0.0,0.0,Río Caco
-71.08614,-10.26543,Laureano,Amahuaca,32.0,11.0,Río Purus
-70.64399,-9.81963,Bola de Oro,Sharanahua,0.0,0.0,Río Purús
-74.20245,-9.84592,Bajo Aruya,Ashéninka,300.0,65.0,Quebrada Aruya
-74.3521,-9.34783,Colonia Caco,Shipibo-Conibo,0.0,0.0,Río Ucayali
-74.23252,-9.85148,Bajo Aruya,Ashéninka,0.0,0.0,Quebrada Aruya
-78.25088,-3.87979,Putuim,Huambisa (Wampis),30.0,6.0,Río Cenepa
-74.4992,-9.18415,Nueva Samaria,Shipibo-Conibo,0.0,0.0,Río Ucayali
-74.30546,-11.51677,San Emiliano de Cachingarani,Nomatsiguenga,370.0,81.0,Río Cageriari
-78.40262,-4.63723,Uchi Shamatak,Aguaruna (Awajun),260.0,50.0,Quebrada Uchi Shamatak
-73.77708,-9.53017,Santa Rosa de Sheshea,Asháninka,150.0,60.0,Río Sheshea
-78.29599,-4.84075,Shijap,Aguaruna (Awajun),71.0,15.0,Río Marañón
-74.95568,-7.35264,Canaán,Shipibo-Conibo,999.0,135.0,Río Ucayali
-74.25341,-4.62422,Nueva Santa Rosa,Cocama-Cocamilla (Kukama-Kukamiria),165.0,30.0,Río Marañón
-74.78641,-10.08077,Alto Sungaroyali,Asháninka,50.0,7.0,Río Sungaruyali
-77.94531,-4.37336,Inayuam,Aguaruna (Awajun),215.0,47.0,Quebrada Inayuam
-74.8355,-7.68096,Nuevo San Pablo,Shipibo-Conibo,278.0,42.0,Quebrada Sinuya
-74.03581,-9.80608,Tumbuya,Shipibo-Conibo,200.0,70.0,Río Ucayali
-76.79086,-6.70726,Kawana Sisa,"Quechua, Lamas (Kichwa)",580.0,150.0,Quebrada Pao
-74.5789,-6.52219,Aipena,Capanahua,73.0,14.0,Río Buncuya
-74.15557,-9.66988,Fátima,Shipibo-Conibo,200.0,32.0,Río Ucayali
-75.71448,-4.12886,Rayayacu,Urarina,114.0,23.0,Río Tigrillo
-74.32363,-4.6085,Shapajilla,Cocama-Cocamilla (Kukama-Kukamiria),182.0,48.0,Río Marañón
-74.46574,-4.54201,San José de Parinari,Cocama-Cocamilla (Kukama-Kukamiria),617.0,117.0,Río Marañón
-71.18649,-10.16723,Balta,Cashinahua,0.0,0.0,Río Curanja
-76.81323,-6.67706,Chirik Sacha,"Quechua, Lamas (Kichwa)",520.0,75.0,Quebrada Pao
-74.36427,-8.88892,Nuevo Loreto,Shipibo-Conibo,240.0,46.0,Lago Imiria
-75.37202,-7.30342,Isolaya,Piro (Yine),0.0,0.0,Quebrada Cushabatay
-74.24929,-9.75703,Sempaya,Shipibo-Conibo,0.0,0.0,Río Pinto Caño
-74.37729,-9.43222,Nuevo Nazareth,Shipibo-Conibo,0.0,0.0,Río Ucayali
-78.48037,-4.47467,Achuim,Aguaruna (Awajun),282.0,49.0,Río Numpatkaim
-70.50617,-3.92804,Santa Rita de Gallinazo,Yagua,270.0,50.0,Lago Caballococha
-75.1334,-4.33449,Santa Beatriz,Urarina,102.0,21.0,Quebrada Pangayacu
-78.33514,-3.86959,Ajuntai Entsa,Aguaruna (Awajun),30.0,10.0,Río Cenepa
-74.0715,-4.44888,Puerto Orlando,Cocama-Cocamilla (Kukama-Kukamiria),141.0,26.0,Río Marañón
-75.34255,-7.83979,Túpac Amaru,Shipibo-Conibo,490.0,100.0,Río Pisqui
-72.98435,-11.58553,Nueva Vida,Machiguenga (Matsigenka),0.0,0.0,Río Urubamba
-74.17324,-8.87828,Nueva Yarina,Shipibo-Conibo,160.0,30.0,Quebrada Yarina
-74.18333,-9.66066,Fátima,Shipibo-Conibo,0.0,0.0,Río Ucayali
-78.19248,-4.69939,Chikais,Aguaruna (Awajun),240.0,75.0,Río Marañón
-78.15101,-4.79399,Kayamas Wee,Aguaruna (Awajun),41.0,9.0,Quebrada Kayamas
-78.21028,-4.57254,Nuevo Tutino,Aguaruna (Awajun),110.0,22.0,Río Cenepa
-78.64201,-4.63642,Alto Tuntus,Aguaruna (Awajun),355.0,60.0,Río Tuntus
-74.18657,-9.53402,Runuya,Shipibo-Conibo,0.0,0.0,Río Ucayali
-78.31969,-4.84695,Numpatkaim,Aguaruna (Awajun),890.0,146.0,Río Marañón
-78.19039,-4.43543,Nanchik Entsa,Aguaruna (Awajun),50.0,15.0,Río Comaina
-74.43592,-8.63175,Nuevo Paraíso,Shipibo-Conibo,1100.0,210.0,Laguna Bonita
-71.04264,-10.15557,Santa Margarita,Sharanahua,0.0,0.0,Río Purus
-74.19435,-9.30089,Curiaca,Shipibo-Conibo,0.0,0.0,Río Ucayali
-77.06601,-5.69862,Kusu,Aguaruna (Awajun),80.0,12.0,Quebrada Huascayaquillo
-73.38827,-9.74166,Parantari,Ashéninka,320.0,39.0,Río Sheshea
-73.79685,-4.61208,San Pedro de Tipishca,Cocama-Cocamilla (Kukama-Kukamiria),270.0,50.0,Río Marañón
-74.12274,-10.17644,Quempitiari,Asháninka,294.0,60.0,Río Ucayali
-74.39363,-9.18364,San Luis de Cumancay,Shipibo-Conibo,200.0,60.0,Quebrada Tabacoa
-74.25757,-8.68158,Preferida de Charasmana,Shipibo-Conibo,62.0,10.0,Río Tamaya
-74.4628,-9.27885,Nuevo Perú,Shipibo-Conibo,120.0,40.0,Río Ucayali
-73.72288,-8.90541,San Miguel de Chambira,Asháninka,85.0,25.0,Río Tamaya
-75.17265,-4.26356,Pijuayal y Anexo Nuevo Zapotal,Urarina,103.0,18.0,Quebrada Hormiga
-75.0469,-7.37862,Canaán de Chia Tipishca,Shipibo-Conibo,263.0,45.0,Lago Chia Tipishca
-74.99354,-10.77781,Comavishiqui,Asháninka,119.0,23.0,Quebrada San Carlos
-75.5161,-4.29076,Nuevo Horizonte,Urarina,141.0,28.0,No hay datos
-70.58107,-9.6974,San Bernardo,Culina,0.0,0.0,Río Purus
-74.11104,-4.49007,Bello Horizonte,Cocama-Cocamilla (Kukama-Kukamiria),58.0,11.0,Río Marañón
-74.65547,-5.76766,Obrero,Cocama-Cocamilla (Kukama-Kukamiria),446.0,76.0,Río Puinahua
-78.33008,-4.58267,Paantan Entsa,Aguaruna (Awajun),364.0,72.0,Río Canga
-75.33311,-4.15204,Pucayacu,Urarina,205.0,32.0,Quebrada Pucayacu
-70.55845,-9.47799,Naranjal,Mastanahua,33.0,8.0,Río Purus
-78.23876,-4.08824,Sawientsa,Aguaruna (Awajun),0.0,0.0,Río Cenepa
-74.37717,-8.68657,Santa Rosa de Dinamarca,Shipibo-Conibo,664.0,163.0,Quebrada Tahuantinsuyo
-74.15848,-9.43583,San Luis,Shipibo-Conibo,0.0,0.0,Río Ucayali
-70.9924,-10.12257,Gasta Bala,Sharanahua,178.0,35.0,Río Purus
-78.23871,-3.80787,Tunim,Aguaruna (Awajun),34.0,6.0,Río Cenepa
-74.46075,-9.06003,Nuevo Hahuaypa,Shipibo-Conibo,1050.0,194.0,Río Ucayali
-74.07618,-10.25849,Diobamba,Asháninka,305.0,66.0,Quebrada Kapirochonkiari
-74.61712,-9.78487,Puerto Nuevo de Opokiari,Asháninka,0.0,0.0,Río Anacayali
-75.04012,-7.68127,Nuevo Galilea,Shipibo-Conibo,217.0,29.0,Río Ucayali
-74.48438,-9.44038,Juancito,Asháninka,0.0,0.0,Quebrada Sipiria
-74.51185,-8.74249,Vista Alegre de Boca del Pachitea,Shipibo-Conibo,600.0,120.0,Río Ucayali
-76.49934,-6.31792,Aviación,"Quechua, Lamas (Kichwa)",700.0,100.0,Quebrada Shucshuyacu
-76.84572,-6.62237,Copal Sacha,"Quechua, Lamas (Kichwa)",840.0,400.0,Quebrada Chumbakiwi
-74.20956,-4.13317,Santa Emilia,Cocama-Cocamilla (Kukama-Kukamiria),239.0,46.0,Quebrada Nahuapa
-74.56032,-11.42182,Camantaro,Asháninka,203.0,46.0,Río Camantaro
-74.284,-4.00571,Tres Hermanos y Anexos,"Quechua, No Especificado",316.0,55.0,Río Tigre
-73.67453,-9.79938,Flor de Chengari,Asháninka,210.0,46.0,Río Genepanshea
-78.15125,-5.02641,La Tuna,Aguaruna (Awajun),41.0,7.0,Quebrada Changos
-73.72953,-9.48565,Nueva Unión Pierola,Ashéninka,175.0,25.0,Río Sheshea
-74.76511,-10.4545,San Fernando de Machuriani,Asháninka,11.0,2.0,Río Machuriani
-75.12533,-4.38949,San Pedro,Urarina,75.0,17.0,Río Chambira
-74.24263,-8.60652,Nuevo San Rafael,Shipibo-Conibo,0.0,0.0,Río Ucayali
-76.64236,-6.48082,Kachipampa,"Quechua, Lamas (Kichwa)",150.0,30.0,Quebrada Yucrayuc
-78.3161,-5.23056,Shushug,Aguaruna (Awajun),605.0,92.0,Río Shushug
-75.15264,-7.74208,Nueve de Octubre,Shipibo-Conibo,88.0,12.0,Río Pisqui
-74.5141,-9.25865,Atahualpa de Tabacoa,Shipibo-Conibo,0.0,0.0,Quebrada Tabacoa
-74.21063,-8.76507,Puerto Purín,Shipibo-Conibo,125.0,38.0,Río Tamaya
-71.19031,-10.1196,Balta,Cashinahua,197.0,43.0,Río Curanja
-78.24963,-4.94644,Achu,Aguaruna (Awajun),138.0,28.0,Quebrada Saak
-74.5264,-9.06525,Nuevo Hahuaypa,Shipibo-Conibo,0.0,0.0,Río Ucayali
-78.19498,-5.10125,Umukai,Aguaruna (Awajun),73.0,18.0,Quebrada Wawaim
-74.42961,-9.50054,Selva,Asháninka,0.0,0.0,Cocha Amaquiria
-74.12952,-9.57285,Nueva Jerusalén de Sheshea,Shipibo-Conibo,202.0,45.0,Quebrada Tabesha
-75.07455,-9.89768,Unidad Yanesha,Amuesha (Yánesha),34.0,6.0,Quebrada Gergon
-75.5795,-7.92954,Manco Capac,Shipibo-Conibo,570.0,100.0,Río Pisqui
-74.29298,-9.34955,Colonia Caco,Shipibo-Conibo,1200.0,560.0,Río Ucayali
-78.34884,-5.0186,Duship,Aguaruna (Awajun),238.0,43.0,Río Marañón
-73.17406,-5.5413,Matses,Mayoruna (Matsés),1663.0,315.0,Río Gálvez
-78.1738,-4.24133,Buchigkim,Aguaruna (Awajun),115.0,28.0,Río Cenepa
-75.5015,-4.32595,San Lorenzo Anexo Puerto Rico,Urarina,222.0,56.0,Río Tigrillo
-78.2303,-4.83248,Autukai,Aguaruna (Awajun),0.0,0.0,Quebrada Watsa
-70.95131,-3.87634,Pancho Cocha,Yagua,128.0,48.0,Quebrada Yacarite
-71.05687,-9.9549,Curanjillo,Cashinahua,62.0,14.0,Río Curanja
-78.40912,-5.06557,Alto Shimutas,Aguaruna (Awajun),433.0,99.0,Río Shimutas
-74.10171,-4.48456,Esparta,Cocama-Cocamilla (Kukama-Kukamiria),88.0,20.0,Río Marañón
-76.44237,-6.31817,Chunchiwi,"Quechua, Lamas (Kichwa)",200.0,33.0,Quebrada Chunchiwi
-74.29422,-4.6073,Nuevo San Juan,Cocama-Cocamilla (Kukama-Kukamiria),202.0,39.0,Río Marañón
-74.45975,-3.73721,San Andrés,"Quechua, No Especificado",191.0,41.0,Río Tigre
-73.91715,-12.29294,Gran Shinongari,Asháninka,320.0,80.0,Río Apurimac
-75.23531,-7.0125,Santa Rosa de Pirococha,Shipibo-Conibo,149.0,27.0,Lago Pirococha
-78.28398,-5.07899,Cuzu Chico,Aguaruna (Awajun),190.0,37.0,Río Kusu Chico
-70.84879,-9.86899,Zapote,Culina,67.0,16.0,Río Purus
-76.61098,-6.57257,Alto Vista Alegre de Shitariyaku,"Quechua, Lamas (Kichwa)",450.0,120.0,Quebrada Shitariyacu
-75.21173,-10.76811,Palomar,Amuesha (Yánesha),132.0,38.0,Río Entaz
-74.27389,-9.49359,Nuevo San Juan,Shipibo-Conibo,342.0,32.0,Río Ucayali
-75.00172,-7.86573,Paoyhan,Shipibo-Conibo,1738.0,468.0,Río Ucayali
-74.31346,-8.83144,Caimito,Shipibo-Conibo,600.0,105.0,Lago Imiria
-74.17675,-9.78627,Nueve de Octubre,Shipibo-Conibo,134.0,43.0,Río Ucayali
-78.30259,-5.08923,Chinim,Aguaruna (Awajun),91.0,22.0,Quebrada Chinim
-74.45991,-11.49989,Alto Kiatari,Nomatsiguenga,148.0,30.0,Río Kiatari
-74.81321,-10.10658,La Perla de Anangari,Asháninka,0.0,0.0,Río Sungaroyali
-73.33248,-10.71061,San Francisco o Tzinquiato,Asháninka,0.0,0.0,Río Urubamba
-75.10003,-7.21224,Nuevo Olaya,Shipibo-Conibo,380.0,50.0,Río Ucayali
-75.22107,-7.81627,Nuevo Irasola,Shipibo-Conibo,380.0,60.0,Río Pisqui
-74.17405,-9.46481,San Luis,Shipibo-Conibo,638.0,73.0,Río Ucayali
-78.19423,-4.36145,Paiza,Aguaruna (Awajun),369.0,83.0,Río Cenepa
-76.91645,-5.77269,Nueva Jerusalén,Aguaruna (Awajun),90.0,17.0,Río Morroyacu
-78.33822,-4.63891,Shacham Entsa,Aguaruna (Awajun),0.0,0.0,Río Canga
-75.1945,-10.9578,San Miguel Centro Marankiari,Asháninka,191.0,34.0,Quebrada Marankiari
-75.20838,-6.93847,Nuevo Shetevo,Shipibo-Conibo,180.0,54.0,Río Ucayali
-74.34719,-9.49311,Amaquiria,Shipibo-Conibo,600.0,70.0,Quebrada Amaquiria
-73.90632,-9.89982,Túpac Amaru,Shipibo-Conibo,445.0,115.0,Quebrada Cumaria
-74.9015,-10.91458,Bajo Aldea Pichanaki,Asháninka,0.0,0.0,Río Perene
-75.28167,-7.23688,Libertad,Piro (Yine),220.0,40.0,Río Ucayali
-74.70224,-9.74827,Monterrico de Opokiari,Asháninka,0.0,0.0,Río Chinchihuani
-74.88398,-7.78524,Roaboya,Shipibo-Conibo,484.0,86.0,Río Ucayali
-73.96695,-10.26557,Toniromashe,Asháninka,326.0,70.0,Río Ucayali
-72.85379,-3.38665,Las Palmeras,Yagua,0.0,0.0,Río Amazonas
-74.26925,-8.45279,San Rafael,Shipibo-Conibo,60.0,9.0,Río Ucayali (Tipishca)
-74.73083,-11.08349,San Juan de Cheni,Asháninka,158.0,49.0,Río Capiri
-74.24743,-9.29761,Caco Macaya,Shipibo-Conibo,0.0,0.0,Río Caco
-75.65865,-8.18544,Nuevo Edén,Shipibo-Conibo,1100.0,210.0,Río Pisqui
-74.26071,-8.66144,Nuevo San Rafael,Shipibo-Conibo,413.0,98.0,Río Ucayali
-78.24634,-4.64761,Suwants,Aguaruna (Awajun),120.0,24.0,Quebrada Mamayakim
-74.253,-8.88853,Junín Pablo,Shipibo-Conibo,0.0,0.0,Cocha Junín Pablo
-74.47758,-9.25578,Atahualpa de Tabacoa,Shipibo-Conibo,130.0,28.0,Quebrada Tabacoa
-74.44629,-9.17899,Nueva Samaria,Shipibo-Conibo,735.0,145.0,Río Ucayali
-74.43856,-4.56959,Nueva Unión del Marañón,Cocama-Cocamilla (Kukama-Kukamiria),0.0,0.0,Río Marañón
-74.32931,-8.81075,Caimito,Shipibo-Conibo,0.0,0.0,Lago Imiria
-74.66053,-5.62901,Nuevo San Antonio,Cocama-Cocamilla (Kukama-Kukamiria),210.0,25.0,Río Puinahua
-75.25069,-10.87395,Alto Puñizas,Amuesha (Yánesha),70.0,18.0,Río Puñizas
-70.61513,-9.60626,San Bernardo,Culina,373.0,61.0,Río Purus
-74.29072,-9.69084,Santa Rosa de Runuya,Shipibo-Conibo,350.0,30.0,Quebrada Runuya
-74.38825,-8.80082,Buenos Aires,Shipibo-Conibo,123.0,28.0,Lago Imiria
-78.84012,-4.82918,Naranjos,Aguaruna (Awajun),0.0,0.0,Río Chirinos
-74.17617,-8.81303,Nuevo Egipto,Shipibo-Conibo,7.0,1.0,Quebrada Imiría
-74.52935,-8.73827,Dos Unidos,Shipibo-Conibo,272.0,46.0,Río Pachitea
-75.28854,-7.27247,Puerto Adelina,Shipibo-Conibo,718.0,29.0,Río Ucayali
-73.87038,-9.64973,Nueva Claridad de Bambu,Asháninka,105.0,30.0,Quebrada Canavitea
-77.39195,-5.7639,Shampuyacu,Aguaruna (Awajun),1655.0,309.0,Río Naranjillo
-74.16197,-9.70715,Sempaya,Shipibo-Conibo,534.0,127.0,Río Pinto Caño
-74.20935,-8.47132,Santa Rosa de Tamaya Tipishca,Shipibo-Conibo,350.0,48.0,Río Abujao
-78.13953,-4.67732,Cayamas,Aguaruna (Awajun),219.0,35.0,Río Marañón
-74.38435,-10.75789,Chequitavo,Ashéninka,261.0,63.0,Quebrada Pairini
-78.17691,-4.56628,Tuutin,Aguaruna (Awajun),567.0,108.0,Río Cenepa
-74.7718,-7.90777,Nuevo Loreto,Shipibo-Conibo,150.0,18.0,Río Ucayali
-76.53129,-6.31961,Alto Shamboyaku,"Quechua, Lamas (Kichwa)",700.0,160.0,Quebrada Shamboyacu
-74.90927,-7.43106,Santa Clara II,Shipibo-Conibo,110.0,20.0,Río Ucayali
-78.13269,-4.49073,Sua San Antonio,Aguaruna (Awajun),396.0,78.0,Río Cenepa
-70.03256,-4.19829,Gamboa,Ticuna,113.0,26.0,Quebrada Gamboa
-78.1675,-4.71745,Inayua - Marañón,Aguaruna (Awajun),135.0,25.0,Río Marañón
-74.79128,-1.1746,Vencedor,"Quechua, Napo (Kichwa)",380.0,50.0,Quebrada Santa María
-76.60426,-6.28152,Pampa Sacha,"Quechua, Lamas (Kichwa)",325.0,73.0,Quebrada Chumbaquiwi
-74.33869,-11.48475,San Juan de Cajeriari,Nomatsiguenga,57.0,13.0,Río Cageriari
-74.43475,-2.05656,Rumituni,"Quechua, Napo (Kichwa)",320.0,63.0,Río Napo
-74.6802,-10.43955,Saniveni,Asháninka,0.0,0.0,No hay datos
-75.039,-10.46581,San Pedro de Pichanaz,Amuesha (Yánesha),355.0,76.0,Río Pichanaz
-74.42735,-2.01336,Sunullacta,"Quechua, Napo (Kichwa)",102.0,19.0,Río Napo
-74.74823,-11.06671,Santo Barato,Asháninka,0.0,0.0,No hay datos
-75.85797,-3.88145,Mangual,Urarina,117.0,20.0,Río Chambira
-72.59018,-9.82846,Dulce Gloria,Ashéninka,184.0,40.0,Río Yurua
-75.39309,-10.17602,Alto Lagarto,Amuesha (Yánesha),72.0,14.0,Río Lagarto
-73.08196,-3.35447,Yaguas de Urco Miraño,Yagua,0.0,0.0,Lago Urco Miraño
-72.95133,-10.35894,Raya,Yaminahua,135.0,32.0,Río Mapuya
-73.60117,-10.61439,Santa Clara,Piro (Yine),0.0,0.0,Río Urubamba
-74.33766,-2.29784,Nuevo Yarina,"Quechua, Napo (Kichwa)",205.0,35.0,Río Curaray
-74.78549,-10.00192,La Paz de Getarine,Asháninka,35.0,9.0,Río Apurucayali
-74.55215,-8.16511,Nuevo San Lorenzo,Shipibo-Conibo,30.0,7.0,Río Ucayali
-73.75111,-2.48044,Huiririma,"Quechua, Napo (Kichwa)",325.0,35.0,Quebrada Huiririma
-74.30466,-0.81142,Nueva Ipiranga,"Quechua, No Especificado",103.0,14.0,Quebrada Angusilla
-74.63606,-10.94945,Aoti,Asháninka,696.0,200.0,Río Perene
-74.4548,-11.15871,Shanqui,Asháninka,291.0,68.0,Río Satipo
-74.95798,-3.78533,Las Palmeras,Urarina,57.0,9.0,Quebrada Yanayacu
-72.67992,-3.54204,Yaguas de Tipishca,Yagua,112.0,26.0,Quebrada Yaguas de Tipishca
-74.71529,-9.66961,Selva de Oro,Asháninka,18.0,3.0,Río Chinchihuani
-75.07556,-10.88772,Pucharini,Asháninka,1343.0,342.0,Río Perene
-74.87339,-10.30547,Presby Flor de Mayo,Asháninka,64.0,15.0,Río Pichis
-74.89707,-10.04194,Puerto Leticia,Asháninka,137.0,32.0,Río Apurucayali
-70.108,-2.73282,Primavera,Ticuna,176.0,35.0,Río Putumayo
-71.6952,-2.22211,Punchana,Huitoto,18.0,6.0,Quebrada Bobona
-74.96175,-10.89658,Shintoriato,Asháninka,106.0,23.0,Río Perene
-74.85397,-10.4961,San Pedro,Asháninka,708.0,153.0,Río Azupizu
-74.35375,-6.61471,Limón Cocha,Capanahua,150.0,45.0,Río Tapiche
-70.45801,-3.93259,Cushillo Cocha,Ticuna,3750.0,570.0,Cocha Cushillo
-76.69871,-4.3179,Puerto Chingana,Candoshi (Kandozi),345.0,48.0,Quebrada Pirumba
-74.70741,-11.02956,Somontonari,Amuesha (Yánesha),129.0,38.0,Río Perene
-71.0164,-9.88993,Nueva Luz,Cashinahua,88.0,19.0,Río Curanjillo
-73.69773,-2.36806,Santa Elena,"Quechua, Napo (Kichwa)",278.0,36.0,Río Tambor Yacu
-74.62789,-1.63502,Monterrico,"Quechua, Napo (Kichwa)",1430.0,200.0,Río Napo
-73.06882,-12.59099,Corimani,Machiguenga (Matsigenka),68.0,15.0,Quebrada Chigaroshiato
-74.28029,-10.72485,Alto Chencoreni,Ashéninka,179.0,38.0,Quebrada Tonaquishari
-70.60923,-3.97822,San Martín de Arahuana,Yagua,118.0,22.0,Quebrada Palo Seco
-74.75509,-10.99139,Capachari,Asháninka,120.0,26.0,Río Perene
-71.90184,-2.33421,La Florida,Huitoto,38.0,9.0,Río Algodón
-74.04998,-2.41713,Quechuas de Argentina,"Quechua, Napo (Kichwa)",138.0,35.0,Río Napo
-73.58134,-10.71073,Nuevo Italia,Piro (Yine),350.0,45.0,Río Urubamba
-74.76576,-8.12532,Shambo Porvenir,Shipibo-Conibo,0.0,0.0,Río Aguaytía
-74.31579,-8.43596,Alva Castro,Shipibo-Conibo,120.0,20.0,Río Ucayali
-75.23352,-10.70467,El Milagro,Amuesha (Yánesha),111.0,22.0,Río Entaz
-70.3483,-3.95672,San José de Yanayacu,Ticuna,360.0,95.0,Quebrada Yanayacu
-70.02765,-4.17508,Chineria,Ticuna,200.0,45.0,Río Amazonas
-75.35324,-3.57545,Peruanito,Achuar,115.0,12.0,Quebrada Capirona
-71.26859,-3.77616,Juan Pablo II de Cajocuma,Yagua,145.0,37.0,Quebrada Cajocuma
-75.47023,-8.72935,Santa Rosa,Shipibo-Conibo,919.0,176.0,Río Aguaytía
-71.77109,-3.70935,Remanso,Yagua,400.0,70.0,Río Marañón
-74.56841,-11.19955,San Pascual,Asháninka,213.0,51.0,Río Satipo
-76.94299,-4.22822,Nueva Yarina y Anexos,Candoshi (Kandozi),982.0,178.0,Río Charupi
-71.21539,-4.00381,Nuevo Mayoruna,Yagua,250.0,52.0,Río Amazonas
-78.30917,-4.20254,Shaim,Aguaruna (Awajun),0.0,0.0,Río Comaina
-75.09635,-10.8748,San Jeronimo Puerto Yurinaki,Amuesha (Yánesha),159.0,36.0,Río Perene
-74.72999,-7.93673,Nuevo Bellavista,Shipibo-Conibo,94.0,11.0,Quebrada Tomichico
-74.68278,-11.13763,Santa Rosa de Panakiari,Asháninka,101.0,23.0,Río Carretera Marginal
-74.97713,-4.58324,Nueva Unión,Urarina,108.0,24.0,Quebrada Espejo
-74.19073,-10.67149,Catoteni,Ashéninka,0.0,0.0,Quebrada Catoteni
-78.30837,-4.91113,Shushui,Aguaruna (Awajun),557.0,90.0,Río Marañón
-75.08859,-7.59024,Cushuscaya,Shipibo-Conibo,70.0,18.0,Cocha Cushuscaya
-73.34857,-10.80796,Villa María de Cumarillo,Asháninka,150.0,17.0,Quebrada Cumarillo
-74.91082,-4.35208,Santa Rosa,Urarina,161.0,35.0,Quebrada Airico
-74.26858,-10.70948,Quemporiquishi,Ashéninka,0.0,0.0,Quebrada Tsirotsisqui
-72.60309,-3.34633,Yaguas de Nueva Esperanza de Atún Caño,Yagua,60.0,32.0,Quebrada Nueva Esperanza de Atún Caño
-74.47725,-11.13266,Timpiñari,Asháninka,45.0,11.0,Quebrada Casantobeni
-73.12421,-2.32747,8 de Diciembre,Huitoto,40.0,6.0,Río Putumayo
-74.25778,-10.71596,Bajo Chencoreni,Ashéninka,0.0,0.0,Río Chitane
-74.95846,-10.87591,Churingaveni,Asháninka,220.0,50.0,Río Perene
-71.84416,-2.27118,Siete de Agosto,Ocaina,30.0,8.0,Quebrada Algodoncillo
-74.53188,-11.11819,Monterrico,Asháninka,71.0,18.0,Río Sondoveni
-74.70925,-10.19011,El Solitario,Asháninka,76.0,12.0,Río Shirarine
-72.72484,-2.66146,San Pablo de Totolla,Orejón (Mae Juna),56.0,9.0,Río Algodón
-74.96507,-1.09475,Torres Causano,"Quechua, Napo (Kichwa)",205.0,55.0,Río Napo
-75.11087,-10.82703,Eshcormes,Amuesha (Yánesha),116.0,18.0,Río Yurinaki
-70.75093,-12.85844,Puerto Luz,Harakmbut,409.0,57.0,Río Colorado
-72.21968,-3.61699,Comandancia,Yagua,270.0,34.0,Río Orosa
-72.18272,-3.56634,Santa Rosa de Orosa,Yagua,0.0,0.0,Río Orosa
-74.72146,-10.41374,Huacamayo de Neguache,Asháninka,73.0,25.0,Río Neguache
-70.37834,-13.01346,Arazaire,Arazaire,85.0,23.0,Quebrada Venquehue
-74.21931,-10.71666,Quiteriavo,Ashéninka,60.0,15.0,Quebrada Quiteriavo
-74.78606,-10.15791,Shirarine,Asháninka,67.0,10.0,Río Shirarine
-70.41295,-3.88089,Puerto Sinai,Ticuna,220.0,40.0,Río Amazonas
-75.17078,-10.65904,Palma Bocaz,Amuesha (Yánesha),47.0,11.0,Río Bocaz
-71.78385,-3.65852,Pichana,Yagua,300.0,64.0,Río Amazonas
-72.93155,-3.22926,Orejones,Orejón (Mae Juna),167.0,42.0,Quebrada Sucusari
-70.51386,-3.95533,Edén de la Frontera,Yagua,46.0,10.0,Quebrada Marichin
-74.52435,-11.33549,San Cristobal,Asháninka,105.0,15.0,Río Mazamari
-74.77943,-11.1134,Ipokiari,Asháninka,147.0,28.0,Río Ipoki
-70.15785,-4.08865,Yahuma II Zona,Ticuna,224.0,43.0,Río Amazonas
-73.6002,-2.34534,Vista Hermosa - Río Tambor Yacu,"Quechua, Napo (Kichwa)",79.0,16.0,Río Tambor Yacu
-75.08419,-10.83133,San Pedro de Sheboriari,Asháninka,59.0,10.0,Río Zatinaki
-74.39934,-8.53841,Limongema,Shipibo-Conibo,300.0,79.0,Río Ucayali
-74.87084,-10.7459,San Luis de Alto Shimaki,Asháninka,50.0,11.0,Río Shimaki
-74.24106,-10.62487,Chencari,Ashéninka,0.0,0.0,Quebrada Empaniquiari
-75.73868,-3.9388,Buena Vista Anexo Copal,Urarina,79.0,18.0,Quebrada Pucuna
-74.10432,-2.2422,Sumac Allpa,"Quechua, Napo (Kichwa)",430.0,70.0,Río Napo
-74.13473,-2.364,San Rafael,"Quechua, Napo (Kichwa)",310.0,62.0,Río Curaray
-76.0668,-4.51352,Pucallpa,Candoshi (Kandozi),91.0,16.0,Río Nucuray
-75.26685,-10.18317,Siete de Junio,Amuesha (Yánesha),1424.0,251.0,Río Omaiz
-73.0666,-3.35668,Yaguas de Urco Miraño,Yagua,409.0,70.0,Lago Urco Miraño
-75.20554,-10.14036,Santa Rosa de Chuchurras,Amuesha (Yánesha),316.0,59.0,Río Chuchurras
-74.56789,-11.15481,Paureli,Asháninka,221.0,44.0,Quebrada Paureli
-71.68791,-3.82063,Cóndor,Yagua,0.0,0.0,Río Amazonas
-73.1606,-3.03287,Puerto Huamán,Orejón (Mae Juna),105.0,20.0,Río Yanayacu
-74.68599,-10.29286,Madre de Dios,Asháninka,82.0,21.0,Río Anacayali
-74.83587,-3.79768,Cuchara,Achuar,84.0,20.0,Quebrada Carachamayacu
-72.84776,-2.4514,Puerto Elvira,Huitoto,58.0,13.0,Río Putumayo
-74.73382,-11.0422,Boca del Chenic,Asháninka,200.0,45.0,Río Cheni
-74.04043,-2.2597,San Fernando,"Quechua, Napo (Kichwa)",300.0,33.0,Río Napo
-77.04784,-4.00153,Limón Cocha,Candoshi (Kandozi),106.0,24.0,Río Chapuri
-78.38663,-4.20744,Shaim,Aguaruna (Awajun),616.0,132.0,Río Comaina
-77.45982,-5.66932,Alto Mayo,Aguaruna (Awajun),1980.0,377.0,Río Mayo
-70.76743,-3.8283,Uranias,Yagua,82.0,19.0,Río Atacuari
-75.18103,-10.15282,Buenos Aires,Amuesha (Yánesha),320.0,60.0,Río Palcazu
-73.41403,-10.75327,Inkare,Asháninka,0.0,0.0,Río Urubamba
-74.90876,-1.26206,Tempestad,"Quechua, Napo (Kichwa)",0.0,0.0,Río Napo
-72.72218,-9.57282,Nueva Victoria,Asháninka,0.0,0.0,Río Yurua
-74.62302,-10.47935,Kempityari,Asháninka,0.0,0.0,No hay datos
-74.41899,-10.87721,Centro Janteni,Ashéninka,0.0,0.0,Quebrada Choverari
-75.25158,-10.94271,Pampa Michi,Amuesha (Yánesha),295.0,66.0,Río Perene
-69.44251,-12.53615,Tres Islas,Shipibo-Conibo,123.0,40.0,Río Madre de Dios
-74.67029,-10.99208,Impitato Cascada,Asháninka,526.0,181.0,Río Perene
-74.75752,-10.55332,Flor de Rosas de Nazarategui,Asháninka,22.0,5.0,Río Nazarategui
-73.68417,-2.3083,Nuevo Libertador,"Quechua, Napo (Kichwa)",63.0,12.0,Quebrada Tambor Yacu
-75.87796,-4.71321,San Fernando,Cocama-Cocamilla (Kukama-Kukamiria),50.0,11.0,Río Nucuray
-74.26334,-8.43249,Betel,Shipibo-Conibo,0.0,0.0,Río Ucayali
-74.78429,-10.57512,Florida,Asháninka,40.0,10.0,Río Empanaquiari
-74.46735,-0.83427,Mashunta,Secoya,74.0,18.0,Quebrada Angusilla
-70.19489,-3.97905,Puerto Alegre,Ticuna,280.0,50.0,Río Amazonas
-74.68894,-1.38471,Chingana,"Quechua, Napo (Kichwa)",108.0,16.0,Río Napo
-74.76064,-10.23102,Buenaventura,Asháninka,84.0,20.0,Río Anacayali
-74.69476,-11.20056,Cushiviani,Asháninka,171.0,31.0,Río Cushiviani
-75.04234,-10.83311,Cumbre San Román de Satinaki,Asháninka,128.0,20.0,Río Zatinaki
-70.65486,-3.95903,Bufeo Cocha,Ticuna,364.0,62.0,Cocha Bufeo
-73.86665,-3.91583,San Juan de Ungurahual,Iquito,129.0,26.0,Río Nanay
-74.86525,-10.80236,San José Alto Kuviriani,Asháninka,134.0,33.0,Río Kuviriani
-73.59884,-10.69648,Santa Clara,Piro (Yine),350.0,50.0,Río Urubamba
-70.85761,-3.6558,El Sol,Yagua,200.0,28.0,Río Atacuari
-73.41284,-10.54649,Bobinsana,Asháninka,380.0,56.0,Río Inuya
-74.40142,-8.55643,Limongema,Shipibo-Conibo,0.0,0.0,Río Ucayali
-75.11338,-10.27908,Shiringamazu,Amuesha (Yánesha),631.0,105.0,Río Palcazu
-75.64152,-2.57405,Vista Alegre,"Quechua, No Especificado",188.0,37.0,Río Tigre
-73.72551,-2.40035,Patria Nueva,"Quechua, Napo (Kichwa)",145.0,22.0,Río Napo
-74.32447,-6.28066,Yarina Frontera Topal,Capanahua,45.0,6.0,Río Tapiche
-72.37186,-3.66404,Santa Ursula,Yagua,280.0,41.0,Río Orosa
-74.27293,-8.44325,Betel,Shipibo-Conibo,280.0,60.0,Río Ucayali
-72.15834,-3.57248,Santa Rosa de Orosa,Yagua,468.0,91.0,Río Orosa
-75.16006,-10.55201,Maccha Bocaz,Amuesha (Yánesha),49.0,8.0,Río Pescado
-75.01321,-10.18787,Villa Alegre de Quirishari,Asháninka,470.0,104.0,Río Quirishari
-74.09162,-2.17048,Quechua de San Fernando,"Quechua, Napo (Kichwa)",180.0,36.0,Río Napo
-74.85374,-10.95569,Bajo Quimiriki,Asháninka,263.0,60.0,Río Perene
-78.44764,-5.17536,Paik,Aguaruna (Awajun),127.0,15.0,Río Marañón
-75.95607,-4.70725,Unión Barranquita,Cocama-Cocamilla (Kukama-Kukamiria),109.0,22.0,Río Nucuray
-74.98965,-3.77789,Nueva Unión,Achuar,83.0,16.0,Río Corrientes
-74.64751,-1.78515,Paula Cocha,"Quechua, Napo (Kichwa)",151.0,32.0,Quebrada Paula Cocha
-75.28307,-3.69352,Boca del Copal,Achuar,122.0,22.0,Quebrada Copal
-74.29981,-10.70019,Quemporiquishi,Ashéninka,277.0,66.0,Quebrada Tsirotsisqui
-73.70855,-2.52654,Sargento Lores,"Quechua, Napo (Kichwa)",370.0,68.0,Río Napo
-74.54833,-11.38235,Teoria,Asháninka,368.0,74.0,Río Mazamari
-74.62214,-11.20689,Río Bertha,Asháninka,262.0,58.0,Río Rio Bertha
-73.64872,-10.69204,Nueva Esperanza,Asháninka,300.0,70.0,Río Urubamba
-74.88168,-3.40927,28 de Julio,"Quechua, No Especificado",319.0,64.0,Río Tigre
-74.32953,-10.74984,Majontoni,Ashéninka,165.0,36.0,Quebrada Majontoni
-74.31711,-2.07835,Pucayacu,"Quechua, Napo (Kichwa)",205.0,46.0,Quebrada Pucayacu
-75.40855,-4.17932,Nueva Esperanza y Anexos,Urarina,707.0,152.0,Río Chambira
-74.97071,-10.83509,Pachacutec,Asháninka,130.0,25.0,Quebrada Pachacutec
-74.56809,-11.10059,Alto Sondoveni,Asháninka,233.0,46.0,Riachuelo Sondobeni
-73.7044,-10.6594,Sabaluyo Mamoriari,Ashéninka,322.0,52.0,Quebrada Chicocillo
-72.99336,-2.39572,Roca Fuerte,"Quechua, No Especificado",91.0,15.0,Río Putumayo
-71.18231,-3.89051,Capironal,Yagua,161.0,41.0,Río Amazonas
-74.99069,-4.52117,Santa Martha,Urarina,111.0,22.0,Río Tigrillo
-74.97756,-10.38194,Santa Rosa de Chivis,Asháninka,387.0,87.0,Río Nochos
-74.49711,-11.31618,Cañete,Asháninka,226.0,53.0,Río Mazamari
-74.24158,-10.68438,Catoteni,Ashéninka,175.0,36.0,Quebrada Catoteni
-75.98813,-4.64737,Huancayo,Cocama-Cocamilla (Kukama-Kukamiria),207.0,40.0,Río Nucuray
-72.6673,-3.53901,Yaguas de Tipishca,Yagua,0.0,0.0,Quebrada Yaguas de Tipishca
-75.69894,-3.09161,Nueva Valencia,Achuar,221.0,46.0,Quebrada Plantanoyacu
-75.07222,-10.3407,Lomalinda - Laguna,Amuesha (Yánesha),790.0,136.0,Río Palcazu
-70.68807,-3.91983,Santa Rita de Mochila,Ticuna,315.0,48.0,Quebrada Mochila
-74.54175,-8.10765,Callería,Shipibo-Conibo,0.0,0.0,Río Callería
-71.67832,-3.77538,Cóndor,Yagua,290.0,42.0,Río Amazonas
-73.86015,-1.19568,Yabuyanos,"Quechua, No Especificado",69.0,14.0,Quebrada Ferecilla
-74.70719,-3.5872,Nueva Jerusalén,"Quechua, No Especificado",95.0,19.0,Quebrada Sanango
-70.37212,-3.90405,San Miguel,Ticuna,328.0,62.0,Río Amazonas
-78.4732,-4.61489,Shamatak,Aguaruna (Awajun),380.0,92.0,Río Numpatkaim
-78.23789,-3.75443,Wachim,Aguaruna (Awajun),30.0,10.0,Río Cenepa
-73.45128,-10.61245,Ojeayo,Asháninka,220.0,47.0,Río Inuya
-72.76356,-9.77715,San Pablo,Yaminahua,0.0,0.0,Río Yurua
-73.0505,-9.4986,Sawawo - Hito 40,Ashéninka,150.0,27.0,Río Amuya
-73.55956,-2.5451,San Lorenzo,"Quechua, Napo (Kichwa)",250.0,66.0,Río Napo
-73.13371,-2.07219,Soledad,Huitoto,48.0,6.0,Lago Campana
-74.21589,-2.15159,San Carlos,"Quechua, Napo (Kichwa)",502.0,80.0,Quebrada Tarapoto
-73.3963,-3.03333,Huitotos de Negro Urco,"Quechua, Napo (Kichwa)",473.0,94.0,Río Napo
-74.91009,-10.90172,Bajo Aldea Pichanaki,Asháninka,313.0,60.0,Río Perene
-73.28967,-10.7312,Capajeriato,Asháninka,120.0,30.0,Río Urubamba
-72.0269,-2.3961,Esperanza,Huitoto,0.0,0.0,Río Putumayo
-74.7302,-11.00603,Boca del Ipoki,Amuesha (Yánesha),211.0,55.0,Río Perené
-74.51775,-11.21476,Huantashiri,Asháninka,584.0,110.0,Quebrada Huantashari
-74.7631,-1.32556,Yarina Llacta,"Quechua, Napo (Kichwa)",198.0,33.0,Río Napo
-71.64728,-3.80708,Santo Toribio de Mogrovejo,Yagua,292.0,68.0,Quebrada Cochiquina
-72.84988,-3.42769,Las Palmeras,Yagua,190.0,45.0,Río Amazonas
-73.79018,-2.34112,Copal Urco,"Quechua, Napo (Kichwa)",753.0,89.0,Río Napo
-74.63952,-9.87931,Ocho Yernos de Opoquiari,Asháninka,0.0,0.0,Río Anacayali
-75.17307,-10.77477,Alto Yurinaki,Amuesha (Yánesha),544.0,112.0,Río Eneñas
-74.68728,-10.8336,Paratoshari,Asháninka,54.0,10.0,Río Paratoshari
-76.17403,-4.28457,Unión,"Quechua, Pastaza (Kichwa)",180.0,38.0,Río Nucuray
-74.34089,-0.88266,Nueva Angusilla,"Quechua, No Especificado",135.0,24.0,Quebrada Angusilla
-74.66074,-8.2584,Puerto Firmeza,Shipibo-Conibo,385.0,85.0,Lago Yarinacocha
-74.54794,-11.32647,José Gálvez,Asháninka,136.0,30.0,Río Mapariali
-78.32053,-4.36303,Kuyumatak,Aguaruna (Awajun),146.0,29.0,Río Comaina
-74.86925,-10.22307,San Fausto,Asháninka,117.0,29.0,Quebrada Boa
-73.39309,-10.69343,San Francisco o Tzinquiato,Asháninka,150.0,35.0,Río Urubamba
-74.91989,-9.77633,Huacamayo,Amuesha (Yánesha),312.0,62.0,Río Pachitea
-75.03278,-10.89759,Pumpuriani,Asháninka,240.0,67.0,Quebrada Pumpuriani
-74.69109,-1.72886,Campo Serio,"Quechua, Napo (Kichwa)",1150.0,297.0,Quebrada Aushiri
-74.28601,-10.79252,Tarisa,Ashéninka,0.0,0.0,Quebrada Emparinani
-71.87904,-2.39012,La Florida,Huitoto,0.0,0.0,Río Algodón
-74.98194,-10.28471,Santa Isabel,Asháninka,85.0,16.0,Quebrada Chimiriari
-73.89905,-2.33928,San Jorge,"Quechua, Napo (Kichwa)",503.0,107.0,Quebrada Puro Cocha
-75.04187,-10.75838,Carapairo,Asháninka,102.0,23.0,Quebrada Carapairo
-73.17025,-2.27117,San Francisco y Anexo Puerto Alegre,Huitoto,63.0,12.0,Río Ere
-75.77516,-3.14912,Belén,Achuar,258.0,51.0,Quebrada Plantanoyacu
-74.96276,-10.07513,Sargento Lorenz,Asháninka,103.0,17.0,Río Pichis
-73.96408,-2.42203,Diamante Azul,"Quechua, Napo (Kichwa)",439.0,110.0,Río Napo
-73.09384,-2.34561,Santa Lucia,Yagua,54.0,8.0,Río Putumayo
-74.88578,-10.41191,Santa Isidora,Asháninka,131.0,27.0,Río Azupizu
-74.78212,-10.01833,Divisoria,Asháninka,35.0,16.0,Río Apurucayali
-73.14985,-1.93175,San Juan,Bora (Bóóráá),70.0,14.0,Río Putumayo
-74.33793,-8.53116,Santa Isabel de Bahuanisho,Shipibo-Conibo,726.0,139.0,Río Ucayali
-76.75155,-4.21924,Puerto Requena,Candoshi (Kandozi),146.0,25.0,Quebrada Chuinda
-75.02731,-10.86564,Bajo Chirani,Asháninka,156.0,36.0,Río Perene
-74.99415,-10.12464,El Milagro,Asháninka,335.0,68.0,Río Pichis
-75.19911,-10.26992,Alto Iscozacín,Amuesha (Yánesha),222.0,43.0,Río Izcozacín
-73.05342,-2.3869,Flor de Agosto,"Quechua, No Especificado",135.0,27.0,Río Putumayo
-74.63632,-1.42186,Santa María,"Quechua, Napo (Kichwa)",477.0,82.0,Río Napo
-74.74069,-10.42204,Nueva Unión,Asháninka,92.0,21.0,Quebrada Mayenpirini
-75.06339,-10.43715,Santa Rosa de Pichanaz,Amuesha (Yánesha),140.0,26.0,Río Palcazu
-75.13871,-10.88047,Mariscal Cáceres,Amuesha (Yánesha),234.0,47.0,Quebrada Bayoz
-74.80809,-11.16394,Huahuari,Asháninka,96.0,21.0,Río Huahuari
-72.74665,-9.63917,El Dorado,Yaminahua,140.0,20.0,Río Yurua
-74.83151,-11.13086,Jairiquishi,Asháninka,146.0,23.0,Río Ipoki
-74.92076,-10.8623,Huacamayo,Asháninka,196.0,60.0,Río Zutziki
-75.17994,-9.86941,Enoc Flor de un Día,Amuesha (Yánesha),550.0,126.0,Río Palcazu
-74.82344,-3.51884,Alfonso Ugarte,"Quechua, No Especificado",100.0,23.0,Quebrada Intuto
-74.414,-9.47903,Selva,Asháninka,300.0,58.0,Cocha Amaquiria
-74.22371,-8.54658,Santa Elisa,Shipibo-Conibo,420.0,70.0,Río Tamaya
-74.11235,-2.33704,Nuevo Defensor,"Quechua, Napo (Kichwa)",200.0,30.0,Quebrada Gabriel Caño
-74.75758,-11.1439,Shabashipango,Asháninka,88.0,28.0,Río Cheni
-75.04278,-10.77716,Alto Incariado,Asháninka,371.0,88.0,Río Ubiriki
-74.2164,-10.77686,Ponchoni,Ashéninka,140.0,34.0,Quebrada Emparinani
-73.53995,-2.64491,Lagarto Cocha,"Quechua, Napo (Kichwa)",690.0,152.0,Quebrada Ninayacu
-73.7352,-3.57791,Atalaya,Iquito,183.0,34.0,Río Chambira
-78.24752,-3.67595,Wee,Aguaruna (Awajun),30.0,10.0,Río Cenepa
-74.67274,-10.34464,San Alejandro,Asháninka,113.0,22.0,Río Anacayali
-74.40607,-2.2889,Tipishca,"Quechua, Napo (Kichwa)",155.0,30.0,Río Curaray
-73.53867,-2.70412,Pucabarranca,"Quechua, Napo (Kichwa)",220.0,40.0,Quebrada Ninayacu
-74.71842,-10.92678,San José de Anapiari,Asháninka,302.0,54.0,Río Aoti
-74.65267,-1.5852,Camunguy,"Quechua, Napo (Kichwa)",480.0,70.0,Río Napo
-73.78255,-3.70028,San Antonio,Iquito,206.0,45.0,Río Pintuyacu
-70.54404,-12.67704,San José de Karene,Harakmbut,180.0,45.0,Río Colorado
-70.57107,-3.95908,Villa Nueva Esperanza de Caballo Cocha - Sector B,Ticuna,17.0,4.0,Lago Cochita
-74.9692,-10.6515,Santo Domingo de Alto Azupizu,Amuesha (Yánesha),135.0,22.0,Río Azupizu
-71.26696,-3.89386,Nuevo Progreso del Río Amazonas,Ticuna,250.0,37.0,Río Amazonas
-70.09069,-4.11981,San Francisco de Yahuma,Ticuna,120.0,24.0,Quebrada Yahuma
-74.72209,-10.48216,San Carlos de Neguachi,Asháninka,0.0,0.0,No hay datos
-74.92352,-10.92532,Shankivironi,Asháninka,708.0,139.0,Río Perene
-74.78384,-0.29383,Miraflores,"Quechua, No Especificado",121.0,19.0,Río Putumayo
-71.29026,-3.78781,Cajocuma,Ticuna,350.0,90.0,Quebrada Cajocuma
-74.76294,-10.32893,Jordán,Asháninka,201.0,87.0,Quebrada Pocallani
-74.94374,-10.36547,San Juan de Chivis,Asháninka,52.0,12.0,Río Chivis
-72.76888,-3.57244,Yaguas de Catalán,Yagua,0.0,0.0,Quebrada Yanayacu de Vainilla
-71.96253,-2.39451,Esperanza,Huitoto,38.0,10.0,Río Putumayo
-74.55736,-1.95766,Puerto Elvira,"Quechua, Napo (Kichwa)",520.0,72.0,Río Napo
-74.65384,-11.04047,Pitocuna,Amuesha (Yánesha),616.0,105.0,Río Perene
-74.23001,-8.25657,Flor de Ucayali,Shipibo-Conibo,80.0,24.0,Quebrada Utiquinia
-70.22229,-4.12973,Nueva Jerusalén,Ticuna,1290.0,288.0,Quebrada Erene
-76.08041,-4.44713,Nuevo Arica,Candoshi (Kandozi),120.0,26.0,Río Nucuray
-75.00199,-10.29873,Agrupación Bellavista,Asháninka,47.0,10.0,Quebrada Pelmas
-74.74537,-8.08094,Shambo Porvenir,Shipibo-Conibo,680.0,85.0,Río Aguaytía
-74.54817,-1.90873,Loroyacu,"Quechua, Napo (Kichwa)",108.0,17.0,Quebrada Loroyacu
-75.49862,-2.72396,Nuevo Canaán,"Quechua, No Especificado",104.0,19.0,Cocha Lamas Tipishca
-74.78515,-10.65045,Quimpichari,Asháninka,51.0,17.0,Río Piriatencaro
-74.56887,-8.15654,Puerto Aurora,Shipibo-Conibo,13.0,5.0,Río Ucayali
-73.6884,-10.67599,Mapiato,Asháninka,210.0,22.0,Río Urubamba
-74.65908,-8.28154,San Francisco,Shipibo-Conibo,1768.0,438.0,Laguna Yarinacocha
-74.95919,-10.21201,Paujil,Asháninka,141.0,38.0,Río Pichis
-74.58606,-11.33578,Pauriali,Asháninka,133.0,33.0,Quebrada Los Angeles
-74.37929,-10.70499,Shumahuani,Ashéninka,358.0,70.0,Quebrada Quitoni
-74.9106,-10.4828,Puerto Pascuala,Asháninka,70.0,19.0,Río Azupizu
-73.20852,-2.178,Ere,Huitoto,24.0,6.0,Río Putumayo
-74.81227,-10.86582,San Lorenzo de Autiki,Amuesha (Yánesha),253.0,63.0,Río Autiki
-74.71834,-10.25757,Betania,Asháninka,68.0,15.0,Río Anacayali
-73.47674,-2.70665,Morón Isla,"Quechua, Napo (Kichwa)",364.0,53.0,Quebrada Morón
-71.34292,-3.80593,Verbena,Ticuna,150.0,20.0,Cocha Resaca
-70.15802,-4.12058,Yahuma Callaru,Ticuna,400.0,120.0,Río Amazonas
-74.70422,-11.10698,Bajo Capiri,Asháninka,0.0,0.0,Río Capiri
-76.85703,-4.3789,Huambra Cocha,Candoshi (Kandozi),305.0,48.0,Lago Huambra Cocha
-78.47972,-4.25438,Kunchai,Aguaruna (Awajun),111.0,22.0,Quebrada Teesh
-74.4944,-11.14639,Santa Ana Alto Pakichari,Asháninka,57.0,10.0,Río Pakishari
-73.55608,-10.65422,Nuevo Italia,Piro (Yine),0.0,0.0,Río Urubamba
-74.73257,-10.74185,Shimoyani-Kokari,Asháninka,66.0,16.0,Río Shimoyani
-74.27719,-10.7939,Tarisa,Ashéninka,100.0,24.0,Quebrada Emparinani
-74.64661,-9.98166,Platanillo de Getarine,Asháninka,0.0,0.0,Río Apurucayali
-74.5992,-10.94188,Aoti,Asháninka,0.0,0.0,Río Perene
-74.41162,-0.72013,Zambelín de Yaricaya,Secoya,72.0,16.0,Quebrada San Belin De Yaricay
-76.03248,-4.42984,Nueva Alianza de Huacamayo,"Quechua, Pastaza (Kichwa)",50.0,9.0,Quebrada Huacamayo
-70.58611,-3.96603,Villa Nueva Alianza,Ticuna,34.0,7.0,Cocha Chontilla
-74.61622,-7.97615,Nuevo Saposoa,Shipibo-Conibo,260.0,56.0,Quebrada Tacshitea
-75.14729,-3.75849,Nuevo Porvenir,Urarina,220.0,47.0,Quebrada Sungaroyacu
-74.44376,-10.82023,Centro Janteni,Ashéninka,164.0,34.0,Quebrada Choverari
-74.88523,-10.87422,Zotziki Cerro Picaflor Orito,Asháninka,222.0,61.0,Río Perene
-73.18601,-10.6042,Nuevo San Martín,Amahuaca,108.0,24.0,Río Inuya
-74.85123,-1.2263,Pinduyacu,"Quechua, Napo (Kichwa)",507.0,89.0,Río Napo
-75.49676,-9.24116,Puerto Azul,Cacataibo,341.0,74.0,Río Aguaytía
-75.36339,-7.24929,Isolaya,Piro (Yine),66.0,16.0,Quebrada Cushabatay
-74.56572,-10.56619,San Antonio de Ametzironi,Asháninka,34.0,8.0,Río Neguache
-73.44941,-2.5491,Nuevo San Roque,"Quechua, Napo (Kichwa)",165.0,16.0,Río Napo
-75.09827,-10.59107,Puellas Yuncullmas,Amuesha (Yánesha),149.0,31.0,Río Cacazu
-74.1428,-1.03754,Nueva Esperanza y Anexos Nueva Jerusalén y Urco Miraño,"Quechua, No Especificado",301.0,52.0,Quebrada Yubineto
-74.21067,-10.77214,Ponchoni,Ashéninka,0.0,0.0,Quebrada Emparinani
-74.82174,-10.40554,Nevati,Asháninka,346.0,70.0,Río Neguache
-73.60045,-2.52164,Huitotos de Fortaleza,Huitoto,122.0,22.0,Río Napo
-69.91981,-12.62275,Shiringayoc,Ese Eja,64.0,19.0,Quebrada Shiringayoc
-74.66478,-1.86568,Ingano Llacta,"Quechua, Napo (Kichwa)",278.0,35.0,Río Napo
-74.68697,-11.09944,Bajo Capiri,Asháninka,92.0,22.0,Río Capiri
-78.0614,-5.44032,Chayuyaku,Aguaruna (Awajun),22.0,4.0,Quebrada Chayuyacu
-74.28118,-8.39656,Nueva Betania,Shipibo-Conibo,540.0,84.0,Río Ucayali
-72.68248,-2.49224,Mairidicai,Huitoto,21.0,4.0,Quebrada Sabalo
-73.46531,-10.56632,Ojeayo,Asháninka,0.0,0.0,Río Inuya
-75.62738,-3.26941,San José de Nueva Esperanza,Achuar,108.0,23.0,Quebrada Aucayacu
-74.81597,-10.92188,Pampa Julián,Amuesha (Yánesha),180.0,38.0,Río Huachiiqui
-75.77902,-4.01105,Copalillo,Urarina,49.0,13.0,Río Chambira
-74.85865,-11.12381,Yaroni,Asháninka,167.0,32.0,Río Ipoki
-74.92711,-10.41421,San José de Azupizu,Asháninka,497.0,102.0,Río Azupizu
-74.71436,-10.63745,San Carlos de Shimbitachari,Asháninka,150.0,30.0,Río Nazarategui
-74.47297,-2.27048,Soledad,"Quechua, Napo (Kichwa)",231.0,45.0,Río Curaray
-74.68907,-3.51659,Santa Elena,"Quechua, No Especificado",190.0,42.0,Cocha Santa Elena
-78.18514,-4.79316,Wawik (Nuevo Belén),Aguaruna (Awajun),1154.0,236.0,Quebrada Wawik
-72.93888,-2.44153,7 de Mayo y Anexo Bagazán,Huitoto,91.0,17.0,Río Putumayo
-74.56481,-8.06091,Callería,Shipibo-Conibo,330.0,70.0,Río Callería
-73.51925,-2.47733,Nuevo San Antonio de Lancha Poza,"Quechua, Napo (Kichwa)",279.0,51.0,Río Napo
-74.6654,-10.52961,Camisea,Asháninka,38.0,10.0,Río Mentariaro
-75.32189,-10.24504,Nueva Esperanza,Amuesha (Yánesha),229.0,49.0,Río Omaiz
-74.70271,-9.94979,Puerto Davis,Asháninka,145.0,33.0,Río Apurucayali
-74.65015,-8.24923,Puerto Firmeza,Shipibo-Conibo,0.0,0.0,Lago Yarinacocha
-75.8424,-3.97758,San Marcos,Urarina,80.0,20.0,Río Chambira
-74.63265,-11.20058,Río Bertha,Asháninka,0.0,0.0,Río Rio Bertha
-73.17073,-2.16477,Ere,Huitoto,0.0,0.0,Río Putumayo
-73.1676,-10.63505,Nuevo San Martín,Amahuaca,0.0,0.0,Río Inuya
-75.1894,-10.92463,Bajo Esperanza,Amuesha (Yánesha),89.0,23.0,Río Perene
-70.40192,-3.89712,Santa Cecilia,Ticuna,196.0,35.0,Río Amazonas
-74.25582,-10.70911,Bajo Chencoreni,Ashéninka,0.0,0.0,Río Chitane
-74.33487,-10.81583,Tshony,Ashéninka,0.0,0.0,Río Tarisa
-72.89765,-10.56462,San Juan de Inuya,Amahuaca,120.0,20.0,Río Inuya
-74.37403,-8.54982,Santa Isabel de Bahuanisho,Shipibo-Conibo,0.0,0.0,Río Ucayali
-74.80978,-11.08456,San Pablo,Asháninka,349.0,87.0,Río Ipoki
-71.14349,-3.95681,Las Palmeras del Bajo Amazonas,Ticuna,210.0,43.0,Río Amazonas
-74.97588,-10.86721,Santa Rosa de Ubirike,Asháninka,172.0,31.0,Río Perene
-70.54517,-12.88572,Barranco Chico,Harakmbut,68.0,22.0,Río Puquiri
-74.81044,-10.25163,Flor de un Día de Anacayali,Asháninka,76.0,24.0,Río Anacayali
-73.53436,-2.59105,San Juan de Yanayacu,"Quechua, Napo (Kichwa)",430.0,47.0,Río Napo
-72.77483,-3.54806,Yaguas de Catalán,Yagua,137.0,23.0,Quebrada Yanayacu de Vainilla
-77.29177,-5.75363,El Dorado,Aguaruna (Awajun),440.0,90.0,Río Mayo
-69.45576,-12.5814,San Jacinto,Shipibo-Conibo,228.0,58.0,Río Madre de Dios
-75.0627,-9.87606,Hanswald,Amuesha (Yánesha),163.0,30.0,Río Palcazu
-74.6924,-8.34717,Santa Teresita,Shipibo-Conibo,300.0,45.0,Laguna Cashibococha
-74.91869,-10.14514,Amanbay,Asháninka,124.0,31.0,Río Pichis
-71.93668,-3.47731,Palometillo,Yagua,65.0,19.0,Río Palometa
-73.12186,-2.1269,Puerto Limón,Huitoto,53.0,9.0,Lago Campana
-70.46877,-3.90617,Santa Rosa del Caño,Ticuna,120.0,42.0,Río Amazonas
-74.17278,-2.32153,Nuevo Libertad,"Quechua, Napo (Kichwa)",92.0,23.0,Cocha Urco
-74.71029,-10.36453,Loreto,Asháninka,79.0,19.0,Quebrada Mamechado
-73.44464,-10.73412,Taquila,Asháninka,140.0,34.0,Río Urubamba
-75.99132,-4.57737,Progreso de Nucuray,"Quechua, Pastaza (Kichwa)",84.0,20.0,Río Nucuray
-70.27109,-4.05218,Bellavista de Callaru,Ticuna,3780.0,500.0,Quebrada Callaru
-73.20378,-3.21414,Oro Blanco,"Quechua, Napo (Kichwa)",205.0,45.0,Río Napo
-74.919,-10.51801,Septimo Unidos de Santa Fé de Aguachini,Asháninka,909.0,228.0,Río Aguachini
-73.52979,-1.68578,Santa Mercedes,"Quechua, No Especificado",189.0,29.0,Río Putumayo
-73.43801,-10.77484,Inkare,Asháninka,80.0,15.0,Río Urubamba
-75.63151,-3.16644,Santa Rosa,Achuar,97.0,16.0,Río Corrientes
-74.32537,-2.12717,Puerto Aurora,"Quechua, Napo (Kichwa)",139.0,24.0,Río Napo
-72.13113,-3.6142,Nuevo Libertad de Paucarillo,Yagua,65.0,17.0,Río Matahuayo
-73.24781,-1.80958,Puerto Arturo,"Quechua, No Especificado",46.0,9.0,Río Putumayo
-78.42713,-4.12904,Antiguo Kanam,Aguaruna (Awajun),33.0,5.0,Quebrada Kanam
-74.70779,-1.42339,Túpac Amaru,"Quechua, Napo (Kichwa)",89.0,17.0,Río Napo
-74.29937,-10.63859,Chencari,Ashéninka,95.0,25.0,Quebrada Empaniquiari
-78.46883,-4.52883,Pampa-Entsa,Aguaruna (Awajun),480.0,88.0,Río Numpatkaim
-74.3838,-9.20697,Roya,Shipibo-Conibo,450.0,74.0,Cocha Tipishca
-75.3198,-10.77271,Ñagazu,Amuesha (Yánesha),276.0,72.0,Río Ñagazu
-74.43391,-11.13486,Santa Elena,Asháninka,57.0,14.0,Quebrada Agua Clara
-74.81166,-3.68919,San Juan de Pavayacu,"Quechua, No Especificado",317.0,57.0,Quebrada Chingana
-71.04002,-4.05359,San Alberto de Morona,Yagua,240.0,80.0,Río Amazonas
-71.22196,-3.7971,Achual,Yagua,185.0,32.0,Quebrada Cajocuma
-74.81335,-9.88598,Los Siete Hermanos,Asháninka,30.0,9.0,Río Chinchihuani
-74.71074,-2.13568,Bolivar,"Quechua, Napo (Kichwa)",100.0,24.0,Río Curaray
-74.76621,-9.95377,Belén,Asháninka,193.0,45.0,Río Apurucayali
-70.22777,-13.09638,Kotsimba,Pukirieri,82.0,31.0,Río Malinowsky
-74.58478,-11.27134,Santa Barbara de Sanibeni,Asháninka,76.0,22.0,Quebrada Camonashari
-78.05124,-4.73877,Urakuza,Aguaruna (Awajun),0.0,0.0,Río Marañón
-73.7873,-10.9666,Marankiari,Asháninka,228.0,64.0,Quebrada Marankiari
-74.35309,-11.25854,Yorini,Asháninka,43.0,15.0,Río Itzuniari
-74.42527,-11.62018,Cubantia,Nomatsiguenga,535.0,116.0,Río Cubantia
-77.51891,-3.48793,Shinguito,Huambisa (Wampis),155.0,27.0,Río Morona
-77.31766,-3.6222,Inca Roca,Achuar,427.0,63.0,Quebrada Sicuanga
-74.45482,-10.72506,Mapitziviaari,Ashéninka,98.0,25.0,Río Aporoquiari
-74.26944,-10.99394,Centro Selva Quirishari,Ashéninka,116.0,30.0,Quebrada Tempari
-77.99543,-4.62371,Napuruk,Aguaruna (Awajun),1242.0,257.0,Río Marañón
-73.99756,-11.57495,Meteni,Asháninka,0.0,0.0,Río Ene
-74.03489,-10.51031,Sheremashe,Ashéninka,227.0,60.0,Río Ucayali
-74.79862,-9.21503,Santa Teresa,Amuesha (Yánesha),0.0,0.0,Río Pachitea
-73.85331,-11.1737,Camajini,Asháninka,136.0,38.0,Quebrada Mangoreni
-74.75093,-11.21358,Santa Clara,Asháninka,61.0,21.0,Río Santa Clara
-77.903,-4.63605,Ebrón,Aguaruna (Awajun),0.0,0.0,Río Marañón
-78.32729,-4.72065,Chipe Cuzu,Aguaruna (Awajun),0.0,0.0,Río Marañón
-76.35497,-3.41593,Nuevo Soplín,"Quechua, Pastaza (Kichwa)",0.0,0.0,Río Pastaza
-73.76576,-10.59688,Lagarto Millar,Asháninka,124.0,34.0,Quebrada Lagarto
-73.29175,-11.69949,Tangoshiari,Asháninka,452.0,82.0,Río Pagoreni
-74.74999,-9.16139,Nueva Alianza de Baños,Amuesha (Yánesha),131.0,22.0,Quebrada Baños
-77.49221,-4.39497,Chapis y Anexos Nueva Alegría y Ajachim,Aguaruna (Awajun),891.0,205.0,Quebrada Cangaza
-73.85785,-10.90369,Pitsa,Ashéninka,82.0,21.0,Río Pitza
-78.23251,-4.64604,Mamayakim,Aguaruna (Awajun),129.0,23.0,Quebrada Mamayakim
-74.05935,-11.12789,Masaroveni,Asháninka,95.0,20.0,Río Tambo
-78.29974,-4.77517,Chipe Cuzu,Aguaruna (Awajun),2578.0,496.0,Río Marañón
-72.96112,-9.52455,Nueva Shahuaya,Asháninka,150.0,29.0,Río Amuya
-73.46837,-12.55384,Tipeshiari,Machiguenga (Matsigenka),46.0,9.0,Río Mantalo
-73.09959,-11.59851,Carpintero,Machiguenga (Matsigenka),0.0,0.0,Río Urubamba
-73.75442,-12.48493,Sankirosi,Asháninka,352.0,88.0,Río Pichari
-76.54427,-2.73629,Titiyacu,Achuar,170.0,25.0,Quebrada Titiyacu
-77.23131,-4.7756,Setenta Ampliación Sector B,Aguaruna (Awajun),27.0,7.0,Río Apaga
-70.59742,-9.51801,Pozo San Martín,Culina,108.0,20.0,Río Purus
-75.17304,-10.91202,La Esperanza,Asháninka,125.0,29.0,Quebrada Kimariaki
-73.84008,-10.60987,Unión San Francisco,Asháninka,158.0,35.0,Quebrada Agua Negrilla
-73.66956,-10.83418,Chembo,Piro (Yine),505.0,99.0,Quebrada Chembo
-75.02441,-0.98995,Segundo San Juan,"Quechua, Napo (Kichwa)",89.0,12.0,Río Napo
-73.91974,-10.92044,Shimpe,Ashéninka,95.0,27.0,Río Unini
-77.91228,-4.61221,Ebrón,Aguaruna (Awajun),240.0,65.0,Río Marañón
-74.04455,-10.92809,Chincheni,Asháninka,111.0,25.0,Río Unini
-78.08465,-3.5469,Pashkus,Huambisa (Wampis),0.0,0.0,No hay datos
-73.72382,-11.03976,Shevoja,Asháninka,582.0,124.0,Quebrada Shevoja
-78.0246,-4.47075,Kachi,Aguaruna (Awajun),190.0,37.0,Río Domingusa
-73.39959,-12.95517,Compirushiato,Asháninka,48.0,12.0,No hay datos
-78.27875,-5.38278,Tuntuam,Aguaruna (Awajun),0.0,0.0,Quebrada Numpatkaim
-78.22813,-5.28094,Uyu Entsa,Aguaruna (Awajun),74.0,10.0,Río Chiriaco
-77.61289,-3.09672,"San Juan Anexos Santa Cruz, Shapaja, Shinkatam",Huambisa (Wampis),320.0,332.0,Río Morona
-73.89504,-12.43132,Acompikipashiari,Asháninka,28.0,5.0,No hay datos
-73.26626,-11.81744,Kochiri,Machiguenga (Matsigenka),0.0,0.0,Río Pagoreni
-77.94257,-4.561,Kawit,Aguaruna (Awajun),118.0,26.0,Río Marañón
-70.2124,-4.09535,Buen Jardín del Callaru,Ticuna,315.0,78.0,Quebrada Callaru
-78.09324,-4.66311,Ajachín,Aguaruna (Awajun),276.0,64.0,Río Marañón
-77.33624,-5.62671,Cachiyacu,Aguaruna (Awajun),110.0,32.0,Quebrada Cachiyacu
-74.79463,-9.76062,San Luis de Chinchihuani,Asháninka,339.0,105.0,Río Chinchihuani
-73.59858,-10.90748,Chembo,Piro (Yine),0.0,0.0,Quebrada Chembo
-73.23445,-11.73814,Kochiri,Machiguenga (Matsigenka),189.0,38.0,Río Pagoreni
-77.75689,-4.27526,Belén,Aguaruna (Awajun),1540.0,248.0,Río Santiago
-74.99297,-10.99058,San Nicolas de Palma Pampa Alto Pichanaki,Asháninka,142.0,24.0,Río Pucusani
-77.69894,-4.12318,Guayabal,Huambisa (Wampis),396.0,87.0,Río Santiago
-77.80736,-3.17768,Papayacu o San Martín,Huambisa (Wampis),465.0,66.0,Río Santiago
-73.5266,-11.1117,Capitiri,Asháninka,0.0,0.0,Quebrada Capitiri
-74.94508,-8.3779,San José de Tunuya,Asháninka,150.0,40.0,Río Aguaytía
-75.09267,-4.25253,La Petrolera y Anexo Bellavista,Urarina,0.0,0.0,Quebrada Patoyacu
-74.27053,-11.43004,Matzuriniari,Asháninka,136.0,26.0,Río Potzoteni
-72.73072,-12.19663,Sababantiari,Machiguenga (Matsigenka),66.0,13.0,Río Ticumpinia
-71.35109,-3.94239,Yarina,Ticuna,250.0,45.0,Río Amazonas
-70.95905,-10.11979,Gasta Bala,Sharanahua,0.0,0.0,Río Purus
-76.14293,-2.86019,Nueva Jerusalén,Achuar,261.0,34.0,Río Macusari
-74.77853,-10.37388,Santa Isabel,Asháninka,253.0,48.0,Río Neguache
-73.19928,-11.52602,Nuevo Mundo,Machiguenga (Matsigenka),783.0,90.0,Río Urubamba
-70.59664,-3.98158,Villa Nueva Vida,Ticuna,50.0,9.0,Quebrada Agua Blanca
-73.85043,-12.45734,Otari,Asháninka,232.0,58.0,Río Otari
-73.80835,-10.85768,Impamequiari,Asháninka,0.0,0.0,Río Tambo
-78.61519,-5.11231,Wampintsa,Aguaruna (Awajun),105.0,23.0,Río Shimutas
-74.46534,-11.24571,Poshonari-Shejaroteni,Asháninka,0.0,0.0,Río Pangoa
-70.88548,-9.79434,Zapote,Culina,0.0,0.0,Río Purus
-74.27946,-11.18034,Puerto Ocopa,Asháninka,0.0,0.0,No hay datos
-73.77779,-12.32682,Comitarincani,Asháninka,44.0,11.0,No hay datos
-73.31887,-11.49534,Kitepampani,Caquinte,74.0,13.0,Río Ayeni
-77.77448,-4.5444,Shimpu,Aguaruna (Awajun),123.0,25.0,Río Marañón
-73.82729,-10.69991,Santa Rosa de Laulate,Asháninka,127.0,23.0,Río Ucayali
-72.90751,-11.81652,Camisea,Machiguenga (Matsigenka),0.0,0.0,Río Urubamba
-77.11601,-4.46543,Yamakai,Aguaruna (Awajun),125.0,25.0,Río Morona
-77.99931,-4.43783,Saasa,Aguaruna (Awajun),419.0,74.0,Río Domingusa
-71.31659,-3.92516,Santa Clara del Amazonas,Ticuna,144.0,35.0,Río Amazonas
-78.53827,-4.81723,Tuyankuwas (Sijiak),Aguaruna (Awajun),1632.0,322.0,Quebrada Sijiak
-74.10271,-10.7583,Mañarini,Ashéninka,0.0,0.0,Río Chitani
-72.92251,-12.56357,Estrella de Alto Sangobatea,Machiguenga (Matsigenka),81.0,13.0,Río Sangobatea
-74.05503,-10.45871,Nuevo Pozo,Asháninka,160.0,34.0,Río Ucayali
-73.14004,-11.92359,Mayapo,Machiguenga (Matsigenka),306.0,45.0,Río Picha
-73.32113,-12.58464,Shimaa,Machiguenga (Matsigenka),0.0,0.0,Río Kumpirushiato
-74.01097,-10.7364,Anacayali,Asháninka,90.0,25.0,Río Unini
-77.5236,-4.83324,"Atahualpa y Anx Sta Rosa, Sachapapa, Napuruka, Palestina, Nvo Belén, Nvo Soledad, Nazareth, Huascar",Aguaruna (Awajun),0.0,0.0,Río Yanapaga
-78.02637,-4.68257,Urakuza,Aguaruna (Awajun),1281.0,80.0,Río Marañón
-72.87896,-11.85353,Cashiriari,Machiguenga (Matsigenka),0.0,0.0,Río Cashiriari
-74.57622,-8.07867,Flor Naciente,Shipibo-Conibo,40.0,8.0,Río Ucayali
-72.97138,-11.38002,Sensa,Piro (Yine),211.0,46.0,Río Urubamba
-77.65183,-4.47552,Bajo Pupuntas,Aguaruna (Awajun),209.0,41.0,Río Marañón
-72.9273,-11.52139,Nueva Luz,Machiguenga (Matsigenka),0.0,0.0,Río Urubamba
-73.79729,-12.43454,Monkirensi,Asháninka,588.0,147.0,Río Apurímac
-72.93443,-12.30117,Poyentimari,Machiguenga (Matsigenka),308.0,49.0,Río Poyentimari
-77.65496,-4.36233,San Juan,Aguaruna (Awajun),180.0,40.0,Río Santiago
-73.06107,-12.05105,Camana,Machiguenga (Matsigenka),392.0,70.0,Río Parotori
-73.92643,-10.65002,Ramón Castilla,Piro (Yine),236.0,51.0,Río Ucayali
-73.30101,-12.40114,Chakopishiato,Machiguenga (Matsigenka),0.0,0.0,Quebrada Kioato
-73.52832,-11.18338,Mayapo,Asháninka,0.0,0.0,Quebrada Mayapo
-78.28354,-5.28336,Sawientsa,Aguaruna (Awajun),0.0,0.0,Río Shushug
-72.62628,-12.55229,Chirumbia,Machiguenga (Matsigenka),279.0,110.0,Río Chirumbia
-78.63644,-5.22337,Bichatín Entsa,Aguaruna (Awajun),0.0,42.0,Río Bichatín Entsa
-73.94577,-10.64435,Unini,Piro (Yine),423.0,96.0,Río Unini
-73.68578,-11.0721,Sharahuaja,Asháninka,166.0,32.0,Quebrada Sharahuaja
-73.90667,-10.79316,Unini,Piro (Yine),0.0,0.0,Río Unini
-73.70594,-10.80044,Buenos Aires,Piro (Yine),137.0,27.0,Río Tambo
-74.43473,-11.26145,Poshonari-Shejaroteni,Asháninka,226.0,84.0,Río Pangoa
-74.14523,-11.37021,Centro Caparocia,Asháninka,0.0,0.0,Río Ene
-74.06826,-10.42455,Pensylvania,Asháninka,250.0,48.0,Río Ucayali
-74.23714,-11.50231,Etzoniari - Alto Crotishari,Asháninka,35.0,9.0,Río Sanibeni
-77.76113,-4.41667,Wajai,Aguaruna (Awajun),200.0,30.0,Río Marañón
-74.06527,-10.69477,Centro Selva Corintoni,Asháninka,146.0,34.0,Quebrada Capiroshongari
-77.74485,-4.50713,Santa Rosa,Aguaruna (Awajun),550.0,69.0,Río Marañón
-74.29424,-10.92595,Javiroshi,Ashéninka,348.0,78.0,Río Pauti
-76.30178,-3.63131,Loboyacu,"Quechua, Pastaza (Kichwa)",450.0,80.0,Río Pastaza
-77.768,-3.98701,Villa Gonzalo,Huambisa (Wampis),2621.0,417.0,Río Santiago
-73.3012,-11.01033,Unión Miraflores Capirona,Asháninka,316.0,44.0,Río Sepa
-73.78437,-10.80695,Unión Canuja,Asháninka,84.0,20.0,Río Tambo
-73.19494,-2.97596,Nueva Vida,Orejón (Mae Juna),130.0,23.0,Río Yanayacu
-75.75583,-2.44019,Marsella,"Quechua, No Especificado",132.0,22.0,Río Tigre
-77.64974,-4.24334,Belén,Aguaruna (Awajun),0.0,0.0,Río Santiago
-76.28109,-3.35906,Nuevo Sabaloyacu,"Quechua, Pastaza (Kichwa)",0.0,0.0,Río Pastaza
-73.85477,-12.20125,Pitirinkini,Asháninka,900.0,225.0,Río Apurimac
-74.37902,-11.16278,Gloriabamba,Asháninka,0.0,0.0,No hay datos
-76.44467,-3.36102,Alianza Cristiana,"Quechua, Pastaza (Kichwa)",0.0,0.0,Lago Anatico
-71.27052,-3.95225,Nueve de Octubre,Yagua,350.0,76.0,Río Mayoruna
-74.24619,-11.14091,Santavancori,Asháninka,63.0,11.0,Río Tambo
-73.06325,-10.94873,Bufeo Pozo,Piro (Yine),0.0,0.0,Río Urubamba
-74.46665,-11.54718,Juan Santos Atahualpa,Nomatsiguenga,54.0,11.0,Río Campirushari
-74.29931,-11.60602,San Juan de Sangareni,Nomatsiguenga,107.0,23.0,Quebrada Comaquiari
-77.33408,-3.78767,Bagazán,Huambisa (Wampis),98.0,18.0,Río Morona
-77.63763,-4.49871,Sanchum,Aguaruna (Awajun),32.0,7.0,Quebrada Pupuntas
-74.134,-10.92752,Mancoite,Ashéninka,94.0,21.0,Quebrada Chontsenquiari
-74.44002,-11.22414,Panga,Asháninka,0.0,0.0,Río Pangoa
-74.17971,-11.11256,Shimabenzo,Asháninka,173.0,34.0,Quebrada Shima
-73.67716,-11.30102,Cheni,Asháninka,435.0,73.0,Quebrada Cheni
-77.86053,-4.10895,Yutupis,Aguaruna (Awajun),0.0,0.0,Río Santiago
-74.79965,-10.47835,Tres Unidos,Asháninka,656.0,189.0,Río Nazarategui
-76.67055,-3.13809,Uwintsa y Anexo Tsuvatentsa,Achuar,186.0,33.0,Río Huasaga
-73.75392,-11.07377,Betania,Asháninka,754.0,160.0,Quebrada Samaireni
-75.09056,-4.35477,Santa Carmela,Urarina,0.0,0.0,Río Chambira
-76.73873,-2.68885,Aimentsa,Achuar,105.0,17.0,Quebrada Kusenayacu
-76.55168,-3.48673,Cocha Purahua,Achuar,170.0,33.0,Lago Cocha Purahua
-73.42033,-12.82853,Aendoshiari,Machiguenga (Matsigenka),125.0,32.0,No hay datos
-73.24385,-11.46591,Porotobango,Machiguenga (Matsigenka),64.0,23.0,Río Huitiricaya
-74.46596,-11.50103,Alto Kiatari,Nomatsiguenga,0.0,0.0,Río Kiatari
-73.37611,-11.13014,Onconashari,Asháninka,140.0,36.0,Río Sepa
-74.14694,-10.80506,Mañarini,Ashéninka,165.0,32.0,Río Chitani
-73.74817,-10.53607,Centro Apinihua,Asháninka,85.0,22.0,Río Ucayali
-75.84821,-2.91019,Pampa Hermosa,Achuar,445.0,81.0,Río Macusari
-73.9851,-10.72617,Tzivetari,Ashéninka,41.0,9.0,Río Unini
-73.84272,-12.30399,Tiñovancani,Asháninka,32.0,8.0,No hay datos
-78.69399,-4.93172,Supayaku,Aguaruna (Awajun),490.0,101.0,Río Chirinos
-73.6378,-11.14971,Mayapo,Asháninka,362.0,83.0,Quebrada Mayapo
-76.40975,-3.77224,Sungachi,"Quechua, Pastaza (Kichwa)",154.0,19.0,Río Pastaza
-73.0127,-11.26332,Miaria,Piro (Yine),644.0,173.0,Río Urubamba
-77.68224,-4.18392,Fortaleza,Aguaruna (Awajun),240.0,22.0,Río Santiago
-73.6973,-11.00719,Quemarija,Asháninka,178.0,44.0,Quebrada Quemarija
-73.5525,-11.3811,Tsoroja,Caquinte,170.0,35.0,Quebrada Tsoroja
-73.45191,-12.87857,Mazokiato,Asháninka,34.0,9.0,Río Kintiareni
-73.77542,-12.60384,Sanpantuari (San Mateo o San Martín),Asháninka,440.0,110.0,Río Quimbiri
-74.86204,-9.97167,Dinamarca,Asháninka,64.0,13.0,Río Apurucayali
-73.80714,-10.74332,Aerija,Asháninka,0.0,0.0,Río Ucayali
-73.76982,-10.86996,Impamequiari,Asháninka,612.0,165.0,Río Tambo
-74.35999,-11.68429,Mazaronquiari,Nomatsiguenga,851.0,148.0,Río Miñaro
-78.11662,-4.68655,Huaracayo,Aguaruna (Awajun),0.0,0.0,Río Marañón
-72.5056,-3.59928,San José de Topal,Yagua,120.0,23.0,Quebrada Yanayacu
-74.43447,-11.23787,Panga,Asháninka,213.0,75.0,Río Pangoa
-76.44171,-3.16551,Siwin,Achuar,382.0,48.0,Lago Siwin
-73.75021,-11.17456,San Francisco de Cushireni,Asháninka,226.0,42.0,Quebrada Cushireni
-73.86433,-10.70152,Sapani,Asháninka,215.0,42.0,Quebrada Sapani
-73.98521,-10.42717,Galilea,Asháninka,124.0,40.0,Río Ucayali
-77.92948,-3.86975,Villa Gonzalo,Huambisa (Wampis),0.0,0.0,Río Santiago
-72.79582,-9.98126,Paititi,Asháninka,80.0,15.0,Río Huacapishtea
-74.09262,-12.01363,Centro Tsomaveni,Asháninka,430.0,80.0,Río Ene
-73.90589,-12.24733,Catungo Quimpiri,Asháninka,176.0,44.0,Río Quinquivini
-74.41374,-0.97238,San Martín de Porres,Secoya,185.0,34.0,Quebrada Yubineto
-77.20099,-4.79469,Setenta Ampliación Sector A,Aguaruna (Awajun),0.0,0.0,No hay datos
-72.90257,-12.04561,Timpia,Machiguenga (Matsigenka),557.0,98.0,Río Urubamba
-78.31868,-5.34996,Alto Wawas,Aguaruna (Awajun),0.0,0.0,Río Wawas
-76.33925,-3.28759,Sabaloyacu,"Quechua, Pastaza (Kichwa)",0.0,0.0,Río Pastaza
-73.92146,-11.61701,Quiteni,Asháninka,0.0,0.0,Río Ene
-73.92095,-10.44874,Puerto Esperanza,Asháninka,0.0,0.0,Río Ucayali
-74.006,-10.35454,Tahuarapa,Ashéninka,270.0,75.0,Río Ucayali
-73.10359,-11.79579,Puerto Huallana,Machiguenga (Matsigenka),456.0,73.0,Río Picha
-74.48671,-11.40732,Chavini,Nomatsiguenga,322.0,80.0,Río Chavini
-77.97116,-4.51227,Pumpushak,Aguaruna (Awajun),151.0,28.0,Río Domingusa
-75.5526,-3.38711,San Ramón,Achuar,51.0,11.0,Cocha Lupuna
-72.92032,-11.73447,Shivankoreni,Machiguenga (Matsigenka),280.0,57.0,Río Camisea
-74.3998,-11.42175,San Antonio de Sonomoro,Nomatsiguenga,0.0,0.0,Río Sonomoro
-73.17231,-11.58877,Carpintero,Machiguenga (Matsigenka),776.0,152.0,Río Urubamba
-73.68424,-10.91013,Santa Rosita de Shirintiari,Asháninka,179.0,36.0,Quebrada Shirintiari
-75.02619,-9.91921,Puerto Porvenir,Amuesha (Yánesha),304.0,59.0,Quebrada María
-74.40517,-11.1179,San José de Quirichari,Asháninka,69.0,23.0,Río Perene
-73.54479,-11.09314,Sharahuaja,Asháninka,0.0,0.0,Quebrada Sharahuaja
-77.51743,-4.54269,"Sinchi Roca Anexos Nueva Israel, Chorros, Nueva Jerusalén y Yanayacu",Aguaruna (Awajun),1017.0,180.0,Quebrada Pifayo Yacu
-74.39049,-11.41445,Unión Alto Saniveni,Nomatsiguenga,186.0,25.0,Río Quipitoshi
-72.97608,-12.43489,Monte Carmelo,Machiguenga (Matsigenka),418.0,81.0,Río Urubamba
-74.07688,-10.36675,Chicosa,Ashéninka,750.0,130.0,Río Ucayali
-75.45242,-10.53055,Tsachopen,Amuesha (Yánesha),511.0,115.0,Río Chorobamba
-77.69701,-4.55719,Bashutak,Aguaruna (Awajun),232.0,41.0,Quebrada Pupuntas
-76.47944,-3.53785,Unión Antonieta,Achuar,94.0,18.0,Río Huasaga
-73.72983,-12.39091,Tseguntini,Asháninka,60.0,15.0,No hay datos
-77.49003,-3.57137,"Nueva Alegría Anexos Triunfo, Kusuim y Tres de Mayo",Huambisa (Wampis),405.0,72.0,Río Morona
-74.86293,-9.21781,Santa Teresa,Amuesha (Yánesha),228.0,40.0,Río Pachitea
-74.85844,-9.637,Nuevo Unidos Tahuantinsuyo,Asháninka,479.0,85.0,Río Negro
-70.10518,-4.08238,Yahuma I Zona,Ticuna,167.0,26.0,Río Amazonas
-78.75169,-4.90313,Naranjos,Aguaruna (Awajun),365.0,75.0,Río Chirinos
-74.1,-10.39007,Chicosa,Ashéninka,0.0,0.0,Río Ucayali
-74.30832,-10.83841,Tshony,Ashéninka,284.0,66.0,Río Tarisa
-78.06038,-4.66034,Yamakentza,Aguaruna (Awajun),0.0,0.0,Río Marañón
-70.85731,-9.98003,San Marcos,Sharanahua,0.0,0.0,Río Purus
-74.85828,-8.21616,Santa Clara,Shipibo-Conibo,134.0,40.0,Río Aguaytía
-75.05585,-4.3289,Santa Teresa,Urarina,0.0,0.0,Quebrada Patoyacu
-73.58757,-11.00995,Quemarija,Asháninka,0.0,0.0,Quebrada Quemarija
-74.71181,-1.30634,Estirón de Santa María,"Quechua, Napo (Kichwa)",110.0,15.0,Quebrada Santa María
-75.45722,-3.45731,Pucacuro,Achuar,231.0,48.0,Quebrada Pucacuro
-76.47063,-4.4674,Nuevo Mambuyacu,Candoshi (Kandozi),138.0,24.0,Río Ungurahui
-77.76188,-3.74886,Alianza Progreso,Huambisa (Wampis),1659.0,267.0,Río Santiago
-78.09899,-4.6761,Huaracayo,Aguaruna (Awajun),249.0,49.0,Río Marañón
-72.83295,-11.94258,Ticumpinia,Machiguenga (Matsigenka),0.0,0.0,Río Urubamba
-74.11242,-10.86263,Shaani,Ashéninka,129.0,28.0,Quebrada Shaani
-77.96222,-4.63269,Chingamar,Aguaruna (Awajun),350.0,80.0,Río Marañón
-74.18351,-10.8413,Materiato,Ashéninka,230.0,56.0,Río Chitane
-73.27269,-11.41685,Porotobango,Machiguenga (Matsigenka),0.0,0.0,Río Huitiricaya
-74.05116,-10.60556,Shenontiari,Asháninka,148.0,26.0,Quebrada Potoshari
-72.78364,-12.00759,Chirumbia,Machiguenga (Matsigenka),0.0,0.0,Río Chirumbia
-77.75014,-4.46752,Adsacusa,Aguaruna (Awajun),391.0,75.0,Río Marañón
-73.66642,-11.12013,Capitiri,Asháninka,220.0,39.0,Quebrada Capitiri
-73.53498,-10.64659,Centro Pucaní,Asháninka,260.0,63.0,Río Urubamba
-76.35927,-3.17514,Naranjal,Achuar,0.0,0.0,Río Pastaza
-73.00938,-12.26699,Poyentimari,Machiguenga (Matsigenka),0.0,0.0,Río Poyentimari
-73.1069,-11.338,Miaria,Piro (Yine),0.0,0.0,Río Urubamba
-72.99455,-11.73095,Camisea,Machiguenga (Matsigenka),277.0,45.0,Río Urubamba
-73.66021,-12.48404,Timpiñari,Asháninka,60.0,15.0,No hay datos
-74.47056,-8.01945,Chachibai,Shipibo-Conibo,29.0,9.0,Quebrada Shugal
-78.34685,-4.96799,Uut,Aguaruna (Awajun),700.0,127.0,Río Marañón
-77.85216,-4.47709,Kashap,Aguaruna (Awajun),113.0,27.0,Río Marañon
-77.7762,-4.04848,Yutupis,Aguaruna (Awajun),1718.0,468.0,Río Santiago
-74.4733,-11.36203,Santa Clara,Asháninka,122.0,30.0,Río Sonomoro
-74.59468,-8.02609,Patria Nueva de Mediación Callería,Shipibo-Conibo,620.0,80.0,Río Callería
-77.23541,-3.91427,Tipishca,Huambisa (Wampis),260.0,44.0,Quebrada Sicuanga
-74.31541,-11.25516,Alto Saureni,Asháninka,167.0,22.0,Río Shankireni
-77.84283,-3.71181,Alianza Progreso,Huambisa (Wampis),0.0,0.0,Río Santiago
-74.00389,-10.53763,Boca Cocani,Asháninka,217.0,53.0,Río Ucayali
-76.31595,-3.43566,Soplín,"Quechua, Pastaza (Kichwa)",220.0,40.0,Río Pastaza
-73.07997,-11.52932,Nueva Vida,Machiguenga (Matsigenka),125.0,24.0,Río Urubamba
-73.20052,-12.73835,Inkaare,Machiguenga (Matsigenka),58.0,12.0,Río Postakiato
-74.9743,-9.90702,Yarina,Amuesha (Yánesha),554.0,130.0,Río Palcazu
-73.68048,-11.37386,Cheni,Asháninka,0.0,0.0,Quebrada Cheni
-73.60034,-10.75446,Huao,Piro (Yine),520.0,88.0,Río Urubamba
-76.77415,-2.99541,Tsekuntsa,Achuar,260.0,35.0,Río Huasaga
-73.8545,-10.52574,Apinihua,Asháninka,272.0,52.0,Río Apinihua
-72.7664,-12.3683,Matoriato,Machiguenga (Matsigenka),291.0,66.0,Río Yavero
-74.41867,-11.53646,Boca del Kiatari,Nomatsiguenga,522.0,86.0,Río Sonomoro
-73.91708,-10.36613,Sheyamashya,Ashéninka,208.0,48.0,Quebrada Puntijao
-75.52691,-8.83436,Mariscal Cáceres,Cacataibo,2850.0,360.0,Río Aguaytía
-73.56117,-11.14375,Yanacita,Asháninka,61.0,12.0,Río Capitiri
-74.21307,-11.61544,Mapotoa,Nomatsiguenga,0.0,0.0,No hay datos
-72.98865,-11.92758,Ticumpinia,Machiguenga (Matsigenka),310.0,55.0,Río Urubamba
-77.98134,-3.67706,Muwaim,Huambisa (Wampis),176.0,33.0,Quebrada Muwain
-73.99867,-10.66698,Centro Selva Tzipani,Asháninka,114.0,22.0,Río Quipachari
-73.98256,-11.22448,Otica,Asháninka,301.0,59.0,Quebrada Ongonene
-76.54411,-3.80113,Kushilla Anexo Santa María,Candoshi (Kandozi),337.0,80.0,Río Manchari
-76.79691,-3.87093,Puerto Pijuayal,Candoshi (Kandozi),404.0,82.0,Río Huitoyacu
-77.44689,-3.03145,Panintza,Achuar,0.0,0.0,Quebrada Situlli
-74.97933,-10.88991,Kivinaki,Asháninka,385.0,62.0,Río Kivinaki
-74.99879,-10.00133,Cahuapanas,Asháninka,1284.0,237.0,Río Pichis
-77.83387,-4.07282,Nueva Jerusalén,Aguaruna (Awajun),0.0,0.0,Río Yutupis
-77.96553,-3.36735,Candungos,Huambisa (Wampis),0.0,0.0,Río Santiago
-78.25857,-5.08973,Sawientsa Bichanak,Aguaruna (Awajun),195.0,50.0,Quebrada Numpatkaim
-74.13679,-11.58912,Saniveni,Asháninka,25.0,8.0,Río Saniveni
-73.85022,-10.67905,Sapani,Asháninka,0.0,0.0,Quebrada Sapani
-77.93155,-4.51628,Kuith,Aguaruna (Awajun),528.0,113.0,Río Domingusa
-74.19383,-11.23288,Samaniato,Asháninka,142.0,33.0,Río Ene
-73.73737,-11.12811,Vista Alegre,Asháninka,195.0,40.0,Quebrada Materiato
-74.05691,-11.52387,Meteni,Asháninka,249.0,48.0,Río Ene
-77.43581,-3.56708,Sanchez Cerro,Huambisa (Wampis),66.0,10.0,Río Morona
-73.95915,-11.69212,Quiteni,Asháninka,239.0,41.0,Río Ene
-76.44917,-3.26621,Siwin,Achuar,0.0,0.0,Lago Siwin
-76.3126,-2.88353,Capahuariyacu,"Quechua, Pastaza (Kichwa)",0.0,0.0,Quebrada Capahuari
-76.56514,-3.43691,Puerto Galileo Independencia Perú,Achuar,0.0,0.0,Río Huasaga
-76.44375,-3.42682,Alianza Cristiana,"Quechua, Pastaza (Kichwa)",648.0,108.0,Lago Anatico
-70.92929,-9.87424,Miguel Grau,Cashinahua,68.0,14.0,Río Curanja
-72.67068,-12.4352,Yoquiri,Machiguenga (Matsigenka),66.0,121.0,Río Yoquiri
-76.45785,-3.61932,Bolognesi,"Quechua, Pastaza (Kichwa)",156.0,33.0,Río Huasaga
-76.58524,-3.39019,Rubina,Achuar,0.0,0.0,Río Huasaga
-75.03828,-4.61276,Nuevo Perú,Urarina,109.0,25.0,Quebrada Asna Caño
-74.94172,-11.01071,Alto Cuyani,Asháninka,240.0,52.0,Río Cuyani
-74.2666,-11.28799,Unión Puerto Ashaninka,Asháninka,445.0,90.0,Río Ene
-74.24884,-10.85,Chochoquiari,Asháninka,158.0,33.0,Quebrada Totzerari
-78.31265,-5.15522,Nazareth,Aguaruna (Awajun),1098.0,262.0,Río Marañón
-73.04136,-11.12777,Sepahua,Piro (Yine),5000.0,800.0,Río Sepahua / Río Urubamba
-73.98181,-12.05711,Quempiri,Asháninka,994.0,172.0,Río Ene
-77.87681,-3.32405,Candungos,Huambisa (Wampis),1050.0,151.0,Río Santiago
-74.22143,-10.93104,Pavote,Ashéninka,253.0,68.0,Río Pauti
-72.8032,-11.84895,Cashiriari,Machiguenga (Matsigenka),154.0,39.0,Río Cashiriari
-73.10096,-11.03566,Puija,Piro (Yine),1020.0,150.0,Río Urubamba
-72.8248,-12.64391,San José de Koribeni,Machiguenga (Matsigenka),665.0,133.0,Río Urubamba
-75.60013,-8.83217,Mariscal Cáceres,Cacataibo,0.0,0.0,Río Aguaytía
-73.13592,-11.28056,Puerto Rico,Asháninka,208.0,47.0,Río Miaria
-73.50717,-11.31196,Poyeni,Asháninka,0.0,0.0,Río Qda.Poyeni
-78.32112,-5.01399,Bukuig,Aguaruna (Awajun),183.0,44.0,Río Marañón
-73.51433,-10.75783,Santa Elena,Asháninka,125.0,30.0,Río Urubamba
-77.17722,-3.94802,Shoroyacocha -  P. Pijuayal,Shapra (Chapara),838.0,140.0,Río Morona
-73.65953,-11.22008,Poyeni,Asháninka,1192.0,264.0,Río Qda.Poyeni
-74.43205,-11.39024,San Jeronimo,Nomatsiguenga,493.0,94.0,Río Sonomoro
-77.52317,-4.34025,Wee,Aguaruna (Awajun),0.0,0.0,Quebrada Agua Azul
-76.41329,-3.51952,Achuar Anatico,Achuar,0.0,0.0,Lago Anatico
-73.69995,-12.45739,Marontoari,Asháninka,192.0,48.0,No hay datos
-76.74338,-2.9941,Kasurtsa,Achuar,132.0,18.0,No hay datos
-76.44379,-3.02251,Huagramona,Achuar,527.0,84.0,Río Pastaza
-74.00971,-12.16777,Quimaropitari,Asháninka,147.0,29.0,Río Ene
-74.56022,-7.98773,Patria Nueva de Mediación Callería,Shipibo-Conibo,0.0,0.0,Río Callería
-72.75454,-12.04974,Timpia,Machiguenga (Matsigenka),0.0,0.0,Río Urubamba
-74.9452,-9.1846,Cleyton,Amuesha (Yánesha),236.0,34.0,Río Pachitea
-71.24362,-3.90901,Sargento Lores de Camote Isla,Yagua,250.0,47.0,Río Amazonas
-74.37547,-11.57851,Jerusalén de Miñaro,Nomatsiguenga,391.0,72.0,Río Señoria
-73.87048,-11.97388,Camantavishi,Asháninka,325.0,71.0,Río Cutivireni
-74.85037,-10.36565,Parceleros Nevati,Asháninka,115.0,17.0,Río Neguache
-77.40324,-4.44034,Shimpi,Aguaruna (Awajun),65.0,13.0,Río Marañón
-76.53922,-3.37105,Rubina,Achuar,497.0,69.0,Río Huasaga
-74.22718,-10.83329,Materiato,Ashéninka,0.0,0.0,Río Chitane
-76.36441,-3.04556,Pañayacu,"Quechua, Pastaza (Kichwa)",180.0,18.0,Río Pastaza
-74.07134,-11.20395,Coriteni Tarso,Asháninka,120.0,32.0,Quebrada Piotene
-77.62741,-4.4463,Tsamajaín,Aguaruna (Awajun),132.0,22.0,Río Marañón
-76.70423,-3.14889,Capahuari del Huasaga,Achuar,0.0,0.0,No hay datos
-73.66501,-10.97367,San Gabriel de Shevoriato,Asháninka,150.0,27.0,Quebrada Shevoriato
-72.97706,-11.47866,Nueva Luz,Machiguenga (Matsigenka),561.0,86.0,Río Urubamba
-78.20471,-4.63149,Mamayaque,Aguaruna (Awajun),350.0,65.0,Río Cenepa
-77.18191,-5.80523,Huascayacu,Aguaruna (Awajun),475.0,137.0,Río Huascayacu
-73.61798,-10.94143,Santa Rosita de Shirintiari,Asháninka,0.0,0.0,Quebrada Shirintiari
-73.28962,-12.80516,Tivoriari,Machiguenga (Matsigenka),111.0,20.0,Río Poyentimari
-74.05536,-11.24522,Coriteni Tarso,Asháninka,0.0,0.0,Quebrada Piotene
-74.30282,-9.84552,Alto Aruya,Asháninka,0.0,0.0,Quebrada Aruya
-77.3895,-3.80225,Numpatkaim,Huambisa (Wampis),195.0,44.0,Río Huachiaco Grande
-73.79242,-10.71701,Aerija,Asháninka,238.0,39.0,Río Ucayali
-77.79892,-4.60046,Pajacusa,Aguaruna (Awajun),160.0,33.0,Río Marañón
-74.13512,-11.48272,Potsoteni,Asháninka,230.0,52.0,Río Ene
-74.25862,-10.83485,Chochoquiari,Asháninka,0.0,0.0,Quebrada Totzerari
-77.36568,-4.81023,"Atahualpa y Anx Sta Rosa, Sachapapa, Napuruka, Palestina, Nvo Belén, Nvo Soledad, Nazareth, Huascar",Aguaruna (Awajun),2663.0,466.0,Río Yanapaga
-74.59233,-8.05862,Flor Naciente,Shipibo-Conibo,0.0,0.0,Río Ucayali
-74.71623,-9.04589,El Naranjal,Asháninka,390.0,88.0,Quebrada Yamiria
-74.16975,-11.30239,Centro Caparocia,Asháninka,331.0,75.0,Río Ene
-77.46404,-3.23562,Brasilia,Achuar,0.0,0.0,Quebrada Mashumar
-73.1078,-11.40054,Sensa,Piro (Yine),0.0,0.0,Río Urubamba
-73.66939,-8.1069,San Mateo,Ashéninka,54.0,10.0,Río Abujao
-73.83009,-11.29893,Oviri,Asháninka,257.0,53.0,Quebrada Oviri
-73.15749,-10.98122,Nueva Unión,Piro (Yine),370.0,48.0,Río Urubamba
-74.47347,-11.0109,Chamiriari,Asháninka,325.0,77.0,Río Perene
-74.53963,-9.36254,Sharara,Shipibo-Conibo,0.0,0.0,Río Ucayali
-76.48437,-3.40218,Puerto Galileo Independencia Perú,Achuar,120.0,19.0,Río Huasaga
-76.54981,-4.08844,"Hortencia Cocha y Anexos San Fernando, Chimara, Nuevo Progreso y Nuevo Ucayali",Candoshi (Kandozi),638.0,110.0,Río Huitoyacu
-77.93787,-4.66623,Chingamar,Aguaruna (Awajun),0.0,0.0,Río Marañón
-73.8914,-11.84708,Cutivireni,Asháninka,956.0,223.0,Río Ene
-76.45117,-2.88933,Andoas Viejo,"Quechua, Pastaza (Kichwa)",670.0,150.0,Río Pastaza
-74.77427,-10.43451,Valle Carhuaz,Asháninka,46.0,8.0,Río Machuriani
-75.29273,-9.31109,Puerto Nuevo,Cacataibo,0.0,0.0,Río San Alejandro
-74.39602,-11.31185,Tsiriari,Nomatsiguenga,447.0,76.0,Río Pangoa
-73.77851,-11.31186,Anapate,Asháninka,243.0,61.0,Quebrada Anapate
-78.17115,-5.35197,Kagka,Aguaruna (Awajun),0.0,0.0,Río Chiriaco
-74.34216,-10.65046,Tziaventeni,Ashéninka,186.0,38.0,Quebrada Oqueshi
-73.75768,-10.63434,Tahuanty,Asháninka,240.0,56.0,Quebrada Chicosillo
-78.43953,-5.01053,Kunchín,Aguaruna (Awajun),1004.0,214.0,Río Shimutas
-78.29904,-4.97126,Uut,Aguaruna (Awajun),0.0,0.0,Río Marañón
-77.33988,-4.21657,Mayuriaga,Huambisa (Wampis),350.0,35.0,Quebrada Mayuriaga
-78.68646,-4.81879,Supayaku,Aguaruna (Awajun),0.0,0.0,Río Chirinos
-75.12027,-10.68829,Unión de La Selva Cacazu,Amuesha (Yánesha),173.0,34.0,Río Cacazu
-73.42296,-11.60059,Taini,Caquinte,100.0,15.0,Río Ayeni
-72.8066,-11.80053,Segakiato,Machiguenga (Matsigenka),312.0,66.0,Río Camisea
-73.09776,-12.38609,Monte Carmelo,Machiguenga (Matsigenka),0.0,0.0,Río Urubamba
-74.48257,-11.45057,San Ramón de Pangoa,Nomatsiguenga,1207.0,198.0,Río San Ramon
-73.27195,-12.64543,Shimaa,Machiguenga (Matsigenka),612.0,147.0,Río Kumpirushiato
-77.76648,-4.19027,Kayamas,Aguaruna (Awajun),64.0,15.0,Río Potoche
-73.97951,-9.9923,Santa Clara,Shipibo-Conibo,120.0,20.0,Río Ucayali (Antiguo)
-73.13725,-11.04287,Puija,Piro (Yine),0.0,0.0,Río Urubamba
-74.03481,-10.55014,Cocani,Ashéninka,118.0,28.0,Quebrada Cocani
-74.42366,-11.43938,San Antonio de Sonomoro,Nomatsiguenga,513.0,89.0,Río Sonomoro
-77.65288,-4.11184,Guayabal,Huambisa (Wampis),0.0,0.0,Río Santiago
-74.41334,-11.86387,Mayni,Nomatsiguenga,65.0,12.0,Río Maguiruari
-78.22925,-5.12835,Wawaim,Aguaruna (Awajun),342.0,62.0,Río Tuntungos
-77.28961,-4.78338,Ugarte,Aguaruna (Awajun),234.0,45.0,Río Marañón
-73.57754,-10.78648,Huao,Piro (Yine),0.0,0.0,Río Urubamba
-73.94517,-10.76068,Santaniari,Asháninka,77.0,21.0,Río Unini
-73.48392,-12.81957,Manitinkiari,Machiguenga (Matsigenka),129.0,31.0,Río Apurimac
-73.09433,-10.96069,Bufeo Pozo,Piro (Yine),1500.0,300.0,Río Urubamba
-73.61025,-11.03634,Shevoja,Asháninka,0.0,0.0,Quebrada Shevoja
-73.81109,-10.64678,Tahuanty,Asháninka,0.0,0.0,Quebrada Chicosillo
-77.274,-3.94225,"Tipishca Cocha Anexos Caballito, Nazareth y Consuelo",Huambisa (Wampis),175.0,29.0,Río Morona
-77.87983,-4.22348,Yujagkim,Aguaruna (Awajun),304.0,55.0,Río Potoche
-74.00093,-10.53398,Boca Cocani,Asháninka,0.0,0.0,Río Ucayali
-78.32722,-5.2608,Wawas,Aguaruna (Awajun),972.0,164.0,Río Wawas
-78.05164,-4.67177,Yamakentza,Aguaruna (Awajun),73.0,17.0,Río Marañón
-76.38555,-2.87562,Nueva Alianza de Capahuari,"Quechua, Pastaza (Kichwa)",450.0,74.0,Quebrada Capahuari
-78.0234,-5.08808,Paantam Entsa,Aguaruna (Awajun),53.0,12.0,Río Cachiyacu
-76.95287,-5.08024,Barranquita y Anexos Buenos Aires y Aichiyacu,Chayahuita (Shawi),928.0,179.0,Quebrada Zapote
-74.47744,-0.52153,Puerto Veliz,"Quechua, No Especificado",99.0,32.0,No hay datos
-76.52798,-5.3153,Betel,Chayahuita (Shawi),0.0,54.0,Quebrada Supayacu
-78.27049,-4.47218,Cusu Pagata,Aguaruna (Awajun),0.0,0.0,Río Comaina
-75.81286,-5.51784,Esperanza de Yaracyacu,Cocama-Cocamilla (Kukama-Kukamiria),160.0,32.0,Quebrada Yuracyacu
-72.21374,-3.12709,Santa Lucia de Pro,Yagua,0.0,0.0,Río Ampiyacu
-75.66732,-4.51212,Juan Velasco Alvarado,Cocama-Cocamilla (Kukama-Kukamiria),131.0,27.0,Río Urituyacu
-71.35911,-12.58848,Palotoa Teparo,Machiguenga (Matsigenka),0.0,18.0,Río Palotoa
-78.19818,-4.41426,Paiza,Aguaruna (Awajun),0.0,0.0,Río Cenepa
-72.08182,-3.196,Nuevo Perú,Bora (Bóóráá),0.0,0.0,Río Yahuarcayacu
-76.65128,-5.5898,Palometayacu,Chayahuita (Shawi),75.0,9.0,Río Paranapura
-69.30678,-12.41053,Boca Pariamanu,Amahuaca,120.0,45.0,Río Las Piedras
-77.90604,-4.70764,Japaime - Escuela,Aguaruna (Awajun),556.0,120.0,Río Nieva
-72.23256,-3.421,Yanayacu,Yagua,151.0,23.0,Río Apayacu
-77.88062,-4.78006,Tunduza,Aguaruna (Awajun),1498.0,417.0,Río Nieva
-74.83646,-10.24482,Túpac Amaru,Asháninka,259.0,45.0,Quebrada Santoche
-77.85148,-4.66498,Peas,Aguaruna (Awajun),85.0,20.0,Río Nieva
-74.92464,-9.93514,Puerto Amistad,Amuesha (Yánesha),300.0,42.0,Río Pichis
-71.21165,-12.44683,Shipitiari,Machiguenga (Matsigenka),0.0,14.0,Río Alto Madre de Dios
-68.73328,-12.53296,Palma Real,Ese Eja,315.0,85.0,Río Madre de Dios
-74.07037,-12.21885,Shimpenchariato,Asháninka,0.0,0.0,Río Ene
-75.03469,-7.75981,Santa Ana,Shipibo-Conibo,480.0,90.0,Río Ucayali
-76.78846,-5.33981,Pistón Benavides,Chayahuita (Shawi),344.0,62.0,Quebrada Lamas Yacu
-75.64138,-5.01065,Puerto Auxilio,Cocama-Cocamilla (Kukama-Kukamiria),130.0,24.0,Río Marañón
-75.30075,-9.48417,Santa Martha,Cacataibo,475.0,100.0,Río Zungaro
-74.57312,-8.1951,Santa Lucia,Shipibo-Conibo,170.0,21.0,Río Ucayali
-76.40361,-6.06712,San Francisco Anexo Pijuayal,Chayahuita (Shawi),464.0,78.0,Río Pampayacu
-75.43875,-4.83347,Triunfo,Cocama-Cocamilla (Kukama-Kukamiria),90.0,20.0,Río Urituyacu
-76.50675,-5.78543,Bellavista,Chayahuita (Shawi),200.0,42.0,Río Cachiyacu
-71.89084,-3.30574,Betania,Bora (Bóóráá),80.0,15.0,Río Ampiyacu
-75.73374,-5.51375,Achual Tipishca,Cocama-Cocamilla (Kukama-Kukamiria),407.0,127.0,Lago Achual Tipishca
-77.93699,-5.12123,Cayamas,Aguaruna (Awajun),1068.0,152.0,Río Nieva
-70.61789,-12.53119,Boca Isiriwe,Harakmbut,0.0,12.0,Río Madre de Dios
-76.33115,-5.90834,San Antonio de Saniyacu,Chayahuita (Shawi),339.0,59.0,Quebrada Saniyacu
-77.90121,-4.55594,Canampa,Aguaruna (Awajun),435.0,80.0,Río Marañón
-75.22569,-9.01862,Sinchi Roca,Cacataibo,2476.0,399.0,Río San Alejandro
-76.68894,-5.70447,Olvido,Chayahuita (Shawi),702.0,140.0,Río Yanayacu
-71.91093,-3.31189,Boras de Pucaurquillo,Bora (Bóóráá),287.0,59.0,Río Ampiyacu
-76.32097,-5.74716,Barrancuyoc,Chayahuita (Shawi),0.0,0.0,Quebrada Barrancuyoc
-75.53215,-8.14779,La Cumbre,Shipibo-Conibo,165.0,30.0,Río Pisqui
-76.57147,-5.65923,Progreso,Chayahuita (Shawi),560.0,74.0,Río Yanayacu
-71.0412,-2.33758,Corbata,"Quechua, No Especificado",100.0,13.0,Río Putumayo
-78.54731,-4.51798,Tagkegip,Aguaruna (Awajun),125.0,20.0,Quebrada Muun Shamatak
-77.59926,-5.24264,Nueva Belice,Aguaruna (Awajun),0.0,19.0,Río Achiyacu
-77.88135,-5.09016,Dapikat Kajekui,Aguaruna (Awajun),121.0,31.0,Quebrada Uchicayamas
-76.44401,-5.55316,San Juan de Palometayacu y Anexo Junín,Chayahuita (Shawi),0.0,0.0,Quebrada Palometayacu
-72.16124,-3.21647,Betania,Bora (Bóóráá),0.0,0.0,Río Ampiyacu
-74.64277,-8.07018,Panaillo,Shipibo-Conibo,50.0,15.0,Quebrada Panaillo
-76.56653,-5.81766,Balsapuerto,Chayahuita (Shawi),160.0,25.0,Río Cachiyacu
-75.82824,-5.72861,Nueva Esperanza,Chayahuita (Shawi),75.0,15.0,Quebrada Shishinahua
-74.35955,-3.91013,Huacachina,"Quechua, No Especificado",51.0,12.0, 
-70.88145,-12.31821,Diamante,Piro (Yine),0.0,15.0,Río Alto Madre de Dios
-73.77053,-4.56729,Villa Buen Pastor,Cocama-Cocamilla (Kukama-Kukamiria),114.0,34.0,Río Marañón
-74.35304,-4.32275,Nueva York,"Quechua, No Especificado",139.0,50.0,Río Tigre
-76.54943,-5.76678,Nuevo Junín,Chayahuita (Shawi),539.0,103.0,Río Cachiyacu
-76.54386,-5.73581,Nuevo Mundo,Chayahuita (Shawi),0.0,0.0,Quebrada Mojarayacu
-74.64108,-5.81366,Capitán Clavero,Cocama-Cocamilla (Kukama-Kukamiria),53.0,25.0,Río Ucayali
-75.85489,-5.37752,Atahualpa,Cocama-Cocamilla (Kukama-Kukamiria),285.0,45.0,Lago Naranjal
-77.82705,-4.62847,Dequentei,Aguaruna (Awajun),54.0,15.0,Quebrada Numpatkeim
-73.16039,-9.25417,Alto Tamaya - Saweto,Ashéninka,90.0,30.0,Quebrada Putaya
-75.69195,-4.53547,Reforma,Cocama-Cocamilla (Kukama-Kukamiria),237.0,56.0,Río Urituyacu
-75.64862,-4.69964,Nuevo Progreso,Urarina,152.0,31.0,Río Urituyacu
-75.57785,-4.98564,Santa Isabel,Cocama-Cocamilla (Kukama-Kukamiria),110.0,20.0,Río Nucuray
-74.81034,-0.21017,Puerto Lupita,"Quechua, No Especificado",31.0,13.0, 
-74.42109,-4.0356,Las Malvinas,"Quechua, No Especificado",0.0,0.0, 
-76.67871,-5.39143,San Juan de Cotoyacu,Chayahuita (Shawi),0.0,0.0,Quebrada Cotoyacu
-74.47918,-8.48841,Nuevo Oriente de Chanajao,Shipibo-Conibo,0.0,20.0,No hay datos
-76.44021,-5.96867,Nuevo Tocache,Chayahuita (Shawi),123.0,23.0,Río Armanayacu
-70.86789,-12.24853,Isla de los Valles,Piro (Yine),0.0,13.0,No hay datos
-72.71399,-9.46048,Santa Rosa,Amahuaca,125.0,25.0,Río Yurua
-74.55659,-5.93522,Encanto Suica Caño,Cocama-Cocamilla (Kukama-Kukamiria),40.0,12.0,Río Ucayali
-75.57814,-5.02468,Nuevo San José,Cocama-Cocamilla (Kukama-Kukamiria),97.0,25.0,Río Marañón
-73.6288,-10.32011,Churinashi,Asháninka,300.0,51.0,Río Cohengua
-71.92199,-3.16169,Boras de Brillo Nuevo,Bora (Bóóráá),0.0,0.0,Río Yahuaryacu
-78.08973,-5.06219,Piitug,Aguaruna (Awajun),38.0,10.0,Quebrada Ambuja
-75.77683,-5.25693,Ocho de Octubre,Cocama-Cocamilla (Kukama-Kukamiria),296.0,62.0,Río Huallaga
-76.60789,-5.62538,Sabaloyacu,Chayahuita (Shawi),172.0,35.0,Río Paranapura
-76.32467,-6.02258,Las Amazonas Anexo Shapaja,Chayahuita (Shawi),530.0,72.0,Río Yanayacu
-71.57827,-12.8796,Santa Rosa de Huacaria,Machiguenga (Matsigenka),320.0,62.0,Río Huacaria
-74.63334,-3.63794,Nuevo Triunfo,"Quechua, No Especificado",18.0,5.0,Quebrada Pavayacu
-72.12307,-3.32455,Nuevo Porvenir,Huitoto,35.0,8.0,Río Ampiyacu
-74.89865,-9.34716,Tsirotzire,Asháninka,116.0,25.0,Quebrada San Pablo
-76.5745,-5.88417,Canoa Puerto,Chayahuita (Shawi),580.0,104.0,Río Cachiyacu
-78.02164,-4.99427,Duship,Aguaruna (Awajun),1305.0,202.0,Quebrada Ambuja
-76.5262,-5.71436,Nuevo Naranjal,Chayahuita (Shawi),0.0,0.0,Quebrada Mojarayacu
-73.83397,-5.57293,Villa Buen Jesús de Paz,Cocama-Cocamilla (Kukama-Kukamiria),35.0,8.0,Río Tapiche
-74.55219,-3.74561,Pueblo Joven Sargento Lores,"Quechua, No Especificado",116.0,45.0, 
-72.12897,-3.39694,Tierra Firme,Huitoto,0.0,0.0,Río Ampiyacu
-75.93324,-4.86031,Junín de Pavayacu,Cocama-Cocamilla (Kukama-Kukamiria),75.0,16.0,Quebrada Pavayacu
-75.22741,-0.11932,Tres Fronteras,"Quechua, No Especificado",166.0,45.0, 
-75.58038,-8.694,Santa Rosa,Shipibo-Conibo,0.0,0.0,Río Aguaytía
-71.33233,-2.4188,Pesquería,"Quechua, No Especificado",10.0,2.0,Lago Naranjo Mutun
-72.0595,-3.35682,Tierra Firme,Huitoto,84.0,18.0,Río Ampiyacu
-75.23624,-10.75059,Mayme,Amuesha (Yánesha),135.0,25.0,Río Colorado
-74.35269,-9.16564,Roya,Shipibo-Conibo,0.0,0.0,Cocha Tipishca
-76.39714,-5.73996,Moyobambillo,Chayahuita (Shawi),479.0,61.0,Río Paranapura
-78.14272,-4.56424,Tuutin,Aguaruna (Awajun),0.0,0.0,Río Cenepa
-76.73531,-5.5024,Nueva Vida y Anexos Gallinazo Yacu y Los Angeles,Chayahuita (Shawi),1345.0,337.0,Río Paranapura
-72.22135,-3.25929,Estirón del Cusco,Huitoto,0.0,0.0,Río Ampiyacu
-75.79178,-4.42263,Nueva Alianza,Cocama-Cocamilla (Kukama-Kukamiria),672.0,146.0,Río Urituyacu - Marañón
-76.00593,-4.79455,Nuevo Mundo de Pavayacu,Cocama-Cocamilla (Kukama-Kukamiria),696.0,140.0,Quebrada Pavayacu
-77.8664,-4.65325,Seasmi,Aguaruna (Awajun),954.0,148.0,Río Nieva
-76.59235,-5.79146,Monte Alegre,Chayahuita (Shawi),220.0,43.0,Río Caballitoyacu
-76.02567,-5.1387,Vista Alegre,Jebero (Shiwilu),105.0,25.0,Río Aipena
-75.998,-4.07777,San Juan de Abejaico,Cocama-Cocamilla (Kukama-Kukamiria),170.0,33.0,Río Urituyacu
-72.01331,-3.18363,Boras de Colonia,Bora (Bóóráá),62.0,12.0,Quebrada Zumún
-74.61616,-5.82329,Puerto Clavero,Cocama-Cocamilla (Kukama-Kukamiria),74.0,22.0,Río Ucayali
-76.461,-5.98422,Nuevo Uchiza,Chayahuita (Shawi),250.0,40.0,Río Yuracyacu
-74.48181,-3.76715,Nuevo Retiro,"Quechua, No Especificado",34.0,12.0, 
-76.45234,-5.85693,Santa Marta,Chayahuita (Shawi),165.0,44.0,Río Yanayacu
-77.87996,-3.93639,Aintam,Huambisa (Wampis),222.0,42.0,Quebrada Kashap
-76.35595,-5.68521,Nuevo Varadero,Chayahuita (Shawi),0.0,0.0,Quebrada Oculiza
-71.97661,-3.28035,Nuevo Perú,Bora (Bóóráá),76.0,13.0,Río Yahuarcayacu
-72.00751,-3.12386,Boras de Colonia,Bora (Bóóráá),0.0,0.0,Quebrada Zumún
-74.82261,-0.32969,Santa Rosa de Escalante,"Quechua, No Especificado",49.0,18.0, 
-76.3586,-5.86989,San Juan de Armanayacu,Chayahuita (Shawi),130.0,40.0,Río Armanayacu
-74.74901,-0.36109,Peneyta,"Quechua, No Especificado",52.0,11.0, 
-76.51977,-5.79849,Nuevo Barranquita,Chayahuita (Shawi),381.0,73.0,Río Cachiyacu
-77.29372,-3.03958,Yankuntich,Achuar,0.0,0.0,Quebrada Yankuntich
-74.45523,-4.12493,Piura,"Quechua, No Especificado",0.0,0.0,Río Tigre
-78.04912,-4.88035,Shawit,Aguaruna (Awajun),4634.0,997.0,Quebrada Chiangos
-75.70086,-4.57608,Cafetal,Cocama-Cocamilla (Kukama-Kukamiria),88.0,20.0,Río Urituyacu
-74.20956,-11.76816,Tres Unidos de Matereni,Nomatsiguenga,1381.0,263.0,Río Anapati
-74.42995,-9.1017,Puerto Grau,Shipibo-Conibo,0.0,0.0,Río Ucayali
-74.40687,-3.80971,Libertad,"Quechua, No Especificado",586.0,0.0, 
-77.96818,-5.17584,Awananch,Aguaruna (Awajun),0.0,34.0,Quebrada Yutuientsa
-69.20382,-12.45952,Puerto Arturo,"Quechua, No Especificado",200.0,39.0,Río Madre de Dios
-75.65494,-8.76242,Yamino,Cacataibo,172.0,45.0,Río Shamboyacu
-77.76511,-5.30515,Agkais,Aguaruna (Awajun),140.0,30.0,Río Nieva
-75.77295,-4.81967,Puerto Alegre,Cocama-Cocamilla (Kukama-Kukamiria),163.0,21.0,Río Nucuray
-76.84264,-5.25444,"Palmiche Anexo Zapote, Chacatan",Chayahuita (Shawi),1654.0,305.0,Río Sillay
-78.20941,-4.4546,Canga,Aguaruna (Awajun),0.0,0.0,Río Comaina
-74.64474,-5.97211,Bellavista,Cocama-Cocamilla (Kukama-Kukamiria),49.0,22.0,Río Ucayali
-76.50115,-5.73488,Nueva Esperanza,Chayahuita (Shawi),877.0,237.0,Río Cachiyacu
-76.78272,-5.09484,Pandora Anexo Sinchi Roca,Chayahuita (Shawi),337.0,68.0,Río Sillay
-71.99817,-3.34409,Nueva Esperanza,Ocaina,142.0,17.0,Río Yaguasyacu
-71.03152,-12.39481,Diamante,Piro (Yine),0.0,0.0,Río Alto Madre de Dios
-72.48568,-2.45727,Nuevo Porvenir,"Quechua, No Especificado",30.0,7.0,Río Putumayo
-76.73042,-5.66151,Soledad de Huitoyacu,Chayahuita (Shawi),715.0,143.0,Río Yanayacu
-69.82944,-11.04091,Bélgica,Machiguenga (Matsigenka),0.0,12.0,Río Acre
-72.15633,-3.35053,Nuevo Porvenir,Huitoto,0.0,0.0,Río Ampiyacu
-75.88807,-5.42904,Naranjal,Cocama-Cocamilla (Kukama-Kukamiria),125.0,38.0,Río Huallaga
-75.87854,-5.26868,Tamarate,Cocama-Cocamilla (Kukama-Kukamiria),483.0,89.0,Río Huallaga
-76.37857,-5.76491,Fray Martín,Chayahuita (Shawi),575.0,130.0,Río Paranapura
-71.45788,-2.36925,Puerto Franco,Yagua,86.0,25.0,Río Putumayo
-72.01469,-3.2248,Boras de Brillo Nuevo,Bora (Bóóráá),292.0,82.0,Río Yahuaryacu
-76.66738,-5.49768,Shipiru,Chayahuita (Shawi),0.0,0.0,Quebrada Palometayacu
-76.15715,-5.23593,San Antonio de Rumiyacu,Jebero (Shiwilu),200.0,34.0,Río Rumiyacu
-69.25438,-12.75655,Infierno,Ese Eja,0.0,80.0,Río Tambopata
-72.4312,-3.26935,Cuzco,Cocama-Cocamilla (Kukama-Kukamiria),122.0,26.0,Río Apayacu
-74.77663,-0.3365,Nuevo Peneya,"Quechua, No Especificado",67.0,22.0, 
-78.09999,-4.82278,Kuji,Aguaruna (Awajun),0.0,0.0,Quebrada Najaim
-74.76485,-10.91926,Waypancuni,Asháninka,86.0,18.0,Río Autiki
-73.77267,-5.30934,Cristo Redentor,Cocama-Cocamilla (Kukama-Kukamiria),92.0,21.0,Río Tapiche
-71.26967,-12.68876,Shintuya,Amarakaeri,0.0,30.0,Río Madre de Dios
-77.35728,-3.16952,Katira,Achuar,0.0,0.0,Quebrada Katira
-74.73177,-9.61773,Tres Hermanos del Sira,Asháninka,22.0,4.0,Río Chinchihuani
-76.49732,-5.6337,Maranatha,Chayahuita (Shawi),280.0,64.0,Río Paranapura
-76.40027,-5.70758,San Gabriel de Varadero,Chayahuita (Shawi),850.0,170.0,Río Paranapura
-71.2301,-2.39807,Betania,Huitoto,23.0,4.0,Río Caño Carabina
-77.14675,-5.33508,Santa Martha,Aguaruna (Awajun),829.0,130.0,Río Unguyacu
-70.65671,-3.43757,San José de Loreto Yacu,Yagua,163.0,28.0,Río Loreto Yacu
-76.37912,-5.88231,San Lorenzo de Armanayacu,Chayahuita (Shawi),207.0,44.0,Río Armanayacu
-77.03865,-5.23571,Santa María,Chayahuita (Shawi),1036.0,224.0,Río Cahuapanas
-78.39996,-4.53264,Yagku Entsa,Aguaruna (Awajun),124.0,22.0,Quebrada Ijigkim
-76.4025,-5.90016,Nuevo Progreso,Chayahuita (Shawi),466.0,74.0,Río Armanayacu
-78.04644,-4.80086,Majanu - Entsa,Aguaruna (Awajun),340.0,70.0,Quebrada Ajachim
-78.30944,-4.51216,Paantan Entsa,Aguaruna (Awajun),0.0,0.0,Río Canga
-76.50376,-5.90749,Nuevo Saramiriza,Chayahuita (Shawi),80.0,15.0,Quebrada Majamboyacu
-77.28897,-5.09634,Porvenir,Aguaruna (Awajun),950.0,156.0,Río Potro
-76.54186,-5.8783,Nueva Luz,Chayahuita (Shawi),182.0,35.0,Río Cachiyacu
-76.47475,-5.89779,San Pedro de Porotoyacu,Chayahuita (Shawi),248.0,40.0,Río Porotoyacu
-76.47431,-6.00395,Angaiza,Chayahuita (Shawi),300.0,30.0,Quebrada Yuracyacu
-76.49849,-5.61021,Nuevo Canaan,Chayahuita (Shawi),0.0,0.0,Quebrada Panan
-75.14904,-8.98856,Sinchi Roca,Cacataibo,0.0,0.0,Río San Alejandro
-70.24276,-2.76708,Santa Rosa de Cauchillo,Ticuna,110.0,24.0,Río Yagua
-71.91636,-3.28485,Boras de Pucaurquillo,Bora (Bóóráá),0.0,0.0,Río Ampiyacu
-77.80975,-5.14641,Tatankus,Aguaruna (Awajun),32.0,7.0,Río Nieva
-71.35387,-13.00276,Queros,Huachipaire,56.0,6.0,Río Queros
-75.97343,-5.15797,Nuevo San Francisco,Jebero (Shiwilu),100.0,12.0,Río Aipena
-75.80628,-4.92547,Nuevo Triunfo,Chayahuita (Shawi),260.0,55.0,Quebrada Shishinahua
-75.29697,-4.65629,San Antonio de Bancal,Urarina,120.0,20.0,Río Urituyacu
-76.44837,-5.67505,Irapay,Chayahuita (Shawi),128.0,27.0,Río Paranapura
-75.40675,-4.58012,Lupunayo,Cocama-Cocamilla (Kukama-Kukamiria),203.0,37.0,Río Urituyacu
-74.9611,-9.79377,Santa Isabel,Amuesha (Yánesha),234.0,44.0,Río Pachitea
-77.84255,-4.89353,Kayakusha,Aguaruna (Awajun),862.0,175.0,Quebrada Kigkis
-76.52623,-5.82273,Cachiyacu,Chayahuita (Shawi),121.0,28.0,Quebrada Pintuyaquillo
-70.11941,-2.81342,El Alamo,Yagua,220.0,45.0,Río Putumayo
-78.08474,-4.96004,Nujagkin,Aguaruna (Awajun),32.0,12.0,Río Chiangos
-71.86413,-3.30391,San José de Piri,Yagua,210.0,68.0,Río Ampiyacu
-76.42297,-6.03726,San Francisco Anexo Pijuayal,Chayahuita (Shawi),464.0,78.0,Río Pampayacu
-72.37133,-2.48269,Nuevo Perú y Anexo Nuevo Progreso,Yagua,92.0,22.0,Quebrada Andrea
-77.88173,-5.25838,Ugkum,Aguaruna (Awajun),250.0,43.0,Quebrada Numpatkeim
-77.76295,-3.53302,Soledad,Huambisa (Wampis),507.0,63.0,Río Santiago
-70.29862,-11.77592,Monte Salvado,Piro (Yine),0.0,0.0,No hay datos
-76.09975,-5.17687,San Francisco del Algodonal,Jebero (Shiwilu),187.0,20.0,Río Aipena
-75.86236,-4.23907,Pintuyacu,Cocama-Cocamilla (Kukama-Kukamiria),56.0,12.0,Río Urituyacu
-77.43627,-4.96662,Pachacutec,Aguaruna (Awajun),715.0,105.0,Río Aichiyacu
-71.55512,-2.30378,Bobona - Río Putumayo,"Quechua, No Especificado",23.0,6.0,Río Bobona
-71.96638,-3.30894,Huitotos del Estirón,Huitoto,0.0,0.0,Río Ampiyacu
-76.68988,-5.5547,Libertad,Chayahuita (Shawi),1320.0,230.0,Río Paranapura
-72.11877,-3.10884,Boras de Pucaurquillo,Bora (Bóóráá),0.0,0.0,Río Ampiyacu
-76.50394,-5.41984,Nuevo Antioquia,Chayahuita (Shawi),0.0,0.0,No hay datos
-75.85878,-4.79652,San Pedro del Estreno,Candoshi (Kandozi),25.0,5.0,Río Nucuray
-72.03059,-3.34788,Estirón del Cusco,Huitoto,172.0,39.0,Río Ampiyacu
-75.79762,-5.73108,San Pablo de la Cruz,Chayahuita (Shawi),170.0,20.0,Río Shishinahua
-76.09321,-4.68432,San Juan de Pavayacu,Cocama-Cocamilla (Kukama-Kukamiria),115.0,14.0,Quebrada Pavayacu
-76.84968,-5.35131,San Ramón de Sinar,Chayahuita (Shawi),924.0,161.0,Río Sillay
-78.10833,-4.55814,Wawaim,Aguaruna (Awajun),0.0,0.0,Río Cenepa
-74.99475,-10.61719,San Francisco de Alto Azupizu,Amuesha (Yánesha),36.0,8.0,Río Azupizu
-78.10299,-5.12079,Tamish Namak,Aguaruna (Awajun),140.0,25.0,Quebrada Tamish Nanak
-77.0805,-4.91834,Sake,Aguaruna (Awajun),0.0,0.0,Río Potro
-78.05269,-4.98416,Tsamash,Aguaruna (Awajun),30.0,12.0,Quebrada Ambuja
-76.17773,-4.57131,Nueva Creación,Cocama-Cocamilla (Kukama-Kukamiria),96.0,20.0,Quebrada Pavayacu
-74.27544,-11.9787,Shora de Alto Coriri,Asháninka,0.0,0.0,No hay datos
-75.27069,-4.72016,Guineal,Urarina,140.0,25.0,Río Urituyacu
-76.835,-5.44797,Chayahuita,Chayahuita (Shawi),880.0,160.0,Río Sillay - Lampiyacu
-74.35147,-3.96339,San Jorge,"Quechua, No Especificado",105.0,19.0,Río Tigre
-70.83214,-2.31516,Puerto Nuevo,"Quechua, No Especificado",52.0,9.0,Cocha Codo
-76.59885,-5.5145,Pucalpillo,Chayahuita (Shawi),955.0,171.0,Río Paranapura
-77.88058,-4.70646,Japaime - Quebrada,Aguaruna (Awajun),255.0,38.0,Río Nieva
-74.45113,-4.22399,Monte Verde,"Quechua, No Especificado",0.0,0.0,Río Tigre
-75.74748,-4.49453,San Enrique,Cocama-Cocamilla (Kukama-Kukamiria),137.0,29.0,Río Urituyacu
-72.29872,-3.37853,Sabalillo,Yagua,115.0,22.0,Río Apayacu
-72.30376,-3.11597,Huitotos de Pucaurquillo,Huitoto,0.0,0.0,Río Ampiyacu
-71.1516,-2.40449,Remanso,Huitoto,320.0,60.0,Río Putumayo
-75.71945,-5.74656,Nuevo Triunfo,Chayahuita (Shawi),260.0,55.0,Quebrada Shishinahua
-77.96985,-4.78033,Waisim,Aguaruna (Awajun),636.0,128.0,Río Chiangos
-74.37369,-3.8934,Nuevo Belgica,"Quechua, No Especificado",54.0,15.0, 
-76.51662,-5.86262,San Lorenzo,Chayahuita (Shawi),501.0,100.0,Río Cachiyacu
-76.43824,-5.91304,Nuevo Arica,Chayahuita (Shawi),163.0,39.0,Río Armanayacu
-76.98192,-5.4137,Caupan,Aguaruna (Awajun),1894.0,443.0,Río Cahuapanas
-76.68808,-5.425,Nueva Era,Chayahuita (Shawi),0.0,0.0,Quebrada Palometa
-76.69443,-5.62716,Loreto,Chayahuita (Shawi),300.0,50.0,Quebrada Sabaloyacu
-78.15286,-5.18592,Shimpuents - Bakants,Aguaruna (Awajun),738.0,152.0,Río Tuntungos
-72.25147,-3.18719,Huitotos del Estirón,Huitoto,0.0,0.0,Río Ampiyacu
-76.3481,-6.06747,Villa Hermoza Anexo Nueva Alianza,Chayahuita (Shawi),175.0,35.0,Quebrada Sabalo
-76.64897,-5.68439,Soledad,Chayahuita (Shawi),1522.0,373.0,Río Yanayacu
-78.15098,-5.14655,Umpunchig,Aguaruna (Awajun),0.0,0.0,Río Tuntungos
-71.99704,-3.27851,Puerto Isango,Ocaina,15.0,3.0,Río Yahuaryacu
-77.84587,-4.62702,Achuaga,Aguaruna (Awajun),300.0,72.0,Río Nieva
-76.36818,-5.7887,Oculiza,Chayahuita (Shawi),800.0,220.0,Río Paranapura
-72.75598,-2.44186,Puerto Aurora y Anexo Costa Azul,"Quechua, No Especificado",130.0,32.0,Río Pleto Cocha
-72.09757,-3.25679,Nueva Esperanza,Ocaina,0.0,0.0,Río Yaguasyacu
-76.43601,-5.46992,Antioquia,Chayahuita (Shawi),0.0,0.0,Quebrada Panan
-76.75341,-5.68583,San Antonio de Yanayacu,Chayahuita (Shawi),97.0,41.0,Quebrada Yanayacu
-71.94091,-3.29454,Huitotos de Pucaurquillo,Huitoto,0.0,0.0,Río Ampiyacu
-74.35783,-4.00226,Santa Rosa,"Quechua, No Especificado",0.0,0.0, 
-71.87507,-3.29501,Santa Lucia de Pro,Yagua,288.0,40.0,Río Ampiyacu
-76.46183,-5.8005,Churuyacu,Chayahuita (Shawi),0.0,0.0,Quebrada Yanayaquillo
-76.44324,-5.39528,Punchana Anexo Santa Rosa,Chayahuita (Shawi),138.0,50.0,Quebrada Choruyacu
-75.74483,-5.42049,Pampa Hermosa,Chamicuro,160.0,22.0,Lago Achual Tipishca
-74.66079,-5.9504,Condorcanqui,Cocama-Cocamilla (Kukama-Kukamiria),49.0,15.0,Río Ucayali
-71.96188,-3.3244,Huitotos del Estirón,Huitoto,93.0,18.0,Río Ampiyacu
-71.97424,-3.21431,Boras de Brillo Nuevo,Bora (Bóóráá),0.0,0.0,Río Yahuaryacu
-75.75747,-5.7314,San Francisco,Chayahuita (Shawi),86.0,24.0,Río Shishinahua
-77.93293,-4.91943,Chamikar,Aguaruna (Awajun),4331.0,952.0,Río Kinkis
-75.25511,-9.0195,Sinchi Roca II,Cacataibo,0.0,0.0,No hay datos
-72.78465,-3.20128,Yahuas de Basilio,Yagua,75.0,7.0,Río Napo
-71.9325,-3.32173,Huitotos de Pucaurquillo,Huitoto,270.0,49.0,Río Ampiyacu
-78.03044,-5.19617,Iwanch Ujugmamu,Aguaruna (Awajun),170.0,18.0,Quebrada Cachiyacu
-74.54293,-5.70649,Perla de Camunguy,Cocama-Cocamilla (Kukama-Kukamiria),73.0,20.0,Río Ucayali
-77.9999,-5.15086,Cachiyacu,Aguaruna (Awajun),1030.0,237.0,Río Cachiyacu
-76.73593,-5.2672,Sachavaca,Chayahuita (Shawi),721.0,165.0,Río Sillay
-73.59524,-12.70708,Maketi,Asháninka,84.0,21.0,Río Maquete
-74.1653,-11.668,Mencoriari,Nomatsiguenga,165.0,26.0,Río Anapati
-74.55372,-8.69711,Nueva Alianza,Shipibo-Conibo,92.0,20.0,Río Pachitea
-74.40471,-3.89329,7 de Marzo,"Quechua, No Especificado",0.0,0.0,No hay datos
-74.42485,-4.66985,Nuevo Arica,Cocama-Cocamilla (Kukama-Kukamiria),288.0,60.0,Río Samiria
-76.5378,-5.66905,Panan,Chayahuita (Shawi),930.0,193.0,Río Paranapura
-76.30582,-5.9514,San Roque de Yahuaryacu,Chayahuita (Shawi),190.0,30.0,Quebrada Yahuaryacu
-73.74763,-4.52161,Santa Fé,Cocama-Cocamilla (Kukama-Kukamiria),165.0,77.0,Río Marañón
-74.66537,-9.74035,Puerto Nuevo de Opokiari,Asháninka,0.0,0.0,Río Anacayali
-78.35381,-4.02475,Uchi Numpatkaim,Aguaruna (Awajun),48.0,10.0,Río Cenepa
-73.76666,-11.97576,Camantavishi,Asháninka,325.0,71.0,Río Cutivireni
-74.66409,-10.3948,Saniveni,Asháninka,0.0,0.0,No hay datos
-74.33082,-11.89669,Tincabeni,Nomatsiguenga,93.0,22.0,Río Arania
-78.57845,-4.37583,Tunas,Aguaruna (Awajun),30.0,5.0,Quebrada Achuim
-72.24277,-2.47136,Puerto Milagro,"Quechua, No Especificado",44.0,12.0,Río Supina Cocha
-75.60315,-5.02747,Puerto Victoria,Cocama-Cocamilla (Kukama-Kukamiria),80.0,21.0,Río Marañón
-74.58846,-10.51631,San Antonio de Ametzironi,Asháninka,34.0,8.0,Río Neguache
-74.25916,-11.58207,Mapotoa,Nomatsiguenga,0.0,0.0,No hay datos
-73.79871,-11.17723,San Francisco de Cushireni,Asháninka,226.0,42.0,Quebrada Cushireni
-73.83575,-11.07448,Betania,Asháninka,754.0,160.0,Quebrada Samaireni
-75.61881,-8.22995,Nuevo Edén,Shipibo-Conibo,1100.0,210.0,Río Pisqui
-72.89264,-9.97028,Nueva Luz de Arara,Asháninka,43.0,12.0,Río Huacapishtea
-74.54869,-10.46808,Kempityari,Asháninka,0.0,0.0,No hay datos
-73.14342,-12.30518,San José de Koribeni,Machiguenga (Matsigenka),665.0,133.0,Río Urubamba
-74.69843,-10.08993,Alto Sungaroyali,Asháninka,50.0,7.0,Río Sungaruyali
-74.66336,-9.71458,Monterrico de Opokiari,Asháninka,0.0,0.0,Río Chinchihuani
-75.20103,-4.30057,Copalillo,Urarina,49.0,13.0,Río Chambira
-74.60893,-10.06888,Divisoria,Asháninka,35.0,16.0,Río Apurucayali
-74.32596,-11.30008,Alto Saureni,Asháninka,167.0,22.0,Río Shankireni
-76.78924,-4.68227,Estrella,"Quechua, No Especificado",1190.0,100.0,Río Marañón
-74.67719,-9.66847,Selva de Oro,Asháninka,18.0,3.0,Río Chinchihuani
-74.2573,-11.62124,San Juan de Sangareni,Nomatsiguenga,107.0,23.0,Quebrada Comaquiari
-74.50806,-8.72198,Vista Alegre de Boca del Pachitea,Shipibo-Conibo,600.0,120.0,Río Ucayali
-74.62398,-10.2865,Madre de Dios,Asháninka,82.0,21.0,Río Anacayali
-78.27609,-3.60204,Wee,Aguaruna (Awajun),30.0,10.0,Río Cenepa
-73.71883,-11.90917,Cutivireni,Asháninka,956.0,223.0,Río Ene
-75.63357,-7.96291,Manco Capac,Shipibo-Conibo,570.0,100.0,Río Pisqui
-75.52896,-7.7847,San Luis de Charasmana,Shipibo-Conibo,853.0,220.0,Río Pisqui
-74.24436,-11.3449,Unión Puerto Ashaninka,Asháninka,445.0,90.0,Río Ene
-73.78818,-11.21726,Anapate,Asháninka,243.0,61.0,Quebrada Anapate
-78.59847,-4.47595,Tagkegip,Aguaruna (Awajun),125.0,20.0,Quebrada Muun Shamatak
-73.77431,-11.36237,Anapate,Asháninka,243.0,61.0,Quebrada Anapate
-75.50211,-9.30535,Puerto Azul,Cacataibo,341.0,74.0,Río Aguaytía
-74.7551,-1.11372,Vencedor,"Quechua, Napo (Kichwa)",380.0,50.0,Quebrada Santa María
-74.37198,-11.25849,Yorini,Asháninka,43.0,15.0,Río Itzuniari
-72.23528,-3.37707,Yanayacu,Yagua,151.0,23.0,Río Apayacu
-72.31796,-3.26181,Cuzco,Cocama-Cocamilla (Kukama-Kukamiria),122.0,26.0,Río Apayacu
-73.94891,-11.30366,Otica,Asháninka,301.0,59.0,Quebrada Ongonene
-74.63567,-10.06014,Platanillo de Getarine,Asháninka,0.0,0.0,Río Apurucayali
-78.30617,-4.05704,Sawientsa,Aguaruna (Awajun),0.0,0.0,Río Cenepa
-78.36676,-3.83435,Tunim,Aguaruna (Awajun),34.0,6.0,Río Cenepa
-78.42214,-4.39403,Kusu-Numpatkeim,Aguaruna (Awajun),569.0,96.0,Río Numpatkaim
-74.51812,-9.87687,San Martín de Apurucayali,Asháninka,0.0,0.0,Río Apurucayali
-74.49146,-10.4529,La Paz de Pucharine,Asháninka,53.0,9.0,Río Tereshari
-74.46245,-1.15243,San Martín de Porres,Secoya,185.0,34.0,Quebrada Yubineto
-75.19329,-6.2452,Nueva Cajamarca,Shipibo-Conibo,125.0,18.0,Cocha Cajamarca
-73.84527,-12.06952,Quempiri,Asháninka,994.0,172.0,Río Ene
-72.29922,-3.33259,Sabalillo,Yagua,115.0,22.0,Río Apayacu
-74.22883,-11.37107,Potsoteni,Asháninka,230.0,52.0,Río Ene
-73.38416,-6.01483,Matses,Mayoruna (Matsés),1663.0,315.0,Río Gálvez
-74.66848,-0.96516,San Martín de Porres,Secoya,185.0,34.0,Quebrada Yubineto
-74.69164,-11.23197,San Miguel,Asháninka,61.0,16.0,Río Blanca
-76.4276,-6.02813,Nuevo Nauta,Chayahuita (Shawi),60.0,16.0,Río Yanayacu
-78.18807,-4.55253,Pagki,Aguaruna (Awajun),60.0,10.0,Río Cenepa
-74.64468,-10.22884,Betania,Asháninka,68.0,15.0,Río Anacayali
-78.40524,-3.95572,Ajuntai Entsa,Aguaruna (Awajun),30.0,10.0,Río Cenepa
-73.01486,-9.98344,Onconashary,Asháninka,118.0,23.0,Río Huacapishtea
-74.32591,-4.71845,Bolivar,Cocama-Cocamilla (Kukama-Kukamiria),48.0,10.0,Río Samiria
-72.02897,-3.26624,Puerto Isango,Ocaina,0.0,0.0,Río Yahuaryacu
-76.61245,-5.75471,Santa Mercedes de Pillingue,Chayahuita (Shawi),294.0,50.0,Quebrada Pillingue
-74.20791,-11.18832,Samaniato,Asháninka,142.0,33.0,Río Ene
-73.85866,-11.33727,Oviri,Asháninka,257.0,53.0,Quebrada Oviri
-74.64838,-0.82887,Mashunta,Secoya,74.0,18.0,Quebrada Angusilla
-75.14544,-4.36594,Santa Beatriz,Urarina,102.0,21.0,Quebrada Pangayacu
-73.19231,-12.48661,Shimaa,Machiguenga (Matsigenka),612.0,147.0,Río Kumpirushiato
-73.88254,-11.09103,Camajini,Asháninka,136.0,38.0,Quebrada Mangoreni
-77.62689,-3.96659,Kusuim,Huambisa (Wampis),60.0,12.0,Quebrada Kayamas
-74.5866,-5.55128,Bolivar,Cocama-Cocamilla (Kukama-Kukamiria),300.0,49.0,Río Puinahua
-74.20348,-11.04674,Shimashiriavo,Asháninka,0.0,0.0,No hay datos
-78.04125,-4.57972,Napuruk,Aguaruna (Awajun),0.0,0.0,Río Marañón
-73.8316,-10.9897,Marankiari,Asháninka,228.0,64.0,Quebrada Marankiari
-74.67844,-10.39062,Loreto,Asháninka,79.0,19.0,Quebrada Mamechado
-73.72423,-10.79031,Buenos Aires,Piro (Yine),137.0,27.0,Río Tambo
-74.69569,-9.62703,Tres Hermanos del Sira,Asháninka,22.0,4.0,Río Chinchihuani
-74.64673,-10.35363,San Alejandro,Asháninka,113.0,22.0,Río Anacayali
-74.2893,-4.7312,Leoncio Prado,Cocama-Cocamilla (Kukama-Kukamiria),483.0,90.0,Río Samiria
-74.49598,-4.63126,Parinari,Cocama-Cocamilla (Kukama-Kukamiria),215.0,52.0,Quebrada Parinari
-74.42735,-3.87486,Nuevo Tarma,Achuar,0.0,0.0,No hay datos
-74.46013,-11.75524,Río Blanco,Nomatsiguenga,124.0,25.0,Río Pucuta
-76.48441,-5.94401,Puerto Porvenir,Chayahuita (Shawi),554.0,150.0,Río Armanayacu
-70.96308,-2.25901,Curinga,"Quechua, No Especificado",35.0,9.0,Río Putumayo
-74.37796,-4.6364,Mundial,Cocama-Cocamilla (Kukama-Kukamiria),220.0,42.0,Río Marañón
-74.97437,-7.3667,Bellavista,Shipibo-Conibo,105.0,22.0,Río Ucayali
-74.13117,-8.2865,Sol del Oriente,Asháninka,50.0,10.0,Quebrada Mazaray
-77.88107,-4.59394,Shimbito,Aguaruna (Awajun),0.0,0.0,Quebrada Shimbito - Río Marañon
-78.44669,-5.42318,Reserva Aguaruna Ujucam Aramango,Aguaruna (Awajun),300.0,40.0,Río Marañón
-74.34138,-4.66531,Santa Clara,Cocama-Cocamilla (Kukama-Kukamiria),97.0,15.0,Río Marañón
-74.13936,-11.77508,Santa Fe de Yaviroa,Asháninka,91.0,17.0,Río Anapati
-74.32095,-10.77768,Tiahuanasqui,Ashéninka,46.0,16.0,Quebrada Cahuanahuas
-75.3337,-9.41575,Unipacuyacu,Cacataibo,251.0,53.0,Quebrada Pacuyacu
-74.40624,-11.34223,Pueblo Nuevo,Nomatsiguenga,26.0,16.0,Río Putsunajari
-77.39389,-4.62053,Puerto Linda,Aguaruna (Awajun),217.0,43.0,Quebrada Pijuayal
-74.5639,-5.51875,Nuevo Encanto,Cocama-Cocamilla (Kukama-Kukamiria),242.0,51.0,Río Puinahua
-73.55604,-12.71389,Huayanay,Asháninka,172.0,43.0,Río Apurímac
-75.19656,-10.58779,Alto Puruz,Amuesha (Yánesha),66.0,16.0,Quebrada Purus
-70.41213,-2.54344,Huapapa,"Quechua, No Especificado",400.0,80.0,Río Putumayo
-74.26835,-4.66884,Nueva Fortuna,Cocama-Cocamilla (Kukama-Kukamiria),530.0,72.0,Río Marañón
-74.65034,-5.5755,Nuevo Polo Sur,Cocama-Cocamilla (Kukama-Kukamiria),165.0,35.0,Río Puinahua
-76.45452,-5.71331,Nuevo Chazuta,Chayahuita (Shawi),375.0,65.0,Río Cachiyacu
-76.67772,-5.31617,Nuevo Cajamarca,Chayahuita (Shawi),455.0,65.0,Quebrada Shihuaray
-74.99527,-6.98741,Nuevo Canchahuaya,Shipibo-Conibo,225.0,53.0,Río Ucayali
-74.68185,-5.83056,Oceanía,Cocama-Cocamilla (Kukama-Kukamiria),174.0,29.0,Río Puinahua
-74.39313,-1.00205,Bellavista,Secoya,93.0,25.0,Quebrada Yubineto
-74.7165,-5.67248,Victoria,Cocama-Cocamilla (Kukama-Kukamiria),937.0,143.0,Río Puinahua
-74.53073,-10.8175,Centro Kiteriaro,Asháninka,0.0,0.0,No hay datos
-74.18196,-4.67711,San Miguel,Cocama-Cocamilla (Kukama-Kukamiria),278.0,47.0,Río Marañón
-74.22208,-4.72271,San José de Samiria,Cocama-Cocamilla (Kukama-Kukamiria),405.0,98.0,Río Samiria
-75.91342,-5.40771,Yahuarhuaca,Cocama-Cocamilla (Kukama-Kukamiria),2.0,1.0,Río Huallaga
-74.79898,-9.33634,Las Golondrinas,Amuesha (Yánesha),63.0,12.0,Quebrada Pumayacu
-74.48007,-10.63065,Oway,No Existe,0.0,0.0,No hay datos
-74.34601,-4.75061,San Martín de Tipishca,Cocama-Cocamilla (Kukama-Kukamiria),460.0,84.0,Río Samiria
-73.12211,-10.02481,Capirushari,Asháninka,0.0,0.0,Río Huacapishtea
-74.29623,-9.43453,Nueva Unión,Asháninka,30.0,6.0,Río Ucayali
-74.42467,-4.62747,Atenas,Cocama-Cocamilla (Kukama-Kukamiria),250.0,37.0,Río Marañón
-72.78801,-9.88669,Nueva Bella,Ashéninka,48.0,13.0,Río Huacapishtea
-76.51965,-5.88293,Puerto Libre,Chayahuita (Shawi),147.0,35.0,Río Cachiyacu
-73.89279,-12.13844,Paveni,No Existe,0.0,0.0,No hay datos
-74.07064,-12.30148,Shankimentiari,Asháninka,0.0,0.0,No hay datos
-74.69584,-5.59788,Nuevo Liberal,Cocama-Cocamilla (Kukama-Kukamiria),182.0,30.0,Río Puinahua
-72.14917,-2.46574,San Pedro del Bajo Putumayo,"Quechua, No Especificado",40.0,10.0,Río Putumayo
-73.48107,-12.37967,Alto Picha,Machiguenga (Matsigenka),63.0,12.0,Río Picha
-74.32604,-11.33995,Tzonquireni,Nomatsiguenga,119.0,20.0,Río Quitapiani
-74.53592,-5.4969,Nueva Independencia,Cocama-Cocamilla (Kukama-Kukamiria),120.0,25.0,Río Puinahua
-78.11138,-4.30888,Achu,Aguaruna (Awajun),0.0,0.0,Río Huampami
-68.71897,-12.57903,Sonene,Ese Eja,145.0,27.0,Río Heath
