lon,lat,codigo,federacion,zona,tipo_impacto,fuente_impacto,antiguedad,lote,empresa,anio,detecto,descripcion,ubicacion,remediacion,responsable,estado_validacion
-76.30114,-2.39364,PRD20182,FEDIQUEP,Capahuari Sur,Derrame de crudo,Batería,Antiguo,Lote 1AB/192,Pluspetrol Norte,2000,2018-08-05,Contaminacion de pozo crudo en cocha y aguajal. Afecta caza y pesca. Ramar de Q..Rí,"Batería Capahuari Norte, comunidad Titiyacu",,Laura,1. Validado parcial
-76.576224,-2.829769,PRS20172,FEDIQUEP,Capahuari Sur,Árboles talados,oleoducto,Antiguo,Lote 1AB/192,Pluspetrol Norte,2000,2017-04-08,Tala de arboles para hacer oleoducto tobiria Ramar norte,oleoducto tobiria Ramar norte en comunidad Paniyacu,,Laura,1. Validado parcial
-76.51208,-2.653136,PRD20172,FEDIQUEP,Capahuari Sur,Derrame de crudo,Pozo,Nuevo,Lote 1AB/192,Pluspetrol Norte,2000,2017-09-12,"Tierra removida, tala arboles por petroleo escondido afecta cocha, colpa y aguajal cerca de Rama de capahuari yacu","Batería Capahuari Norte, comunidad Titiyacu",,Laura,1. Validado parcial
-76.510957,-2.6699406,PRD201409,FEDIQUEP,,Botadero,,,Lote 1AB/192,,2014,2014-04-28,"Hay barriles antiguos de metal, residuos plásticos y otros restos botados. El agua se ve contaminada con crudo en la superficie, visiblemente notable. Esta quebrada fluye hacia el río Capahuari.","Pozo 2, Batería Capahuari Norte.",,Cielo,1. Validado parcial
-76.509904,-2.6618385,PRD201406,FEDIQUEP,,otro,,,Lote 1AB/192,,2014,2014-03-31,Tubería de metal abandonada en el bosque.,"parte trasera de Batería Capahuari Norte, a 500 m de los pozos 10 y 12.",,Cielo,1. Validado parcial
-76.506368,-2.6604049,PJB201101,FEDIQUEP,,Derrame nuevo de petróleo,,Antiguo,Lote 1AB/192,PlusPetrol Norte S.A,2011,2011-06-22,Pasivo ambiental/ Sitio PAC,Batería Capahuari Norte.,,Ale,1. Validado parcial
-76.505394,-2.657883,PEH201824,FEDIQUEP,,Derrame antiguo de petróleo,,,Lote 1AB/192,Occidental Petroleum,2018,2018-03-23,Evidencia de crudo en el suelo de los tiempos de Oxy.,Titiyacu.,,Ana Paula,2. Validado final
-76.502992,-2.440332,PRD20181,FEDIQUEP,Capahuari Sur,Derrame de crudo,Botadero,Nuevo,Lote 1AB/192,Pluspetrol Norte,2000,17/01/2018,"Tierra removida y contaminacion y tala debido a plátaforma. Queman petroleo. Afecta cocha, colpa y aguajal","Batería Capahuari Norte, comunidad Titiyacu",,Claudia,2. Validado final
-76.501792,-2.6763641,PRD201410,FEDIQUEP,,Botadero,,,Lote 1AB/192,,2014,2014-05-13,Hay barriles de metal y plástico botados y pedazos de tubería y otros restos.,"Frente al pozo 6 y 8, Batería Capahuari norte.",,Cielo,1. Validado parcial
-76.500992,-2.676311,PEH201823,FEDIQUEP,,Derrame antiguo de petróleo,,,Lote 1AB/192,,2018,2018-03-23,Evidencia de crudo en el suelo.,Titiyacu.,,Ana Paula,2. Validado final
-76.500947,-2.6763019,PRD201408,FEDIQUEP,,Derrame nuevo de petróleo,,,Lote 1AB/192,PlusPetrol Norte S.A,2014,2014-04-25,Anteriormente este sitio ha sido lugar de dos otros derrames por lo menos que no fueron adecuadamente remediados. La comunidad caza en el área e incluso toma el agua.,"A 50m de la entrada de los pozos 6 y 8, en Batería Capahuari Norte.",,Cielo,1. Validado parcial
-76.499265057578,-2.6835391888,PTA201001,FEDIQUEP,,Derrame nuevo de petróleo,,Antiguo,Lote 1AB/192,PlusPetrol Norte S.A,2010,2010-06-10,El incidente afecta al territorio de la Comunidad Nativa Titiyacu. Los registros muestran una válvula que bota crudo directamente al medioambiente. El crudo cubre una área significativa y migra hacia una quebrada que eventualmente termina en la quebrada Capahuari. No hay ninguna medida preventiva im,Batería Capahuari Norte.,,Ale,1. Validado parcial
-76.498252,-2.686299,PRD20201,FEDIQUEP,Capahuari Norte,Derrame de crudo,Batería,Nuevo,Lote 1AB/192,Frontera Energy,2020.0,2020-11-05,Derrame de hidrocarburos en capahuari Norte,Batería capahuari norte,,,
-76.49676197,-2.69208464,PJV201607,FEDIQUEP,,Botadero,,,Lote 1AB/192,Occidental Petroleum,2016,19/05/2016,Derrame antiguo y botadero en el territorio de la comunidad Titiyacu. Actualmente es una colpa activa.,En el territorio de la comunidad de Titiyacu,,Lady,1. Validado parcial
-76.496659,-2.692225,PRD20191,FEDIQUEP,Capahuari Norte,Derrame de crudo,Tubería,Operacional,Lote 1AB/192,Frontera Energy,2019,2019-09-11,"Al llegar, la empresa ya ha empezado con su plan de contingencia. Se ve un estimado de 150 bolsas de crudo, y todavía trazas de crudo en la quebrada que desemboca en rio Capahuari. Afectación de 1,4 hectareas, 450 metros desde la fuente",Plátaforma Capahuari norte,1.0,Ana Paula,2. Validado final
-76.495458,-2.681319,PRD201412,FEDIQUEP,,Botadero,,,Lote 1AB/192,,2014,2014-05-16,Tubería de metal botada.,"pozo 9, Batería Capahuari Norte.",,Cielo,1. Validado parcial
-76.494254,-2.6825776,PRD201404,FEDIQUEP,,Derrame nuevo de petróleo,,,Lote 1AB/192,PlusPetrol Norte S.A,2014,2014-09-13,Se rebalsó el sump tank.,"Batería Capahuari Norte, a 500 m del pozo 9.",,Cielo,1. Validado parcial
-76.490838,-2.6912731,PRD201407,FEDIQUEP,,Derrame nuevo de petróleo,,,Lote 1AB/192,PlusPetrol Norte S.A,2014,2014-04-23,"Área contaminada por un derrame de crudo en la parte de atrás del pozo 5. Según los apuntes escritos, el suelo se ha movido para hacer perforaciones.","pozo 5, camino de Comunidad Titiyacu a Batería Capahuari Norte.",,Cielo,1. Validado parcial
-76.552,-2.783,PEH201826,"OEFA, FEDIQUEP",,Derrame nuevo de petróleo,,,Lote 1AB/192,"Pacific Stratus Energy del Perú, S.A. / Petroperu S.A.",2018,2018-05-25,"El propietario de la empresa es Petroleos del Perú-Petroperu S,A.","Km No. 12 del oleoducto Norperuano-Ramal Norte (ORN), a 3 km de la comunidad Titiyacu en el distrito de Andoas.",,Ana Paula,1. Validado parcial
-76.4700566,-2.69880302,PJV201608,FEDIQUEP,,Derrame antiguo de petróleo,,,Lote 1AB/192,Occidental Petroleum,2016,19/05/2016,Antiguo pozo de crudo de los tiempos de Oxy y Pluspetrol.,"En el territorio de la comunidad Titiyacu, Batería Capahuari Norte.",,Lady,1. Validado parcial
-76.469991,-2.6989589,PMO201304,FEDIQUEP,,Derrame antiguo de petróleo,,,Lote 1AB/192,PlusPetrol Norte S.A,2013,2013-05-14,"El safe tank vierte a una zona, que cuando rebalsa alimenta la colpa. La fauna ha convertido una zona contaminada en colpa","derrames del Pozo 1 de Capahuari Norte, al km 14 de la carretera a Capahuari Norte.",,Cielo,1. Validado parcial
-76.469928,-2.69895,PRD201413,FEDIQUEP,,Derrame antiguo de petróleo,,,Lote 1AB/192,,2014,2014-05-16,"Una colpa contaminada. Es un lugar importante para la alimentación de varias especies, entre ellas la sachavaca.","Pozo 3, Batería Capahuari Norte.",,Cielo,1. Validado parcial
-76.464384,-2.8060574,COE200901/PEM200901,"OEFA, FEDIQUEP",,Derrame nuevo de petróleo,,Antiguo,Lote 1AB/192,PlusPetrol Norte S.A,2009,2009-03-29,"Este evento fue prooleoducto de una rotura de tubo ""turbo"" que abastecía a las avionetas y helicopteros. El petroleo corrió por Panpallina Yacu, llegando al final al río Pastaza.","Andoas, Batería Capahuari sur, Lote 9 (dentro del aeródromo de Andoas)",,Ale,1. Validado parcial
-76.46399,-2.7120169,PRD201419,FEDIQUEP,,Derrame antiguo de petróleo,,,Lote 1AB/192,,2014,2014-06-16,Crudo antiguo enterrado 20-30cm debajo de la superficie. El área suele ser usada por la comunidad.,,,Cielo,1. Validado parcial
-76.46158992,-2.80304659,PJB201603,FEDIQUEP,,Derrame antiguo de petróleo,,,Lote 1AB/192,Occidental Petroleum,2016,13/03/2016,Afectó la cocha Shanshococha y los riachuelos de Shirunchi y Anapaza.,Territorio de la comunidad Los Jardines (Batería capahuari sur),,Lady,1. Validado parcial
-76.4609056,-2.80655222,PAS201603,FEDIQUEP,,Derrame antiguo de petróleo,,,Lote 1AB/192,,2016,2016-04-18,Se ve tierras removidas y crudo. Afecta al río Pastaza. Los pobladores han construido sus casas en la zona contaminada.,"En el pueblo de Nuevo Andoas, a 50m del río Pastaza y frente a la estación ccnn. Nuevo Andoas.",,Lady,1. Validado parcial
-76.4598955704509,-2.8056018624406,PEH201804,FEDIQUEP,,Derrame antiguo de petróleo,,,Lote 1AB/192,Occidental Petroleum,2018,2018-03-16,"Pruebas contundentes de antiguo petróleo de los tiempos de Oxy dentro de un agujero de 1,5m de profundidad hecho mientras se construía un pozo de agua. El lugar está en medio de un asentamiento. Es probable que toda la zona esté afectada.",En el territorio de Nuevo Andoas.,,Ana Paula,2. Validado final
-76.458878,-2.804536,PEH201803,FEDIQUEP,,Derrame antiguo de petróleo,,,Lote 1AB/192,,2018,2018-03-15,,,,Ana Paula,2. Validado final
-76.458724,-2.759894,PRD20192,FEDIQUEP,Capahuari Norte,Sin especificar,,Antiguo,Lote 1AB/192,Pluspetrol Norte,,21/03/2019,"S0167, Muestreo OEFA, a ±3m de profundidad olor fuerte a hidrocarburos",Capahuarí KM4+300,,Laura,1. Validado parcial
-76.458413,-2.799318,PEH201825,FEDIQUEP,,Derrame antiguo de petróleo,,,Lote 1AB/192,PlusPetrol Norte S.A,2018,2018-03-18,El monitor cuenta que hubo un derrame hace 10 años en los tiempos de Pluspetrol que afectó a la zona. Hoy se puede encontrar crudo a unos 5 cm de profundidad.,"En el territorio de Nuevo Andoas. Ese punto está a 5 m de 2 tanques, utilizados para abastecer de combustible a las aeronaves.",,Ana Paula,2. Validado final
-76.457114,-2.802955,PJB201601,FEDIQUEP,,Derrame antiguo de petróleo,,,Lote 1AB/192,Occidental Petroleum,2016,13/03/2016,Hay cuatro cilindros con crudo derramado y un botadero. La cocha Uspayacu y la quebrada Anapaza han sido afectados por el derrame en el territorio de Alianza Capahuari. Afecta también a la zona de caza y pesca de Loboyaco. El río está abajo de la quebrada Capahuari.,Cocha Ushpayacu y quebrada Anapaza de la comunidad Alianza Capahuari.,,Lady,1. Validado parcial
-76.45711428,-2.80295501,PMD201801,FEDIQUEP,,Botadero,,,Lote 1AB/192,Occidental Petroleum,2018,2018-02-15,"La comunidad está cultivando por encima de un botadero de los tiempos de Oxy. Hay residuos de metal enterrados y una instalación petrolera abandonada. Los registros muestran, entre otras cosas, barriles, pedazos de tubería, llantas, etc. Afectó a un aguajal y también a la quebrada Anapaza.","En la ''chacra"" frente a PetroPerú, en territorio de la comunidad Nuevo Andoas.",,Ana Paula,2. Validado final
-76.45659665,-2.81074066,PEH201829,FEDIQUEP,,Derrame antiguo de petróleo,,,Lote 1AB/192,Occidental Petroleum,2018,2018-02-15,"Unas obras en Nuevo Andoas encontraron hidrocarburos 30cm de los tiempos de Oxy. Su fuente es desconocida. Según el monitor, está afectando a una colpa, una cocha y un aguajal. La empresa está quemando el crudo. La contaminación llega al río Pastaza.","Base principal de Frontera Energy, Nuevo Andoas.",,Ana Paula,2. Validado final
-76.455251,-2.7595818,PRD201401,FEDIQUEP,,Botadero,,,Lote 1AB/192,,2014,2014-03-31,Unos 50 cilindros de metal botados en el bosque.,"A 600 m de la carretera, km 4. Batería Capahuari Norte.",,Cielo,1. Validado parcial
-76.45462687,-2.80232926,PJB201602,FEDIQUEP,,Derrame antiguo de petróleo,,,Lote 1AB/192,,2016,28/04/2016,Afecta a la quebrada Ismacaño cerca de las instalaciones de Petroperu.,A 200 m del asentamiento Nuevo Andoas.,,Lady,1. Validado parcial
-76.453965,-2.810475,PNA201001,FEDIQUEP,,Derrame nuevo de petróleo,,Antiguo,Lote 1AB/192,PlusPetrol Norte S.A,2010,2010-10-18,,Batería Capahuari sur,,Ale,1. Validado parcial
-76.453786,-2.774335,PED20211,FEDIQUEP,Capahuari Norte,Otro,Tubería,Nuevo,Lote 1AB/192,Perupetro,2021.0,19/05/2021,"No hay derrame, pero se ha perforado un hueco con taladro de 4 pulgadas, el hueco chorrea, le han puesto un palito.","Km 2+300 Capahuari Norte, colindancia Porvenir-Titiyacu",,,
-76.453184,-2.804118,PEH201809,FEDIQUEP,,Derrame antiguo de petróleo,,,Lote 1AB/192,,2018,2018-03-18,Evidencia de crudo enterrado.,En el territorio de Nuevo Andoas.,,Ana Paula,2. Validado final
-76.452606,-2.801993,PEH201805,FEDIQUEP,,Derrame antiguo de petróleo,,,Lote 1AB/192,,2018,2018-03-18,Crudo saliendo del suelo.,En el territorio de Nuevo Andoas.,,Ana Paula,1. Validado parcial
-76.452275,-2.775042,PRD201414,FEDIQUEP,,Derrame antiguo de petróleo,,,Lote 1AB/192,,2014,2014-05-16,Una colpa contaminada. Hay pedazos de tubería de metal que aún contienen crudo y están contaminando el área desde que fue abandonada.,"Tambo x1x, vía Capahuari Norte, km 2.",,Cielo,1. Validado parcial
-76.4515578577779,-2.80579317462717,PEH201808,FEDIQUEP,,Derrame antiguo de petróleo,,,Lote 1AB/192,Occidental Petroleum,2018,2018-03-18,"Una gran cantidad de crudo se derramó en los tiempos de Oxy. Aún es visible y llega hasta 2.5m de profundidad. A unos 20-30 m de distancia, hay dos oleoductos.",En el territorio de Nuevo Andoas.,,Ana Paula,2. Validado final
-76.451476438246,-2.80541342029677,PEH201807,FEDIQUEP,,Derrame antiguo de petróleo,,,Lote 1AB/192,Occidental Petroleum,2018,2018-03-18,"Hay evidencia contundente de crudo de los tiempos de Oxy en el suelo, distribuido por una zona amplia. Abarca una profundidad que llega hasta 50 cm. Además, hay un botadero.","Quebrada Isma Caño, en el territorio de Nuevo Andoas. El punto se encuentra a 5m del oleoducto que va desde Frontera hasta el punto de recolección. Las coordenadas dadas fueron tomadas en el punto don",,Ana Paula,2. Validado final
-76.44846829,-2.77601632,PAS201618,FEDIQUEP,,Botadero,,,Lote 1AB/192,,2016,30/04/2016,"En este sitio se ha botado residuos tóxicos, tanto orgánico como inorgánico. Esto ha cambiado cómo crecen la flora y los árboles. Aún hay contaminación y afecta a un aguajal y las zonas de caza y pesca de varias comunidades.","Carretera km no. 02, hacia Capahuari Norte (Batería Capahuari Sur).",,Lady,1. Validado parcial
-76.448256116621,-2.77580671219505,PEH201814,FEDIQUEP,,Botadero,,,Lote 1AB/192,Occidental Petroleum,2018,2018-03-20,"Residuos de metal y plástico como pedazos de tubería, jeringas, etc. de los tiempos de bosque en el bosque. Hay una instalación abandonada. (-2.775354524775755, -76.44823757737052).",En el territorio de Nuevo Andoas.,,Ana Paula,1. Validado parcial
-76.448172,-2.8174463,PRD201418,FEDIQUEP,,Derrame nuevo de petróleo,,,Lote 1AB/192,PlusPetrol Norte S.A,2014,2014-06-12,,"Carretera Bahía los Jardines, a 200 m de Los Jardines. El sitio está en Esma Caño.",,Cielo,1. Validado parcial
-76.443338,-2.814314,PEH201603,"OEFA, FEDIQUEP",,Derrame nuevo de petróleo,,,Lote 1AB/192,"Pacific Stratus Energy del Perú, S.A.",2016,27/09/2016,El derrame de petróleo afectó a un riachuelo y una quebrada. Proviene de un oleoducto antiguo. El evento se dio dentro de las instalaciones de Frontera Energy (ex-Pacific Stratus Energy del Perú).,Batería Capahuari Sur.,,Lady,1. Validado parcial
-76.441773,-2.792465,PMD20191,FEDIQUEP,Capahuari Sur,Derrame de crudo,Tubería,Nuevo,Lote 1AB/192,Frontera Energy,,2019-01-12,"Trazas de crudo, contaminación de suelo, contaminación de cuerpo de agua","Tramo tubería Capahuari norte, Cerca a pozo 32; cerca a un aguajal con quebrada que fluye hacia la quebrada Anapaza",1.0,Laura,1. Validado parcial
-76.441739,-2.7865411,POE201301/PMO201306,"OEFA, FEDIQUEP",,Botadero,,,Lote 1AB/192,"Occidental Petroleum, Pluspetrol Norte SA",2013,2013-05-18,"Durante la supervisión de OEFA, se encontraron barriles antiguos, pedazos de tubería, hierro y otros residuos enterrados cerca del pozo 32. La empresa empezó a limpiar la zona con maquinaria pesada, después de una denuncia administrativa de FEDIQUEP. Según el informe, algunos de los barriles desente","Cerca del pozo 32, Batería Capahuari sur.",1.0,Cielo,1. Validado parcial
-76.441694,-2.786397,PEH201828,FEDIQUEP,,Derrame antiguo de petróleo,,,Lote 1AB/192,,2018,2018-03-19,Evidencia de crudo antiguo en el suelo.,En el territorio de Nuevo Andoas.,,Ana Paula,2. Validado final
-76.44169127,-2.78640005,PAS201613,FEDIQUEP,,Botadero,,,Lote 1AB/192,,2016,26/03/2016,"Desde 1972 este sitio ha sido un botadero por la empresa Oxy. Hay metales, motores, vehiculos, tubería y otros restos abandonados en el suelo y enterrados también. El depósito ha modificado cómo crecen la cesped los árboles y otra flora. Se ve tierras removidas y contaminación. Se ha ocultado petról","Pozo 32. El lugar se llama ''el Cementerio de Chatarra'' (Nuevo Andoás, Batería Capahuari Sur).",,Lady,1. Validado parcial
-76.439153,-2.8120852,POE201305,"OEFA, FEDIQUEP",,Derrame antiguo de petróleo,,,Lote 1AB/192,PlusPetrol Norte S.A,2013,2013-11-11,"Según el informe de OEFA, miembros de FEDIQUEP informaron que la empresa está utilizado tierra para encubrir un sitio contaminado en Shipiro Cocha para evitar remediarlo.",Shipiro Cocha,0.0,Cielo,1. Validado parcial
-76.438824,-2.7864633,PMO201307,FEDIQUEP,,Derrame antiguo de petróleo,,,Lote 1AB/192,"Occidental Petroleum, Pluspetrol Norte SA",2013,2013-05-18,"Un derrame de los 18, 19 y 20 afectó a Chancho Cocha, Piripiri Cocha y un aguajal. La contaminación fluye hacia la quebrada Anapaza.","Pozos 18, 19 y 20",,Cielo,1. Validado parcial
-76.43500695,-2.78328811,PAS201619,FEDIQUEP,,Derrame antiguo de petróleo,,,Lote 1AB/192,PlusPetrol Norte S.A,2016,30/04/2016,"Aún hay hidrocarburos en el entorno. Hay canteras, crudo ocultado por árboles talados. Afecta a un aguajal y zonas de pesca y caza de varias comunidades. En los tiempos de Oxy, los pobladores advirtieron de la presencia de contaminación. Afectó a la cocha Shanshococha.",Comunidad Nuevo Andoas (Batería Capahuari Sur).,,Lady,1. Validado parcial
-76.43497895,-2.78312316,PAS201712,FEDIQUEP,,Derrame antiguo de petróleo,,,Lote 1AB/192,,2017,2017-04-19,Depósito de hidrocarburos en la cocha Shanshococha. La cocha Shanshococha fue remediado hace 9-10 años en el tiempo de Pluspetrol. Aún se encuentra contaminada y afecta a la cocha aunque no es visible. Esta cocha es tributaria de Shanshococha. Afectó a muchas quebradas y un aguajal. La quebrada de a,"En el territorio de Nuevo Andoas, Batería Capahuari sur.",,Ana Paula,2. Validado final
-76.434602,-2.7828146,PNA201203,FEDIQUEP,,Derrame antiguo de petróleo,,,Lote 1AB/192,,2012,2012-05-22,Un derrame antiguo de una hectárea. No se ha hecho ningún trabajo de remediación.,"Batería Capahuari sur, por el km 7 a Andoas, a 150 metros de la carretera.",0.0,Cielo,1. Validado parcial
-76.4345536208,-2.78733684340023,PEH201810,FEDIQUEP,,Derrame antiguo de petróleo,,,Lote 1AB/192,,2018,2018-03-19,Evidencia de crudo en el fondo de una colcha.,En el territorio de Nuevo Andoas.,,Ana Paula,2. Validado final
-76.43455015,-2.78749902,PAS201629,FEDIQUEP,,Derrame antiguo de petróleo,,,Lote 1AB/192,,2016,01/07/2016,"Esta cocha contiene crudo, metales pesados e hidrocarburos, etc. desde hace años. Está visiblemente afectada la Shirunchicocha cocha. El OEFA está haciendo un análisis integral. Se encuentra afectando la tierra, los territorios de caza y pesca de Shirunchicocha, así como varias comunidades.",Ramal de shirunchicocha.,,Lady,1. Validado parcial
-76.434473,-2.787319,PEH201811,FEDIQUEP,,Derrame antiguo de petróleo,,,Lote 1AB/192,,2018,2018-03-19,,En el territorio de Nuevo Andoas.,,Ana Paula,2. Validado final
-76.434239,-2.787202,PEH201812,FEDIQUEP,,Derrame antiguo de petróleo,,,Lote 1AB/192,,2018,2018-03-19,Evidencia de crudo en el fondo de una colcha.,,,Ana Paula,2. Validado final
-76.434194,-2.787373,PEH201813,FEDIQUEP,,Derrame antiguo de petróleo,,,Lote 1AB/192,,2018,2018-03-19,Evidencia de crudo en el fondo de una colcha.,,,Ana Paula,2. Validado final
-76.433576,-2.7828159,PNA201204,FEDIQUEP,,Botadero,,,Lote 1AB/192,,2012,2012-06-01,,Batería Capahuari sur.,,Cielo,1. Validado parcial
-76.433107,-2.788442,PEH201817,FEDIQUEP,,Derrame antiguo de petróleo,,,Lote 1AB/192,,2018,2018-03-21,"Evidencia de crudo en el fondo de la colcha. Podría haber sido afectada por 1 o 2 eventos o podría ser 2 cochas afectadas por derrames distintos del mismo oleoducto. (1:-2.7884420142872100, -76.43310684395480; y 2: -2.7908308966245507, -76.43212933289603; 340811, 9691430)",En el territorio de la comunidad Nuevo Andoas.,,Ana Paula,1. Validado parcial
-76.4326608857663,-2.79155378704304,PEH201822,FEDIQUEP,,Derrame antiguo de petróleo,,,Lote 1AB/192,,2018,2018-03-21,"Evidencia de crudo en el suelo. El evento se dio según las siguientes coordenadas:  -2.791788849431106, -76.43273312681575 / 340744, 9691324 and -2.791553787043049, -76.43266088576635.",En el territorio de Nuevo Andoas.,,Ana Paula,1. Validado parcial
-76.432661,-2.791554,PEH201821,FEDIQUEP,,Derrame antiguo de petróleo,,,Lote 1AB/192,,2018,2018-03-21,Evidencia de crudo en el fondo de una colcha.,,,Ana Paula,2. Validado final
-76.432428,-2.8079061,PJB201301,FEDIQUEP,,Derrame antiguo de petróleo,,,Lote 1AB/192,PlusPetrol Norte S.A,2013,2013-05-17,Instalaciones afectadas por corosión donde muchos derrames se han dado. Toda esta contaminación ha afectado a la cocha Paschin (ubicada al frente del campamento militar Otorongo),"Batería Capahuari sur., pozo 35.",,Cielo,1. Validado parcial
-76.43242,-2.800499,PEH20201,FEDIQUEP,Capahuari Sur,Derrame de crudo,Batería,Nuevo,Lote 1AB/192,Frontera Energy,2020.0,30/04/2020,"pequeã fuga hidrocarburos capahuari Sur, territorio de Los Jardines",Batería capahuari sur,,,
-76.43228136,-2.80638607,PDC201602,FEDIQUEP,,Derrame antiguo de petróleo,,,Lote 1AB/192,Occidental Petroleum,2016,28/04/2016,"Afecta a la quebrada Anapaza, las zonas de pesca y de caza de la comunidad. Hay evidencia de árboles talados y suelo contaminado. Es un sitio distinto a PAS201606 y PAS201607.",En el territorio de la comunidad Nuevo Andoas (Batería Capahuari Sur).,,Lady,1. Validado parcial
-76.43220567,-2.80634368,PAS201617,FEDIQUEP,,Derrame antiguo de petróleo,,,Lote 1AB/192,"Occidental Petroleum, Pluspetrol Norte SA",2016,28/04/2016,"Almacenamiento de crudo de tiempos de Occidental y PlusPetrol. Se ha almacenado ahí por decadas sin remediación y no ha habido ningún cambio desde el 2011 cuando los monitores visitaron el sitio. Además, hay presencia de un botadero y de crudo ocultado. Afectando al río, la quebrada Anapaza, una col",Territorio de la Comunidad Los Jardines,,Lady,1. Validado parcial
-76.432129,-2.790831,PEH201819,FEDIQUEP,,Derrame antiguo de petróleo,,,Lote 1AB/192,,2018,2018-03-21,Evidencia de crudo en el fondo de una colcha.,,,Ana Paula,2. Validado final
-76.43186719,-2.73777733,PAS201713,FEDIQUEP,,Derrame antiguo de petróleo,,,Lote 1AB/192,,2017,2017-04-19,"No afecta a ninguna comunidad en particular. No ha cambiado, es un punto la cocha piri piri cocha.","Alrededores de Planta Central de Producción, km 16 vía principal, Batería Capahuari sur. Desde Andoas hasta el punto Piripiri cocha.",,Ana Paula,2. Validado final
-76.431322,-2.8074823,PJP201013,FEDIQUEP,,Derrame nuevo de petróleo,,Antiguo,Lote 1AB/192,PlusPetrol Norte S.A,2010,2010-01-11,El sitio normalmente es afectado por derrames originando en una instalación cercana. El crudo fluye hacia la cocha.,Capahuari sur.,,Ale,1. Validado parcial
-76.43060659,-2.78648831,PAS201612,FEDIQUEP,,Botadero,,,Lote 1AB/192,,2016,26/03/2016,"La zona ha sido afectada por al menos 3 botaderos antiguos distintos.Hay miles de residuos enterrados. El monitor contó que la empresa también ha botado prooleoductos químicos en el área. Se nota tierras removidas y una cantera. Afectó al río Shippyn, la quebrada Capahuari y la zona de caza y pesca ","Territorio de la comunidad de Chipilay, km no. 7 al lado derecho de la carretera. Nuevo Andoás. Batería Capahuari Sur.",,Lady,1. Validado parcial
-76.430568,-2.7939711,PNA201205,FEDIQUEP,,Botadero,,,Lote 1AB/192,,2012,2012-05-31,barriles de metal abandonados que contienen prooleoductos peligrosos como crudo y otros quimicos.,Batería Capahuari sur.,,Cielo,1. Validado parcial
-76.43043022,-2.78657718,PEH201702,FEDIQUEP,,Derrame nuevo de petróleo,,,Lote 1AB/192,"Pacific Stratus Energy del Perú, S.A.",2017,2017-03-26,"Según el ODK, hay tierras removidas. Hay contaminación visible y un botadero. Han quemado y ocultado el crudo. Afecta a un aguajal.","Batería Capahuari sur, en territorio Nuevo Andoas.",,Ana Paula,2. Validado final
-76.43043022,-2.78657718,PEH201801,FEDIQUEP,,Derrame antiguo de petróleo,,,Lote 1AB/192,PlusPetrol Norte S.A,2018,2018-01-04,"Un evento antiguo que afectó a la colcha Ismacaño. Se nota crudo en la superficie del agua. También, hay evidencia de tierras removidas y un botadero. Afectó a una colpa. La empresa ha ocultado la contaminación.","Base principal de Andoas, en el territorio de la comunidad Nuevo Andoas. Batería Capahuari Sur.",,Ana Paula,1. Validado parcial
-76.430157,-2.8036219,PTA200901,FEDIQUEP,,Derrame nuevo de petróleo,,Antiguo,Lote 1AB/192,PlusPetrol Norte S.A,2009,2009-12-15,"Los registros muestran un tubo que bota una mezcla de agua de producción y crudo directamente a la quebrada Ushupayacu. Esta mezcla termina en la quebrada Capahuari. El video también muestra crudo saliendo del suelo. Cuando llueve, el crudo migra hacia riachuelos de agua dulce.",La quebrada Ushupayacu.,,Ale,1. Validado parcial
-76.429906,-2.8046442,PEM201001,FEDIQUEP,,Derrame nuevo de petróleo,,Antiguo,Lote 1AB/192,PlusPetrol Norte S.A,2010,2010-01-05,La empresa no instaló barreras para evitar que el crudo fluya aguas abajo.,"Batería Capahuari sur, quebrada Ushupayacu. La población más cercana es Alianza Capahuari.",,Ale,1. Validado parcial
-76.429635,-2.8038034,POE201202,"OEFA, FEDIQUEP",,Derrame antiguo de petróleo,,,Lote 1AB/192,PlusPetrol Norte S.A,2012,2012-10-01,El crudo derramado afectó a la quebrada ubicada en la parte del fondo de Minicentral Eléctrica of Capahuari Sur. No se encuentra información detallada en el informe de OEFA. Miembros de FEDIQUEP participaron en la expedición de supervisión.,En la Minicentral Eléctrica de Capahuari Sur.,0.0,Cielo,1. Validado parcial
-76.429401,-2.803867,PJP201006,FEDIQUEP,,derrame de diesel,,Antiguo,Lote 1AB/192,PlusPetrol Norte S.A,2010,2010-01-12,Un derrame de diésel afectó a un afluente del río Capahuari a través de la quebrada Ushupayacu. El incidente ocurrió en diciembre y una segunda visita en marzo evidenció la presencia de contaminación aún.,"Cerca de laboratorio Batería Capahuari sur, carretera principal km 4. La población más cercana es Alianza Capahuari.",0.0,Ale,1. Validado parcial
-76.427933,-2.8019333,POE201203,"OEFA, FEDIQUEP",,Derrame antiguo de petróleo,,,Lote 1AB/192,PlusPetrol Norte S.A,2012,2012-10-01,El sitio contaminado proviene de un Reporte Público 1470-2012 que identificó una gran cantidad de sitios impactados en el área del río Pastaza. En este caso hay evidencia que aún hay crudo en el suelo.,"Código CSUR09, en la Batería Capahuari Sur. Se ubica entre la zanja de drenaje de seguridad básica y el oleoducto.",0.0,Cielo,1. Validado parcial
-76.425679,-2.8052191,PEM200902,FEDIQUEP,,Botadero,,Antiguo,Lote 1AB/192,PlusPetrol Norte S.A,2009,2009-12-18,"Hay evidencia de un derrame antiguo. Hay barriles de metal y residuos botados. El video muestra un tubo que está botando agua producido en la parte alta de la quebrada Ushpayacu. Los monitores eran Exon, Juan José y Telmo.","Batería Capahuari sur, Andoas, Lote 1.",,Ale,1. Validado parcial
-76.422877,-2.7409176,PRD201411,FEDIQUEP,,Botadero,,,Lote 1AB/192,,2014,2014-05-14,Hay distintos tipos de tubería botados en el bosque.,"carretera principal, km 17+200m. El sitio está a 30 m de la carretera.",,Cielo,1. Validado parcial
-76.418894,-2.7950616,COE201342/PMO201303,"OEFA, FEDIQUEP",,Derrame antiguo de petróleo,,,Lote 1AB/192,"Occidental Petroleum, Pluspetrol Norte SA",2013,2013-05-08,"Es un sitio antiguo PAC que no ha sido remediado. En 1997/1998 había una cocha llena de hidrocarburos. Luego la empresa remedió la cocha. Por no haberlo hecho adecuadamente, la cocha se desapareció eventualmente. Aún hay crudo enterrado. El procedimiento administrativo proviene de un informe de supe","Código: SL-CPS2-J. Se ubica en el oleoducto principal que va a Wayuri, Shiviyacu donde se juntan dos oleoductos, el de lado derecho va a Tambo (Batería Capahuari Sur) y el otro sigue recto.",0.0,Cielo,1. Validado parcial
-76.41473524,-2.78556548,PEH201701,FEDIQUEP,,Derrame antiguo de petróleo,,,Lote 1AB/192,,2017,2017-04-18,"En una nota escrita:''En dique primero entre parte este y oeste de la cocha.'' En la temporada de lluvías, el crudo sale y afecta a la cocha. Fluye hacia el río Pastaza. Las zonas de caza y pesca de Yanayaco de muchas comunidades están siendo afectadas.","Colcha Ushupayacu (Shipilay), en territorio de la comunidad Alianza Capahuari.",,Ana Paula,2. Validado final
-76.41350948,-2.78815455,PAS201628,FEDIQUEP,,Derrame antiguo de petróleo,,,Lote 1AB/192,,2016,01/08/2016,"Monitores de la etnía Quechua han visitado el área en los tiempos de Pluspetrol con varias instituciones estatales. Nada ha cambiado pero se ha hecho desaparecer la cocha y lo ha llenado con tierras nativas, etc. Hay tierra removida, contaminación y árboles talados. Hay crudo ocultado. El contaminan","Quebrada capahuariyacu, en el territorio de la comunidad Nuevo Andoas, Batería Capahuari Sur.",,Lady,1. Validado parcial
-76.41336944,-2.78409863,PAS201609,FEDIQUEP,,Derrame antiguo de petróleo,,,Lote 1AB/192,,2016,29/04/2016,"La colcha Shippilay ha sido contaminada por crudo antiguo. Se sale el crudo cuando el monitor agita el fondo de la laguna con un palo. Actualmente, la cocha Shippilay se ha llenado con hidrocarburos, hay tierras removidas y contaminación visible. Afecta a las quebradas Capahuari y Shippilay y ambas ",En el territorio de la comunidad Los Jardines (Batería Capahuari Sur),,Lady,1. Validado parcial
-76.413349,-2.783989,PMO201301,FEDIQUEP,,Derrame antiguo de petróleo,,,Lote 1AB/192,"Occidental Petroleum, Pluspetrol Norte SA",2013,2013-05-15,"Hay crudo en el fondo de la laguna que viene de la cuenca alta de la quebrada Ushupayacu, donde las empresas han estado botando hidrocarburos y aguas de producción por muchos años. La zona ha sido designada para remediación según el PAC.","quebrada Ushupayacu, Batería Capahuari sur, que fluye por la quebrada Shipilay y fluye hacia el río Pastaza. PAC código CAPS27.",,Cielo,1. Validado parcial
-76.40699,-2.7837253,PMO201302,FEDIQUEP,,Derrame antiguo de petróleo,,,Lote 1AB/192,"Occidental Petroleum, Pluspetrol Norte SA",2013,2013-05-15,"Este sitio supuestamente ya ha sido remediado según el PAC (código CSUR27). Sin embargo, aún hay contaminación visible yendo aguas abajo. Por más de 30 años, el crudo se ha botado directamente al medioambiente.",El crudo proviene de las quebradas Ushupayacu y Shipilay.,,Cielo,1. Validado parcial
-76.391912,-2.8717003,PMO201305,FEDIQUEP,,Derrame antiguo de petróleo,,,Lote 1AB/192,"Occidental Petroleum, Pluspetrol Norte SA",2013,2013-05-15,Una área grande inundada con crudo.,"Batería Capahuari sur, en el territorio de Alianza Capahuari. Se ubica cerca a la boca de la quebrada Capahuari, aguas abajo del punto de salida de aguas de producción en Capahuari Norte y Capahuari S",,Cielo,1. Validado parcial
-76.376598,-2.898201,PAS201502,FEDIQUEP,,Derrame nuevo de petróleo,,,Lote 1AB/192,"Pacific Stratus Energy del Perú, S.A.",2015,17/09/2015,Un oleoducto cerca de la base Andoas se ha roto. El tanque conteniendo crudo se rebalsó. El oleoducto era frágil. La empresa hizo una limpieza en el sitio.,"Base Andoas, en el territorio de la comunidad Nuevo Andoas.",,Lady,1. Validado parcial
-76.34767124,-2.89198466,PJV201606,FEDIQUEP,,Derrame antiguo de petróleo,,,Lote 1AB/192,Occidental Petroleum,2016,14/05/2016,"Sitio contaminado antiguo que afecta al riachuelo Choyacu. Además, se afectó a una colpa","En el territorio de la comunidad Alianza Capahuari, cerca de ""Batería"" Tambo x.",,Lady,1. Validado parcial
-76.343903,-2.9025368,POE201401/PRD201416,"OEFA, FEDIQUEP",,derrame de diesel,,,Lote 1AB/192,PlusPetrol Norte S.A,2014,2014-05-17,"El derrame de crudo se dio debido a la oxidación externa de tubería. Según la empresa, el área afectada abarca 150 m2. 15m3 de suelo contaminado fue retirado. El informe de OEFA indica que hay facilidades abandonadas, sin mantenimiento adecuado en el pozo Tambo Sur IX.","el oleoducto proveniente de Tambo Sur, pozo 1X.",1.0,Cielo,1. Validado parcial
-76.341689,-2.9093048,PRD201415,FEDIQUEP,,Botadero,,,Lote 1AB/192,,2014,2014-05-17,El pozo fue abandonado en 1992 pero las instalaciones aún no han sido retiradas.,Pozo 4 Tambo x.1x.,,Cielo,1. Validado parcial
-76.2389676386541,-2.7510997,COE201801.6/CRS201801,"OEFA, FECONACO",,Derrame nuevo de petróleo,,,Lote 1AB/192,"Pacific Stratus Energy del Perú, S.A.",2018,2018-02-18,"Un derrame grande cerca a la carretera principal que conecta Andoas y Wayuri principal, km 34. El evento se dio en la comunidad de Nazareth, afectándola. Unos 1000 barriles fueron derramados al medio ambiente. El crudo ha corrido por el río Macusari por más de 80 km. El crudo pasó más allá de las co","Oleoducto Shiviyacu-Huayurí-Estación de Acopio-Capahuari Sur, km 34.",,Ana Paula,2. Validado final
-76.32779277,-2.69928587,CSS20181,FECONACOR,Dorissa,Derrame de crudo,oleoducto,Nuevo,Lote 1AB/192,Frontera Energy,,18/02/2018,"Derrame occurido en km 34, afecta quebra 20x20000",km 34 oleoducto Huayari hacia Andoas,,Laura,1. Validado parcial
-76.29855146,-2.7295422,CSS20183,FECONACOR,Dorissa,Peces muertos,,Nuevo,Lote 1AB/192,Frontera Energy,,2018-03-03,"Peces muertos en la cocha, evidencia de crudo",tubería  Dorissa-Andoas,,Laura,1. Validado parcial
-76.28237292,-2.73866914,CSS20182,FECONACOR,Dorissa,Derrame de crudo,ducto,Nuevo,Lote 1AB/192,Frontera Energy,,2018-03-03,"Cocha contaminada con crudo, 20x250",tubería Huayuri Andoas,,Laura,1. Validado parcial
-76.255003,-2.624996,CNS20231,FECONACOR,Forestal Shiviyacu Carmen Huayurí Huayurí Norte,Derrame de crudo,Tubería,Nuevo,Lote 1AB/192,Perupetro,2023.0,27/01/2023,"Afectación directa a cuerpo de agua (quebrada) y suelo. Peligro de contaminación por cercanía a CC.NN José Olaya, el agua de la quebrada llega a la CC.NN José Olaya y es utilizada por los pobladores. Crudo que sale del ducto",Huayuri Carretera Principal km 48,,,
-76.254679,-2.62468,COP20231,FECONACOR,Dorissa,Derrame de crudo,,Nuevo,Lote 1AB/192,Perupetro,2023.0,2023-11-02,,"km 48, Parte de CC.NN. Nueva Jereusalen y parte de CC.NN. Jose Olaya.",,,
-76.239124,-2.440621,CNS20216,FECONACOR,Forestal Shiviyacu Carmen Huayurí Huayurí Norte,Derrame de crudo,Tubería,Nuevo,Lote 1AB/192,Perupetro,2021.0,18/07/2021,Derrame en tubería de el Carmen,Tubería el Carmen,,,
-76.239088,-2.440621,CNS202110,FECONACOR,Forestal Shiviyacu Carmen Huayurí Huayurí Norte,Derrame de crudo,Tubería,Nuevo,Lote 1AB/192,Perupetro,2021.0,14/02/2021,"Derrame en el Carmen, area afectafa 57m2, afectación al suelo",Tubería el Carmen,,,
-76.237999,-2.583343,CAS201402; CES201402,FECONACO,,Derrame nuevo de petróleo,,,Lote 1AB/192,PlusPetrol Norte S.A,2014,2014-05-01,,Pozos 1605 y 1607 en el área de la comunidad José Olaya.,,Cielo,1. Validado parcial
-76.237754,-2.562241,CGS200706,FECONACO,,Derrame nuevo de petróleo,,,Lote 1AB/192,PlusPetrol Norte S.A,2007,2007-12-31,"Los registros indican un derrame grande con más de 200 m2 de suelo contaminado, afectando bastante a la quebrada Timu Entsa y el río Corrientes. Por ende, una gran área de flora y suelo se ha encubierto con crudo. Las imágenes muestran que los trabajos de limpieza ya se habían iniciado cuando se reg",Batería Huayurí Norte.,1.0,Claudia,2. Validado final
-76.235681,-2.585055,CJG20231,FECONACOR,Forestal Shiviyacu Carmen Huayurí Huayurí Norte,Derrame de crudo,,Nuevo,Lote 1AB/192,Perupetro,2023.0,18/02/2023,Derrame en Huayuri norte,CC.NN. Jose Olaya,,,
-76.231926,-2.581097,CNS20201,FECONACOR,"Forestal, Shiviyacu, Carmen, Huayurí, Huayurí Norte",Derrame de crudo,Tubería,Nuevo,Lote 1AB/192,Frontera Energy,2020.0,15/01/2020,320 metros cuadrados de afectación,"Carretera Huayuri Norte KM 2+500, comunidad cercana es José Olaya",Plan de contingencia,Ana Paula,2. Validado final
-76.229681,-2.603395,CNS20196,FECONACOR,"Forestal, Shiviyacu, Carmen, Huayurí, Huayurí Norte",Derrame de crudo,Tubería,Antiguo,Lote 1AB/192,Pluspetrol Norte,,27/12/2019,"Contaminación de suelo,Trazas de crudo, 160m2 area afectada,","KM 53 de la carretera, comunidad cercana José Olaya",,Laura,1. Validado parcial
-76.228418,-2.59881,CNS20202,FECONACOR,Forestal Shiviyacu Carmen Huayurí Huayurí Norte,Derrame de crudo,Batería,Nuevo,Lote 1AB/192,Frontera Energy,2020.0,31/07/2020,Tanque de alamacenimiento que no estuvo bien cubierto y se ha estado llenando con agua de lluvia. Crudo se ha derramado y falta poco para que llegue a la quebrada.,Huayurí,,,
-76.227789,-2.598992,CNS20229,FECONACOR,Forestal Shiviyacu Carmen Huayurí Huayurí Norte,Derrame de crudo,Tubería,Nuevo,Lote 1AB/192,Perupetro,2022.0,27/10/2022,Derrame que brota de un tanque de la bateria Huayuri,a 7km de la CC.NN. José Olaya,,,
-76.227625,-2.6163585,CGS200809,FECONACO,,Derrame nuevo de petróleo,,Antiguo,Lote 1AB/192,PlusPetrol Norte S.A,2008,2008-05-03,Fuga de tubería. El evento afecta a la quebrada Machupichu.,Batería Huayurí.,,Ale,1. Validado parcial
-76.227473,-2.59845,CNS202210,FECONACOR,Forestal Shiviyacu Carmen Huayurí Huayurí Norte,Derrame de crudo,Tubería,Nuevo,Lote 1AB/192,Perupetro,2022.0,30/10/2022,"Derrame en Huayuri, puede afectar a la CC.NN. Jose Olaya","Bateria Huayuri, a 7km de la CC.NN. José Olaya",,,
-76.226849,-2.6041304,CES201401; CAS201401,FECONACO,,Derrame nuevo de petróleo,,,Lote 1AB/192,PlusPetrol Norte S.A,2014,2014-03-01,Afectó a la comunidad José Olaya.,Base Huayurí CN.,,Cielo,1. Validado parcial
-76.22386,-3.1344427,CLP201503; CPP201503,FECONACO,,Botadero,,,Lote 101,Talisman,2015,2015-03-01,Lodos de perforación dejados por la empresa Talisman.,Lote 101.,,Cielo,1. Validado parcial
-76.22386,-3.1344337,CLP201504; CPP201504,FECONACO,,Botadero,,,Lote 101,Talisman,2015,2015-04-01,Contenedores antiguos enterrados y dejados por la empresa Talisman.,el sitio del botadero se encontró dentro del territorio de la Comunidad San Cristóbal.,,Cielo,1. Validado parcial
-76.218641,-3.1344669,CLP201501; CPP201501,FECONACO,,Botadero,,,Lote 101,Talisman,2015,2015-03-01,hay residuos industriales antiguos dejados por la empresa.,,,Cielo,1. Validado parcial
-76.217106,-3.1455127,CLP201502; CPP201502,FECONACO,,agua producida,,,Lote 101,Talisman,2015,2015-03-01,Aguas de producción saliendo del suelo por restos dejados por la empresa Talisman.,Lote 101.,,Cielo,1. Validado parcial
-76.215527,-2.461148,CRAS200602,FECONACO,,Derrame antiguo de petróleo,,,Lote 1AB/192,,2006,2006-12-07,El derrame afecta a la quebrada Manchari.,Batería Carmen.,,Claudia,2. Validado final
-76.212316,-2.743665,COE201003.2/CNA201003,"OSINERGMIN, FECONACO",,derrame de diesel,,Antiguo,Lote 1AB/192,PlusPetrol Norte S.A,2010,2010-04-24,"El evento se dio en el depósito de diésel ubicado en Dorissa 12, que se desbordó. El contenido se derramó dentro del área de dique de contención.","Tanque de diesel en Batería Dorissa 12. /Batería Dosrissa, tanque 10.",,Ale,1. Validado parcial
-76.212298,-2.7524025,CRAS200902,FECONACO,,Derrame antiguo de petróleo,,Antiguo,Lote 1AB/192,,2009,2009-03-19,Un oleoducto antiguo con una fuga que impactó a la quebrada pucacunga yacu.,Batería Dorissa.,,Ale,1. Validado parcial
-76.212201,-2.744334,CRS201802,FECONACO,,Derrame antiguo de petróleo,,,Lote 1AB/192,,2018,2018-04-19,Es una expedición de OEFA.,En el territorio de la comunidad Nueva Jerusalén.,,Ana Paula,2. Validado final
-76.207297,-2.7524438,COE200908/CRAS200901,"OEFA, OSINERGMIN, FECONACO",,Derrame nuevo de petróleo,,Antiguo,Lote 1AB/192,PlusPetrol Norte S.A,2009,2009-04-07,La contaminación de una cocha debido a un derrame de crudo en el pozo Dorissa 15 resultó en un procedimiento administrativo. Este procedimiento acusó a la empresa de 4 infracciones: 1) abandonando el sump tank del pozo Dorissa 15; 2) no entregar el informe preliminar de derrame; 3) no entregar el in,"Batería Dorissa, Pozo 15.",,Ale,1. Validado parcial
-76.206901,-2.752408,CRAS200903,FECONACO,,Derrame nuevo de petróleo,,Antiguo,Lote 1AB/192,PlusPetrol Norte S.A,2009,2009-04-10,El derrame afectó a la Isla Jibaro y el río Corrientes.,Batería Dorissa.,,Ale,1. Validado parcial
-76.20467493,-2.75223495,CRS201601,FECONACO,,Derrame antiguo de petróleo,,,Lote 1AB/192,PlusPetrol Norte S.A,2016,08/11/2016,"Hay crudo almacenado desde el tiempo de PlusPetrol en 2013 (hace 3-4 años), lo cual llega a 2 metros de profundidad. Está afectando a la fauna, flora y la comunidad Jerusalén. Las áreas afectadas incluyen el río Chuu entsa, las zonas de caza y pesca de Jerusalén, hungurahuis, etc.","en los pozos petroleros 1x, 02, 03, km 19, carretera Dorissa.",,Lady,1. Validado parcial
-76.204681,-2.753713,CRS201701,FECONACO,,Derrame antiguo de petróleo,,,Lote 1AB/192,,2017,2017-01-20,,"pozos 02, 03 y 04- km 19, Batería Dorissa.",,Lady,1. Validado parcial
-76.204584,-2.737775,CSS20231,FECONACOR,Dorissa,Derrame de crudo,Sump Tank,Nuevo,Lote 1AB/192,Perupetro,2023.0,2023-04-02,Derrame del sump tank del Pozo 9 Dorissa afectando 25 m Largo Ancho 5 m Comunidad Nueva Jerusalén,Sump Tank del Pozo 9 Dorissa,,,
-76.204512,-2.737685,CSS20224,FECONACOR,Dorissa,Derrame de crudo,Sump Tank,Nuevo,Lote 1AB/192,Perupetro,2022.0,22/11/2022,"Derrame en el tanque sumidero - pozo 9, 24x 5 metros de área impactada",A 1 hora en moto de la comunidad Nueva Jerusalen,,,
-76.204476,-2.7377213,CRAS201002,FECONACO,,Derrame nuevo de petróleo,,Antiguo,Lote 1AB/192,PlusPetrol Norte S.A,2010,2010-11-19,La empresa está remediando la zona.,Batería Dorissa.,,Ale,1. Validado parcial
-76.204442,-2.739114,CRS201803,FECONACO,,Derrame nuevo de petróleo,,,Lote 1AB/192,"Pacific Stratus Energy del Perú, S.A.",2018,2018-04-19,Derrame de petróleo debido al desborde de los pozos 9 y 7 en la Batería Dorissa. Afectó a la comunidad Nueva Jersualén. Es una expedición de OEFA.,Pozos 9 y 7 de la Batería Dorissa.,,Ana Paula,2. Validado final
-76.202154,-2.763385,C20201,FECONACOR,Dorissa,Derrame de crudo,Batería,Nuevo,Lote 1AB/192,Frontera Energy,2020.0,17/02/2020,"Derrame de hidrocarburos en yacimiento Dorissa, pozo 13",Pozo cerrado #13 de yacimiento Dorissa,,,
-76.200282,-2.771382,CRS201805,FECONACO,,Derrame antiguo de petróleo,,,Lote 1AB/192,,2018,2018-04-21,Afectó a la comunidad Nueva Jersualén. Es una expedición de OEFA.,"Cerca de la Plátaforma del pozo 18, en Batería Dorissa.",,Ana Paula,2. Validado final
-76.199847,-2.767358,COE200702.2/CRAS200703,"OSINERGMIN, FECONACO",,Derrame nuevo de petróleo,,,Lote 1AB/192,PlusPetrol Norte S.A,2007,13/05/2007 14/05/2007,Se ocurrió dentro de las instalaciones de la batería Dorissa 17 debido a la alta presión. Afectó a los suelos naturales y la quebrada Chu entsa.,Batería Dorissa 14.,,Claudia,2. Validado final
-76.199712,-2.767376,CRS201804,FECONACO,,Derrame antiguo de petróleo,,,Lote 1AB/192,,2018,2018-04-21,Afectó a la comunidad Nueva Jersualén. Es una expedición de OEFA.,"Cerca del pozo 20 (inoperativo), en la Batería Dorissa.",,Ana Paula,2. Validado final
-76.199567,-2.775508,CNJ20201,FECONACOR,Dorissa,Derrame de agua de producción,Tubería,Nuevo,Lote 1AB/192,Frontera Energy,2020.0,27/09/2020,"Hueco en tubería, derrame de agua de producción cerca de pozo 12-01 de Dorissa",Pozo 12-01 Dorissa,,,
-76.199196,-2.7651333,COE201003.5/CWS201001,"OSINERGMIN, FECONACO",,Derrame nuevo de petróleo,,Antiguo,Lote 1AB/192,PlusPetrol Norte S.A,2010,2010-07-29,El derrame de crudo se dio debido a la oxidación de tubería. Afectó a la quebrada Pucacuro.,Pozo D-17/Batería Dorissa.,,Ale,1. Validado parcial
-76.197694,-2.7654604,COE201003.8/CWS201002,"OSINERGMIN, FECONACO",,Derrame nuevo de petróleo,,Antiguo,Lote 1AB/192,PlusPetrol Norte S.A,2010,28/10/2010 30/10/2010,El derrame de crudo occurió debido a una tubería rota. El crudo derramado salió por una superficie desnivelada y se quedó atrapado en una zona de suelo arcilloso.,Línea de flujo del pozo Dorissa 18./ Batería Dorissa.,,Ale,1. Validado parcial
-76.19604607,-2.56036529,CAS201703,FECONACO,,Derrame antiguo de petróleo,,,Lote 1AB/192,PlusPetrol Norte S.A,2017,2017-05-19,Afectó a la quebrada Manchari  y también las áreas de caza y pesca de Jose Olaya. Se encontraron algunos animales y peces muertos. Superficie afectada= 12m x 750 m.,"En el Km 70, Batería Shiviyacu, cerca de Quebrada Manchari.",,Ana Paula,2. Validado final
-76.195145,-2.742968,CRS201605,FECONACO,,fuga,,,Lote 1AB/192,"Pacific Stratus Energy del Perú, S.A.",2016,2016-12-31,El derrame afectó a la orilla de Pucacuyacu en el territorio de la comunidad Nueva Jerusalén.,"Batería Dorissa, km 16.",,Lady,1. Validado parcial
-76.195098,-2.741322,CRS201604,FECONACO,,fuga,,,Lote 1AB/192,"Pacific Stratus Energy del Perú, S.A.",2016,2016-12-30,El derrame afectó a la orilla de Pucacuyacu en el territorio de la comunidad Nueva Jerusalén.,"Batería Dorissa, Km 16.",,Lady,1. Validado parcial
-76.193473,-2.771217,CRS201807,FECONACO,,Derrame antiguo de petróleo,,,Lote 1AB/192,,2018,2018-04-22,Es una expedición de supervisión de OEFA.,En territorio de la comunidad Nueva Jerusalén.,,Ana Paula,2. Validado final
-76.19300763,-2.56166389,CAS201101,FECONACO,,Derrame nuevo de petróleo,,Antiguo,Lote 1AB/192,PlusPetrol Norte S.A,2011,2011-05-18,Afectó a la zona de pesca y caza de las comunidad José Olaya y  Huayurí Norte; también afectó a la quebrada Timo entsa.,En el pozo 1x km 3 Huayuri Norte.,,Ale,1. Validado parcial
-76.192909,-2.5601403,CGS200811,FECONACO,,fuga,,Antiguo,Lote 1AB/192,PlusPetrol Norte S.A,2008,2008-05-24,Crudo derramado de un camión.,Batería Huayurí.,,Ale,1. Validado parcial
-76.192642,-2.561895,CES201702,FECONACO,,Derrame nuevo de petróleo,,,Lote 1AB/192,"Pacific Stratus Energy del Perú, S.A.",2017,2017-05-18,,Batería Dorissa.,,Ana Paula,2. Validado final
-76.19256256,-2.56189682,CFS201704,FECONACO,,Derrame nuevo de petróleo,,,Lote 1AB/192,"Pacific Stratus Energy del Perú, S.A.",2016,2016-05-18,"Los monitores ambientales informaron que el evento había afectado al medioambiente, encontrando peces muertas. El sitio aún no había sido remediado.","Pozo 18, km 5. Batería Shiviyacu.",,Lady,1. Validado parcial
-76.192324,-2.773941,CRS201806,FECONACO,,Botadero,,,Lote 1AB/192,Occidental Petroleum,2018,2018-04-22,Un oleoducto abandonado. Es una expedición de OEFA.,En territorio de la comunidad Nueva Jerusalén.,,Ana Paula,2. Validado final
-76.183819,-2.62001,CSS201901,FECONACOR,Dorissa,Derrame de crudo,oleoducto,Nuevo,Lote 1AB/192,Frontera Energy,,14/05/2019,"Derrame Nuevo carretera Km 11 Dorissa a. Huayuri, afecta quebrada Libre",Nueva Jerusalén,,Laura,1. Validado parcial
-76.16748,-2.484347,CGS200812,FECONACO,,Derrame nuevo de petróleo,,,Lote 1AB/192,PlusPetrol Norte S.A,2008,2008-02-27,Fuga de tubería.,Batería Shiviyacu.,,Claudia,2. Validado final
-76.165628,-2.337842,CNS20213,FECONACOR,Forestal Shiviyacu Carmen Huayurí Huayurí Norte,Derrame de crudo,Batería,Nuevo,Lote 1AB/192,Frontera Energy,2021.0,2021-05-02,Derrames dejados por Frontera en Forestal; quebrada contaminada,"Forestal, José Olaya",,,
-76.165619,-2.337145,CNS20215,FECONACOR,Forestal Shiviyacu Carmen Huayurí Huayurí Norte,Derrame de crudo,Batería,Nuevo,Lote 1AB/192,Frontera Energy,2021.0,2021-05-02,Derrames dejados por Frontera en Forestal; suelo contaminado al lado de carretera,"Forestal, José Olaya",,,
-76.165295,-2.337173,CNS20228,FECONACOR,"Forestal, Shiviyacu, Carmen, Huayurí, Huayurí Norte",Derrame de crudo,Pozo,Antiguo,Lote 1AB/192,Frontera Energy,2021.0,2022-10-10,"La primera vez que identificaron el derrame, cuando estaba Frontera Energy, la empresa no lo había reportado, y las comunidades no saben en que fecha ocurrió. Frontera Energy realiza una limpieza, no muy buena, pero el 15 de marzo del 2021 otra vez vuelve a ocurrir un incidente en el mismo lugar, y ","Shiíyacu 12km + 25 km de la comunidad. Hay carretera de José Olaya a Shiviyacu, y también hay carretera hasta el Yacimiento pozo 10 que está contaminado.",,,
-76.165232,-2.337001,CNS20212,FECONACOR,Forestal Shiviyacu Carmen Huayurí Huayurí Norte,Derrame de crudo,Batería,Nuevo,Lote 1AB/192,Frontera Energy,2021.0,2021-05-02,Derrames dejados por Frontera en Forestal; suelo contaminado,"Forestal, José Olaya",,,
-76.165214,-2.337381,CNS20214,FECONACOR,Forestal Shiviyacu Carmen Huayurí Huayurí Norte,Derrame de crudo,Batería,Nuevo,Lote 1AB/192,Frontera Energy,2021.0,2021-05-02,Derrames dejados por Frontera en Forestal; Pozo con piscina de crudo al lado,"Forestal, José Olaya",,,
-76.164723,-2.341786,CNS20195,FECONACOR,"Forestal, Shiviyacu, Carmen, Huayurí, Huayurí Norte",Derrame de crudo,Pozo,Nuevo,Lote 1AB/192,Frontera Energy,,18/12/2019,"Tanque sumidero, area afectada 50m2, contaminación de suelo y agua,","Pozo 5 de Forestal, comunidad José Olaya",,Laura,1. Validado parcial
-76.164733,-2.706546,CSS201605,FECONACO,,Derrame antiguo de petróleo,,,Lote 1AB/192,Occidental Petroleum,2016,01/09/2016,Aún hay crudo antiguo en el suelo y llega a tres metros de profundidad. Este evento se dio en los tiempos de Oxy,"Pozo 15, cerca del km 19 de carretera. Cerca de ""Esteban Cocha"".",,Lady,1. Validado parcial
-76.161756,-2.342078,CNS202211,FECONACOR,Forestal Shiviyacu Carmen Huayurí Huayurí Norte,Derrame de crudo,Batería,Nuevo,Lote 1AB/192,Perupetro,2022.0,28/11/2022,Nueva ruptura en el Tanque 591 de la Batería Forestal provoca nuevo derrame. El crudo no deja de salir y continúa esparciéndose,"Tanque 591, Bateria Forestal, territorio de la CC.NN. Jose Olaya",,,
-76.161703,-2.342829,CNS20233,FECONACOR,Forestal Shiviyacu Carmen Huayurí Huayurí Norte,Derrame de crudo,Tubería,Nuevo,Lote 1AB/192,Perupetro,2023.0,26/02/2023,"Derrame en Bateria Forestal, tubería de 6 pulgadas",CC.NN. Jose Olaya,,,
-76.160477,-2.3290813,CIC201002,FECONACO,,Derrame nuevo de petróleo,,Antiguo,Lote 1AB/192,PlusPetrol Norte S.A,2010,2010-06-09,,Batería Dorissa.,,Ale,1. Validado parcial
-76.158634,-2.339431,CNS20193,FECONACOR,"Forestal, Shiviyacu, Carmen, Huayurí, Huayurí Norte",Botadero,,Antiguo,Lote 1AB/192,Occidental Petroleum Corporation (OXY),,17/12/2019,"Residuos solidos - latas, fierros, bidones","Forestal, comunidad José Olaya",,Laura,1. Validado parcial
-76.158354,-2.337875,CNS20194,FECONACOR,"Forestal, Shiviyacu, Carmen, Huayurí, Huayurí Norte",Botadero,,Antiguo,Lote 1AB/192,Pluspetrol Norte,,17/12/2019,"Area afectada 82m2, Latas,Fierros,Baterías,Tubos,Plasticos",BOE FORE 03 comunidad cercana José olaya,,Laura,1. Validado parcial
-76.15703,-2.635394,COE201542.5,"OEFA,. FECONACO",,otro,,,Lote 1AB/192,PlusPetrol Norte S.A,2015,21/09/2015,,Batería Dorissa.,,Lady,1. Validado parcial
-76.153036,-2.344645,COE201502,FECONACO,,Derrame nuevo de petróleo,,,Lote 1AB/192,"Pacific Stratus Energy del Perú, S.A.",2015,2015-11-07,Un derrame de un pozo.,Batería Forestal.,,Lady,1. Validado parcial
-76.148952,-2.419517,CRAS200601,FECONACO,,Derrame antiguo de petróleo,,,Lote 1AB/192,,2006,2006-12-12,Este evento se dio en 2003.,Batería Forestal.,,Claudia,2. Validado final
-76.147583,-2.6809006,COE201402,FECONACO,,Derrame nuevo de petróleo,,,Lote 1AB/192,PlusPetrol Norte S.A,2014,2014-05-01,,"Ocurrió cerca de la vía Jerusalén a Jibarito, alrededor del km 19.",,Cielo,1. Validado parcial
-76.146431,-2.457636,CAS201615,FECONACO,,Derrame nuevo de petróleo,,,Lote 1AB/192,"Pacific Stratus Energy del Perú, S.A.",2016,2016-04-13,El derrame se dio debido a la alta presión. Se demoraron 20 días en hacer la limpieza con 12 trabajadores.,"Pozo 6. Ocurrió a unos 200 metros de la vía Shiviyacu-Forestal, en el km 3,5.",,Lady,1. Validado parcial
-76.13817,-2.494006,COE201542.4,"OEFA, FECONACO",,otro,,,Lote 1AB/192,PlusPetrol Norte S.A,2015,19/08/2015,,Batería Shiviyacu.,,Lady,1. Validado parcial
-76.137039,-2.6491071,COE201405,"OEFA, FECONACO",,Derrame nuevo de petróleo,,,Lote 1AB/192,PlusPetrol Norte S.A,2014,04/05/2014 01/05/2014,El evento tuvo un impacto significativo en la quebrada Peñayacu.,"En la carretera principal Huayuri-Jibarito, Km 19+100, en Yacimiento Jibarito. Carretera Jerusalén a Jibarito, km 19.",0.0,Cielo,1. Validado parcial
-76.1378967,-2.49658429,COE201705/CAS201705,"OEFA, FECONACO",,Derrame nuevo de petróleo,,,Lote 1AB/192,"Pacific Stratus Energy del Perú, S.A.",2017,2017-05-26,El evento afectó a la comunidad José Olaya.,"Floyente de machari, Tanque de sumidero del pozo 19, en bateria Shiviyacu. Carretera de Bateria Shiviyacu a Bateria Forestal, en el km 1. Afectó el territorio de la comunidad José Olaya.",1.0,Ana Paula,2. Validado final
-76.136248,-2.486093,COE200702.1/CGS200703,"OSINERGMIN, FECONACO",,Derrame nuevo de petróleo,,,Lote 1AB/192,PlusPetrol Norte S.A,2007,21/03/2007 04/04/2007,El evento ocurrió debido a la oxidación externa del oleoducto. Afectó a un riachuelo. El área afectada abarca 150m2 de superficie con flora y 200m de un canal natural.,Batería Shiviyacu. En el km 6+800 de la carretera Shiviyacu-Forestal (a la entrada al pozo Shiv-27).,1.0,Claudia,2. Validado final
-76.13354,-2.4971212,CIC201003,FECONACO,,Derrame nuevo de petróleo,,Antiguo,Lote 1AB/192,PlusPetrol Norte S.A,2010,2010-03-12,Colcha contaminada.,Batería Forestal.,,Ale,1. Validado parcial
-76.13251965,-2.45534932,COE201704/CAS201704,"OEFA, FECONACO",,agua producida,,,Lote 1AB/192,"Pacific Stratus Energy del Perú, S.A.",2017,20/05/2017 19/05/2017,Afectó a la quebrada Huasay y las zonas de caza y pesca de Huasay y Olaya. Se encontraron peces muertos.,"Pozo 6 de Batería Shiviyacu y Forestal, por el km 5, en territorio de la comunidad José Olaya.",1.0,Ana Paula,2. Validado final
-76.131454,-2.454004,CGS200704,FECONACO,,Derrame antiguo de petróleo,,,Lote 1AB/192,,2007,2007-04-24,,Batería Shiviyacu.,,Claudia,2. Validado final
-76.129318,-2.532673,CAS201610,FECONACO,,Botadero,,,Lote 1AB/192,,2016,2016-02-04,,Información de un cuaderno. No. 280,,Lady,1. Validado parcial
-76.129141,-2.483557,TTX20211,OPIKAFPE,San Jacinto & 1A,Derrame de crudo,Batería,Nuevo,Lote 1AB/192,Frontera Energy,2021.0,14/01/2021,Derrame de sump tank de batería 1A cerca de 12 de Octubre,"1A, Doce de Octubre",,,
-76.129155,-2.531932,CAS201609,FECONACO,,Botadero,,,Lote 1AB/192,,2016,2016-02-04,,Información de un cuaderno. No. 279,,Lady,1. Validado parcial
-76.129128,-2.531335,CAS201608,FECONACO,,Botadero,,,Lote 1AB/192,,2016,2016-02-03,,Información de un cuaderno.No. 278.,,Lady,1. Validado parcial
-76.128765,-2.442781,CAS201611,FECONACO,,Botadero,,,Lote 1AB/192,,2016,2016-02-04,,Información de un cuaderno. No. 281.,,Lady,1. Validado parcial
-76.128606,-2.531199,CAS201607,FECONACO,,Botadero,,,Lote 1AB/192,,2016,2016-02-03,,Información de un cuaderno. No. 277.,,Lady,1. Validado parcial
-76.128184,-2.532728,CAS201612,FECONACO,,Botadero,,,Lote 1AB/192,,2016,2016-02-04,,Información de un cuaderno. No. 282,,Lady,1. Validado parcial
-76.128022,-2.53205,CAS201613,FECONACO,,Botadero,,,Lote 1AB/192,,2016,2016-02-04,,Información de un cuaderno. No. 283,,Lady,1. Validado parcial
-76.127867,-2.529898,CAS201606,FECONACO,,Botadero,,,Lote 1AB/192,,2016,2016-02-03,,Información de un cuaderno. No. 276.,,Lady,1. Validado parcial
-76.127247,-2.530179,CAS201605,FECONACO,,Botadero,,,Lote 1AB/192,,2016,2016-02-03,,Información de un cuaderno. No. 275.,,Lady,1. Validado parcial
-76.12705,-2.531309,CAS201604,FECONACO,,Botadero,,,Lote 1AB/192,,2016,2016-02-03,,Información de un cuaderno. No. 274.,,Lady,1. Validado parcial
-76.126069,-2.530035,CAS201618,FECONACO,,Botadero,,,Lote 1AB/192,,2016,2016-02-12,,Información de un cuaderno. No. 289,,Lady,1. Validado parcial
-76.12587,-2.529637,CAS201617,FECONACO,,Botadero,,,Lote 1AB/192,,2016,2016-02-12,,Información de un cuaderno. No. 288,,Lady,1. Validado parcial
-76.125611,-2.531066,CAS201619,FECONACO,,Botadero,,,Lote 1AB/192,,2016,2016-02-12,,Información de un cuaderno. No. 290,,Lady,1. Validado parcial
-76.125277,-2.529746,CAS201616,FECONACO,,Botadero,,,Lote 1AB/192,,2016,2016-02-12,,Información de un cuaderno. No. 287,,Lady,1. Validado parcial
-76.125224,-2.53094,CAS201620,FECONACO,,Botadero,,,Lote 1AB/192,,2016,2016-02-12,,Información de un cuaderno. No. 291,,Lady,1. Validado parcial
-76.125125,-2.530361,CAS201614,FECONACO,,Botadero,,,Lote 1AB/192,,2016,2016-02-04,,Información de un cuaderno. No. 286,,Lady,1. Validado parcial
-76.116424,-2.407677,CNS20192,FECONACOR,"Forestal, Shiviyacu, Carmen, Huayurí, Huayurí Norte",Derrame de agua de formación,,Nuevo,Lote 1AB/192,Frontera Energy,,2019-11-06,"Charco de agua, no está claro de donde proviene",,,Laura,1. Validado parcial
-76.116388,-2.408057,CNS20191,FECONACOR,"Forestal, Shiviyacu, Carmen, Huayurí, Huayurí Norte",Derrame de crudo,,Nuevo,Lote 1AB/192,Frontera Energy,,2019-11-06,Trazas de crudo en suelo y agua,,,Laura,1. Validado parcial
-76.04431,-2.709107,CWH20192,FECONACOR,Jibarito,Derrame de crudo,oleoducto,Nuevo,Lote 1AB/192,Frontera Energy,,19/05/2019,"Quiebra en la tubería, el derrame ocurrió sobre una pendiente que se precipita varios metros hasta llegar a una quebrada. La tierra arcillosa cavada presenta evidencias de haberse mezclado con petróleo","Isla Jíbaro, Antioquía",1.0,Laura,1. Validado parcial
-76.044201,-2.7079405,CRP201001,FECONACO,,Derrame nuevo de petróleo,,Antiguo,Lote 1AB/192,PlusPetrol Norte S.A,2010,2010-01-06,Afectó a un aguajal.,Batería Jibarito.,,Ale,1. Validado parcial
-76.042278,-2.720127,CWH20196,FECONACOR,Jibarito,Derrame de crudo,Tubería,Nuevo,Lote 1AB/192,Frontera Energy,2019.0,,"Derrame grande que contamina al río Corrientes, afectando varias comunidades rio abajo como Pampa Hermosa, Pucacuro, hasta Lote 8. Información de OEFA menciona que fue en tubo hacia batería Jibarito, y estiman o 23,353 o 75,544 barriles derramados de crudo mezclado con agua de producción.",Batería jibarito,,,
-76.041744,-2.7073727,COE200907.1/CJV200901,"OSINERGMIN, FECONACO",,Derrame nuevo de petróleo,,Antiguo,Lote 1AB/192,PlusPetrol Norte S.A,2009,12/09/2009 14/09/2009,El derrame se produjo por una antigua mordaza de hierro. Afecta a la isla Jibarito.,Batería Jibarito (Sección 9 de la línea principal 8'' en los pozos de Isla Jíbarito).,,Ale,1. Validado parcial
-76.037125,-2.722501,CJV201001,FECONACO,,Derrame nuevo de petróleo,,Antiguo,Lote 1AB/192,PlusPetrol Norte S.A,2010,2010-03-02,Afecta a la isla Jibaro y el río Corrientes.,Batería Jibarito.,,Ale,1. Validado parcial
-76.033976,-2.700776,CWH20191,FECONACOR,Jibarito,Derrame de agua de formación,Sump Tank,Nuevo,Lote 1AB/192,Frontera Energy,,2017-08-07,"Derrame de Sump Tank en plátaforma HPS de Jibaro Isla. Según OEFA, se derramaron 920.823 barriles de agua de reinyección conteniendo trazas de crudo.  Afecta la quebrada Pumayacu (7km), y Hugococha. Crudo en sedimentos submergido en el agua, aflora cuando se remueve los sedimentos.","Cerca de Jibarito, Antioquia",1.0,Laura,1. Validado parcial
-76.0292,-2.711364,CEH200702,FECONACO,,fuga,,,Lote 1AB/192,PlusPetrol Norte S.A,2007,2007-10-23,,Batería Jibarito,,Claudia,2. Validado final
-76.02806022,-2.71801528,CWH20194,FECONACOR,Jibarito,Botadero,,Antiguo,Lote 1AB/192,Pluspetrol Norte,,,Bidones,,,Laura,1. Validado parcial
-76.027029,-2.750714,COE201003.3/CRP201002,"OSINERGMIN, FECONACO",,Derrame nuevo de petróleo,,Antiguo,Lote 1AB/192,PlusPetrol Norte S.A,2010,11/05/2010 13/05/2010,Se detectó cuando el operador encargado encontró crudo saliendo del antorcha.,Batería Jibarito.,,Ale,1. Validado parcial
-76.025535,-2.74915,CBM20231,FECONACOR,Jibarito,Derrame de crudo,Tubería,Nuevo,Lote 1AB/192,Perupetro,2023.0,25/01/2023,"72.87m², contaminación de suelo",CC.NN. Antioquia,,,
-76.025481,-2.738531,CTW201602,FECONACO,,Derrame nuevo de petróleo,,,Lote 1AB/192,"Pacific Stratus Energy del Perú, S.A.",2016,01/05/2016,Afecta al riachuelo de Pungacungayacu que fluye hacia el río Corrientes.,Batería Jibarito.,,Lady,1. Validado parcial
-76.025028,-2.7459487,COE200903/CJC200901,"OEFA, FECONACO",,Derrame nuevo de petróleo,,Antiguo,Lote 1AB/192,PlusPetrol Norte S.A,2009,2009-01-09,"Un derrame de bastante crudo afectó a la quebrada Pucakungayacu, quebrada Tseku entsa y el río Corrientes. Se dio debido a la oxidación externa de un tubo enterrado proveniente de la Batería Jibarito. Según el informe, la inversión en medidas preventivas para proteger contra posibles derrames era in","Batería Jibarito, pozo 9.",,Ale,1. Validado parcial
-76.021396,-2.75839,CJC200602,FECONACO,,Derrame nuevo de petróleo,,,Lote 1AB/192,PlusPetrol Norte S.A,2006,2006-11-13,El evento afectó a la quebrada Paniyacu Grande.,Batería Jibarito,,Claudia,2. Validado final
-76.018106,-2.772576,CNA201007,FECONACO,,Derrame nuevo de petróleo,,Antiguo,Lote 1AB/192,PlusPetrol Norte S.A,2010,2010-05-29,"El derrame está afectando a la quebrada Tseku entsa, Pucacunga yacu y río Corrientes.",Batería Dorissa.,,Ale,1. Validado parcial
-76.017644,-2.7690667,COE201003.6/CJV201003,"OSINERGMIN, FECONACO",,Derrame nuevo de petróleo,,Antiguo,Lote 1AB/192,PlusPetrol Norte S.A,2010,2010-08-27,"El evento afectó a la quebrada Paña Yacu. Una gran cantidad de crudo fue derramada, impactando a la colcha aledaña y la zona aledaña.","Línea de producción de pozos 1101,1102, 10 y 13 (secciones no. 49)",,Ale,1. Validado parcial
-76.009559,-2.8027055,CJV201501,FECONACO,,Derrame nuevo de petróleo,,,Lote 1AB/192,"Pacific Stratus Energy del Perú, S.A.",2015,2015-01-01,,Isla Jibarito,,Cielo,1. Validado parcial
-75.968375,-2.4652588,PAS201023,FEDIQUEP,,Botadero,,Antiguo,Lote 1AB/192,,2010,2010-01-31,Tubería antigua abandonada en el bosque.,Batería Forestal.,,Ale,1. Validado parcial
-75.963472,-2.4629285,PAS201022,FEDIQUEP,,Botadero,,Antiguo,Lote 1AB/192,,2010,2010-01-31,Tubería antigua abandonada en el bosque.,Batería Forestal.,,Ale,1. Validado parcial
-75.928994,-2.4569647,PAS201018,FEDIQUEP,,Botadero,,Antiguo,Lote 1AB/192,,2010,2010-01-28,barriles y otros materiales abandonados.,Batería Forestal.,,Ale,1. Validado parcial
-75.914243,-2.4546502,PAS201017,FEDIQUEP,,Botadero,,Antiguo,Lote 1AB/192,,2010,2010-01-28,Una gran cantidad de tubos abandonados.,Batería Forestal.,,Ale,1. Validado parcial
-75.88955,-2.261579,TVS20181,OPIKAFPE,San Jacinto & 1A,Derrame de crudo,Pozo,Antiguo,Lote 1AB/192,Occidental Petroleum Corporation (OXY),,2019-12-04,Se hizo un hueco para almacenar el derrame que hacen los pozos como el viento pozo 6,"Pozo 6, 12 de Octubre",,Laura,1. Validado parcial
-75.888889,-2.268897,TVS20182,OPIKAFPE,San Jacinto & 1A,Botadero,Batería,Antiguo,Lote 1AB/192,Pluspetrol Norte,,2019-12-04,"En este sitio se encuentra chatarra, como cajas de maquinas pesadas, aluminio, etc. Area afectada 40x35 metros",Batería San Jacinto,,Laura,1. Validado parcial
-75.887823,-2.261869,TJG201938,OPIKAFPE,San Jacinto & 1A,Derrame de crudo,,Antiguo,Lote 1AB/192,Frontera Energy,,2019-04-01,Suelo con petroleo,12 de octubre,,Laura,1. Validado parcial
-75.887482,-2.262394,TJG201937,OPIKAFPE,San Jacinto & 1A,Derrame de crudo,,Antiguo,Lote 1AB/192,Frontera Energy,,2019-04-01,Suelo con petroleo,12 de octubre,,Laura,1. Validado parcial
-75.886777,-2.27164,TJG201939,OPIKAFPE,San Jacinto & 1A,Derrame de crudo,,Antiguo,Lote 1AB/192,Frontera Energy,,2019-04-01,Lago contaminado,12 de octubre,,Laura,1. Validado parcial
-75.886574,-2.277194,TJG201941,OPIKAFPE,San Jacinto & 1A,Derrame de crudo,,Antiguo,Lote 1AB/192,Frontera Energy,,2019-04-01,Tierra con petroleo,12 de octubre,,Laura,1. Validado parcial
-75.886571,-2.272716,THI20211,OPIKAFPE,San Jacinto & 1A,Derrame de crudo,Pozo,Nuevo,Lote 1AB/192,Perupetro,2021.0,14/11/2021,"Pozo 24 de San Jacinto. Derrame que sale del Cabezal de Pozo cada vez que hace mucho sol, derrame en el Sumptank de Pozo 24 y se llena. Ya se han reportado derrames anteriores, y ya se estaba realizando un trabajo de limpieza y contingencia en el mismo lugar.",Pozo 24 San Jacinto,,,
-75.886424,-2.282197,TJG201943,OPIKAFPE,San Jacinto & 1A,Derrame de crudo,,Antiguo,Lote 1AB/192,Frontera Energy,,2019-04-01,Lodo con petroleo crudo,12 de octubre,,Laura,1. Validado parcial
-75.88609,-2.280632,TJG201942,OPIKAFPE,San Jacinto & 1A,Derrame de crudo,,Antiguo,Lote 1AB/192,Frontera Energy,,2019-04-01,Hojarasca y tierra con petroleo,12 de octubre,,Laura,1. Validado parcial
-75.885656,-2.276914,TJG201960,OPIKAFPE,San Jacinto & 1A,Botadero,,Antiguo,Lote 1AB/192,Frontera Energy,,2019-04-01,Chatarra de tubos de fierro,12 de octubre,,Laura,1. Validado parcial
-75.883478,-2.288096,TJG201944,OPIKAFPE,San Jacinto & 1A,Derrame de crudo,,Antiguo,Lote 1AB/192,Frontera Energy,,2019-04-01,Arboles y lodo con petroleo,12 de octubre,,Laura,1. Validado parcial
-75.877076,-2.289249,TJG201961,OPIKAFPE,San Jacinto & 1A,Botadero,,Antiguo,Lote 1AB/192,Frontera Energy,,2019-04-01,Botadero,12 de octubre,,Laura,1. Validado parcial
-75.877068,-2.291239,TJG201963,OPIKAFPE,San Jacinto & 1A,Botadero,,Antiguo,Lote 1AB/192,Frontera Energy,,2019-04-01,Botadero de fierros y otros,12 de octubre,,Laura,1. Validado parcial
-75.87730239,-2.29157379,PJV201602,FEDIQUEP,,Botadero,,,Lote 1AB/192,,2016,27/03/2016,El bosque ha crecido por encima de un botadero.,"Dorcas km 150 + 900 margen izquierdo San Jacinto - 12 de octubre. Se trata de un antiguo botadero llamado Dorcas, en Batería San Jacinto.",,Lady,1. Validado parcial
-75.876608,-2.289657,TJG201962,OPIKAFPE,San Jacinto & 1A,Botadero,,Antiguo,Lote 1AB/192,Frontera Energy,,2019-04-01,Botadero de fierro y concreto,12 de octubre,,Laura,1. Validado parcial
-75.876068,-2.304167,TJG201946,OPIKAFPE,San Jacinto & 1A,Derrame de crudo,,Antiguo,Lote 1AB/192,Frontera Energy,,2019-04-01,Petroleo flotando en charco,12 de octubre,,Laura,1. Validado parcial
-75.8756,-2.302856,TJG201945,OPIKAFPE,San Jacinto & 1A,Derrame de crudo,,Antiguo,Lote 1AB/192,Frontera Energy,,2019-04-01,Petroleo cubierto con hojarasca,12 de octubre,,Laura,1. Validado parcial
-75.875474,-2.302955,TTO20231,OPIKAFPE,San Jacinto & 1A,Derrame de crudo,Tubería,Nuevo,Lote 1AB/192,Perupetro,2023.0,29/01/2023,,CC.NN. Doce de octubre,,,
-75.873637,-2.298895,TJG201964,OPIKAFPE,San Jacinto & 1A,Botadero,,Antiguo,Lote 1AB/192,Frontera Energy,,2019-04-01,Botadero de botellas,12 de octubre,,Laura,1. Validado parcial
-75.872722,-2.316852,TJG201951,OPIKAFPE,San Jacinto & 1A,Derrame de crudo,,Antiguo,Lote 1AB/192,Frontera Energy,,2019-04-01,Quebrada contaminada,12 de octubre,,Laura,1. Validado parcial
-75.869875,-2.309255,TJG201966,OPIKAFPE,San Jacinto & 1A,Botadero,,Antiguo,Lote 1AB/192,Frontera Energy,,2019-04-01,Chatarra enterrada,12 de octubre,,Laura,1. Validado parcial
-75.869084,-2.309364,TJG201947,OPIKAFPE,San Jacinto & 1A,Derrame de crudo,,Antiguo,Lote 1AB/192,Frontera Energy,,2019-04-01,Quebrada contaminada con petroleo,12 de octubre,,Laura,1. Validado parcial
-75.868619,-2.313227,TJG201956,OPIKAFPE,San Jacinto & 1A,Derrame de crudo,,Antiguo,Lote 1AB/192,Frontera Energy,,2019-04-01,Aguajal contaminado,12 de octubre,,Laura,1. Validado parcial
-75.868417,-2.307492,TJG201965,OPIKAFPE,San Jacinto & 1A,Botadero,,Antiguo,Lote 1AB/192,Frontera Energy,,2019-04-01,Tanque de concreto,12 de octubre,,Laura,1. Validado parcial
-75.868338,-2.309789,TJG201967,OPIKAFPE,San Jacinto & 1A,Botadero,,Antiguo,Lote 1AB/192,Frontera Energy,,2019-04-01,Botellas enterradas,12 de octubre,,Laura,1. Validado parcial
-75.868059,-2.308903,TJG201948,OPIKAFPE,San Jacinto & 1A,Derrame de crudo,,Antiguo,Lote 1AB/192,Frontera Energy,,2019-04-01,Plantas contaminadas,12 de octubre,,Laura,1. Validado parcial
-75.868042,-2.310848,TJG201968,OPIKAFPE,San Jacinto & 1A,Botadero,,Antiguo,Lote 1AB/192,Frontera Energy,,2019-04-01,Tubos expuestos,12 de octubre,,Laura,1. Validado parcial
-75.867006,-2.323251,TJG201959,OPIKAFPE,San Jacinto & 1A,Derrame de crudo,,Antiguo,Lote 1AB/192,Frontera Energy,,2019-04-01,Laguna o cocha contaminada,12 de octubre,,Laura,1. Validado parcial
-75.866918,-2.325567,TJG201977,OPIKAFPE,San Jacinto & 1A,Botadero,,Antiguo,Lote 1AB/192,Frontera Energy,,2019-04-01,Chatarra de tubos,12 de octubre,,Laura,1. Validado parcial
-75.866146,-2.313572,THC20201,OPIKAFPE,San Jacinto,Derrame de crudo,Batería,Nuevo,Lote 1AB/192,Frontera Energy,2020.0,18/04/2020,A la fecha hay tres puntos de fuga en base san Jacinto: 1. Tanque de almacenamiento 1405 que la empresa dejo sin cerrar por lo que la lluvia lo ha hecho rebalsar 2. Tubo de 2” que ha hecho pequeño derrame de 20x10 3. Sump tank 1419 que hace no mucho también ha derramado por sobre llenado. La preocup,San Jacinto,0.0,Ana Paula,2. Validado final
-75.866029,-2.313038,TXX20211,OPIKAFPE,San Jacinto & 1A,Derrame de crudo,Batería,Nuevo,Lote 1AB/192,Frontera Energy,2021.0,29/01/2021,Derrame en Sumptank 1440 al sumptank 1405,,,,
-75.865988,-2.3357531,PAS201006,FEDIQUEP,,Botadero,,Antiguo,Lote 1AB/192,,2010,2010-01-24,Tubería antigua botada en el bosque.,Batería Forestal.,,Ale,1. Validado parcial
-75.865773,-2.335364,TJG201976,OPIKAFPE,San Jacinto & 1A,Botadero,,antiguo,Lote 1AB/192,Frontera Energy,,2019-04-01,Tubo debajo del agua,12 de octubre,,Laura,1. Validado parcial
-75.865759,-2.312885,TOE201704.2/TGV201703,"OEFA, OPIKAFPE",,Derrame nuevo de petróleo,,,Lote 1AB/192,"Pacific Stratus Energy del Perú, S.A.",2017,27/09/2017 25/09/2017,"La empresa informó que la ocupación de las instalaciones de la empresa por la comunidad 12 de Octubre estaba agravando la expansión del derrame porque los comuneros no permitieron los trabajos iniciales de contención en el momento.  Sin embargo, el origen del derrame es el desborde del tanque T-1450",Tanque 1450. Zona industrial de la Batería San Jacinto. 30m x 15m.,,Ana Paula,2. Validado final
-75.865744,-2.3477665,PAS201008,FEDIQUEP,,Botadero,,Antiguo,Lote 1AB/192,,2010,2010-01-24,Tubería antigua abandonada.,Batería Forestal.,,Ale,1. Validado parcial
-75.865654,-2.3485898,PAS201009,FEDIQUEP,,Botadero,,Antiguo,Lote 1AB/192,,2010,2010-01-24,Tubería antigua abandonada.,Batería Forestal.,,Ale,1. Validado parcial
-75.86558,-2.315255,TJG201949,OPIKAFPE,San Jacinto & 1A,Derrame de crudo,,Antiguo,Lote 1AB/192,Frontera Energy,,2019-04-01,Suelo contaminado,12 de octubre,,Laura,1. Validado parcial
-75.865592,-2.348997,TJG201975,OPIKAFPE,San Jacinto & 1A,Botadero,,Antiguo,Lote 1AB/192,Frontera Energy,,2019-04-01,Chatarra de tubos de fierro,12 de octubre,,Laura,1. Validado parcial
-75.865378,-2.352579,TOE201701/TJO201707,"OEFA, OPIKAFPE",,Derrame nuevo de petróleo,,,Lote 1AB/192,"Pacific Stratus Energy del Perú, S.A.",2017,2017-02-10,"Seis meses después del evento, aún hay rastros de crudo en el suelo. Una gran cantidad de crudo salió del oleoducto. En el está escrito ""TL08 J1A-SAJ."" Afectó a un aguajal. Los monitores informan que el OEFA aún no ha hecho ninguna visita al sitio (no fueron notificados). Según una nota adjuntada, l",Línea 8-pozo 1A (junta 236) Batería San Jacinto. Batería Shiviyacu,,Lady,1. Validado parcial
-75.865417,-2.443004,TJG201957,OPIKAFPE,San Jacinto & 1A,Derrame de crudo,,Antiguo,Lote 1AB/192,Frontera Energy,,2019-04-01,Lago contaminado,12 de octubre,,Laura,1. Validado parcial
-75.865262,-2.3548138,PAS201010,FEDIQUEP,,Botadero,,Antiguo,Lote 1AB/192,,2010,2010-01-24,Tubería antigua abandonada.,Batería Forestal.,,Ale,1. Validado parcial
-75.865129,-2.313075,TOE201503/TGS201603,"OEFA, OPIKAFPE",,Derrame antiguo de petróleo,,,Lote 1AB/192,PlusPetrol Norte S.A,2016,11/11/2016,"Este sitio tiene una historia de contaminación. El crudo que aún queda se ha acumulado por muchos años, llegando a 3-4 metros de profundidad. Según el monitor ambiental, cada vez que llovía, estos pozos se desbordaban y después el contenido se vertía al medioambiente. No ha habido ninguna remediació","Antiguo derrame de petróleo en el pozo 2-4, San Jacinto.",0.0,Lady,1. Validado parcial
-75.86512,-2.313129,TOE201601/TGS201604,"OEFA, OPIKAFPE",,Derrame nuevo de petróleo,,,Lote 1AB/192,"Pacific Stratus Energy del Perú, S.A.",2016,07/04/2016 01/04/2016,"Según la resolución directoral, la empresa no implementó medidas preventivas para evitar el derrame y el plan de contención se implementó tarde.",Tanque colector 1421 del Yacimiento San Jacinto.,0.0,Lady,1. Validado parcial
-75.865049,-2.313102,TVS201601,OPIKAFPE,,Derrame nuevo de petróleo,,,Lote 1AB/192,"Pacific Stratus Energy del Perú, S.A.",2016,01/04/2016,Se dio debido al desborde de un tanque. Las autoridades fueron informadas.,Tuvo lugar en la parte trasera del pozo 1.,,Lady,1. Validado parcial
-75.865014,-2.315264,TJG201969,OPIKAFPE,San Jacinto & 1A,Botadero,,Antiguo,Lote 1AB/192,Frontera Energy,,2019-04-01,Tubos enterrados,12 de octubre,,Laura,1. Validado parcial
-75.865005,-2.315273,TTO20213,OPIKAFPE,San Jacinto & 1A,Derrame de crudo,,Nuevo,Lote 1AB/192,Perupetro,2021.0,2021-09-09,Derrame grande en San Jacinto que afecta a quebrada Lupuna,del campamento san Jacinto a 100 metros es en la misma carretera de la línea de tuberías que van al pozo 01,,,
-75.864968,-2.31417,TJG201952,OPIKAFPE,San Jacinto & 1A,Derrame de crudo,,Antiguo,Lote 1AB/192,Frontera Energy,,2019-04-01,Charco contaminado,12 de octubre,,Laura,1. Validado parcial
-75.864457,-2.316015,TOE201703/TGS201703,"OEFA, OPIKAFPE",,Derrame nuevo de petróleo,,,Lote 1AB/192,"Pacific Stratus Energy del Perú, S.A.",2017,2017-01-30,Se dio debido la oxidación interna. Una gran cantidad de crudo se derramó. Del punto de la fuga el crudo se dispersó unos 10 metros por una zanja que llega a la quebrada de Piedra Negra y que podría llegar al río Tigre. El apu explica que antes del evento un cerco de hierro ya había sido armado en e,"Línea de Shiviyacu a Batería San Jacinto, en Batería San Jacinto.",0.0,Lady,1. Validado parcial
-75.86443,-2.31626,TMO201701,OPIKAFPE,,Derrame antiguo de petróleo,,,Lote 1AB/192,"Pacific Stratus Energy del Perú, S.A.",2017,2017-05-15,"El evento original se dio 19/12/2016 dentro de una zona PAC, en Ramal de Piedra Negra, cerca del pozo 13 en Batería San Jacinto. Al momento de tomar las fotos el OEFA aún no había visitado el sitio. Según el monitor ambiental, cuando la empresa empezó a remediar la zona impactada, encontraron crudo ","Ramal de Piedra Negra, cerca del pozo 13 en Batería San Jacinto",0.0,Ana Paula,1. Validado parcial
-75.86443,-2.316025,TOE201604/TJO201601,"OEFA, OPIKAFPE",,Derrame nuevo de petróleo,,,Lote 1AB/192,"Pacific Stratus Energy del Perú, S.A.",2016,01/12/2016 19/12/2016,"Según la empresa, el evento se dio por oxidación interna de la tubería. La quebrada de Piedra Negra fue afectada. La empresa encargada de contener el derrame construyó barreras físicas utilizando materiales naturales como diques y flora. Según el informe de supervisión, miembros de la comunidad nati","Tramo oleoducto no. 495 Shiviyacu- Yacimiento San Jacinto. El evento tuvo lugar a 500m de Batería San Jacinto. Ramal de Piedra Negra, de la quebrada Piedra Negra. Batería Shiviyacu. Las coordenadas da",,Lady,1. Validado parcial
-75.864398,-2.307395,TJG201974,OPIKAFPE,San Jacinto & 1A,Botadero,,Antiguo,Lote 1AB/192,Frontera Energy,,2019-04-01,Botadero,12 de octubre,,Laura,1. Validado parcial
-75.864376,-2.316079,TJG201950,OPIKAFPE,San Jacinto & 1A,Derrame de crudo,,Antiguo,Lote 1AB/192,Frontera Energy,,2019-04-01,Suelo contaminado,12 de octubre,,Laura,1. Validado parcial
-75.86439,-2.369324,TOE201702/TJO201704,"OEFA, OPIKAFPE",,Derrame nuevo de petróleo,,,Lote 1AB/192,"Pacific Stratus Energy del Perú, S.A.",2017,19/02/2017,El derrame se dio debido a la oxidación interna de la tubería. Sucede el 19/02/2017 en el cruce 1A del oleoducto 8. El 21/02/2017 hubo otro derrame a unos 4 metros más allá del derrame anterior en el mismo oleoducto. Ambos derrames afectaron gravamente a la quebrada y la zona aledaña. El 23/02/2017 ,Línea 8-pozo 1A (junta 70) Batería San Jacinto. Quebrada Chanchama. Sucede el 19/02/2017 en el cruce 1A del oleoducto 8. El 21/02/2017 hubo otro derrame a unos 4 metros más allá del derrame anterior e,1.0,Ana Paula,2. Validado final
-75.864331,-2.316142,TTO20223,OPIKAFPE,San Jacinto & 1A,Derrame de crudo,Pozo,Nuevo,Lote 1AB/192,Perupetro,2022.0,18/03/2022,"Derrame grande de agua de producción mezclada con crudo, contaminando a la quebrada Seticuyacu. Area afectada: 1159 metros cuadrados de suelo y 800 metros cuadrados de agua.",Pozo 01 san jacinto,,,
-75.864274,-2.370419,TJG201958,OPIKAFPE,San Jacinto & 1A,Derrame de crudo,,Antiguo,Lote 1AB/192,Frontera Energy,,2019-04-01,Quebrada contaminada,12 de octubre,,Laura,1. Validado parcial
-75.863652,-2.308616,TJG201973,OPIKAFPE,San Jacinto & 1A,Botadero,,Antiguo,Lote 1AB/192,Frontera Energy,,2019-04-01,Residuos de concreto,12 de octubre,,Laura,1. Validado parcial
-75.863257,-2.309765,TJG201972,OPIKAFPE,San Jacinto & 1A,Botadero,,Antiguo,Lote 1AB/192,Frontera Energy,,2019-04-01,Botadero de vidrios,12 de octubre,,Laura,1. Validado parcial
-75.863179,-2.388702,TTO20228,OPIKAFPE,San Jacinto & 1A,Derrame de crudo,Tubería,Nuevo,Lote 1AB/192,Perupetro,2022.0,30/08/2022,"Área afectada de 50 de largo por 9 ancho,metros cuadrados 450 metros. Cuerpo de agua afectada.","Km 13 de 1A, número de tubería JT 710 CC.NN. 12 de Octubre",,,
-75.862751,-2.320874,TJG201955,OPIKAFPE,San Jacinto & 1A,Derrame de crudo,,Antiguo,Lote 1AB/192,Frontera Energy,,2019-04-01,Suelo contaminado,12 de octubre,,Laura,1. Validado parcial
-75.86423721,-2.31349539,TGV201701,OPIKAFPE,,Derrame nuevo de petróleo,,,Lote 1AB/192,"Pacific Stratus Energy del Perú, S.A.",2017,2017-09-27,"Afectó a varias comunidades como 12 de octubre, San Juan Bartra y Arenal. Hubo un derrame grande de las instalaciones de la empresa que afectó profundamente al medio ambiente. El crudo derramado corrió por el río Kachiyacu, la quebrada Piedra Negra hasta llegar al río Tigre. El hecho, provocado por ",En las instalaciones de la planta de producción de petróleo de San Jacinto.,,Ana Paula,2. Validado final
-75.861433,-2.312761,TJG201970,OPIKAFPE,San Jacinto & 1A,Botadero,,Antiguo,Lote 1AB/192,Frontera Energy,,2019-04-01,Chatarra de concreto,12 de octubre,,Laura,1. Validado parcial
-75.860307,-2.323608,TJG201971,OPIKAFPE,San Jacinto & 1A,Botadero,,Antiguo,Lote 1AB/192,Frontera Energy,,2019-04-01,Botadero de residuos solidos,12 de octubre,,Laura,1. Validado parcial
-75.859874,-2.321916,TJG201953,OPIKAFPE,San Jacinto & 1A,Derrame de crudo,,Antiguo,Lote 1AB/192,Frontera Energy,,2019-04-01,Hojarasca y suelo contaminado,12 de octubre,,Laura,1. Validado parcial
-75.859755,-2.318777,TOD200101,OPIKAFPE,,Derrame nuevo de petróleo,,,Lote 1AB/192,PlusPetrol Norte S.A,2001,2001.0,Afectó al territorio de la CN Andrés Avelino Cáceres. Es un derrame de tamaño 200m2. El evento se dio dado a una fuga de tubería por oxidación interna. El OEFA no ha visitado el sitio y no se hizo remediación.,Pozo 2-4 en Batería San Jacinto. La ubicación exacta es el km 46 de la carretera San Jacinto.,0.0,Claudia,2. Validado final
-75.859298,-2.322061,TTO20222,OPIKAFPE,San Jacinto & 1A,Derrame de crudo,Pozo,Nuevo,Lote 1AB/192,Perupetro,2022.0,2022-02-03,"Derrame de crudo en pozo 01, afecta área grande, contaminación de suelo y agua",Pozo 01 san jacinto,,,
-75.859151,-2.331053,TGS201601,OPIKAFPE,,Derrame antiguo de petróleo,,,Lote 1AB/192,,2016,20/08/2016,Expedición de OEFA. Hay evidencia de petróleo mientras el equipo de OEFA recolectaba muestras.,,,Lady,1. Validado parcial
-75.858234,-2.4490336,PAS201028,FEDIQUEP,,Botadero,,Antiguo,Lote 1AB/192,,2010,2010-02-03,Un tubo y un barril abandonado.,Batería Forestal.,,Ale,1. Validado parcial
-75.857036,-2.371979,TOE201801.2/TVS201801,"OEFA, OPIKAFPE",,agua producida,,,Lote 1AB/192,"Pacific Stratus Energy del Perú, S.A.",2018,02/03/2018 13/03/2018,Un gran número de bolsas de petróleo recuperado se amontonaron como consecuencia de un vertido de petróleo. El evento tuvo lugar en la comunidad 12 de Octubre.,Yacimiento San Jacinto- Línea de Flujo B de los pozos SANJ-10 y SANJ-1 unión 108.,,Ana Paula,2. Validado final
-75.855958,-2.330458,TJG201954,OPIKAFPE,San Jacinto & 1A,Derrame de crudo,,Antiguo,Lote 1AB/192,Frontera Energy,,2019-04-01,Suelo contaminado,12 de octubre,,Laura,1. Validado parcial
-75.851408,-2.361426,TTO20212,OPIKAFPE,San Jacinto & 1A,Derrame de crudo,Pozo,Nuevo,Lote 1AB/192,Perupetro,2021.0,2021-04-04,Sump Tank del Pozo 1A rebalsa de hidrocarburo impactando un área de 700 m².,Sumptank pozo 1A,,,
-75.85122792,-2.36224932,TAS201708,OPIKAFPE,,Derrame antiguo de petróleo,,,Lote 1AB/192,"Pacific Stratus Energy del Perú, S.A.",2017,2017-05-14,"Es un sitio contaminado antiguamente de las actividades de Pluspetrol y Oxy por muchos años. No se hizo ninguna remediación todavía. El evento afectó a un aguajal, una cocha e impactó a la quebrada Yanayacu. (la carpeta incluye unos ODK que se tomaron del mismo sitio.)","Del pozo 11-12 al 10, km 7, tubería 1A Batería San Jacinto. En el territorio de comunidad Marsella y 12 de Octubre.",,Ana Paula,2. Validado final
-75.84944,-2.4519612,PAS201029,FEDIQUEP,,Botadero,,Antiguo,Lote 1AB/192,,2010,2010-02-03,Tubos abandonados.,Batería Forestal.,,Ale,1. Validado parcial
-75.502415,-2.27206159,TGS201607,OPIKAFPE,,Derrame nuevo de petróleo,,,Lote 1AB/192,Occidental Petroleum,2016,15/11/2016,"El evento fue producto de obras para desenterrar un oleoducto antiguo que aún contenía crudo que fue abandonado (de los tiempos de Oxy).  Gran parte de este crudo se dispersó por la zona, llegando al río principal.",Las coordenadas dadas fueron tomadas de una de las fotografías disponibles.,,Lady,1. Validado parcial
-75.832212,-2.457499,TOD201701,OPIKAFPE,,Derrame nuevo de petróleo,,,Lote 1AB/192,Occidental Petroleum,2017,2017-03-01,El evento se dio cuando un oleoducto antiguo fue desmantelado por el hierro. Afectó al territorio de Andres Avelino Cáceres.,"La ubicación exacta es en el cruce, en el km 155 de la carretera general Andoas-San Jacinto dirección Marsella, km 4.",1.0,Ana Paula,2. Validado final
-75.815399,-2.422682,TOE201601,OPIKAFPE,,Derrame nuevo de petróleo,,,Lote 1AB/192,PlusPetrol Norte S.A,2016,2016-02-20,El hecho tuvo lugar frente a la comunidad de Mariscal Cáceres a raíz de un derrame originado tras el retiro de una antigua tubería. El petróleo se extendió y discurrió por un pequeño afluente del río Tigre.,Comunidad de Mariscal Cáceres,,Lady,1. Validado parcial
-75.812317,-2.427451,TGS201602,OPIKAFPE,,Derrame nuevo de petróleo,,,Lote 1AB/192,PlusPetrol Norte S.A,2016,01/11/2016,Derrame de petróleo de un tanque en las instalaciones Marsical Caceres. Se dio debido a una obra de un comerciante que cortó y se llevó un oleoducto antiguo. El crudo salió por los riachuelos hasta llegar al río Tigre. Los registros muestran bolsas de crudo recuperado.,Instalaciones de Mariscal Cáceres,,Lady,1. Validado parcial
-75.80284838,-2.38624428,TRD201701,OPIKAFPE,,Derrame nuevo de petróleo,,,Lote 1AB/192,"Pacific Stratus Energy del Perú, S.A./ Pluspetrol",2017,2017-03-03,La empresa encargada fue Pluspetrol. Afectó al territorio de comunidad Marsella y la quebrada Llanchama.,"Pozo 27, km 145. De San Jacinto a Shiviyacu.",,Ana Paula,2. Validado final
-75.79604129,-3.0123599,CFS201504,FECONACO,,Derrame antiguo de petróleo,,,Lote 8,PlusPetrol Norte S.A,2015,2015-11-05,Este sitio es un sitio PAC y no ha sido remediado. El monitor ambiental informa que el sitio huele a petróleo.,"Batería1. Cerca de Quebrada Pumayacu, oleoducto Corrientes -Saramuro, km 5+890.",0.0,Lady,1. Validado parcial
-75.79601292,-3.01199949,CFS201503,FECONACO,,Derrame nuevo de petróleo,,,Lote 8,PlusPetrol Norte S.A,2015,2015-11-05,"Un derrame encontrado por Raúl Sandy mientras cazaba. Cuando el monitor visitó el sitio, los trabajos de remediación estaban en proceso. El evento afectó a la comunidad San Cristobal y el río Corrientes. El monitor ambiental reportó peces muertos en el área y flora con crudo.","Batería 1. Km 305 + 2,3. Cocha Negra.",,Lady,1. Validado parcial
-75.78801356,-2.35477713,PJV201603,FEDIQUEP,,Botadero,,,Lote 1AB/192,,2016,27/03/2016,Hay barriles que contienen productos químicos botados en el bosque. Afecta a la comunidad 12 de Octubre.,"Cerca de la cocha Wayranga, Batería San Jacinto.",,Lady,1. Validado parcial
-75.78809334,-2.35479664,PJV201604,FEDIQUEP,,Botadero,,,Lote 1AB/192,,2016,27/03/2016,barriles botados en el bosque.,"Cerca de la cocha Wayranga, Batería San Jacinto.",,Lady,1. Validado parcial
-75.767986,-3.1373027,COE201335.1,"OEFA, FECONACO",,Derrame antiguo de petróleo,,,Lote 8,PlusPetrol Norte S.A,2013,2013-11-26,"En 2013, OEFA con organizaciones de comunidades nativas de los ríos Pastaza, Tigre y Marañón hicieron una expedición de supervisión en el Lote 8 para identificar posibles sitios contaminados. Se informó sobre 41 sitios contaminados en Nueva Esperanza, Pavayacu y Base Corrientes Percy y la tubería Co","Código del sitio: S1. Un almacén abandonado ''Almacén Químico-Maurocaño"" en Yacimiento Valencia-Nueva Esperanza.",0.0,Cielo,1. Validado parcial
-75.767986,-3.1370313,COE201335.2,"OEFA, FECONACO",,Derrame antiguo de petróleo,,,Lote 8,PlusPetrol Norte S.A,2013,2013-11-26,"Una cantina de pozo no adecuadamente abandonada. En 2013, OEFA con organizaciones de comunidades nativas de los ríos Pastaza, Tigre y Marañón hicieron una expedición de supervisión en el Lote 8 para identificar posibles sitios contaminados. Se informó sobre 41 sitios contaminados en Nueva Esperanza,","código de sitio: S2. Unos 30 metros de S1, en Yacimiento Valencia-Nueva Esperanza.",0.0,Cielo,1. Validado parcial
-75.73419,-3.1332291,CPP201401,FECONACO,,Derrame antiguo de petróleo,,,Lote 101,Talisman,2014,2014-03-01,Una plátaforma abandonada que presenta evidencia de daño ambiental ahí cerca.,comunidad Belén de Plantanoyacu.,,Cielo,1. Validado parcial
-75.733948,-3.1730059,COE201335.5,"OEFA, FECONACO",,Derrame antiguo de petróleo,,,Lote 8,PlusPetrol Norte S.A,2013,2013-11-26,"En 2013, OEFA con organizaciones de comunidades nativas de los ríos Pastaza, Tigre y Marañón hicieron una expedición de supervisión en el Lote 8 para identificar posibles sitios contaminados. Se informó sobre 41 sitios contaminados en Nueva Esperanza, Pavayacu y Base Corrientes Percy y la tubería Co","Código de sitio: S5. Se ubica 100 metros al norte del pozo 25X, en Yacimiento Valencia-Nueva Esperanza.",0.0,Cielo,1. Validado parcial
-75.733238,-3.1732868,COE201101/CNA201101,"OEFA, FECONACO",,Derrame nuevo de petróleo,,,Lote 8,PlusPetrol Norte S.A,2011,19/07/2011 26/07/2011,"Según el informe de supervisión, se dio por una pérdida progresiva de presión interna.","El pozo 41D de Plátaforma 25, en Batería 6.",1.0,Cielo,1. Validado parcial
-75.733066,-3.1718486,COE201335.6,"OEFA, FECONACO",,Derrame antiguo de petróleo,,,Lote 8,PlusPetrol Norte S.A,2013,2013-11-26,"En 2013, OEFA con organizaciones de comunidades nativas de los ríos Pastaza, Tigre y Marañón hicieron una expedición de supervisión en el Lote 8 para identificar posibles sitios contaminados. Se informó sobre 41 sitios contaminados en Nueva Esperanza, Pavayacu y Base Corrientes Percy y la tubería Co","código de sitio: S6. Se ubica 70 metros al este del pozo 25X, donde la quebrada Mazatoyacu fluye hacia el río Plantanoyacu, en Yacimiento Valencia-Nueva Esperanza.",0.0,Cielo,1. Validado parcial
-75.7328734,-3.1729548,CFD20183,FECONACOR,Batería 7,colpa artificial,Pozo,Antiguo,Lote 8,Pluspetrol Norte,,17/09/2018,"Pozo 25, sitio remediado por Pluspetrol donde los animales están haciendo colpa","Pozo 25, comunidad más cercana a Belén",1.0,Laura,1. Validado parcial
-75.728181,-2.513784,TJG201921,OPIKAFPE,Bartra,Botadero,,Antiguo,Lote 1AB/192,Frontera Energy,,2019-04-01,Botadero de fierros y llantas,Bahía de Bartra,,Laura,1. Validado parcial
-75.72792,-2.514499,TJG201920,OPIKAFPE,Bartra,Botadero,plátaforma,Antiguo,Lote 1AB/192,Frontera Energy,,2019-04-01,Restos de plátaforma de concreto,Bahía de Bartra,,Laura,1. Validado parcial
-75.727273,-2.514807,TJG201922,OPIKAFPE,Bartra,Botadero,,Antiguo,Lote 1AB/192,Frontera Energy,,2019-04-01,"Botadero de bidones, restos de container",Bahía de Bartra,,Laura,1. Validado parcial
-75.726976,-2.515675,TJG201925,OPIKAFPE,Bartra,Botadero,,Antiguo,Lote 1AB/192,Frontera Energy,,2019-04-01,Botadero de llantas,Bahía de Bartra,,Laura,1. Validado parcial
-75.725167,-2.513008,TJG201924,OPIKAFPE,Bartra,Botadero,,Antiguo,Lote 1AB/192,Frontera Energy,,2019-04-01,plátaforma de concreto y botadero,Bahía de Bartra,,Laura,1. Validado parcial
-75.723845,-2.513198,TJG201923,OPIKAFPE,Bartra,Botadero,,Antiguo,Lote 1AB/192,Frontera Energy,,2019-04-01,Restos de fierros de tractores,Bahía de Bartra,,Laura,1. Validado parcial
-75.72301063,-2.52234089,TES201701,OPIKAFPE,,Botadero,,,Lote 1AB/192,PlusPetrol Norte S.A,2017,2017-05-20,,"Batería Bartra, en el territorio de la comunidad de San Juan Bartra.",,Ana Paula,2. Validado final
-75.7198161,-3.1900055,CFD20182,FECONACOR,Batería 7,Derrame de crudo,Pozo,Antiguo,Lote 8,Pluspetrol Norte,,17/09/2018,"Fuga de crudo de tubería y pozo abandonado, numero 92. Afecta la quebrada Nayanmaca",Pozo 92; comunidad más cercana es Nueva Esperanza,,Laura,1. Validado parcial
-75.719489,-3.1901317,COE201335.4,"OEFA, FECONACO",,Derrame antiguo de petróleo,,,Lote 8,PlusPetrol Norte S.A,2013,2013-11-26,"En 2013, OEFA con organizaciones de comunidades nativas de los ríos Pastaza, Tigre y Marañón hicieron una expedición de supervisión en el Lote 8 para identificar posibles sitios contaminados. Se informó sobre 41 sitios contaminados en Nueva Esperanza, Pavayacu y Base Corrientes Percy y la tubería Co","código de sitio: S4. Se ubica 60 metros al norte del pozo 92D, en Yacimiento Valencia-Nueva Esperanza.",0.0,Cielo,1. Validado parcial
-75.713851,-3.1982231,COE201335.3,"OEFA, FECONACO",,Derrame antiguo de petróleo,,,Lote 8,PlusPetrol Norte S.A,2013,2013-11-26,"En 2013, OEFA con organizaciones de comunidades nativas de los ríos Pastaza, Tigre y Marañón hicieron una expedición de supervisión en el Lote 8 para identificar posibles sitios contaminados. Se informó sobre 41 sitios contaminados en Nueva Esperanza, Pavayacu y Base Corrientes Percy y la tubería Co","código de sitio: S3. Se ubica a unos 200 metros al noreste de la Batería 7, donde la quebrada Colcayacu fluye hacia la cocha Nayanmaca, en Yacimiento Valencia-Nueva Esperanza.",0.0,Cielo,1. Validado parcial
-75.713385,-3.1981751,CFD20181,FECONACOR,Batería 7,Derrame de crudo,Pozo,Antiguo,Lote 8,Pluspetrol Norte,,17/09/2018,"Derrame de crudo antiguo en Pozo 74, lo cual resultó en que animales están haciendo colpa.",Pozo 74; comunidad más cercana es Nueva Esperanza,,Laura,1. Validado parcial
-75.712453,-3.1928686,CNA201401,FECONACO,,Derrame nuevo de petróleo,,,Lote 8,PlusPetrol Norte S.A,2014,2014-01-01,,"Pozo 25X, batería 7, CN Nueva Esperanza.",,Cielo,1. Validado parcial
-75.711299,-3.1907707,CSG201401,FECONACO,,Derrame antiguo de petróleo,,,Lote 8,PlusPetrol Norte S.A,2014,2014-04-01,Una base abandonada que antes se usaba para actividades de transporte.,"Bate 7, en Comunidad Nueva Valencia.",,Cielo,1. Validado parcial
-75.708955,-2.5069373,TNA201501,OPIKAFPE,,Botadero,,,Lote 1AB/192,Occidental Petroleum,2015,1905-07-07,Hay metales y otros residuos acumulados.,"Ubicado a 300 metros de la carretera principal, en el km 10.",,Cielo,1. Validado parcial
-75.6892596,-3.2951968,CFD201701,FECONACO,,Derrame antiguo de petróleo,,,Lote 8,"PetroPerú, S.A",2017,2017-11-23,"Pozo antiguo abandonado que, con los años, se ha convertido en una colpa contaminado por petróleo",En la Comunidad San José de Nueva Esperanza,,Ana Paula,2. Validado final
-75.681016,-2.467265,TJG201915,OPIKAFPE,Bartra,Botadero,,Antiguo,Lote 1AB/192,Frontera Energy,,2019-04-01,Botadero de tubos y filtros,San Juan de Bartra,,Laura,1. Validado parcial
-75.674023,-3.2071066,COE201406,FECONACO,,Derrame antiguo de petróleo,,,Lote 8,PlusPetrol Norte S.A,2014,2014-11-01,Crudo antiguo se puede encontrar en el río pequeño y un aguajal.,Comunidad Nueva Esperanza.,,Cielo,1. Validado parcial
-75.659278,-2.471727,TJG201935,OPIKAFPE,Bartra,Botadero,,Antiguo,Lote 1AB/192,Frontera Energy,,2019-04-01,Chatarra de tubos,Base de Bartra,,Laura,1. Validado parcial
-75.657948,-3.2204334,COE201401,FECONACO,,Botadero,,,Lote 8,PlusPetrol Norte S.A,2014,2014-04-01,Contenedores aún con liquidos tóxicos peligrosos adentro.,"Bate 7 P18- Bahía, cerca de Comunidad Nueva Esperanza.",,Cielo,1. Validado parcial
-75.6568545,-3.2284345,CFD201804,FECONACO,,Derrame antiguo de petróleo,,,Lote 8,PlusPetrol Norte S.A,2018,2018-03-01,"Afectó a Arturo Caño, afluente del río Corrientes 3 km aguas abajo. Ocurrió hace 15 años (aprox. 2013) y el sitio no ha sido remediado. La empresa encargada de la limpieza enterró el crudo. El lugar se ha convertido en un salegar/colpa contaminado por petróleo, que suelen utilizar varios animales.","En el ducto que va desde Batería 7 hasta Capirona, en territorio de la comunidad San José de Nueva Esperanza.",,Ana Paula,2. Validado final
-75.6553625,-3.2700532,COE201707/CFD201801,"OEFA, FECONACO",,Crudo mezclado con agua,,,Lote 8,PlusPetrol Norte S.A,2017,16/02/2017 17/01/2018,"5 días después del evento, el OEFA informó sobre la presencia de crudo sobre toda la quebrada Caño Carmen, del punto de la fuga hasta donde el riachuelo desemboca en el río Corrientes. Se reportó una extensión de 252,8 m2 de suelo y flora impactado. Los métodos utilizados por la empresa para minimiz","Oleoducto de Batería 7 Nueva Esperanza a Batería 4, en la zona de Tunchiplaya. En el km 12+200.",0.0,Ana Paula,2. Validado final
-75.6550423,-3.3010542,CFD20184,FECONACOR,Batería 7,Derrame de crudo,oleoducto,Antiguo,Lote 8,Pluspetrol Norte,,29/08/2018,"Derrame antiguo (6 meses atras) que sigue contaminando a la quebrada barrilana, la cual fluye hacia el rio Corrientes.",oleoducto entre batería 7 y 4 Capirona; comunidad mas cercana es Nueva Esperanza,,Laura,1. Validado parcial
-75.65437187,-2.4431066,TAS20191,OPIKAFPE,Bartra,Botadero,Batería,Antiguo,Lote 1AB/192,Pluspetrol Norte,,15/01/2019,Es un botadero antiguo donde la empresa oxi botaban todo los materiales plásticos y metales y se encuentran hasta ahora impactando,Batería Bartra km 18,,Laura,1. Validado parcial
-75.65431237,-2.44334801,TAS20192,OPIKAFPE,Bartra,Botadero,Batería,Antiguo,Lote 1AB/192,Pluspetrol Norte,,15/01/2019,Esto Baradero se encuentran en canto de la carretera impactando el medio ambiente y nuestra salud,"En 18.200 km, pertenece una batería bartra.",,Laura,1. Validado parcial
-75.654309,-2.443332,TJG20198,OPIKAFPE,Bartra,Botadero,,Antiguo,Lote 1AB/192,Frontera Energy,,2019-04-01,Botadero,Km 18+150,,Laura,1. Validado parcial
-75.65269113,-2.47011935,TAS201810,OPIKAFPE,Bartra,Botadero,Batería,Antiguo,Lote 1AB/192,Pluspetrol Norte,,20/11/2018,Este es un lugar que escabaron tipo un cajón grande donde echaban toda la basura son dos cajón en el mismo punto y se encuentran hasta hoy en el mismo lugar.,Para llegar al punto es de 10 km desde la comunidad caminando,,Laura,1. Validado parcial
-75.652631,-2.470066,TJG201919,OPIKAFPE,Bartra,Botadero,,Antiguo,Lote 1AB/192,Frontera Energy,,2019-04-01,Botadero de fierros y tubos,San Juan de Bartra,,Laura,1. Validado parcial
-75.653059,-3.243885,CFD20191,FECONACOR,Batería 7,Botadero,,Antiguo,Lote 8,Pluspetrol Norte,,14/03/2019,Chatarra enterrada,,,Laura,1. Validado parcial
-75.6524784,-3.244259,CFD20186,FECONACOR,Batería 7,Depósito de material,Botadero,Antiguo,Lote 8,Pluspetrol Norte,,13/06/2018,"Botadero de chatarra (plastico, tubos, bidones) de 5x30 metros. Abajo de la chatarra hay crudo embolsado en plastico. La empresa lo ha tapado y dijeron a la comunidad que no hay contaminación.",Comunidad más cercana es Nueva Esperanza.,,Laura,1. Validado parcial
-75.651943,-3.244718,CFD20192,FECONACOR,Batería 7,Botadero,,Antiguo,Lote 8,Pluspetrol Norte,,2019-06-05,Chatarra enterrada,,,Laura,1. Validado parcial
-75.6519113,-3.3213535,CFD20185,FECONACOR,Batería 7,Derrame de crudo,oleoducto,Antiguo,Lote 8,Pluspetrol Norte,,30/07/2018,"Derrame antiguo (2011), Pluspetrol remedió pero no suficiente. Afecta quebrada Camaronyacu.",oleoducto entre batería 7 y Capirona 4; comunidad mas cercana es Nueva Esperanza,1.0,Laura,1. Validado parcial
-75.649742,-2.467489,TJG201934,OPIKAFPE,Bartra,Botadero,,Antiguo,Lote 1AB/192,Frontera Energy,,2019-04-01,Chatarra de fierros,Base de Bartra,,Laura,1. Validado parcial
-75.64927434,-2.44954886,TAS20193,OPIKAFPE,Bartra,Botadero,Batería,Antiguo,Lote 1AB/192,Pluspetrol Norte,,15/01/2019,Es un botadero antiguo que a simple vista no se nota nada porque se encuentran enterrado que dejó la empresa Pluspetrol hace años y está enterrado,13 km aproximadamente batería Bartra,,Laura,1. Validado parcial
-75.64882541,-2.46757376,TAS201715,OPIKAFPE,,Botadero,,,Lote 1AB/192,PlusPetrol Norte S.A,2017,2017-05-22,Dentro del territorio de la comunidad San Juan Bartra y la área de caza de El Ojeal. Hay varios barriles metales botados en el bosque. Hay una colpa.,"Batería Bartra, km 10 en la comunidad San Juan Bartra y la área de caza de El Ojeal",,Ana Paula,2. Validado final
-75.64880942,-2.4501616,TAS20194,OPIKAFPE,Bartra,Botadero,Batería,Antiguo,Lote 1AB/192,Pluspetrol Norte,,15/01/2019,Contaminación al medio ambiente y ala salud de los vivientes. Afecta a la quebrada Montano. Numerado 1.2.4 en reporte de monitoreo San Juan de Bartra,Km 20 aproximadamente batería bartra en trayecto de Bartra al cruce de San Jacinto,,Laura,1. Validado parcial
-75.64810628,-2.46780343,TAS201919,OPIKAFPE,Bartra,Botadero,Batería,Antiguo,Lote 1AB/192,Pluspetrol Norte,,18/01/2019,En el km 10.500 metros  batería Bartra botadero antiguo  de materiales industriales; 30x100. Chatarra se encuentran tanto en la superficie y como también enterrado en gran cantidad. Afecta Cocha Verde.,n/a,,Laura,1. Validado parcial
-75.64801086,-2.46784067,TAS20189,OPIKAFPE,Bartra,Botadero,Batería,Antiguo,Lote 1AB/192,Pluspetrol Norte,,20/11/2018,"Este lugar ha sido un lugar donde la empresa Oxy botaba todo tipo de materiales y se encuentran en el mismo lugar(bidones condentro y si dentro con quimicas). Afecta quebrada montano y cochas ,saliendo por el río tigre. Hasta la fecha se ve que se están enterrando se debido al tiempo. Este Botadero ",Este Botadero se encuentran a un costado de la batería en el km 11 donde puedes en contrar todo tipo de materiales. Se encuentra a un canto de la misma batería Bartra,,Laura,1. Validado parcial
-75.64796241,-2.47836649,TAS201918,OPIKAFPE,Bartra,Derrame de crudo,Pozo,Antiguo,Lote 1AB/192,Pluspetrol Norte,,18/01/2019,Este lugar es todo lo que arrojaban el pozo 4-5 el perímetro de suelo contaminado es aproximadamente de 2000 metros de ancho y de largo 2000 metros de ancho aprox.,Pozo 4-5 de batería Bartra,,Laura,1. Validado parcial
-75.64794532,-2.47833244,TAS20186,OPIKAFPE,Bartra,colpa artificial,Pozo,Antiguo,Lote 1AB/192,Pluspetrol Norte,2000,15/04/2018,"Sitio antiguo, botadero de crudo al lado de pozos 4 & 5, donde ahora se encuentra una colpa artificial. Varios animales vienen a comer. El crudo también afecta a la quebrada Bufeo, la cual fluye hacia el rio Tígre. Dificil de estimar el area afectado porque por partes está enterrado.","Estos pozos se encuentra de la comunidad de San Juan, llegando a batería 237;a Bartra en el km 11 aprox.entrando hacia la derecha a km 1 y 600 metros al fondo están los pozos.",0.0,Claudia,2. Validado final
-75.647436,-2.479676,TJG201917,OPIKAFPE,Bartra,Botadero,,Antiguo,Lote 1AB/192,Frontera Energy,,2019-04-01,Botadero de tubos,San Juan de Bartra,,Laura,1. Validado parcial
-75.6474,-2.478409,TJG201918,OPIKAFPE,Bartra,Botadero,,Antiguo,Lote 1AB/192,Frontera Energy,,2019-04-01,"Botadero de cilindros, calaminas y botellas",San Juan de Bartra,,Laura,1. Validado parcial
-75.64727963,-2.47968082,TOG20181 TES20181,OPIKAFPE,Bartra,Derrame de crudo,Pozo,Antiguo,Lote 1AB/192,Pluspetrol Norte,,19/11/2018,"Sitio antiguo, afecta suelo y una quebrada","pozo 4 y 5 San Juan de Bartra, kilómetro 6",,Laura,1. Validado parcial
-75.647239,-2.479685,TJG20197,OPIKAFPE,Bartra,Derrame de crudo,Pozo,Antiguo,Lote 1AB/192,Frontera Energy,,2019-04-01,Sitios impactados por hidrocarburos,Pozo 4 y 5 San Juan de Bartra,,Laura,1. Validado parcial
-75.64705737,-2.45474329,TAS20195,OPIKAFPE,Bartra,Botadero,Batería,Antiguo,Lote 1AB/192,Pluspetrol Norte,,15/01/2019,Exactamente no se sabe cuánto de extención se encuentra este botadero será un aproximado de 200 x100. Afecta quebrada Montano,Km 20 barteria Bartra se encuentra en el trayecto de Bartra al cruce de San Jacinto,,Laura,1. Validado parcial
-75.646548,-2.4851494,TNA201502,OPIKAFPE,,Botadero,,,Lote 1AB/192,Occidental Petroleum,2015,1905-07-07,Se acumularon restos antiguos de la época de Oxy.,Pozos cercanos 4-5 en Batería Bartra.,,Cielo,1. Validado parcial
-75.645518,-2.474222,TJG201933,OPIKAFPE,Bartra,Botadero,,Antiguo,Lote 1AB/192,Frontera Energy,,2019-04-01,Chatarra de tubos enterrados,Base de Bartra,,Laura,1. Validado parcial
-75.64312437,-2.46870856,TAS20187,OPIKAFPE,Bartra,colpa artificial,,Antiguo,Lote 1AB/192,Pluspetrol Norte,2000,15/04/2018,"Sitio antiguo; colpa artificial. En este sitio comen las Sacha vaca, venado,majas,Sajino, carachupa, maquisapa, etc.","Este incidente se encuentra en la mitad del oleoducto que viene del pozo 4 & 5 al batería 237, a 1500 metros de batería 237",0.0,Claudia,2. Validado final
-75.64234964,-2.46284505,TAS20196,OPIKAFPE,Bartra,Botadero,Batería,Antiguo,Lote 1AB/192,Pluspetrol Norte,,17/01/2019,Es un lugar antiguo de bidones abandonados antiguos se encuentran aproximadamente de 100 x 500 metros. Antes eran algunos con dentro de quimicas se reventaron por el tiempo que tenia,,,Laura,1. Validado parcial
-75.64210076,-2.46288102,TAS201704,OPIKAFPE,,Botadero,,,Lote 1AB/192,PlusPetrol Norte S.A,2017,2017-05-22,Dentro del territorio de la comunidad San Juan Bartra y el área de caza y pesca de Puesto Vaca.  Es un sitio antiguo.  Hay un gran número de viejos bidones y barriles de metal abandonados en el bosque. Se encuentra también una colpa.,Batería Bartra en la comunidad San Juan Bartra,,Ana Paula,2. Validado final
-75.64208775,-2.45911197,TAS201912,OPIKAFPE,Bartra,Botadero,Batería,Antiguo,Lote 1AB/192,Pluspetrol Norte,,17/01/2019,En la misma batería Bartra se encuentra en esta condición hasta hoy en dia. Esta chatarras se encuentran en este lugar algunos enterrados y como también fuera casi no se nota nada porque están dentro del bosque. Este lugar es aproximadamente de 500 largo por 500 de ancho,Batería San Juan de Bartra,,Laura,1. Validado parcial
-75.64202238,-2.4591422,TES201702,OPIKAFPE,,Botadero,,,Lote 1AB/192,PlusPetrol Norte S.A,2017,2017-05-22,"El botadero contiene varios residuos como viejos bidones metálicos, barriles, tuberías, etc. La vegetación ha crecido y ha ocultado parcialmente la extensión y los daños causados por el botadero.",Batería Bartra (comunidad San Juan Bartra) a unos 12 km de San Juan de Bartra a Batería Bartra.,,Ana Paula,2. Validado final
-75.64194087,-2.46127459,TAS201911,OPIKAFPE,Bartra,Derrame de crudo,,Antiguo,Lote 1AB/192,Pluspetrol Norte,,17/01/2019,Este lugar este 100 a x 2000 metros de largo es derrame antiguo de hidrocarburos enterrando en este huagal. Contaminación a nuestros animales y la humanidad,Pozo 1-2-12 Bartra,,Laura,1. Validado parcial
-75.64181897,-2.461314,TAS201714,OPIKAFPE,,Derrame antiguo de petróleo,,,Lote 1AB/192,PlusPetrol Norte S.A,2017,2017-05-22,"Se encuentra cerca a la Batería Bartra, en el territorio de la comunidad San Juan Bartra. Hay pruebas sólidas de que el agua contaminada es utilizada habitualmente por animales y seres humanos. Nunca ha sido remediado. El monitor recuerda haber visto petróleo y aguas producidas corriendo por el riac",Batería Bartra en la comunidad San Juan Bartra,,Ana Paula,1. Validado parcial
-75.64174779,-2.46484135,TAS20185,OPIKAFPE,Bartra,Piscina de crudo,Tuberia,Antiguo,Lote 1AB/192,Pluspetrol Norte,2000,15/04/2018,"Sitio antiguo; En este sitio botaban todo el crudo de pozos y oleoductos. Hoy en día se encuentran enterrados , pero cuando le mueves con algún objeto se ve que flotan.  Fuente es un oleoducto de pozo 1 al pozo 5. Area afectada de 150x800 metros. Afecta un aguajal,  la quebrada Montano, Centro cocha",Se encuentra aproximadamente a 500 metros del pozo 1.,0.0,Claudia,2. Validado final
-75.64168758,-2.45541801,TAS201914,OPIKAFPE,Bartra,Derrame de crudo,Pozo,Antiguo,Lote 1AB/192,Pluspetrol Norte,,17/01/2019,Aguajal Montano con contaminación,Cerca al pozo 11-10 aproximadamente de 300 metros se encuentran este lugar batería Bartra,,Laura,1. Validado parcial
-75.641678,-2.456004,TJG201910,OPIKAFPE,Bartra,Botadero,,Antiguo,Lote 1AB/192,Frontera Energy,,2019-04-01,Botadero de fierros,San Juan de Bartra,,Laura,1. Validado parcial
-75.641636,-2.462771,TJG201913,OPIKAFPE,Bartra,Botadero,,Antiguo,Lote 1AB/192,Frontera Energy,,2019-04-01,Restos de base de Bartra,San Juan de Bartra,,Laura,1. Validado parcial
-75.64160869,-2.46390009,TAS20188,OPIKAFPE,Bartra,Derrame de crudo,Pozo,Antiguo,Lote 1AB/192,Pluspetrol Norte,2000,15/04/2018,"Sitio antiguo; el pozo 1 llenaban en el sump tank y le notaban hacia la bajada que hoy en día se encuentra acumulado en las cochas y donde hay bujurqui, boquichico ,fasaco ,shuyo entre otros especies. Estos derrames comtaminaron a la quebrada Sara yacu, quebrada montano, la Cocha auka cocha y fluyen","Pozo numero 1 de San Juan de Bartra, se encuentra a 200 metros, antes de llegar a Batería Bartra hacia la derecha, llegando al pozo hacia la derecha se encuentra el SUMP TANK.",0.0,Claudia,2. Validado final
-75.641265,-2.439367,TJG20191,OPIKAFPE,Bartra,Derrame de crudo,Pozo,Antiguo,Lote 1AB/192,Frontera Energy,,2019-04-01,Sitios impactados por hidrocarburos,Pozo 9 San Juan de Bartra,,Laura,1. Validado parcial
-75.6411092,-2.45710083,TAS20184,OPIKAFPE,Bartra,Derrame de crudo,Pozo,Antiguo,Lote 1AB/192,Pluspetrol Norte,2000,15/04/2018,Sitio antiguo; a 80 metros de pozos 10 & 11 se encuentra una acumulación de crudo que afecta la quebrada Montano,Este derrame se encuentran a 80 metros del pozo 10 y 11 con batería; a Bartra a 50 metros,0.0,Claudia,2. Validado final
-75.64107755,-2.4578145,TAS201910,OPIKAFPE,Bartra,Descarga de agua,Pozo,Antiguo,Lote 1AB/192,Pluspetrol Norte,,16/01/2019,"Agua contaminada, Afecta aguajal y quebrada Montano",Pozo 10-11 San Juan de Bartra,,Laura,1. Validado parcial
-75.64107,-2.464336,TJG201916,OPIKAFPE,Bartra,Botadero,,Antiguo,Lote 1AB/192,Frontera Energy,,2019-04-01,Botadero de fierros,San Juan de Bartra,,Laura,1. Validado parcial
-75.640923,-2.458854,TJG201926,OPIKAFPE,Bartra,Botadero,,Antiguo,Lote 1AB/192,Frontera Energy,,2019-04-01,Chatarra de cilindros,Base de Bartra,,Laura,1. Validado parcial
-75.640913,-2.455407,TJG20199,OPIKAFPE,Bartra,Botadero,,Antiguo,Lote 1AB/192,Frontera Energy,,2019-04-01,Botadero,San Juan de Bartra,,Laura,1. Validado parcial
-75.640573,-2.44105,TJG20192,OPIKAFPE,Bartra,Derrame de crudo,Pozo,Antiguo,Lote 1AB/192,Frontera Energy,,2019-04-01,Sitios impactados por hidrocarburos,Pozo 9 San Juan de Bartra,,Laura,1. Validado parcial
-75.64055849,-2.4395439,TAS201920,OPIKAFPE,Bartra,colpa artificial,Pozo,Antiguo,Lote 1AB/192,Pluspetrol Norte,,16/01/2019,"Es una kolpa provocado por las empresa debido al derrame de quimicas y los animales comen y se contamina facilmente. Afecta caza, afecta quebrada Montano y otras,. Este lugar es de 50 de ancho por  400 metros de largo",Pozo n.9 por el norte de Bartra,,Laura,1. Validado parcial
-75.64047686,-2.44109755,TAS20182,OPIKAFPE,Bartra,Derrame de crudo,pozo,Antiguo,Lote 1AB/192,Pluspetrol Norte,2000,15/04/2018,"En esta Cocha se acumulaba el derrame de pozo 9, nunca lo han remediado y hasta el día de hoy se encuentran enterrados. Area afectad:  60x150 metros.",Encontrandose hacia el norte de batería;a Bartra el pozo 9,0.0,Claudia,2. Validado final
-75.640339,-2.439359,TJG201930,OPIKAFPE,Bartra,Botadero,,Antiguo,Lote 1AB/192,Frontera Energy,,2019-04-01,Chatarra de tubos,Base de Bartra,,Laura,1. Validado parcial
-75.640276,-2.459994,TJG20195,OPIKAFPE,Bartra,Derrame de crudo,Batería,Antiguo,Lote 1AB/192,Frontera Energy,,2019-04-01,Sitios impactados por hidrocarburos,Base de Bartra,,Laura,1. Validado parcial
-75.640276,-2.459994,TJG201936,OPIKAFPE,Bartra,Derrame de crudo,,Antiguo,Lote 1AB/192,Frontera Energy,,2019-04-01,Suelo contaminado,Base de Bartra,,Laura,1. Validado parcial
-75.640168,-2.458293,TJG201927,OPIKAFPE,Bartra,Botadero,,Antiguo,Lote 1AB/192,Frontera Energy,,2019-04-01,Chatarra de fierros,Base de Bartra,,Laura,1. Validado parcial
-75.64009543,-2.46061501,TAS201915,OPIKAFPE,Bartra,Derrame de crudo,Batería,Antiguo,Lote 1AB/192,Pluspetrol Norte,,17/01/2019,,Se encuentran en la misma batería de Bartra a unos metros,,Laura,1. Validado parcial
-75.640017,-2.463794,TJG201914,OPIKAFPE,Bartra,Botadero,,Antiguo,Lote 1AB/192,Frontera Energy,,2019-04-01,Botadero de fierro y concreto,San Juan de Bartra,,Laura,1. Validado parcial
-75.63980971,-2.45736864,TAS201913,OPIKAFPE,Bartra,Piscina de crudo,Batería,Antiguo,Lote 1AB/192,Pluspetrol Norte,,17/01/2019,Este derrame causado por la misma batería y pozos. Afecta aguajal Montano,Batería San Juan de Bartra,,Laura,1. Validado parcial
-75.639594,-2.442743,TJG201931,OPIKAFPE,Bartra,Botadero,,Antiguo,Lote 1AB/192,Frontera Energy,,2019-04-01,Chatarra de tubos,Base de Bartra,,Laura,1. Validado parcial
-75.639215,-2.459054,TJG201928,OPIKAFPE,Bartra,Botadero,,Antiguo,Lote 1AB/192,Frontera Energy,,2019-04-01,Chatarra de fierros,Base de Bartra,,Laura,1. Validado parcial
-75.639097,-2.458086,TJG201911,OPIKAFPE,Bartra,Botadero,,Antiguo,Lote 1AB/192,Frontera Energy,,2019-04-01,Botadero de cilindros,San Juan de Bartra,,Laura,1. Validado parcial
-75.639044,-2.459841,TJG201929,OPIKAFPE,Bartra,Botadero,,Antiguo,Lote 1AB/192,Frontera Energy,,2019-04-01,Chatarra de tubos,Base de Bartra,,Laura,1. Validado parcial
-75.638639,-2.459904,TJG201912,OPIKAFPE,Bartra,Botadero,,Antiguo,Lote 1AB/192,Frontera Energy,,2019-04-01,Botadero de fierro y concreto,San Juan de Bartra,,Laura,1. Validado parcial
-75.63734372,-2.4492468,TAS20198,OPIKAFPE,Bartra,Derrame de crudo,Pozo,Antiguo,Lote 1AB/192,Pluspetrol Norte,,16/01/2019,"Agua contaminada, Afecta aguajal y quebrada Montano, 100x500","Pozo 6, 7, 8, bartra",,Laura,1. Validado parcial
-75.63723848,-2.44919891,TAS20181,OPIKAFPE,Bartra,Derrame de crudo,Pozo,Antiguo,Lote 1AB/192,Pluspetrol Norte,2000,15/04/2018,En este lugar de todo el pozo (6)(7)(8)(3) que  drenaban  se encuentran acumulado en este lugar y cuanto habra por dentro que sigue afectando a muchas quebrada,"San Juan de Bartra; De Batería a Bartra yendo por carretera al doce de octubre, de Bartra a 300 metros entrando hacia la derecha caminando a 400 metros se encuentran estos pozos",,Laura,1. Validado parcial
-75.637088,-2.451582,TJG20194,OPIKAFPE,Bartra,Derrame de crudo,Pozo,Antiguo,Lote 1AB/192,Frontera Energy,,2019-04-01,Sitios impactados por hidrocarburos,"Pzo 6,7,8 San Juan de Bartra",,Laura,1. Validado parcial
-75.6370132,-2.4671164,TAS201916,OPIKAFPE,Bartra,Botadero,Batería,Antiguo,Lote 1AB/192,Pluspetrol Norte,,17/01/2019,Está en el pozo 13-14 maquina de antiguos que sacaban petróleos. Antiguamente. Este lugar es aproximadamente de ancho 100 largo 250,Batería San Juan de Bartra,,Laura,1. Validado parcial
-75.63672511,-2.46725998,TAS201702,OPIKAFPE,,"vertedero, antiguo derrame de petróleo",,,Lote 1AB/192,PlusPetrol Norte S.A,2017,2017-05-22,"Afecta a la quebrada Sara Yacu, aguajales, cochas y colpas. Hay evidencia de instalaciones abandonadas y crudo antiguo vertido que afecta a la zona desde hace mucho tiempo. Esta contaminación del medio ambiente afecta a la salud de las comunidades cercanas.","Pozo 13, Batería Bartra. El lugar se encuentra ubicado a 12 km de San Juan hacia Batería Bartra. Para llegar al pozo se necesitan alrededor de 1,5 km.",,Ana Paula,2. Validado final
-75.63670495,-2.46724925,TAS201917,OPIKAFPE,Bartra,Derrame de crudo,Pozo,Antiguo,Lote 1AB/192,Pluspetrol Norte,,17/01/2019,"Derrame de crudo, suelo contaminado, 50x500. Afecta quebrada Montano. Este derrame está causando desde años  y no hay cuando lo remedien la afectación es continua",Pozo 13-14 batería bartra,,Laura,1. Validado parcial
-75.636521,-2.468482,TJG20196,OPIKAFPE,Bartra,Derrame de crudo,Pozo,Antiguo,Lote 1AB/192,Frontera Energy,,2019-04-01,Sitios impactados por hidrocarburos; presencia de crudo y aceite en suelo,Pozo 13 y 14 San Juan de Bartra,,Laura,1. Validado parcial
-75.636358,-2.467387,TVS201602,OPIKAFPE,,Derrame antiguo de petróleo,,,Lote 1AB/192,Occidental Petroleum,2016,08/08/2016,"El monitor afirma que cuando llueva, los pozos se desborden y el crudo residual se desemboca en el medio ambiente. Cabe destacar que la batería Bartra no se ha operado desde hace muchos años. La contaminación afecta al territorio de San Juan Bartra.",Tanques 13-14 en Batería Bartra,0.0,Lady,1. Validado parcial
-75.636322,-2.4674864,TNA201503,OPIKAFPE,,Botadero,,,Lote 1AB/192,Occidental Petroleum,2015,1905-07-07,"Residuos antiguos de los tiempos de Oxy, acumulados.","Pozos cercanos 12 y 13, en Batería Bartra.",,Cielo,1. Validado parcial
-75.636489,-3.3428946,COE201708/CFD201803,"OEFA, FECONACO",,Derrame nuevo de petróleo,,,Lote 8,PlusPetrol Norte S.A,2017,22/02/2017 18/01/2018,"El 22 de febrero 2017 (código COE201708), después de una denuncia administrativa hecha por Nemesio Díaz Piñola, el OEFA llevó a cabo una expedición de supervisión. El evento ocurrió en el ducto que conecta Batería 4 a Batería 7 Nueva Esperanza. Un área de unos 36m2 fue afectada, incluyendo suelo y v","Ducto Batería 7- Batería 4, km 54+800.",0.0,Ana Paula,2. Validado final
-75.63549099,-2.45005204,TAS20199,OPIKAFPE,Bartra,Derrame de crudo,Pozo,Antiguo,Lote 1AB/192,Pluspetrol Norte,,16/01/2019,"Suelo contaminado, afecta quebrada montano y aguajal","Pozo 3, Bartra",,Laura,1. Validado parcial
-75.634621,-2.44459,TJG20193,OPIKAFPE,Bartra,Derrame de crudo,Pozo,Antiguo,Lote 1AB/192,Frontera Energy,,2019-04-01,Sitios impactados por hidrocarburos,Pozo 15 y 16 San Juan de Bartra,,Laura,1. Validado parcial
-75.63417095,-2.44636804,TAS20197 TES20191,OPIKAFPE,Bartra,Derrame de crudo,oleoducto,Antiguo,Lote 1AB/192,Pluspetrol Norte,,16/01/2019,Presencia de crudo,Del pozo 15-16 en a batería Bartra en una quebrada afluente de montano,,Laura,1. Validado parcial
-75.63411148,-2.44639272,TAS20183,OPIKAFPE,Bartra,Derrame de crudo,Tuberia,Antiguo,Lote 1AB/192,Pluspetrol Norte,2000,15/04/2018,"Un oleoducto que conecta pozos 15 & 16 con pozo 638, en el medio del oleoducto existe un antiguo derrame, el crudo se ha concentrado y está afectando a cochas y quebradas de pueblo. Está cerca al puesto coconal. Con el tiempol, el crudo se ha enterrado, por eso es dificil de encontrar.","Como base siendo la batería; a Bartra haciendo un encuentro de los pozos 3, el pozo 16 y el pozo 9",0.0,Claudia,2. Validado final
-75.633101,-2.445378,TJG201932,OPIKAFPE,Bartra,Botadero,,Antiguo,Lote 1AB/192,Frontera Energy,,2019-04-01,Chatarra de tubos,Base de Bartra,,Laura,1. Validado parcial
-75.6319136,-3.3703376,COE201710/CFD201802,"OEFA, FECONACO",,Crudo mezclado con agua,,,Lote 8,PlusPetrol Norte S.A,2017,12/04/2017 18/01/2018,El 22 de mayo 2017 (código COE201710) comuneros de la comunidad nativa San José de Nueva Esperanza hicieron una denuncia fornal sobre un derrame occurido 13 km de su comunidad. El derrame fue causado por un corte intencional en la tubería que conecta la Batería 4 Capirona a la Batería 7 en el punto ,"Tubería de Batería 4 a Batería 7, por el km 37+150 (Capirona).",0.0,Ana Paula,2. Validado final
-75.631871,-3.370332,CFD20187,FECONACOR,Batería 7,Derrame de crudo,oleoducto,Antiguo,Lote 8,Pluspetrol Norte,,29/11/2018,"Derrame de crudo en oleoducto de Batería 7 a Batería 4 Capirona, tierra afectada 5x30m",san jose de nueva esperanza,,Laura,1. Validado parcial
-75.491692,-3.4007646,CSES200901,FECONACO,,Derrame antiguo de petróleo,,Antiguo,Lote 8,,2009,2009-05-29,Tubo antiguo que aún contiene crudo.,Batería 4.,,Ale,1. Validado parcial
-75.438478,-3.4760771,CJG201402,"OEFA, FECONACO",,Crudo mezclado con agua,,,Lote 8,PlusPetrol Norte S.A,2014,2014-07-05,"Se dio debido a la oxidación interna de la tubería. El apu de la comunidad nativa Pucacuro y un miembro de FECONACO con el OEFA visitaron el lugar. Encontraron por lo menos 476 m2 de aguajal y un área de 2,5m por los dos lados del oleoducto completamente contaminado. Es más, la contaminación llegó 8","El oleoducto que va desde Nueva Esperanza hacia Estación de Bombas, km 6+600. / en territorio Comunidad Santa Rosa. Planta Central de Producción 7, desde el Campo Base hasta los pozos 74 y 86.",1.0,Cielo,1. Validado parcial
-75.420631,-3.5291986,COE201335.22,"OEFA, FECONACO",,Derrame antiguo de petróleo,,,Lote 8,PlusPetrol Norte S.A,2013,2013-11-26,"En 2013, OEFA con organizaciones de comunidades nativas de los ríos Pastaza, Tigre y Marañón hicieron una expedición de supervisión en el Lote 8 para identificar posibles sitios contaminados. Se informó sobre 41 sitios contaminados en Nueva Esperanza, Pavayacu y Base Corrientes Percy y la tubería Co",Código de sitio: S22. Este lugar se encuentra ubicado a 50 metros al noreste de la Plátaforma 2X. Yacimiento Pavayacu-Capirona.,0.0,Cielo,1. Validado parcial
-75.419956,-3.5291085,COE201335.21,"OEFA, FECONACO",,Derrame antiguo de petróleo,,,Lote 8,PlusPetrol Norte S.A,2013,2013-11-26,"En 2013, OEFA con organizaciones de comunidades nativas de los ríos Pastaza, Tigre y Marañón hicieron una expedición de supervisión en el Lote 8 para identificar posibles sitios contaminados. Se informó sobre 41 sitios contaminados en Nueva Esperanza, Pavayacu y Base Corrientes Percy y la tubería Co",código de sitio: S21. Este lugar está ubicado 50 metros al norte de la Plátaforma 2X. Yacimiento Pavayacu-Capirona.,0.0,Cielo,1. Validado parcial
-75.416561,-3.5273007,COE201335.20,"OEFA, FECONACO",,Derrame antiguo de petróleo,,,Lote 8,PlusPetrol Norte S.A,2013,2013-11-26,"En 2013, OEFA con organizaciones de comunidades nativas de los ríos Pastaza, Tigre y Marañón hicieron una expedición de supervisión en el Lote 8 para identificar posibles sitios contaminados. Se informó sobre 41 sitios contaminados en Nueva Esperanza, Pavayacu y Base Corrientes Percy y la tubería Co",Código de sitio: S20. Este lugar está ubicado a 1km de Batería 4. Yacimiento Pavayacu-Capirona.,0.0,Cielo,1. Validado parcial
-75.4163,-3.527038,CEV200601,FECONACO,,Derrame nuevo de petróleo,,,Lote 8,PlusPetrol Norte S.A,2006,2006-02-21,"Los registros indican un pozo grande de crudo y una ""colcha"" impactada. La empresa está utilizando maquinaria pesada para encubrir este impacto, enterrando el crudo.",bateria 4,0.0,Claudia,2. Validado final
-75.406397,-3.5107496,COE201335.16,"OEFA, FECONACO",,Derrame antiguo de petróleo,,,Lote 8,PlusPetrol Norte S.A,2013,2013-11-26,"En 2013, OEFA con organizaciones de comunidades nativas de los ríos Pastaza, Tigre y Marañón hicieron una expedición de supervisión en el Lote 8 para identificar posibles sitios contaminados. Se informó sobre 41 sitios contaminados en Nueva Esperanza, Pavayacu y Base Corrientes Percy y la tubería Co","código de sitio: S16. Este lugar está ubicado a 15 metros de Poza API, en Estación de Bombeo. Yacimiento Pavayacu-Capirona.",0.0,Cielo,1. Validado parcial
-75.405971,-3.4193414,CNA201501,FECONACO,,Derrame antiguo de petróleo,,,Lote 8,PlusPetrol Norte S.A,2015,2015-01-01,El área afectada por un derrame que se dio en 2011. La remediación hecha fue deficiente.,Km 43 Pavayacu.,,Cielo,1. Validado parcial
-75.404498,-3.5119446,COE201335.15,"OEFA, FECONACO",,Derrame antiguo de petróleo,,,Lote 8,PlusPetrol Norte S.A,2013,2013-11-26,"En 2013, OEFA con organizaciones de comunidades nativas de los ríos Pastaza, Tigre y Marañón hicieron una expedición de supervisión en el Lote 8 para identificar posibles sitios contaminados. Se informó sobre 41 sitios contaminados en Nueva Esperanza, Pavayacu y Base Corrientes Percy y la tubería Co",Código de sitio: S15. Este lugar está ubicado a 200 metros de la Estación de Bombeo y a 50 metros de Cocha Atiliano. Yacimiento Pavayacu-Capirona.,0.0,Cielo,1. Validado parcial
-75.403103,-3.3616875,COE201335.13,"OEFA, FECONACO",,Derrame antiguo de petróleo,,,Lote 8,PlusPetrol Norte S.A,2013,2013-11-26,"En 2013, OEFA con organizaciones de comunidades nativas de los ríos Pastaza, Tigre y Marañón hicieron una expedición de supervisión en el Lote 8 para identificar posibles sitios contaminados. Se informó sobre 41 sitios contaminados en Nueva Esperanza, Pavayacu y Base Corrientes Percy y la tubería Co",Código de sitio: S13. Este lugar se encuentra ubicado 100 metros al oeste del Andén 1108. Yacimiento Pavayacu-Capirona.,0.0,Cielo,1. Validado parcial
-75.402662,-3.3634066,COE201335.14,"OEFA, FECONACO",,Derrame antiguo de petróleo,,,Lote 8,PlusPetrol Norte S.A,2013,2013-11-26,"En 2013, OEFA con organizaciones de comunidades nativas de los ríos Pastaza, Tigre y Marañón hicieron una expedición de supervisión en el Lote 8 para identificar posibles sitios contaminados. Se informó sobre 41 sitios contaminados en Nueva Esperanza, Pavayacu y Base Corrientes Percy y la tubería Co",Código de sitio: S14. Este lugar se ubica 300 metros al oeste del Andén 1108. Yacimiento Pavayacu-Capirona.,0.0,Cielo,1. Validado parcial
-75.399019,-3.519465,CFS201501,FECONACO,,Derrame antiguo de petróleo,,,Lote 8,PlusPetrol Norte S.A,2015,2015-11-01,El derrame afectó a una laguna y su entorno.,"Cocha Negra, Comunidad de Peruanito.",,Lady,1. Validado parcial
-75.396755,-3.3808874,CEA201401; CJJ201401,FECONACO,,Derrame nuevo de petróleo,,,Lote 8,PlusPetrol Norte S.A,2014,2014-05-01,La empresa hizo una limpieza del sitio.,"Andén 70, batería 5 en CN Pucaruro.",,Cielo,1. Validado parcial
-75.393911,-3.380834,COE201620,"OEFA, FECONACO",,agua producida,,,Lote 8,PlusPetrol Norte S.A,2016,24/07/2016,"El evento ocurrió debido a una ruptura en la línea de producción del pozo PAV-1103. Aunque este oleoducto no está en operación, aparentemente el oleoducto se ha roto cuando hubo un intento para bombear crudo nuevamente. El área afectada abarca 157m2, incluyendo una quebrada y afectó a un riachuelo l","El punto exacto donde ocurrió el hecho se encuentra a 50 metros del km 16+800 de la vía principal Pucacuro-Pavayacu. en el tubo 4, cerca del pozo 130, ubicado a 500 metros de la Batería 5.",1.0,Lady,1. Validado parcial
-75.388854,-3.3879743,COE201335.7,"OEFA, FECONACO",,Derrame antiguo de petróleo,,,Lote 8,PlusPetrol Norte S.A,2013,2013-11-26,"En 2013, OEFA con organizaciones de comunidades nativas de los ríos Pastaza, Tigre y Marañón hicieron una expedición de supervisión en el Lote 8 para identificar posibles sitios contaminados. Se informó sobre 41 sitios contaminados en Nueva Esperanza, Pavayacu y Base Corrientes Percy y la tubería Co","Código de sitio: S7. Se ubica 300 metros al sur de la Plátaforma 84 (Cocha Petroboa), en Yacimiento Pavayacu-Capirona.",0.0,Cielo,1. Validado parcial
-75.377674,-3.3891729,COE201335.9,"OEFA, FECONACO",,Derrame antiguo de petróleo,,,Lote 8,PlusPetrol Norte S.A,2013,2013-11-26,"En 2013, OEFA con organizaciones de comunidades nativas de los ríos Pastaza, Tigre y Marañón hicieron una expedición de supervisión en el Lote 8 para identificar posibles sitios contaminados. Se informó sobre 41 sitios contaminados en Nueva Esperanza, Pavayacu y Base Corrientes Percy y la tubería Co","código de sitio: S9. Se ubica a 50 metros del sitio S8. En la cabecera de la quebrada Huanganayacu, cerca del km 20 Campamento 101, carretera hacia Central Eléctrica 130, en Yacimiento Pavayacu-Capiro",0.0,Cielo,1. Validado parcial
-75.37726,-3.3891369,COE201335.8,"OEFA, FECONACO",,Derrame antiguo de petróleo,,,Lote 8,PlusPetrol Norte S.A,2013,2013-11-26,"En 2013, OEFA con organizaciones de comunidades nativas de los ríos Pastaza, Tigre y Marañón hicieron una expedición de supervisión en el Lote 8 para identificar posibles sitios contaminados. Se informó sobre 41 sitios contaminados en Nueva Esperanza, Pavayacu y Base Corrientes Percy y la tubería Co","código de sitio: S8. Este lugar está ubicado en la cabecera de la Quebrada Huanganayacu, a la altura del km 20 Campamento 101, vía hacia Central Eléctrica 130, en el Yacimiento Pavayacu-Capirona.",0.0,Cielo,1. Validado parcial
-75.371669,-3.388931,COE201335.10,"OEFA, FECONACO",,Derrame antiguo de petróleo,,,Lote 8,PlusPetrol Norte S.A,2013,2013-11-26,"En 2013, OEFA con organizaciones de comunidades nativas de los ríos Pastaza, Tigre y Marañón hicieron una expedición de supervisión en el Lote 8 para identificar posibles sitios contaminados. Se informó sobre 41 sitios contaminados en Nueva Esperanza, Pavayacu y Base Corrientes Percy y la tubería Co","Código de sitio: S10. Se ubica a 100 metros al este de la Batería 9, en un aguajal. Yacimiento Pavayacu-Capirona.",0.0,Cielo,1. Validado parcial
-75.369563,-3.3899179,COE201335.11,"OEFA, FECONACO",,Derrame antiguo de petróleo,,,Lote 8,PlusPetrol Norte S.A,2013,2013-11-26,"En 2013, OEFA con organizaciones de comunidades nativas de los ríos Pastaza, Tigre y Marañón hicieron una expedición de supervisión en el Lote 8 para identificar posibles sitios contaminados. Se informó sobre 41 sitios contaminados en Nueva Esperanza, Pavayacu y Base Corrientes Percy y la tubería Co",código de sitio: S11. Se ubica 150 metros al oeste de Batería 9. Yacimiento Pavayacu-Capirona.,0.0,Cielo,1. Validado parcial
-75.367538,-3.3910314,COE201335.12,"OEFA, FECONACO",,Derrame antiguo de petróleo,,,Lote 8,PlusPetrol Norte S.A,2013,2013-11-26,"En 2013, OEFA con organizaciones de comunidades nativas de los ríos Pastaza, Tigre y Marañón hicieron una expedición de supervisión en el Lote 8 para identificar posibles sitios contaminados. Se informó sobre 41 sitios contaminados en Nueva Esperanza, Pavayacu y Base Corrientes Percy y la tubería Co",Código de sitio: S12. Este lugar está ubicado 350 metros al noroeste de Batería 9. Yacimiento Pavayacu-Capirona.,0.0,Cielo,1. Validado parcial
-75.364406,-3.3934662,COE201335.19,"OEFA, FECONACO",,Derrame antiguo de petróleo,,,Lote 8,PlusPetrol Norte S.A,2013,2013-11-26,"En 2013, OEFA con organizaciones de comunidades nativas de los ríos Pastaza, Tigre y Marañón hicieron una expedición de supervisión en el Lote 8 para identificar posibles sitios contaminados. Se informó sobre 41 sitios contaminados en Nueva Esperanza, Pavayacu y Base Corrientes Percy y la tubería Co",Código de sitio: S19. Este lugar está ubicado a 150 metros del Campamento 101. Yacimiento Pavayacu-Capirona.,0.0,Cielo,1. Validado parcial
-75.363011,-3.3932586,COE201335.18,"OEFA, FECONACO",,Derrame antiguo de petróleo,,,Lote 8,PlusPetrol Norte S.A,2013,2013-11-26,"En 2013, OEFA con organizaciones de comunidades nativas de los ríos Pastaza, Tigre y Marañón hicieron una expedición de supervisión en el Lote 8 para identificar posibles sitios contaminados. Se informó sobre 41 sitios contaminados en Nueva Esperanza, Pavayacu y Base Corrientes Percy y la tubería Co",Código de sitio: S18. Este lugar está ubicado 200 metros al norte de Batería 9. Yacimiento Pavayacu-Capirona.,0.0,Cielo,1. Validado parcial
-75.361399,-3.3928883,COE201335.17,"OEFA, FECONACO",,Derrame antiguo de petróleo,,,Lote 8,PlusPetrol Norte S.A,2013,2013-11-26,"En 2013, OEFA con organizaciones de comunidades nativas de los ríos Pastaza, Tigre y Marañón hicieron una expedición de supervisión en el Lote 8 para identificar posibles sitios contaminados. Se informó sobre 41 sitios contaminados en Nueva Esperanza, Pavayacu y Base Corrientes Percy y la tubería Co","Código de sitio: S17. Este lugar está ubicado 400 metros al norte de Batería 9, Ramal de Huanganayacu. Yacimiento Pavayacu-Capirona.",0.0,Cielo,1. Validado parcial
-75.35403,-3.5472477,CTS201401,FECONACO,,otro,,,Lote 8,PlusPetrol Norte S.A,2014,2014-02-01,Árboles talados encontrados por el oleoducto.,"oleoducto Trompeteros-Pavayacu, CN Peruanito.",,Cielo,1. Validado parcial
-75.340463,-3.551297,CEV200613,FECONACO,,Derrame nuevo de petróleo,,,Lote 8,PlusPetrol Norte S.A,2006,2006-05-19,,bateria 5,,Claudia,2. Validado final
-75.323513,-3.638885,CEV200612,FECONACO,,Derrame nuevo de petróleo,,,Lote 8,PlusPetrol Norte S.A,2006,2006-03-30,Un derrame está afectando a la cocha Piuri.,bateria 5,,Claudia,2. Validado final
-75.317083,-3.611874,COE201210/CWS201201,"OEFA, FECONACO",,Derrame nuevo de petróleo,,,Lote 8,PlusPetrol Norte S.A,2012,2012-01-28,Se dio debido a la oxidación externa de la tubería. La quebrada Collpayo fue afectada.,"En el oleoducto E.E.B.E de Capirona a Batería 1, Corrientes. Km 16+417.",1.0,Cielo,1. Validado parcial
-75.305984,-3.8057052,COE201403,FECONACO,,Derrame antiguo de petróleo,,,Lote 8,PlusPetrol Norte S.A,2014,2014-07-01,Derrame dentro de la comunidad Nuevo Porvenir. Afecta a la colcha Zungaro Yacu.,comunidad nuevo porvenir,,Cielo,1. Validado parcial
-75.148266,-3.8183311,CWA201401,FECONACO,,Derrame nuevo de petróleo,,,Lote 8,PlusPetrol Norte S.A,2014,2014-11-01,Afecta a la laguna Zungaro Yacu,comunidad Nuevo Porvenir.,,Cielo,1. Validado parcial
-75.145707,-3.810705,CWA201402,FECONACO,,Derrame nuevo de petróleo,,,Lote 8,PlusPetrol Norte S.A,2014,2014-12-01,El derrame afecta a un cuerpo de agua.,Campamento Paraíso (Km24+700) en territorio de la Comunidad Nuevo Porvenir.,,Cielo,1. Validado parcial
-75.136636,-4.0797872,COE201106/CWS201101,"OEFA, FECONACO",,Derrame nuevo de petróleo,,Antiguo,Lote 8,PlusPetrol Norte S.A,2011,2011-08-25,El evento ocurrió porque unos individuos externos cortaron con sierra el oleoducto Corrientes-Saramuro. Causó un derrame de crudo de 140 barriles cerca a la comunidad nativa Nueva Reforma. Un plan de contención se activó y se iniciaron trabajos de remediación también. Miembros de la administración n,"El oleoducto Corrientes- Saramuro, km 30+875. Batería 1.",0.0,Ale,1. Validado parcial
-75.076645,-3.809845,CFS201603,FECONACO,,agua producida,,,Lote 8,PlusPetrol Norte S.A,2016,2016-01-30,Afectó al río y una colpa de aves. El lugar se inunde regularmente durante al época de lluvías.,"se llevó a cabo en el pequeño río Trompeterillo grande, frente al pueblo de Trompeteros. El hecho se ubicó a 4 metros del río Corrientes.",,Lady,1. Validado parcial
-75.073224,-3.826094,CFS201611,FECONACO,,Derrame nuevo de petróleo,,,Lote 8,PlusPetrol Norte S.A,2016,2016-10-31,,"oleoducto Corrientes-Saramuro km0+300, cerca de Batería 2.",,Lady,1. Validado parcial
-75.070819,-3.8217245,COE201003.1/CWS201006,"OSINERGMIN, FECONACO",,derrame de diesel,,Antiguo,Lote 8,PlusPetrol Norte S.A,2010,21/04/2010 23/04/2010,Algunos individuos externos cortaron la tubería para extraer el diésel.,El oleoducto que conecta Batería 1 (Trompeteros) con Batería 8 (Chambira). oleoducto Trompeteros-Chambira.,,Ale,1. Validado parcial
-75.068697,-3.8725773,COE201335.23,"OEFA, FECONACO",,Derrame antiguo de petróleo,,,Lote 8,PlusPetrol Norte S.A,2013,2013-11-26,"En 2013, OEFA con organizaciones de comunidades nativas de los ríos Pastaza, Tigre y Marañón hicieron una expedición de supervisión en el Lote 8 para identificar posibles sitios contaminados. Se informó sobre 41 sitios contaminados en Nueva Esperanza, Pavayacu y Base Corrientes Percy y la tubería Co",Código de sitio: S23. Este lugar está ubicado en el km 5+570.31 del oleoducto Corrientes-Saramuro. Yacimiento Corrientes.,0.0,Cielo,1. Validado parcial
-75.068642,-3.8636028,COE201318,"OEFA, FECONACO",,Derrame nuevo de petróleo,,,Lote 8,PlusPetrol Norte S.A,2013,2013-04-07,"Supuestamente, después del evento, la empresa recuperó mucho del crudo y limpió todas las áreas afectados. Sin embargo, según el informe anual de monitoreo FECONACO de 2015, este sitio sigue contaminado.","En la línea B del oleoducto Corrientes Saramuro, 5+589 km",0.0,Cielo,1. Validado parcial
-75.06863083,-3.82674539,CFS201711,FECONACO,,Derrame antiguo de petróleo,,,Lote 8,PlusPetrol Norte S.A,2017,2017-09-18,Afectó a la comunidad San Cristobal. Remediación incompleta.,Comunidad San Cristóbal,,Ana Paula,2. Validado final
-75.068215,-3.8141886,CFS201514,FECONACO,,Derrame antiguo de petróleo,,,Lote 8,PlusPetrol Norte S.A,2015,2015-06-01,,trompeterillo grande,,Cielo,1. Validado parcial
-75.068054,-3.819183,CFS201608,FECONACO,,Botadero,,,Lote 8,PlusPetrol Norte S.A,2016,2016-07-25,Se ha encontrado residuos industriales del pasado enterrados. Fue limpiado por la empresa.,Batería 8x.,,Lady,1. Validado parcial
-75.067388,-3.82338,CFS201607,FECONACO,,Derrame nuevo de petróleo,,,Lote 8,PlusPetrol Norte S.A,2016,2016-07-22,"El derrame afectó a una laguna pequeña. Se ha encontrado peces muertos. Este lugar ha sido remediado anteriormente pero aún sufre impactos con regularidad, siendo necesaria una limpieza profunda. Es una zona PAC.",Batería 2.,,Lady,1. Validado parcial
-75.066379,-3.827542,CWS200711,FECONACO,,Derrame antiguo de petróleo,,,Lote 8,,2007,2007-10-30,,bateria 2,,Claudia,2. Validado final
-75.065289,-3.8253437,CMO200801,FECONACO,,Derrame antiguo de petróleo,,Antiguo,Lote 8,,2008,2008-09-18,,bateria 2,,Ale,1. Validado parcial
-75.06515762,-3.82138594,CFS201801,FECONACOR,"Baterías 1, 2 y 8x",Derrame de crudo,oleoducto,Antiguo,Lote 8,Pluspetrol Norte,1996,16/03/2018,"Derrame de crudo. Area de 15X16m tierra y 20 x 500m agua, sitio de remediacion PAC",Quebrada en San Cristóbal,1.0,Laura,1. Validado parcial
-75.065018,-3.8178619,CWS200903,FECONACO,,Derrame nuevo de petróleo,,Antiguo,Lote 8,PlusPetrol Norte S.A,2009,2009-10-21,El crudo se está cayendo directamente en el río.,Batería 1.,,Ale,1. Validado parcial
-75.064201,-3.8482505,COE201207,"OEFA, FECONACO",,Derrame nuevo de petróleo,,,Lote 8,PlusPetrol Norte S.A,2012,2012-06-25,"Se dio debido a la oxidación externa. En 2013, OEFA con organizaciones de comunidades nativas de los ríos Pastaza, Tigre y Marañón se llevaron a cabo una expedición de supervisión en el Lote 8 para identificar posibles sitios contaminados. De los 41 sitios contaminados, identificaron el área que hab",Código S24. En el km 3+816.85 del conoleoducto Corrientes-Saramuro. Yacimiento Corrientes.,0.0,Cielo,1. Validado parcial
-75.06515762,-3.82138594,COE201803/CFS201801,"OEFA, FECONACO",,Derrame nuevo de petróleo,,,Lote 8,PlusPetrol Norte S.A,2018,15/03/2018 16/03/2018,"El derrame ocurrió por la rotura de dos oleoductos que corren del Topiplan a Batería 8 cerca a la carretera. Se inició en la válvula Check CK 2GL-3 dentro de la planta topping. El crudo se extendió por los canales de drenaje pluvial, llegando al tanque de sumidero, que estaba abierto en este momento","Yacimiento Corrientes, topping plant (Topiplan a Batería 8 al lado de la carretera)",0.0,Ana Paula,1. Validado parcial
-75.063884,-3.8285193,COE201335.41,"OEFA, FECONACO",,Derrame antiguo de petróleo,,,Lote 8,PlusPetrol Norte S.A,2013,2013-11-26,"En 2013, OEFA con organizaciones de comunidades nativas de los ríos Pastaza, Tigre y Marañón hicieron una expedición de supervisión en el Lote 8 para identificar posibles sitios contaminados. Se informó sobre 41 sitios contaminados en Nueva Esperanza, Pavayacu y Base Corrientes Percy y la tubería Co",Código de sitio: S41. Este lugar está ubicado a 30 metros al oeste de Batería 2. Yacimiento Corrientes.,0.0,Cielo,1. Validado parcial
-75.06384,-3.82813,CFS201517,FECONACO,,Derrame antiguo de petróleo,,,Lote 8,PlusPetrol Norte S.A,2015,2015-06-01,El derrame afectó al riachuelo de Pangui Entsa.,Pangui Entsa,,Lady,1. Validado parcial
-75.06371689,-3.82415669,CFS20182,FECONACOR,"Baterías 1, 2 y 8x",Derrame de crudo,oleoducto,Nuevo,Lote 8,Pluspetrol Norte,,16/03/2018,Encontrado agua cubiertos con crudo y 2 tubos rotos en quebrada Trompeterillo,"Comunidad San Cristóbal. Cerca al topiplan, en rama quebrada a cerca de carretera. De topiplan a 8x oleoducto",1.0,Laura,1. Validado parcial
-75.061939,-3.8268548,COE201335.27,"OEFA, FECONACO",,Derrame antiguo de petróleo,,,Lote 8,PlusPetrol Norte S.A,2013,2013-11-26,"En 2013, OEFA con organizaciones de comunidades nativas de los ríos Pastaza, Tigre y Marañón hicieron una expedición de supervisión en el Lote 8 para identificar posibles sitios contaminados. Se informó sobre 41 sitios contaminados en Nueva Esperanza, Pavayacu y Base Corrientes Percy y la tubería Co",Código de sitio: S27. Este lugar está ubicado a 1 km al este del Fuji Central y 200 metros al este de Batería 2. Yacimiento Corrientes.,0.0,Cielo,1. Validado parcial
-75.061733,-3.837557,CFS201519,FECONACO,,Derrame antiguo de petróleo,,,Lote 8,PlusPetrol Norte S.A,2015,2015-06-15,El sitio se encuentra dentro de una zona PAC que fue anteriormente remediado. Varias comunidades consideran que aún hay contaminación por remediar porque la remediación que se ha hecho no fue adecuada.,"km 3+814, - Batería 1.",,Lady,1. Validado parcial
-75.061732,-3.8375573,CFS201510,FECONACO,,Derrame antiguo de petróleo,,,Lote 8,PlusPetrol Norte S.A,2015,2015-06-01,,"oleoducto Corrientes-Saramuro, km 2+700",,Cielo,1. Validado parcial
-75.06138,-3.8283747,CWS200805,FECONACO,,fuga,,Antiguo,Lote 8,PlusPetrol Norte S.A,2008,2008-05-04,,Batería 1. Cerca de Plátaforma no. 1013.,,Ale,1. Validado parcial
-75.061372,-3.8381635,COE201335.25,"OEFA, FECONACO",,Derrame antiguo de petróleo,,,Lote 8,PlusPetrol Norte S.A,2013,2013-11-26,"En 2013, OEFA con organizaciones de comunidades nativas de los ríos Pastaza, Tigre y Marañón hicieron una expedición de supervisión en el Lote 8 para identificar posibles sitios contaminados. Se informó sobre 41 sitios contaminados en Nueva Esperanza, Pavayacu y Base Corrientes Percy y la tubería Co","Código de sitio: S25. Este lugar está ubicado en el km 2+657,27 del oleoducto Corrientes-Saramuro. Yacimiento Corrientes.",0.0,Cielo,1. Validado parcial
-75.061336,-3.8380187,CWS201102,FECONACO,,otro,,Antiguo,Lote 8,,2011,2011-09-12,La empresa remedió una zona que anteriormente había sido deforestada. Aún hay presencia de crudo en el suelo. Es probable que este evento sea lo mismo que el de código CNA201101.,Batería 1.,,Ale,1. Validado parcial
-75.061227,-3.8260768,CWS200801,FECONACO,,Derrame antiguo de petróleo,,Antiguo,Lote 8,,2008,2008-04-30,La empresa está remediando la zona.,Batería 2.,,Ale,1. Validado parcial
-75.061001,-3.8157362,CWS201005,FECONACO,,Derrame antiguo de petróleo,,Antiguo,Lote 8,,2010,2010-11-19,La empresa está remediando la zona. La laguna MSA se ha visto afectada.,Batería 1.,,Ale,1. Validado parcial
-75.060938,-3.8146868,CFS201509,FECONACO,,Derrame antiguo de petróleo,,,Lote 8,PlusPetrol Norte S.A,2015,2015-06-01,,"Batería 1, Laguna MSA.",,Cielo,1. Validado parcial
-75.060839,-3.8181156,CWS200904,FECONACO,,Derrame nuevo de petróleo,,Antiguo,Lote 8,PlusPetrol Norte S.A,2009,2009-01-10,Afectó a la quebrada Bohua negra.,Batería 2.,,Ale,1. Validado parcial
-75.06045285,-3.81701806,CWS20191,FECONACOR,"Baterías 1, 2 y 8x",Derrame de crudo,oleoducto,Nuevo,Lote 8,Pluspetrol Norte,,27/01/2019,"Tubería entre central electrica y baterías, afectación de 3x8 metros",San Cristóbal,,Laura,1. Validado parcial
-75.0604514,-3.8144545,CFS201712,FECONACO,,Derrame antiguo de petróleo,,,Lote 8,PlusPetrol Norte S.A,2017,2017-09-19,Afectó a la comunidad San Cristobal,Comunidad San Cristóbal,,Ana Paula,2. Validado final
-75.060165,-3.8322378,COE201335.26,"OEFA, FECONACO",,Derrame antiguo de petróleo,,,Lote 8,PlusPetrol Norte S.A,2013,2013-11-26,"En 2013, OEFA con organizaciones de comunidades nativas de los ríos Pastaza, Tigre y Marañón hicieron una expedición de supervisión en el Lote 8 para identificar posibles sitios contaminados. Se informó sobre 41 sitios contaminados en Nueva Esperanza, Pavayacu y Base Corrientes Percy y la tubería Co",Código de sitio: S26. Este lugar está ubicado en el km 1+985.41 del oleoducto Corrientes-Saramuro. Yacimiento Corrientes.,0.0,Cielo,1. Validado parcial
-75.06001868,-3.80598699,CWH20193,FECONACOR,Jibarito,Botadero,Batería,Antiguo,Lote 1AB/192,Frontera Energy,,,Tuberías sueltas,,,Laura,1. Validado parcial
-75.059903,-3.820649,CFS201520,FECONACO,,Derrame antiguo de petróleo,,,Lote 8,PlusPetrol Norte S.A,2015,2015-06-15,,Plataforma 33X,,Lady,1. Validado parcial
-75.059668,-3.8139902,COE201002/CWS201003,"OEFA, OSINERGMIN, FECONACO",,Derrame nuevo de petróleo,,Antiguo,Lote 8,PlusPetrol Norte S.A,2010,2010-09-24,"Hubo un derrame de crudo en la línea de descarga de la motobomba MB-55. El crudo llegó al río Corrientes. Según la Resolución Directoral, el evento se dio debido a inversión insuficiente en medidas preventivas para proteger contra posibles derrames.","El sistema de bomba Trompeteros-Saramuro Batería 1./Área de motobombas, en la Batería 1, Trompeteros.",1.0,Ale,1. Validado parcial
-75.05929,-3.8177357,CFS201401,"OEFA, FECONACO",,derrame de diesel,,,Lote 8,PlusPetrol Norte S.A,2014,2014-03-09,"Según el Reporte Técnico Acusatorio, se dio dado a una falta de mantenimiento básico de las facilidades, lo cual es necesario para evitar posibles derrames. El derrame de diésel afectó a una pequeña colcha en la comunidad San Cristobal.","En el empalme del oleoducto de diésel de Central no. 1 a Central no. 2, en Batería 1. / Bat 1.",,Cielo,1. Validado parcial
-75.058381,-3.816894,CFS201610,FECONACO,,Derrame nuevo de petróleo,,,Lote 8,PlusPetrol Norte S.A,2016,2016-09-09,Hubo un derrame de diésel del tanque nº10.,"tanque 10, Batería 1.",,Lady,1. Validado parcial
-75.057839,-3.8100097,COE201512/CFS201508,"OEFA, FECONACO",,derrame de diesel,,,Lote 8,PlusPetrol Norte S.A,2015,2015-04-20,"Según la empresa, la embarcación se hundó dado un aumento de flujo en el río por lluvías fuertes. Por ende, hubo una derrame de 800 galones de crudo al agua de la embarcación hundida.","En el muelle Percy Rozas-Trompeteros. Puerto TRANSTUR- Muelle de Corrientes, en territorio de Comunidad San Cristóbal.",,Cielo,1. Validado parcial
-75.057394,-4.262796,CCJ20191,ACODECOSPAT,Chambira,Derrame de crudo,Tuberia,Antiguo,Lote 8,Pluspetrol Norte,2018,26/02/2018,"Derrame en tubería, area afectada de 2400 metros cuadrados, sitio está submergido en agua contenida por barreras de plástico, pero el agua sale poco a poco hacia la cocha y la quebrada Patoyacu","Tubería Trompeteros y Saramuro, tramo 53.",,Ana Paula,2. Validado final
-75.05688469,-3.83245945,CFS201713,FECONACO,,Derrame antiguo de petróleo,,,Lote 8,PlusPetrol Norte S.A,2017,2017-09-19,"El vertido de petróleo se ha producido en el oleoducto que va de la Plataforma 12x a la Batería 2, en el territorio de la comunidad de San Cristóbal","Oleoducto que va de la Plataforma 12x a la Batería 2, en el territorio de la comunidad de San Cristóbal.",,Ana Paula,2. Validado final
-75.0565018,-3.83683102,CFS201710,FECONACO,,Derrame antiguo de petróleo,,,Lote 8,PlusPetrol Norte S.A,2017,2017-09-18,"Derrame en la comunidad San Cristobal en el oleoducto que corre de plátaforma 33 a plátaforma 57, en Batería 2. Afectó a un aguajal.","Comunidad San Cristobal en el oleoducto que conecta platform 33 a platform 57, en Batería 2",,Ana Paula,2. Validado final
-75.055823,-3.8193191,COE201335.40,"OEFA, FECONACO",,Derrame antiguo de petróleo,,,Lote 8,PlusPetrol Norte S.A,2013,2013-11-26,"En 2013, OEFA con organizaciones de comunidades nativas de los ríos Pastaza, Tigre y Marañón hicieron una expedición de supervisión en el Lote 8 para identificar posibles sitios contaminados. Se informó sobre 41 sitios contaminados en Nueva Esperanza, Pavayacu y Base Corrientes Percy y la tubería Co",Código de sitio: S40. Este lugar está ubicado a 500 metros sur de Central Eléctrica-Batería 1 y 400 metros norte de la Plátaforma 108X.Yacimiento Corrientes.,0.0,Cielo,1. Validado parcial
-75.055716,-3.8388785,COE201335.38,"OEFA, FECONACO",,Derrame antiguo de petróleo,,,Lote 8,PlusPetrol Norte S.A,2013,2013-11-26,"En 2013, OEFA con organizaciones de comunidades nativas de los ríos Pastaza, Tigre y Marañón hicieron una expedición de supervisión en el Lote 8 para identificar posibles sitios contaminados. Se informó sobre 41 sitios contaminados en Nueva Esperanza, Pavayacu y Base Corrientes Percy y la tubería Co",Código de sitio: S38. Este lugar está ubicado a 200 metros al oeste de la Plátaforma 57 (alrededor del sitio de un antiguo derrame de petróleo). Yacimiento Corrientes.,0.0,Cielo,1. Validado parcial
-75.055029,-3.8023743,CFS201507,FECONACO,,Derrame antiguo de petróleo,,,Lote 8,PlusPetrol Norte S.A,2015,2015-04-18,,Zona CN San Cristóbal.,,Cielo,1. Validado parcial
-75.054227,-3.8015511,CFS201512,FECONACO,,Derrame antiguo de petróleo,,,Lote 8,PlusPetrol Norte S.A,2015,2015-06-01,Se ha encontrado en una zona de cultivo unos barriles antiguos abandonados que aún contienen crudo.,,,Cielo,1. Validado parcial
-75.054066,-3.80194,COE199401,"OEFA, FECONACO",,Botadero,,Antiguo,Lote 8,"PetroPerú, S.A, PlusPetrol Norte S.A",1995.0,,Se abrió este procedimiento administrativo después de una denuncia hecha por FECONACO (Carta nº 0184-2015-PRESIDENCIA/FECONACO) advirtiendo sobre dos botaderos antiguos de la época de PetroPerú ubicados en dos chacras perteneciendo a Loida Chuje y Madre Ana Hualinga. La expedición de supervisión enc,Chacra Sra. Loida Chuje'',0.0,Laura,1. Validado parcial
-75.053934,-3.839541,CWS20181,FECONACOR,"Baterías 1, 2 y 8x",Derrame de crudo,Tuberia,Nuevo,Lote 8,Pluspetrol Norte,,22/06/2018,"Nuevo derrame en plátaforma 57X por ruptura del oleoducto, la empresa no cumplió con avisar a las autoridades de la comunidad. Area afectada de 6x15 metros",Pozo de Plátaforma 57,1.0,Laura,1. Validado parcial
-75.05259995,-3.81644119,COE201702/CFS201706,"OEFA, FECONACO",,agua producida,,,Lote 8,PlusPetrol Norte S.A,2016,2017-06-02,"Se dio debido a la oxidación interna de la tubería. A pesar de que sí se hizo una expedición de supervisión OEFA, no se abrió un procedimiento administrativo. Afectó a la zona de pesca (aguajales y cochas) de la comunidad San Cristobal, como la cocha Lopunilla.",Línea de reinyección de agua producida del pozo CO-42AD. / pozo 42 de la Plátaforma 10x.,1.0,Lady,1. Validado parcial
-75.052157,-3.815583,COE201335.28,"OEFA, FECONACO",,Derrame antiguo de petróleo,,,Lote 8,PlusPetrol Norte S.A,2013,2013-11-26,"En 2013, OEFA con organizaciones de comunidades nativas de los ríos Pastaza, Tigre y Marañón hicieron una expedición de supervisión en el Lote 8 para identificar posibles sitios contaminados. Se informó sobre 41 sitios contaminados en Nueva Esperanza, Pavayacu y Base Corrientes Percy y la tubería Co",Código de sitio: S28. Este lugar se ubica 70 metros al este del Andén 10. Yacimiento Corrientes.,0.0,Cielo,1. Validado parcial
-75.051895,-3.8158997,COE201335.29,"OEFA, FECONACO",,Derrame antiguo de petróleo,,,Lote 8,PlusPetrol Norte S.A,2013,2013-11-26,"Afectó a un aguajal. En 2013, OEFA con organizaciones de comunidades nativas de los ríos Pastaza, Tigre y Marañón hicieron una expedición de supervisión en el Lote 8 para identificar posibles sitios contaminados. Se informó sobre 41 sitios contaminados en Nueva Esperanza, Pavayacu y Base Corrientes ",Código de sitio: S29. Este lugar se encuentra ubicado 90 metros al norte del Andén 10. Yacimiento Corrientes.,0.0,Cielo,1. Validado parcial
-75.051734,-3.815954,CFS201518,FECONACO,,Derrame antiguo de petróleo,,,Lote 8,PlusPetrol Norte S.A,2015,2015-06-15,,"Batería 1, Laguna 10X.",,Lady,1. Validado parcial
-75.050636,-3.8494637,CFS201513,FECONACO,,Derrame antiguo de petróleo,,,Lote 8,PlusPetrol Norte S.A,2015,2015-06-01,,"Plátaforma 33, 110 m de profundidad - Muro 1",,Cielo,1. Validado parcial
-75.049627,-3.8371148,COE201335.36,"OEFA, FECONACO",,Derrame antiguo de petróleo,,,Lote 8,PlusPetrol Norte S.A,2013,2013-11-26,"En 2013, OEFA con organizaciones de comunidades nativas de los ríos Pastaza, Tigre y Marañón hicieron una expedición de supervisión en el Lote 8 para identificar posibles sitios contaminados. Se informó sobre 41 sitios contaminados en Nueva Esperanza, Pavayacu y Base Corrientes Percy y la tubería Co","Código de sitio: S36. Este lugar se ubica a 300 metros al oeste de la Plátaforma 2 (alrededor de un antiguo derrame de petróleo no remediado). ''Derecho de vía'' de la Plátaforma 138X, km 5+763.14. Ya",0.0,Cielo,1. Validado parcial
-75.049421,-3.849202,CWS200713,FECONACO,,fuga,,,Lote 8,PlusPetrol Norte S.A,2007,2007-11-15,El derrame afecta a un aguajal,Batería 2.,,Claudia,2. Validado final
-75.04937551,-3.83749404,CFS201709,FECONACO,,Derrame antiguo de petróleo,,,Lote 8,PlusPetrol Norte S.A,2017,2017-09-18,Afectó a un aguajal.,Zona PAC del pozo 12. En el territorio de Comunidad San Cristóbal.,,Ana Paula,2. Validado final
-75.04906,-3.8385352,COE201335.37,"OEFA, FECONACO",,Derrame antiguo de petróleo,,,Lote 8,PlusPetrol Norte S.A,2013,2013-11-26,"En 2013, OEFA con organizaciones de comunidades nativas de los ríos Pastaza, Tigre y Marañón hicieron una expedición de supervisión en el Lote 8 para identificar posibles sitios contaminados. Se informó sobre 41 sitios contaminados en Nueva Esperanza, Pavayacu y Base Corrientes Percy y la tubería Co",Código de sitio: S37. Este lugar está ubicado a 300 metros al sur de la Plátaforma 12 (alrededor de un antiguo derrame de petróleo no remediado). La ubicación es cerca del sitio PAC Plátaforma 12X -Si,0.0,Cielo,1. Validado parcial
-75.04843007,-3.8372654,CFS201708,FECONACO,,Derrame antiguo de petróleo,,,Lote 8,PlusPetrol Norte S.A,2017,2017-09-18,Afectó a un aguajal.,Zona PAC del pozo 12. En el territorio de Comunidad San Cristóbal.,,Ana Paula,2. Validado final
-75.048349,-3.83826271,CWS20192,FECONACOR,"Baterías 1, 2 y 8x",Derrame de agua de formación,plataforma,Nuevo,Lote 8,Pluspetrol Norte,,2019-05-05,"Hubo un derrame de agua de produción, agua salada en plataforma 12x. Afecta aguajal y tierra. 10x25 metros.","Plataforma 12X, San Cristóbal",0.0,Laura,1. Validado parcial
-75.048304,-3.8510742,COE201335.31,"OEFA, FECONACO",,Derrame antiguo de petróleo,,,Lote 8,PlusPetrol Norte S.A,2013,2013-11-26,"Un sitio contaminado antiguo no remediado. En 2013, OEFA con organizaciones de comunidades nativas de los ríos Pastaza, Tigre y Marañón hicieron una expedición de supervisión en el Lote 8 para identificar posibles sitios contaminados. Se informó sobre 41 sitios contaminados en Nueva Esperanza, Pavay",Código de sitio: S31. Este lugar está ubicado 50 metros al sur de la Plátaforma 33X. Yacimiento Corrientes.,0.0,Cielo,1. Validado parcial
-75.048303,-3.8461437,COE201335.32,"OEFA, FECONACO",,Derrame antiguo de petróleo,,,Lote 8,PlusPetrol Norte S.A,2013,2013-11-26,"Un sitio contaminado antiguo no remediado. En 2013, OEFA con organizaciones de comunidades nativas de los ríos Pastaza, Tigre y Marañón hicieron una expedición de supervisión en el Lote 8 para identificar posibles sitios contaminados. Se informó sobre 41 sitios contaminados en Nueva Esperanza, Pavay",Código de sitio: S32. Este lugar está ubicado en el punto central de la Plátaforma 44X. Yacimiento Corrientes.,0.0,Cielo,1. Validado parcial
-75.047997,-3.837947,CNP200713,FECONACO,,Derrame antiguo de petróleo,,,Lote 8,,2007,2007-08-09,La parte baja de la quebrada Pumayaco fue afectada. Es una zona contaminada sin remediación.,Batería 1.,,Claudia,2. Validado final
-75.047664,-3.8527117,COE201335.30,"OEFA, FECONACO",,Derrame antiguo de petróleo,,,Lote 8,PlusPetrol Norte S.A,2013,2013-11-26,"En 2013, OEFA con organizaciones de comunidades nativas de los ríos Pastaza, Tigre y Marañón hicieron una expedición de supervisión en el Lote 8 para identificar posibles sitios contaminados. Se informó sobre 41 sitios contaminados en Nueva Esperanza, Pavayacu y Base Corrientes Percy y la tubería Co",Código de sitio: S30. Este lugar se encuentra ubicado 40 metros oeste del Andén 33. Yacimiento Corrientes.,0.0,Cielo,1. Validado parcial
-75.04748539,-3.85173874,CWS20183,FECONACOR,"Baterías 1, 2 y 8x",Fuga de agua de formación,Tuberia,Nuevo,Lote 8,Pluspetrol Norte,,27/06/2018,"Una pequeña fuga de liquido de producción en una tubería de 6 pulgadas que viene de plataforma 47 hacia plataforma 33X, fue controlado.","Plátaforma 33X, comunidad cercana San Cristóbal",1.0,Laura,1. Validado parcial
-75.047347,-3.802094,COE199402,"OEFA, FECONACO",,Botadero,,Antiguo,Lote 8,"PetroPerú, S.A, PlusPetrol Norte S.A",1995.0,,Se abrió este procedimiento administrativo después de una denuncia hecha por FECONACO (Carta nº 0184-2015-PRESIDENCIA/FECONACO) advirtiendo sobre dos botaderos antiguos de la época de PetroPerú ubicados en dos chacras perteneciendo a Loida Chuje y Madre Ana Hualinga. La expedición de supervisión enc,'Chacra Sra Madre Ana Hualinga'',0.0,Laura,1. Validado parcial
-75.04730604,-3.85133585,CWS20182,FECONACOR,"Baterías 1, 2 y 8x",Derrame de agua de formación,Pozo,Antiguo,Lote 8,Pluspetrol Norte,,25/06/2018,Agua afecta tierra 3x3 metros,Plátaforma 33x,1.0,Laura,1. Validado parcial
-75.047274,-3.8016058,CFS201505,FECONACO,,Botadero,,,Lote 8,PlusPetrol Norte S.A,2015,2015-04-01,hay residuos industriales antiguos abandonados.,Zona CN San Cristóbal.,,Cielo,1. Validado parcial
-75.047177,-3.8399647,COE201335.35,"OEFA, FECONACO",,Derrame antiguo de petróleo,,,Lote 8,PlusPetrol Norte S.A,2013,2013-11-26,"En 2013, OEFA con organizaciones de comunidades nativas de los ríos Pastaza, Tigre y Marañón hicieron una expedición de supervisión en el Lote 8 para identificar posibles sitios contaminados. Se informó sobre 41 sitios contaminados en Nueva Esperanza, Pavayacu y Base Corrientes Percy y la tubería Co","Código de sitio: S35. Este lugar está ubicado en el derecho de vía del Andén 138X, km 5+388,29. Yacimiento Corrientes.",0.0,Cielo,1. Validado parcial
-75.04702999,-3.84574891,CFS201715,FECONACO,,Derrame antiguo de petróleo,,,Lote 8,PlusPetrol Norte S.A,2017,2017-09-17,"Debido a un derrame antiguo, se contaminaron cuerpos de agua.",En el territorio de la comunidad San Cristóbal.,,Ana Paula,2. Validado final
-75.046448,-3.8414032,COE201335.34,"OEFA, FECONACO",,Derrame antiguo de petróleo,,,Lote 8,PlusPetrol Norte S.A,2013,2013-11-26,"En 2013, OEFA con organizaciones de comunidades nativas de los ríos Pastaza, Tigre y Marañón hicieron una expedición de supervisión en el Lote 8 para identificar posibles sitios contaminados. Se informó sobre 41 sitios contaminados en Nueva Esperanza, Pavayacu y Base Corrientes Percy y la tubería Co",Código de sitio: S34. Este lugar está ubicado en el punto donde se bifurcan la Plátaforma 138X y la Plátaforma 44X. Yacimiento Corrientes.,0.0,Cielo,1. Validado parcial
-75.04625,-3.841738,CFS20201,FECONACOR,Baterías 1 y 2 y 8x,Derrame de crudo,Tubería,Nuevo,Lote 8,Pluspetrol Norte,2020.0,28/09/2020,"Derrame que ocurrió en el mes de Abril, durante la cuarentena. No se reportó a la comunidad. Extensión de area afectada es de 50x70 metros, en un aguajal, a 200 metros de la plataforma 137. Se ven dos parches en la tubería, por lo que parece que fueron dos huecos. La causa presumida es corrosión.","San Cristóbal, 200 metros de plataforma 137",,,
-75.045988,-3.8244131,CFS201506,FECONACO,,Derrame antiguo de petróleo,,,Lote 8,PlusPetrol Norte S.A,2015,2015-04-01,Hay crudo en el suelo ahí cerca.,"Pozo de Borra 31 X, cerca de Comunitad San Cristóbal.",,Cielo,1. Validado parcial
-75.0456,-3.8263854,CWS200901,FECONACO,,Derrame nuevo de petróleo,,Antiguo,Lote 8,PlusPetrol Norte S.A,2009,2009-04-22,El derramo empezó en un depósito de borra.,Batería 1.,,Ale,1. Validado parcial
-75.045475,-3.844452,CFS201511,FECONACO,,Derrame antiguo de petróleo,,,Lote 8,PlusPetrol Norte S.A,2015,2015-06-01,,Andén 144 - Batería 1,,Cielo,1. Validado parcial
-75.045457,-3.8435926,COE201335.33,"OEFA, FECONACO",,Derrame antiguo de petróleo,,,Lote 8,PlusPetrol Norte S.A,2013,2013-11-26,"En 2013, OEFA con organizaciones de comunidades nativas de los ríos Pastaza, Tigre y Marañón hicieron una expedición de supervisión en el Lote 8 para identificar posibles sitios contaminados. Se informó sobre 41 sitios contaminados en Nueva Esperanza, Pavayacu y Base Corrientes Percy y la tubería Co","Código de sitio: S33. Este lugar se ubica 100 metros al noreste del Andén 138X, km 4+904.90. Yacimiento Corrientes.",0.0,Cielo,1. Validado parcial
-75.044673,-3.8248746,COE201335.39,"OEFA, FECONACO",,Derrame antiguo de petróleo,,,Lote 8,PlusPetrol Norte S.A,2013,2013-11-26,"En 2013, OEFA con organizaciones de comunidades nativas de los ríos Pastaza, Tigre y Marañón hicieron una expedición de supervisión en el Lote 8 para identificar posibles sitios contaminados. Se informó sobre 41 sitios contaminados en Nueva Esperanza, Pavayacu y Base Corrientes Percy y la tubería Co",Código de sitio: S39. Este lugar está ubicado a 100 metros al oeste de la Plátaforma 31X (''poza de ripios y recortes de perforación'')Yacimiento Corrientes.,0.0,Cielo,1. Validado parcial
-75.044052,-3.833234,CWS200902,FECONACO,,Derrame nuevo de petróleo,,Antiguo,Lote 8,PlusPetrol Norte S.A,2009,2009-05-29,Afectó a la quebrada Trompeterillo Chico.,Batería 1.,,Ale,1. Validado parcial
-75.038719,-3.805876,CFS201604,FECONACO,,otro,,,Lote 8,PlusPetrol Norte S.A,2016,2016-02-01,Se ha encontrado bolsas llenas enterradas en la chacra de Loida Chuje Sandi. La empresa hizo una limpieza de los residuos.,comunidad de San Cristóbal.,,Lady,1. Validado parcial
-75.035918,-3.806465,CFS201516,FECONACO,,Derrame antiguo de petróleo,,,Lote 8,PlusPetrol Norte S.A,2015,2015-06-01,,Zona CN San Cristóbal.,,Lady,1. Validado parcial
-75.035404,-3.8013078,COE201404,FECONACO,,Botadero,,,Lote 8,PlusPetrol Norte S.A,2014,2014-07-01,Hay depósitos antiguos de residuos industriales y materiales.,comunidad San Cristóbal.,,Cielo,1. Validado parcial
-75.03,-3.8070166,CFS201515,FECONACO,,Derrame antiguo de petróleo,,,Lote 8,PlusPetrol Norte S.A,2015,2015-06-01,,Trompeterillo chico,,Cielo,1. Validado parcial
-74.990789,-4.379936,MSV20222,ACODECOSPAT,Tramo I oleoducto Corrientes - Saramuro,Derrame de crudo,Tubería,Nuevo,Lote 8,Pluspetrol Norte,2022.0,14/10/2022,"Derrame en Nueva Alianza, del Chambira. 1200 m2 de impacto, fue la salida de un perno en la válvula.",Km 69 +500 ducto Corrientes -Saramuro,,,
-74.93253,-4.570223,COE201623/CFS201604,"OEFA, FECONACO",,Derrame nuevo de petróleo,,,Lote 8,PlusPetrol Norte S.A,2016,15/08/2016,"Derrame de diésel, peces muertos encontrados en la zona PAC.","oleoducto Corrientes-Saramuro, km 92+00. Cerca de Batería 2.",,Lady,1. Validado parcial
-76.21220737,-2.74380561,CSS201603,FECONACO,,Derrame antiguo de petróleo,,,Lote 1AB/192,PlusPetrol Norte S.A,2016,28/11/2016,"Los tapirs suelen visitar el lugar para consumir sal (es una ""colpa""). No obstante, la collpa está contaminada de petróleo","pozos 10,11,12, km 17 Dorissa, en el territorio de la comunidad Nueva Jerusalén.",,Lady,1. Validado parcial
-76.19477494,-2.74527639,CSS201604,FECONACO,,Botadero,,,Lote 1AB/192,PlusPetrol Norte S.A,2016,28/11/2016,Un campamento antiguo abandonado en el territorio de la comunidad Nueva Jerusalén.,Dorissa km-16.,,Lady,1. Validado parcial
-75.80296907,-2.38837222,TDP201704,OPIKAFPE,,Derrame antiguo de petróleo,,,Lote 1AB/192,,2017,2017-05-15,"El hecho ocurrió hace más de 45 años en los tiempos de Oxy por una rotura de un camión cisterna y el descuido de los trabajadores. Afectó a la quebrada Vender yacu, y a la zona de caza y pesca de Saca runa. Algunos odk se refieren a ese evento ya que fueron tomados durante una capacitacion de monito","Km 127+500, margen derecho de carretera principal, en patio de casa. En el territorio de la comunidad 12 de Octubre, Batería San Jacinto.",,Ana Paula,1. Validado parcial
-76.46170488,-2.80294299,PAS201616,FEDIQUEP,,Derrame nuevo de petróleo,,,Lote 1AB/192,"Pacific Stratus Energy del Perú, S.A.",2016,06/03/2016,Afectó a la quebrada Capahuari. La empresa está ocultando el crudo.,"Km 18, Quebrada Ramal de Capahuari (Nuevo Andoas. Batería Capahuari Sur), en territorio de la comunidad Titiyaco.",,Lady,1. Validado parcial
-76.46187664,-2.80281096,PAS201614,FEDIQUEP,,Derrame nuevo de petróleo,,,Lote 1AB/192,"Pacific Stratus Energy del Perú, S.A.",2016,13/03/2016,Afectó al territorio de la comunidad Los Jardines. La empresa está ocultando el crudo.,Quebrada capahuari y la Colcha Shippyn.,,Lady,1. Validado parcial
-76.46184138,-2.80275404,PAS201615,FEDIQUEP,,Derrame nuevo de petróleo,,,Lote 1AB/192,"Pacific Stratus Energy del Perú, S.A.",2016,13/03/2016,Afectó a la cocha y hay evidencia de árboles talados.,ramal de Capahuari.,,Lady,1. Validado parcial
-76.46188743,-2.80276778,PEH201606,FEDIQUEP,,Derrame antiguo de petróleo,,,Lote 1AB/192,,2016,13/03/2016,Hay otros impactos como árboles talados y residuos botados. Afectó a la quebrada Shanshococha. El sitio huele a petróleo.,Territorio de la comunidad Nuevo Andoas.,,Lady,1. Validado parcial
-76.46177204,-2.80287792,PEH201607,FEDIQUEP,,Derrame antiguo de petróleo,,,Lote 1AB/192,,2016,13/03/2016,"Afectó la cocha Shirunchi y la quebrada Ullpayacu. Aún hay crudo en el suelo, ocultado ahí por la empresa. El sitio no ha sido remediado y aún se puede ver el crudo en la orilla.",Territorio de la comunidad Nuevo Andoas (Batería capahuari sur).,,Lady,1. Validado parcial
-76.46185487,-2.80272694,PEH201608,FEDIQUEP,,Derrame antiguo de petróleo,,,Lote 1AB/192,,2016,13/03/2016,"Aún hay crudo en el suelo, ocultado ahí por la empresa. El sitio no ha sido remediado y aún está afectando a la cocha Pashincocha y la quebrada Anapaza.",Territorio de la comunidad Nuevo Andoas (Batería capahuari sur).,,Lady,1. Validado parcial
-76.46185278,-2.802743,PJP201601,FEDIQUEP,,Derrame nuevo de petróleo,,,Lote 1AB/192,"Pacific Stratus Energy del Perú, S.A.",2016,13/03/2016,El evento afectó a la cocha Ushpayaco y la cocha Lagarto. No hay fotos. Este área es utilizada por la comunidad Alianza Capahuari.,"Territorio de la comunidad Los Jardines, zona de caza y pesca de Loboyaco (Batería capahuari sur)",,Lady,1. Validado parcial
-76.46131737,-2.8023777,PJP201602,FEDIQUEP,,Derrame nuevo de petróleo,,,Lote 1AB/192,"Pacific Stratus Energy del Perú, S.A.",2016,13/03/2016,"Se dio por un oleoducto roto. Se ve un depósito, una cantera, tierras removidas y contaminación visible. Se encuentra en el territorio de caza de Cotoñabi y el territorio de pesca de Bujurqui Cocha. La cocha Atuntiyo, la quebrada Limón y una colpa son visiblemente afectadas.",Territorio de la comunidad Nuevo Andoas (Batería capahuari sur).,,Lady,1. Validado parcial
-76.46190153,-2.80277841,PRD201601,FEDIQUEP,,Derrame antiguo de petróleo,,,Lote 1AB/192,,2016,13/03/2016,Hay crudo saliendo dentro del poblado y también algunos residuos presentes.,Comunidad Titiyacu (Batería capahuari norte),,Lady,1. Validado parcial
-76.46171161,-2.80293362,PRD201602,FEDIQUEP,,Derrame antiguo de petróleo,,,Lote 1AB/192,,2016,13/03/2016,Derrame antiguo ocultado.,Comunidad Titiyacu (Batería capahuari norte),,Lady,1. Validado parcial
-76.45471817,-2.80240707,PDC201601,FEDIQUEP,,Derrame antiguo de petróleo,,,Lote 1AB/192,,2016,28/04/2016,Afecta a la quebrada Ismacaño y las zonas de caza y pesca ahí cerca. Es un sitio distinto a los de PAS201606 y PAS201607.,En el territorio de la comunidad Nuevo Andoas (Batería Capahuari Sur).,,Lady,1. Validado parcial
-76.43279787,-2.80229331,PJV201601,FEDIQUEP,,Derrame antiguo de petróleo,,,Lote 1AB/192,,2016,17/05/2016,Un derrame antiguo que fue quemado. Aún afecta a la quebrada Anapaza y su entorno.,En el territorio de Nuevo Andoas (Capahuari Sur).,,Lady,1. Validado parcial
-76.3496717,-2.89041684,PJV201609,FEDIQUEP,,Derrame antiguo de petróleo,,,Lote 1AB/192,,2016,20/05/2016,Dos colpas fueron afectadas por derrames antiguos de los tiempos de Oxy y Pluspetrol.,"En la quebrada choroyacu, territorio de la comunidad Titiyacu, Batería Capahuari Norte.",,Lady,1. Validado parcial
-76.24479465,-2.4722986,PNA201601,FEDIQUEP,,Derrame antiguo de petróleo,,,Lote 1AB/192,,2016,16/06/2016,Las fotos tomadas por drone muestran crudo en la colcha.,,,Lady,1. Validado parcial
-76.43410508,-2.78682334,PMD201602,FEDIQUEP,,Derrame antiguo de petróleo,,,Lote 1AB/192,,2016,20/06/2016,Aún hay contaminación y no hay evidencia de trabajos de remediación. El OEFA ha visitado pero no se ha dado ningún resultado. Cabe destacar que la cocha fluye hacia la quebrada Ushapayacu.,"Shirunchi cocha en el territorio de Comunidad Nuevo Andoas, en Batería Capahuari sur.",,Lady,1. Validado parcial
-76.43444134,-2.7874241299999998,PMD201603,FEDIQUEP,,Derrame antiguo de petróleo,,,Lote 1AB/192,,2016,22/06/2016,La cocha está contaminada con crudo lo cual afecta de manera directa a los medios de vida de la comunidad. Esta cocha fluye directamente a la quebrada Ushpayacu.,"Shirunchi cocha, en el territorio de Nuevo Andoas, Batería Capahuari Sur.",,Lady,1. Validado parcial
-75.79342459,-3.01058108,CSS201601,FECONACO,,Botadero,,,Lote 1AB/192,,2016,05/11/2016,La cocha Esteban está contaminada el el territorio de la comunidad Jerusalén.,Dorisa km 16.,,Lady,1. Validado parcial
-75.79347411,-3.01229032,CRS201603,FECONACO,,otro,,,Lote 1AB/192,,2016,06/11/2016,El derrame impactó a la quebrada Marun entsa en la zona de la comunidad Pampa Hermosa.,Comunidad Pampa Hermosa,,Lady,1. Validado parcial
-76.19257027,-2.56188563,CES201705,FECONACO,,Derrame antiguo de petróleo,,,Lote 1AB/192,"Pacific Stratus Energy del Perú, S.A.",2017,2017-05-18,Afectó a la quebrada Huayurí Norte en el área Machu Picchu.,Pozo 8 y 11 en la comunidad José Olaya,,Ana Paula,2. Validado final
-75.86624036,-2.31376329,TAS201711,OPIKAFPE,,Derrame nuevo de petróleo,,,Lote 1AB/192,"Pacific Stratus Energy del Perú, S.A.",2017,2017-11-20,Gran derrame de petróleo de las instalaciones de la compañía Pacific.,Dentro del territorio de la comunidad Marsella.,,Ana Paula,2. Validado final
-75.85124676,-2.36196709,TAS201707,OPIKAFPE,,Derrame nuevo de petróleo,,,Lote 1AB/192,"Pacific Stratus Energy del Perú, S.A.",2017,2017-05-14,"Afectó a un aguajal y una cocha. El evento hizo daño a árboles, matando peces y lagartos. Aún afecta a la flora y fauna aledaña. En los registros se muestra dos ODK describiendo el mismo evento que ha sido dividido en TAS200707.1 y TAS200707.2. La información recolectada en TAS200707.2 contiene los ","Pozo 11, km 7 tubería 1A.",,Ana Paula,2. Validado final
-75.80275417,-2.38617791,TEP201702,OPIKAFPE,,Derrame nuevo de petróleo,,,Lote 1AB/192,Occidental Petroleum,2017,2017-03-03,"El evento se originó por el desmantelamiento de un oleoducto antiguo enterrado. Durante la visita, los monitores observaron peces muertos y árboles manchados por crudo. Afectó a la quebrada Bancal y los territorios de caza y pesca de Mariscal Caceres.","Km 12 desde base Marsella hasta oleoducto Shiviyacu, en territorio de la comunidad Mariscal Cáceres.",,Ana Paula,2. Validado final
-75.80278567,-2.38618885,TJG201701,OPIKAFPE,,Derrame nuevo de petróleo,,,Lote 1AB/192,"Pacific Stratus Energy del Perú, S.A.",2017,2017-03-03,La empresa responsable es Pacific. El derrame se dio por la oxidación de la tubería. Afectó a la quebrada Chanchama. Los trabajadores utilizaron un producto absorbente y una barrera para controlar la expansión del derrame. The Apu que estuvo presente fue Teddy Tello. Las fotos asociadas con el ODK n,"Desde la bomba de agua ubicada en la vía Shiviyacu-San Jacinto, Km 6, lado izquierdo, 200 metros caminando hacia el bosque.",,Ana Paula,2. Validado final
-76.1926808,-2.56167928,CES201701,FECONACO,,Derrame antiguo de petróleo,,,Lote 1AB/192,"Pacific Stratus Energy del Perú, S.A.",2017,2017-05-18,Es antiguo. Afectó a la Batería Huayari y los suelos y la flora aledaña. Se dio en el territorio de la comunidad José Olaya.,De la playa a Huayuri - Batería Huayuri. En el territorio de la comunidad José Olaya,,Ana Paula,2. Validado final
-76.19246198,-2.56184906,CES201703,FECONACO,,otro,,,Lote 1AB/192,"Pacific Stratus Energy del Perú, S.A.",2017,2017-05-18,Afecta a la comunidad José Olaya.,Quebrada Huayuri. Km.10.huyuri-voa.  En la comunidad José Olaya,,Ana Paula,2. Validado final
-76.13243872,-2.45534805,CES201704,FECONACO,,Derrame nuevo de petróleo,,,Lote 1AB/192,"Pacific Stratus Energy del Perú, S.A.",2017,2017-05-21,El evento afectó a la quebrada Huasahi en la comunidad José Olaya.,"Shiviyacu, pozo 6. Carretera de Shiviyacu a Forestal, Km 5. En la comunidad José Olaya",,Ana Paula,2. Validado final
-76.19258939,-2.56185839,CAS200901,FECONACO,,Derrame antiguo de petróleo,,Antiguo,Lote 1AB/192,Occidental Petroleum,2009,"5/12/2009, 21/06/2017","Se dio en la comunidad José Olaya, afectando a la quebrada Machu Pichu.","Batería Huayurí, km 3, pozo Machu Pichu.",,Ale,1. Validado parcial
-76.19303108,-2.5616968,CAS201702,FECONACO,,Derrame antiguo de petróleo,,,Lote 1AB/192,"Pacific Stratus Energy del Perú, S.A.",2017,2017-05-19,El mismo evento se dio en 19/02/1999 y afectó a la comunidad José Olaya.,"Batería Forestal, km 21 pozo 5-6. En la comunidad José Olaya",,Ana Paula,1. Validado parcial
-76.1282261,-2.53163264,PJV201605,FEDIQUEP,,Botadero,,,Lote 1AB/192,,2016,28/03/2016,"Área deforestada con bastante residuos botados o enterrados. Este botadero afecta a la quebrada Cetico, en Batería Shiviyacu.","Quebrada Cetico, en Batería Shiviyacu.",,Lady,1. Validado parcial
-76.44846829,-2.77601632,PAS201620,FEDIQUEP,,Botadero,,,Lote 1AB/192,,2016,30/04/2016,"El monitor dijo que este lugar era un botadero donde la empresa enterraba materiales provenientes de sus actividades, enterrado 5 metros bajo la superficie del suelo. Se detecta presencia de algunas sustancias químicas peligrosas, siendo afectada la quebrada de Anapada. Esta información también se e","Carretera norte capahuari, km o. 02. En territorio de las comunidades Los Jardines y Porvenir, en Batería Capahuari Sur.",,Lady,1. Validado parcial
-76.19303108,-2.5616968,CAS199901,FECONACO,,aguas de producción,,Antiguo,Lote 1AB/192,Occidental Petroleum,1999,1999-02-19,Afectó a la quebrada Ogo.,"Km 21 de pozo 5 a 6 en el territorio de la comunidad José Olaya, Batería Forestal",,Laura,1. Validado parcial
-76.19256342,-2.56184033,CES201501,FECONACO,,Derrame nuevo de petróleo,,,Lote 1AB/192,"Pacific Stratus Energy del Perú, S.A.",2015,2015-05-11,Afectó a una cocha y las áreas de caza y pesca de la comunidad José Olaya.,"comunidad José Olaya, Km 5.",,Cielo,1. Validado parcial
-76.4073698,-2.78367822,PMD201601,FEDIQUEP,,Derrame antiguo de petróleo,,,Lote 1AB/192,,2016,16-19/06/2016,"Este sitio fue remediado por Pluspetrol, lo ocultaba con tierras traidas de otros sitios. La contaminación está afectando a una zona de caza y pesca importante para la comunidad. El monitor indica que cuando se agite en el fondo de la laguna, sale crudo. Esta cocha desemboca a la quebrada Capahuari.","quebrada Ushupayacu. Este lugar es un cruce de diferentes caños que provienen de Huayuri, Shiviyacu, Carmen, San Jacinto, Dorisa, Jibarito, etc.",,Lady,1. Validado parcial
-75.80269517,-2.38619347,TJC201701,OPIKAFPE,,Derrame nuevo de petróleo,,,Lote 1AB/192,"Pacific Stratus Energy del Perú, S.A.",2017,2017-02-03,Se dio debido a la oxidación interna de la tubería. Afectó a la quebrada Bancal y el territorio de caza y pesca de Marsella.,De Shiviyacu a San Jacinto. Ocurrió en el tramo Marsella-A.A.A Cacers,,Lady,1. Validado parcial
-75.80284126,-2.38621301,TDP201701,OPIKAFPE,,Derrame nuevo de petróleo,,,Lote 1AB/192,"Pacific Stratus Energy del Perú, S.A.",2017,2017-02-11,El derrame se dio debido a oxidación. Afectó al aguajal 1A y el territorio de caza y pesca de la comunidad 12 de Octubre.,"Km 6, carretera 1A de Shiviyacu a San Jacinto en territorio de la comunidad 12 de Octubre. Para llegar al punto exacto: desde la estación de bombeo de agua en Quebrada Llanchama hay que caminar 300 m ",,Lady,1. Validado parcial
-76.19261866,-2.56176301,CES201706,FECONACO,,Derrame antiguo de petróleo,,,Lote 1AB/192,"Pacific Stratus Energy del Perú, S.A.",2017,2017-04-25,Afectó al río y las zonas de caza y pesca de José Olaya.,"Comunidad José Olaya, Pozo Huayurí.",,Ana Paula,2. Validado final
-75.85132626,-2.36224122,TEP201704,OPIKAFPE,,Derrame antiguo de petróleo,,,Lote 1AB/192,,2017,2017-05-03,"Afectó a la quebrada Llanchama y un aguajal. Los monitores reportaron animales muertos. En el ODK dice Pozo A1 km 7, pero no hay ninguna referencia sobre la ubicación exacta.","Pozos 10,11, 12, en el territorio de la comunidad Marsella.",,Ana Paula,2. Validado final
-75.851528,-2.36217588,TEP201705,OPIKAFPE,,Derrame antiguo de petróleo,,,Lote 1AB/192,,2017,2017-05-03,Afectó a la quebrada Llanllama y la zona de caza y pesca de Marsella.,"Pozos 10, 11, 12, A1 km7, en territorio de comunidad Marsella.",,Ana Paula,2. Validado final
-75.85155515,-2.36096927,TEP201703,OPIKAFPE,,Derrame antiguo de petróleo,,,Lote 1AB/192,,2017,2017-05-10,Afectó a la quebrada Yanayacu. Los monitores reportaron peces muertos.,"Pozos 11, 12, 10, km 5. En el territorio de la comunidad Marsella.",,Ana Paula,2. Validado final
-75.85150511,-2.36096734,TRD201702,OPIKAFPE,,Derrame antiguo de petróleo,,,Lote 1AB/192,,2017,2017-05-10,Se dio en el territorio de la comunidad Marsella y afectó a la quebrada Yanayacu.,"Pozo 10, km 7 1A.",,Ana Paula,2. Validado final
-75.8512638,-2.3619299,CFS201702,"FECONACO, OPIKAFPE",,Derrame nuevo de petróleo,,,Lote 1AB/192,"Pacific Stratus Energy del Perú, S.A.",2017,2017-05-13,"El derrame afecta a un aguajal y un afluyente del río Tigre. El monitor detecta flora manchada con crudo y animales muertos (caimanes, añujes y fasacos).",Desde el Pozo 11 hacia base Shiviyacu (en el km 7 del oleoducto) en territorio de la comunidad Nueva Jerusalén.,,Ana Paula,2. Validado final
-75.85136607,-2.36148889,TJC201702,OPIKAFPE,,Sin especificar,,,Lote 1AB/192,,2017,2017-05-13,,,,Ana Paula,2. Validado final
-75.85128853,-2.36223991,CFS201703,"FECONACO, OPIKAFPE",,Derrame antiguo de petróleo,,,Lote 1AB/192,Occidental Petroleum,2017,2017-05-14,Derrame antiguo enterrado hasta 1m de profundidad. Se encuentra a 97m de la plátaforma. Afectó a cuerpos de agua y suelos.,Territorio de la comunidad 12 de Octubre.,,Ana Paula,2. Validado final
-75.85123042,-2.36225117,TAR201701,OPIKAFPE,,Derrame antiguo de petróleo,,,Lote 1AB/192,,2017,2017-05-14,La empresa encargada fue Pluspetrol y no se llevó a cabo la remediación. Este derrame antiguo aún afecta a la cocha Pashincosha y el entorno. Se dio en el territorio de caza y pesca de Mariscal Caceres.,"Pozos 10, 11, 12 en el territorio de la Comunidad 12 de Octubre. En Mariscal Cáceres",,Ana Paula,2. Validado final
-75.85126379,-2.36182439,TDC201702,OPIKAFPE,,Derrame nuevo de petróleo,,,Lote 1AB/192,"Pacific Stratus Energy del Perú, S.A.",2017,2017-05-14,"El evento afectó a Chancchama, en el territorio de caza y pesca de Marsella.",Km 6 desde San Jacinto hasta Shiviyacu. Bomba de agua quebrada Chanchama más al fondo tubería a 500 m.,,Ana Paula,2. Validado final
-75.85690397,-2.37002501,TDP201702,OPIKAFPE,,Sin especificar,,,Lote 1AB/192,,2017,2017-05-14,Los registros muestran una acumulación de bolsas plásticas llenas de crudo recuperado. Martí Orta sacó una muestra. Aquel día no se había hecho ninguna remediación aún. El derrame afectó el territorio de la comunidad 12 de Octubre.,"Carretera 1 km 6 alrededor del puente Chanchama, a 5 metros de la carretera que va de Batería Shiviyacu a Batería San Jacinto.",,Ana Paula,2. Validado final
-75.86462213,-2.31390846,TAS201709,OPIKAFPE,,Derrame nuevo de petróleo,,,Lote 1AB/192,"Pacific Stratus Energy del Perú, S.A.",2017,2017-05-15,El evento se dio durante la época de Pluspetrol debido a una rotura en la tubería.,En el territorio de la comunidad 12 de Octubre.,,Ana Paula,2. Validado final
-75.80265144,-2.3885091,TDC201701,OPIKAFPE,,Derrame antiguo de petróleo,,,Lote 1AB/192,,2017,2017-05-15,La quebrada de Agua blanca fue afectada. Los registros muestran crudo y residuos enterrados en el jardin de una casa en la comunidad 12 de Octubre de los tiempos de Oxy.,"Km 48, camino al pozo 10. Comunidad 12 de Octubre, Batería San Jacinto.",,Ana Paula,2. Validado final
-75.80268165,-2.38851952,TJC201704,OPIKAFPE,,otro,,,Lote 1AB/192,,2017,2017-05-15,,En el territorio de la comunidad 12 de Octubre.,,Ana Paula,2. Validado final
-75.86470006,-2.31388902,TJO201701,OPIKAFPE,,agua producida,,,Lote 1AB/192,"Pacific Stratus Energy del Perú, S.A.",2017,2017-05-15,Es una reinyección de aguas producidas. Afecta a riachuelos y la flora y fauna asociada.,"San Jacinto, km 148. En el territorio de la comunidad Marsella, Batería Bartra. Está en el brazo Piedra Negra- Quebrada Piedra Negra- río Tigre.",,Ana Paula,2. Validado final
-75.51527,-2.185,TMO201702,OPIKAFPE,,agua producida,,,Lote 1AB/192,"Pacific Stratus Energy del Perú, S.A.",2017,2017-05-15,Los monitores ambientales señalaron la existencia de una fuente de aguas producidas. El investigador Martí Orta recolectó muestras.,,,Ana Paula,2. Validado final
-75.80263359,-2.38846445,CFS201716,"FECONACO, OPIKAFPE",,Botadero,,,Lote 1AB/192,Occidental Petroleum,2017,2017-05-16,El pueblo se contruyó por encima de un botadero. Una capa delgada de suelo (2cm) lo separa de residuos enterrados y otros impactos como derrames antiguos.,Comunidad 12 de octubre.,,Ana Paula,2. Validado final
-76.19252381,-2.56184066,CFS201705,FECONACO,,Derrame nuevo de petróleo,,,Lote 1AB/192,"Pacific Stratus Energy del Perú, S.A.",2017,2017-05-18,,Batería Shiviyacu.,,Ana Paula,2. Validado final
-76.19258939,-2.56185839,CAS201701,FECONACO,,Derrame nuevo de petróleo,,,Lote 1AB/192,"Pacific Stratus Energy del Perú, S.A.",2017,2017-05-26,El evento afectó a la comunidad José Olaya.,Quebrada Machu Pichju. A 3 kilómetros de Huayuri. En la comunidad José Olaya,,Ana Paula,2. Validado final
-75.07201311,-3.82088151,CFS201714,FECONACO,,Agua producida,,,Lote 8,PlusPetrol Norte S.A,2017,2017-09-21,Afectó a la comunidad San Cristobal,Comunidad San Cristóbal,,Ana Paula,2. Validado final
-75.86624036,-2.31376329,TAS201716,OPIKAFPE,,Derrame antiguo de petróleo,,,Lote 1AB/192,,2017,2017-11-20,En el sitio había una cocha que se llenó con crudo durante años y al final fue enterrado. Aún hay evidencia del crudo enterrado.,Alrededores de las instalaciones de producción de San Jacinto.,,Ana Paula,2. Validado final
-75.86565936,-2.31559736,TAS201717,OPIKAFPE,,Derrame nuevo de petróleo,,,Lote 1AB/192,"Pacific Stratus Energy del Perú, S.A.",2017,2017-12-10,"Afectó a las comunidades de Arenal, 12 de Octubre, Cáceres y San Juan Bartra. El evento impactó a la cocha Rosa, cocha Tipishca y cocha Auca y también a la quebrada Piedra Negra. La remediación fue deficiente y aún queda bastante crudo en el suelo.","Batería San Jacinto, en el territorio de la comunidad Marsella. Proviene del tanque sumidero T-1419, cercano al pozo 27.",,Ana Paula,2. Validado final
-75.6533156,-3.2440097,CFD201805,FECONACO,,Derrame antiguo de petróleo,,,Lote 8,"PetroPerú, S.A",2018,2018-03-01,"Derrame en ducto que conecta la Batería 7 con Batería 4 en Capirona, dentro de la comunidad San José de Nueva Esperanza. Afectó a la cocha Raúl. El sitio no ha sido remediado.","Ducto que conecta Batería 7 a Batería 4 en Capirona, en la comunidad San José de Nueva Esperanza.",,Ana Paula,2. Validado final
-76.200627,-2.738259,COE20103.4/CRAS201001,"OSINERGMIN, FECONACO",,Derrame nuevo de petróleo,,Antiguo,Lote 1AB/192,PlusPetrol Norte S.A,2010,2010-05-27,El evento se dio debido al drenaje del sump tank. No hay información acerca del impacto ambiental.,Plátaforma del pozo Dorissa 5/Batería Dorissa.,,Ale,1. Validado parcial
-76.163368,-2.33419,COE201003.7/CJT201001,"OSINERGMIN, FECONACO",,Derrame nuevo de petróleo,,Antiguo,Lote 1AB/192,PlusPetrol Norte S.A,2010,11/10/2010 12/10/2010,El evento se dio porque el sump tank se rebalsó (fuga de tubería). El crudo salió por una zanja natural y afectó a la quebrada Najanamaca.,"Tanque colector pozo 9, Batería Forestal.",,Ale,1. Validado parcial
