lon,lat,nro,lote,tipo,anio,riesgo_salud,riesgo_poblacion,riesgo_ambiente,cuenca,region_hidrografica,departamento,provincia,distrito,oficio
-81.23874,-4.6218,748,VII/VI,Pozo mal abandonado,2014,Bajo,Bajo,Bajo,Intercuenca 1391,Región Hidrografica del Pacífico,Piura,Talara,La Brea,001-2015-OEFA/DE
-81.20046,-4.66596,809,VII/VI,"Pozo mal abandonado, suelos contaminados con efluente o derrame",2016,Medio,Medio,Medio,Intercuenca 1391,Región Hidrografica del Pacífico,Piura,Talara,La Brea,276-2016-OEFA/DE
-81.12792,-4.66398,810,III,Pozo mal abandonado,2014,Bajo,Bajo,Bajo,Intercuenca 1391,Región Hidrografica del Pacífico,Piura,Talara,La Brea,081-2015-OEFA/DE
-81.20697,-4.63722,811,VII/VI,Pozo mal abandonado,2013,Bajo,Bajo,Bajo,Intercuenca 1391,Región Hidrografica del Pacífico,Piura,Talara,La Brea,221-2013-OEFA/DE
-81.20681,-4.65696,812,VII/VI,"Pozo mal abandonado, suelos contaminados con efluente o derrame",2016,Medio,Medio,Medio,Intercuenca 1391,Región Hidrografica del Pacífico,Piura,Talara,La Brea,276-2016-OEFA/DE
-81.25406,-4.69838,869,VII/VI,Pozo mal abandonado,2016,Bajo,Bajo,Bajo,Intercuenca 1391,Región Hidrografica del Pacífico,Piura,Talara,La Brea,276-2016-OEFA/DE
-81.30861,-4.67092,870,VII/VI,"Pozo mal abandonado, suelos contaminados con efluente o derrame",2013,Medio,Medio,Medio,Intercuenca 1391,Región Hidrografica del Pacífico,Piura,Talara,La Brea,081-2015-OEFA/DE
-81.27046,-4.45602,871,VII/VI,"Pozo mal abandonado, suelos contaminados con efluente o derrame",2014,Medio,Medio,Medio,Intercuenca 13931,Región Hidrografica del Pacífico,Piura,Talara,Lobitos,001-2015-OEFA/DE
-81.25173,-4.68222,872,VII/VI,"Pozo mal abandonado, suelos contaminados con efluente o derrame, emisiones",2016,Medio,Medio,Medio,Intercuenca 1391,Región Hidrografica del Pacífico,Piura,Talara,La Brea,276-2016-OEFA/DE
-81.2856,-4.63526,943,I,"Pozo mal abandonado, restos o depósitos de residuos",2014,Bajo,Bajo,Bajo,Intercuenca 1391,Región Hidrografica del Pacífico,Piura,Talara,La Brea,231-2014-OEFA/DE
-81.23218,-4.63335,944,VII/VI,"Pozo mal abandonado, suelos contaminados con efluente o derrame, emisiones",2016,Medio,Medio,Medio,Intercuenca 1391,Región Hidrografica del Pacífico,Piura,Talara,La Brea,239-2016-OEFA/DE
-80.66036,-3.67073,945,XX (ex Lote XIV),"Pozo mal abandonado, el cual presenta emisiones gaseosas fugitivas",2013,Alto,Alto,Medio,Intercuenca 13939,Región Hidrografica del Pacífico,Tumbes,Contralmirante Villar,Zorritos,131-2014-OEFA/DE
-81.19865,-4.65754,946,VII/VI,"Pozo mal abandonado, emisiones",2016,Medio,Medio,Medio,Intercuenca 1391,Región Hidrografica del Pacífico,Piura,Talara,La Brea,239-2016-OEFA/DE
-81.11236,-4.21327,749,X,"Pozo mal abandonado, suelo contaminado en el área circundante al mismo e instalación mal abandonada vinculada a dicho pozo",2019,Medio,Medio,Medio,Intercuenca 13931,Región Hidrografica del Pacífico,Piura,Talara,Los Órganos,Oficio N° 317-2019-OEFA-DEAM
-81.29706,-4.66743,750,VII/VI,"Pozo mal abandonado, que presenta emisiones gaseosas fugitivas y  suelo contaminado en el área circundante al mismo",2016,Medio,Alto,Medio,Intercuenca 1391,Región Hidrografica del Pacífico,Piura,Talara,La Brea,Oficio circular N° 034-2016-OEFA/DE
-81.12754,-4.65707,751,III,"Pozo mal abandonado, suelos contaminados con efluente o derrame, restos o depósitos de residuos",2014,Medio,Medio,Medio,Intercuenca 1391,Región Hidrografica del Pacífico,Piura,Talara,La Brea,081-2015-OEFA/DE
-81.17685,-4.65114,752,VII/VI,"Pozo mal abandonado, emisiones",2014,Medio,Medio,Medio,Intercuenca 1391,Región Hidrografica del Pacífico,Piura,Talara,La Brea,001-2015-OEFA/DE
-81.24301,-4.60222,813,I,"Pozo mal abandonado, suelos contaminados con efluente o derrame, emisiones",2014,Medio,Medio,Medio,Intercuenca 1391,Región Hidrografica del Pacífico,Piura,Talara,Pariñas,081-2015-OEFA/DE
-81.23191,-4.65197,814,VII/VI,"Pozo mal abandonado, suelos contaminados con efluente o derrame, emisiones",2014,Medio,Medio,Medio,Intercuenca 1391,Región Hidrografica del Pacífico,Piura,Talara,La Brea,001-2015-OEFA/DE
-80.6614,-3.67513,815,XX (ex Lote XIV),Pozo mal abandonado,2013,Bajo,Bajo,Bajo,Intercuenca 13939,Región Hidrografica del Pacífico,Tumbes,Contralmirante Villar,Zorritos,130-2014-OEFA/DE
-81.19631,-4.65728,816,VII/VI,"Pozo mal abandonado, suelos contaminados con efluente o derrame, emisiones",2016,Medio,Medio,Medio,Intercuenca 1391,Región Hidrografica del Pacífico,Piura,Talara,La Brea,276-2016-OEFA/DE
-81.2676,-4.44202,873,VII/VI,Pozo mal abandonado,2014,Bajo,Bajo,Bajo,Intercuenca 13931,Región Hidrografica del Pacífico,Piura,Talara,Lobitos,001-2015-OEFA/DE
-81.25175,-4.69494,874,VII/VI,Pozo mal abandonado,2016,Bajo,Bajo,Bajo,Intercuenca 1391,Región Hidrografica del Pacífico,Piura,Talara,La Brea,276-2016-OEFA/DE
-81.30608,-4.67288,875,VII/VI,"Pozo mal abandonado, suelos contaminados con efluente o derrame",2013,Medio,Medio,Medio,Intercuenca 1391,Región Hidrografica del Pacífico,Piura,Talara,La Brea,081-2015-OEFA/DE
-81.26353,-4.68582,877,VII/VI,"Pozo mal abandonado, suelos contaminados con efluente o derrame",2016,Medio,Medio,Medio,Intercuenca 1391,Región Hidrografica del Pacífico,Piura,Talara,La Brea,276-2016-OEFA/DE
-81.16897,-4.44658,927,IV,Pozo mal abandonado,2014,Bajo,Bajo,Bajo,Cuenca Pariñas,Región Hidrografica del Pacífico,Piura,Talara,Pariñas,47-2015-OEFA/DE
-81.16961,-4.44518,928,IV,Pozo mal abandonado,2014,Bajo,Bajo,Bajo,Cuenca Pariñas,Región Hidrografica del Pacífico,Piura,Talara,Pariñas,47-2015-OEFA/DE
-81.16856,-4.44398,929,IV,Pozo mal abandonado,2014,Bajo,Bajo,Bajo,Cuenca Pariñas,Región Hidrografica del Pacífico,Piura,Talara,Pariñas,47-2015-OEFA/DE
-81.28663,-4.63933,930,I,"Pozo mal abandonado, suelos contaminados con efluente o derrame, restos o depósitos de residuos",2014,Medio,Medio,Medio,Intercuenca 1391,Región Hidrografica del Pacífico,Piura,Talara,La Brea,47-2015-OEFA/DE
-81.21878,-4.63339,753,VII/VI,Pozo mal abandonado,2013,Bajo,Bajo,Bajo,Intercuenca 1391,Región Hidrografica del Pacífico,Piura,Talara,La Brea,221-2013-OEFA/DE
-81.14925,-4.86531,754,III,Pozo mal abandonado,2019,Bajo,Bajo,Bajo,Intercuenca 1391,Región Hidrografica del Pacífico,Piura,Paita,Vichayal,317-2019-OEFA-DEAM
-81.16423,-4.44766,755,IV,"Pozo mal abandonado, emisiones",2016,Medio,Medio,Medio,Cuenca Pariñas,Región Hidrografica del Pacífico,Piura,Talara,Pariñas,276-2016-OEFA/DE
-81.12841,-4.65579,756,III,"Pozo mal abandonado, suelos contaminados con efluente o derrame",2014,Medio,Medio,Medio,Intercuenca 1391,Región Hidrografica del Pacífico,Piura,Talara,La Brea,081-2015-OEFA/DE
-81.23011,-4.64508,817,VII/VI,Pozo mal abandonado,2013,Bajo,Bajo,Bajo,Intercuenca 1391,Región Hidrografica del Pacífico,Piura,Talara,La Brea,081-2015-OEFA/DE
-81.22135,-4.64443,818,VII/VI,"Pozo mal abandonado, suelos contaminados con efluente o derrame, emisiones",2014,Medio,Medio,Medio,Intercuenca 1391,Región Hidrografica del Pacífico,Piura,Talara,La Brea,00001-2015-OEFA-DE
-80.64476,-3.67232,819,XX (ex Lote XIV),Pozo mal abandonado,2013,Bajo,Bajo,Bajo,Intercuenca 13939,Región Hidrografica del Pacífico,Tumbes,Contralmirante Villar,Zorritos,130-2014-OEFA/DE
-81.19245,-4.65891,820,VII/VI,"Pozo mal abandonado, suelos contaminados con efluente o derrame",2016,Medio,Medio,Medio,Intercuenca 1391,Región Hidrografica del Pacífico,Piura,Talara,La Brea,276-2016-OEFA/DE
-81.30421,-4.66877,878,VII/VI,"Pozo mal abandonado, suelos contaminados con efluente o derrame",2013,Medio,Medio,Medio,Intercuenca 1391,Región Hidrografica del Pacífico,Piura,Talara,La Brea,081-2015-OEFA/DE
-81.29494,-4.6925,880,VII/VI,"Pozo mal abandonado, suelos contaminados con efluente o derrame, emisiones",2016,Medio,Medio,Medio,Intercuenca 1391,Región Hidrografica del Pacífico,Piura,Talara,La Brea,276-2016-OEFA/DE
-81.12522,-4.65082,881,III,Pozo mal abandonado,2015,Bajo,Bajo,Bajo,Intercuenca 1391,Región Hidrografica del Pacífico,Piura,Talara,La Brea,081-2015-OEFA/DE
-80.64649,-3.67166,882,XX (ex Lote XIV),"Pozo mal abandonado, emisiones",2013,Bajo,Bajo,Bajo,Intercuenca 13939,Región Hidrografica del Pacífico,Tumbes,Contralmirante Villar,Zorritos,00001-2015-OEFA/DE
-81.17497,-4.45332,935,IV,Pozo mal abandonado,2016,Bajo,Bajo,Bajo,Cuenca Pariñas,Región Hidrografica del Pacífico,Piura,Talara,Pariñas,239-2016-OEFA/DE
-81.22092,-4.63273,936,VII/VI,"Pozo mal abandonado, emisiones",2016,Medio,Medio,Medio,Intercuenca 1391,Región Hidrografica del Pacífico,Piura,Talara,La Brea,239-2016-OEFA/DE
-81.23872,-4.48267,937,VII/VI,"Pozo mal abandonado, emisiones",2016,Bajo,Medio,Bajo,Cuenca Pariñas,Región Hidrografica del Pacífico,Piura,Talara,Pariñas,239-2016-OEFA/DE
-81.16437,-4.45027,938,IV,"Pozo mal abandonado, suelos contaminados con efluente o derrame, emisiones",2016,Medio,Medio,Medio,Cuenca Pariñas,Región Hidrografica del Pacífico,Piura,Talara,Pariñas,239-2016-OEFA/DE
-81.2287,-4.45576,757,VII/VI,Pozo mal abandonado,2014,Bajo,Bajo,Bajo,Cuenca Pariñas,Región Hidrografica del Pacífico,Piura,Talara,Lobitos,001-2015-OEFA/DE
-81.25307,-4.66099,758,VII/VI,"Pozo mal abandonado, suelos contaminados con efluente o derrame, emisiones",2014,Medio,Medio,Medio,Intercuenca 1391,Región Hidrografica del Pacífico,Piura,Talara,La Brea,15-2015-OEFA/DE
-81.17167,-4.44968,759,IV,"Pozo mal abandonado, suelos contaminados con efluente o derrame, emisiones",2016,Medio,Medio,Medio,Cuenca Pariñas,Región Hidrografica del Pacífico,Piura,Talara,Pariñas,276-2016-OEFA/DE
-81.14968,-4.64638,760,III,"Pozo mal abandonado, suelos contaminados con efluente o derrame, emisiones",2014,Medio,Medio,Medio,Intercuenca 1391,Región Hidrografica del Pacífico,Piura,Talara,La Brea,081-2015-OEFA/DE
-81.22875,-4.64544,821,VII/VI,Pozo mal abandonado,2013,Bajo,Bajo,Bajo,Intercuenca 1391,Región Hidrografica del Pacífico,Piura,Talara,La Brea,081-2015-OEFA/DE
-81.23219,-4.66586,822,VII/VI,"Pozo mal abandonado, restos o depósitos de residuos",2013,Bajo,Bajo,Bajo,Intercuenca 1391,Región Hidrografica del Pacífico,Piura,Talara,La Brea,001-2015-OEFA/DE
-80.96343,-3.99661,823,XX (ex Lote XIV),Pozo mal abandonado,2013,Bajo,Bajo,Bajo,Intercuenca 13935,Región Hidrografica del Pacífico,Tumbes,Contralmirante Villar,Canoas De Punta Sal,130-2014-OEFA/DE
-81.19537,-4.65502,824,VII/VI,"Pozo mal abandonado, suelos contaminados con efluente o derrame",2016,Medio,Medio,Medio,Intercuenca 1391,Región Hidrografica del Pacífico,Piura,Talara,La Brea,276-2016-OEFA/DE
-81.31902,-4.68358,883,VII/VI,"Pozo mal abandonado, suelos contaminados con efluente o derrame",2015,Medio,Medio,Medio,Intercuenca 1391,Región Hidrografica del Pacífico,Piura,Talara,La Brea,276-2016-OEFA/DE
-81.13111,-4.65451,884,III,"Pozo mal abandonado, emisiones",2015,Bajo,Medio,Bajo,Intercuenca 1391,Región Hidrografica del Pacífico,Piura,Talara,La Brea,081-2015-OEFA/DE
-80.66648,-3.67924,885,XX (ex Lote XIV),Pozo mal abandonado,2013,Bajo,Bajo,Bajo,Intercuenca 13939,Región Hidrografica del Pacífico,Tumbes,Contralmirante Villar,Zorritos,001-2015-OEFA/DE
-81.1465,-4.64948,886,III,Pozo mal abandonado,2015,Bajo,Bajo,Bajo,Intercuenca 1391,Región Hidrografica del Pacífico,Piura,Talara,La Brea,081-2015-OEFA/DE
-81.22954,-4.28325,695,X,Pozo mal abandonado,0,Bajo,Bajo,Bajo,Intercuenca 13931,Región Hidrografica del Pacífico,Piura,Talara,El Alto,Oficio N° 317-2019-OEFA-DEAM
-81.29517,-4.63972,696,I,"Pozo mal abandonado, suelos contaminados con efluente o derrame",2014,Medio,Medio,Medio,Intercuenca 1391,Región Hidrografica del Pacífico,Piura,Talara,La Brea,081-2015-OEFA/DE
-81.25499,-4.66206,697,VII/VI,"Pozo mal abandonado, suelos contaminados con efluente o derrame, emisiones",2014,Medio,Medio,Medio,Intercuenca 1391,Región Hidrografica del Pacífico,Piura,Talara,La Brea,001-2015-OEFA/DE
-81.2323,-4.39635,698,X,"Pozo mal abandonado, suelos contaminados con efluente o derrame",2014,Medio,Medio,Medio,Intercuenca 13931,Región Hidrografica del Pacífico,Piura,Talara,Lobitos,081-2015-OEFA/DE
-81.25951,-4.4542,761,VII/VI,Pozo mal abandonado,2014,Bajo,Bajo,Bajo,Intercuenca 13931,Región Hidrografica del Pacífico,Piura,Talara,Lobitos,001-2015-OEFA/DE
-80.65453,-3.67871,762,XX (ex Lote XIV),Pozo mal abandonado,2013,Bajo,Bajo,Bajo,Intercuenca 13939,Región Hidrografica del Pacífico,Tumbes,Contralmirante Villar,Zorritos,221-2013-OEFA/DE
-81.15906,-4.44405,763,IV,Pozo mal abandonado,2016,Bajo,Bajo,Bajo,Cuenca Pariñas,Región Hidrografica del Pacífico,Piura,Talara,Pariñas,276-2016-OEFA/DE
-81.23522,-4.49928,764,VII/VI,"Pozo mal abandonado, suelos contaminados con efluente o derrame, emisiones",2014,Medio,Medio,Medio,Cuenca Pariñas,Región Hidrografica del Pacífico,Piura,Talara,Pariñas,001-2015-OEFA/DE
-81.22879,-4.64216,825,VII/VI,"Pozo mal abandonado, emisiones",2013,Medio,Medio,Medio,Intercuenca 1391,Región Hidrografica del Pacífico,Piura,Talara,La Brea,081-2015-OEFA/DE
-80.66785,-3.68019,826,XX (ex Lote XIV),Pozo mal abandonado,2013,Bajo,Bajo,Bajo,Intercuenca 13939,Región Hidrografica del Pacífico,Tumbes,Contralmirante Villar,Zorritos,130-2014-OEFA/DE
-81.20968,-4.66094,827,VII/VI,"Pozo mal abandonado, suelos contaminados con efluente o derrame",2016,Medio,Medio,Medio,Intercuenca 1391,Región Hidrografica del Pacífico,Piura,Talara,La Brea,276-2016-OEFA/DE
-81.2255,-4.66741,828,VII/VI,"Pozo mal abandonado, suelos contaminados con efluente o derrame, restos o depósitos de residuos",2013,Medio,Medio,Medio,Intercuenca 1391,Región Hidrografica del Pacífico,Piura,Talara,La Brea,001-2015-OEFA/DE
-80.66566,-3.67886,887,XX (ex Lote XIV),Pozo mal abandonado,2013,Bajo,Bajo,Bajo,Intercuenca 13939,Región Hidrografica del Pacífico,Tumbes,Contralmirante Villar,Zorritos,001-2015-OEFA/DE
-81.19159,-4.66275,888,VII/VI,Pozo mal abandonado,2014,Bajo,Bajo,Bajo,Intercuenca 1391,Región Hidrografica del Pacífico,Piura,Talara,La Brea,15-2015-OEFA/DE
-81.24567,-4.60019,889,I,"Pozo mal abandonado, suelos contaminados con efluente o derrame, restos o depósitos de residuos",2014,Medio,Medio,Medio,Intercuenca 1391,Región Hidrografica del Pacífico,Piura,Talara,Pariñas,231-2014-OEFA/DE
-81.14742,-4.65051,890,III,Pozo mal abandonado,2015,Bajo,Bajo,Bajo,Intercuenca 1391,Región Hidrografica del Pacífico,Piura,Talara,La Brea,081-2015-OEFA/DE
-81.19192,-4.65388,699,VII/VI,"Pozo mal abandonado, suelos contaminados con efluente o derrame, emisiones",2013,Medio,Medio,Medio,Intercuenca 1391,Región Hidrografica del Pacífico,Piura,Talara,La Brea,001-2015-OEFA/DE
-81.18304,-4.28767,700,X,"Pozo mal abandonado, suelos contaminados con efluente o derrame",2014,Medio,Medio,Medio,Cuenca Pariñas,Región Hidrografica del Pacífico,Piura,Talara,El Alto,081-2015-OEFA/DE
-81.2575,-4.69651,701,VII/VI,Pozo mal abandonado,2014,Bajo,Bajo,Bajo,Intercuenca 1391,Región Hidrografica del Pacífico,Piura,Talara,La Brea,001-2015-OEFA/DE
-81.18577,-4.29293,702,X,"Pozo mal abandonado, suelos contaminados con efluente o derrame",2014,Medio,Medio,Medio,Cuenca Pariñas,Región Hidrografica del Pacífico,Piura,Talara,El Alto,081-2015-OEFA/DE
-80.65636,-3.66722,765,XX (ex Lote XIV),Pozo mal abandonado,2013,Bajo,Bajo,Bajo,Intercuenca 13939,Región Hidrografica del Pacífico,Tumbes,Contralmirante Villar,Zorritos,221-2013-OEFA/DE
-81.17,-4.44808,766,IV,"Pozo mal abandonado, suelos contaminados con efluente o derrame, emisiones",2016,Medio,Medio,Medio,Cuenca Pariñas,Región Hidrografica del Pacífico,Piura,Talara,Pariñas,276-2016-OEFA/DE
-81.25093,-4.50631,767,VII/VI,Pozo mal abandonado,2014,Bajo,Bajo,Bajo,Cuenca Pariñas,Región Hidrografica del Pacífico,Piura,Talara,Pariñas,001-2015-OEFA/DE
-80.65863,-3.66919,768,XX (ex Lote XIV),Pozo mal abandonado,2013,Bajo,Bajo,Bajo,Intercuenca 13939,Región Hidrografica del Pacífico,Tumbes,Contralmirante Villar,Zorritos,221-2013-OEFA/DE
-81.21194,-4.64487,829,VII/VI,Pozo mal abandonado,2016,Bajo,Bajo,Bajo,Intercuenca 1391,Región Hidrografica del Pacífico,Piura,Talara,La Brea,276-2016-OEFA/DE
-81.23097,-4.64358,830,VII/VI,"Pozo mal abandonado, suelos contaminados con efluente o derrame, emisiones",2013,Medio,Medio,Medio,Intercuenca 1391,Región Hidrografica del Pacífico,Piura,Talara,La Brea,081-2015-OEFA/DE
-81.24002,-4.62207,831,VII/VI,Pozo mal abandonado,2014,Bajo,Bajo,Bajo,Intercuenca 1391,Región Hidrografica del Pacífico,Piura,Talara,La Brea,001-2015-OEFA/DE
-80.9398,-4.00264,832,XX (ex Lote XIV),Pozo mal abandonado,2013,Bajo,Bajo,Bajo,Intercuenca 13935,Región Hidrografica del Pacífico,Tumbes,Contralmirante Villar,Canoas De Punta Sal,130-2014-OEFA/DE
-80.66146,-3.67404,891,XX (ex Lote XIV),Pozo mal abandonado,2013,Bajo,Bajo,Bajo,Intercuenca 13939,Región Hidrografica del Pacífico,Tumbes,Contralmirante Villar,Zorritos,001-2015-OEFA/DE
-81.14834,-4.65154,892,III,Pozo mal abandonado,2015,Bajo,Bajo,Bajo,Intercuenca 1391,Región Hidrografica del Pacífico,Piura,Talara,La Brea,081-2015-OEFA/DE
-81.26716,-4.60917,893,I,"Pozo mal abandonado, suelos contaminados con efluente o derrame, emisiones",2014,Medio,Medio,Medio,Intercuenca 1391,Región Hidrografica del Pacífico,Piura,Talara,Pariñas,00001-2015-OEFA-DE
-81.14916,-4.65041,894,III,Pozo mal abandonado,2015,Bajo,Bajo,Bajo,Intercuenca 1391,Región Hidrografica del Pacífico,Piura,Talara,La Brea,081-2015-OEFA/DE
-81.25043,-4.69231,703,VII/VI,Pozo mal abandonado,2014,Bajo,Bajo,Bajo,Intercuenca 1391,Región Hidrografica del Pacífico,Piura,Talara,La Brea,001-2015-OEFA/DE
-81.19141,-4.39126,704,X,Pozo mal abandonado,2014,Medio,Medio,Medio,Cuenca Pariñas,Región Hidrografica del Pacífico,Piura,Talara,Lobitos,081-2015-OEFA/DE
-81.24559,-4.69334,705,VII/VI,Pozo mal abandonado,2014,Bajo,Bajo,Bajo,Intercuenca 1391,Región Hidrografica del Pacífico,Piura,Talara,La Brea,001-2015-OEFA/DE
-81.23274,-4.51037,706,VII/VI,Pozo mal abandonado e instalación mal abandonada vinculada al pozo,0,Bajo,Medio,Bajo,Cuenca Pariñas,Región Hidrografica del Pacífico,Piura,Talara,Pariñas,Oficio N° 317-2019-OEFA-DEAM
-81.22713,-4.5082,769,VII/VI,Pozo mal abandonado,2016,Bajo,Bajo,Bajo,Cuenca Pariñas,Región Hidrografica del Pacífico,Piura,Talara,Pariñas,276-2016-OEFA/DE
-81.26048,-4.44125,770,VII/VI,Pozo mal abandonado,2014,Bajo,Bajo,Bajo,Intercuenca 13931,Región Hidrografica del Pacífico,Piura,Talara,Lobitos,081-2015-OEFA/DE
-81.24312,-4.51753,771,VII/VI,"Pozo mal abandonado, suelos contaminados con efluente o derrame",2014,Medio,Medio,Medio,Cuenca Pariñas,Región Hidrografica del Pacífico,Piura,Talara,Pariñas,001-2015-OEFA/DE
-80.65364,-3.67812,772,XX (ex Lote XIV),Pozo mal abandonado,2013,Bajo,Bajo,Bajo,Intercuenca 13939,Región Hidrografica del Pacífico,Tumbes,Contralmirante Villar,Zorritos,221-2013-OEFA/DE
-81.25072,-4.65444,833,VII/VI,"Pozo mal abandonado, restos o depósitos de residuos",2014,Bajo,Bajo,Bajo,Intercuenca 1391,Región Hidrografica del Pacífico,Piura,Talara,La Brea,15-2015-OEFA/DE
-81.2114,-4.64203,834,VII/VI,Pozo mal abandonado,2016,Bajo,Bajo,Bajo,Intercuenca 1391,Región Hidrografica del Pacífico,Piura,Talara,La Brea,276-2016-OEFA/DE
-81.22321,-4.64749,835,VII/VI,"Pozo mal abandonado, emisiones",2013,Medio,Medio,Medio,Intercuenca 1391,Región Hidrografica del Pacífico,Piura,Talara,La Brea,081-2015-OEFA/DE
-81.24065,-4.61963,836,VII/VI,"Pozo mal abandonado, suelos contaminados con efluente o derrame",2014,Medio,Medio,Medio,Intercuenca 1391,Región Hidrografica del Pacífico,Piura,Talara,La Brea,001-2015-OEFA/DE
-81.26414,-4.62379,895,I,"Pozo mal abandonado, suelos contaminados con efluente o derrame",2014,Medio,Medio,Medio,Intercuenca 1391,Región Hidrografica del Pacífico,Piura,Talara,La Brea,00001-2015-OEFA-DE
-81.15082,-4.64876,896,III,"Pozo mal abandonado, emisiones",2015,Medio,Medio,Medio,Intercuenca 1391,Región Hidrografica del Pacífico,Piura,Talara,La Brea,081-2015-OEFA/DE
-81.11076,-4.18111,897,X,"Pozo mal abandonado, restos o depósitos de residuos",2013,Bajo,Bajo,Bajo,Intercuenca 13931,Región Hidrografica del Pacífico,Piura,Talara,Los Órganos,00001-2015-OEFA/DE
-81.15184,-4.64429,898,III,"Pozo mal abandonado, emisiones",2015,Medio,Medio,Medio,Intercuenca 1391,Región Hidrografica del Pacífico,Piura,Talara,La Brea,081-2015-OEFA/DE
-81.24874,-4.69808,707,VII/VI,"Pozo mal abandonado, suelos contaminados con efluente o derrame",2014,Medio,Medio,Medio,Intercuenca 1391,Región Hidrografica del Pacífico,Piura,Talara,La Brea,001-2015-OEFA/DE
-81.24947,-4.66521,708,VII/VI,"Pozo mal abandonado, suelos contaminados con efluente o derrame, emisiones",2014,Medio,Medio,Medio,Intercuenca 1391,Región Hidrografica del Pacífico,Piura,Talara,La Brea,081-2015-OEFA/DE
-81.27726,-4.6914,709,VII/VI,"Pozo mal abandonado, suelos contaminados con efluente o derrame",2013,Medio,Medio,Medio,Intercuenca 1391,Región Hidrografica del Pacífico,Piura,Talara,La Brea,136-2014-OEFA/DE
-81.30743,-4.6709,710,VII/VI,"Pozo mal abandonado, suelos contaminados con efluente o derrame",2014,Medio,Medio,Medio,Intercuenca 1391,Región Hidrografica del Pacífico,Piura,Talara,La Brea,081-2015-OEFA/DE
-81.14179,-4.20913,773,X,Pozo mal abandonado,2019,Bajo,Bajo,Bajo,Intercuenca 13931,Región Hidrografica del Pacífico,Piura,Talara,Los Órganos,Oficio N° 317-2019-OEFA-DEAM
-81.22172,-4.63378,774,VII/VI,"Pozo mal abandonado, emisiones",2016,Medio,Medio,Medio,Intercuenca 1391,Región Hidrografica del Pacífico,Piura,Talara,La Brea,276-2016-OEFA/DE
-81.2594,-4.43468,775,VII/VI,Pozo mal abandonado,2014,Bajo,Bajo,Bajo,Intercuenca 13931,Región Hidrografica del Pacífico,Piura,Talara,Lobitos,081-2015-OEFA/DE
-81.23729,-4.50394,776,VII/VI,"Pozo mal abandonado, emisiones",2014,Medio,Medio,Medio,Cuenca Pariñas,Región Hidrografica del Pacífico,Piura,Talara,Pariñas,001-2015-OEFA/DE
-81.21091,-4.64368,837,VII/VI,"Pozo mal abandonado, suelos contaminados con efluente o derrame, emisiones",2016,Medio,Medio,Medio,Intercuenca 1391,Región Hidrografica del Pacífico,Piura,Talara,La Brea,276-2016-OEFA/DE
-81.2213,-4.65033,838,VII/VI,"Pozo mal abandonado, suelos contaminados con efluente o derrame, emisiones",2013,Medio,Medio,Medio,Intercuenca 1391,Región Hidrografica del Pacífico,Piura,Talara,La Brea,081-2015-OEFA/DE
-81.24361,-4.61471,839,VII/VI,"Pozo mal abandonado, suelos contaminados con efluente o derrame",2014,Medio,Medio,Medio,Intercuenca 1391,Región Hidrografica del Pacífico,Piura,Talara,La Brea,001-2015-OEFA/DE
-81.22274,-4.65008,840,VII/VI,"Pozo mal abandonado, emisiones",2013,Medio,Medio,Medio,Intercuenca 1391,Región Hidrografica del Pacífico,Piura,Talara,La Brea,081-2015-OEFA/DE
-81.11534,-4.1812,899,X,"Pozo mal abandonado, restos o depósitos de residuos",2013,Bajo,Bajo,Bajo,Intercuenca 13931,Región Hidrografica del Pacífico,Piura,Talara,Los Órganos,00001-2015-OEFA/DE
-81.21386,-4.42883,900,XV,"Pozo mal abandonado, emisiones, restos o depósitos de residuos",2014,Medio,Medio,Medio,Cuenca Pariñas,Región Hidrografica del Pacífico,Piura,Talara,Lobitos,00001-2015-OEFA-DE
-81.0975,-4.31696,901,II,Pozo mal abandonado,2014,Bajo,Bajo,Bajo,Cuenca Pariñas,Región Hidrografica del Pacífico,Piura,Talara,El alto,001-2015-OEFA/DE
-81.23192,-4.49955,902,VII/VI,Pozo mal abandonado,2014,Bajo,Bajo,Bajo,Cuenca Pariñas,Región Hidrografica del Pacífico,Piura,Talara,Pariñas,001-2015-OEFA/DE
-81.2198,-4.65841,711,VII/VI,"Pozo mal abandonado, emisiones, restos o depósitos de residuos",2013,Medio,Medio,Medio,Intercuenca 1391,Región Hidrografica del Pacífico,Piura,Talara,La Brea,001-2015-OEFA/DE
-81.29453,-4.64983,712,VII/VI,"Pozo mal abandonado, suelos contaminados con efluente o derrame",2013,Medio,Medio,Medio,Intercuenca 1391,Región Hidrografica del Pacífico,Piura,Talara,La Brea,136-2014-OEFA/DE
-81.1757,-4.6593,713,VII/VI,Pozo mal abandonado con presencia de emisiones gaseosas fugitivas provenientes del mismo,0,Bajo,Medio,Bajo,Intercuenca 1391,Región Hidrografica del Pacífico,Piura,Talara,La Brea,Oficio N° 317-2019-OEFA-DEAM
-81.24066,-4.65139,714,VII/VI,"Pozo mal abandonado, suelos contaminados con efluente o derrame",2014,Medio,Medio,Medio,Intercuenca 1391,Región Hidrografica del Pacífico,Piura,Talara,La Brea,081-2015-OEFA/DE
-81.22262,-4.63532,777,VII/VI,Pozo mal abandonado,2013,Bajo,Bajo,Bajo,Intercuenca 1391,Región Hidrografica del Pacífico,Piura,Talara,La Brea,221-2013-OEFA/DE
-81.18258,-4.29373,778,X,Pozo mal abandonado,2019,Bajo,Medio,Bajo,Cuenca Pariñas,Región Hidrografica del Pacífico,Piura,Talara,El Alto,Oficio N° 317-2019-OEFA-DEAM
-81.24116,-4.6208,779,VII/VI,Pozo mal abandonado,2016,Bajo,Bajo,Bajo,Intercuenca 1391,Región Hidrografica del Pacífico,Piura,Talara,La Brea,276-2016-OEFA/DE
-81.23242,-4.59305,780,I,"Pozo mal abandonado, emisiones",2014,Bajo,Medio,Bajo,Intercuenca 1391,Región Hidrografica del Pacífico,Piura,Talara,Pariñas,081-2015-OEFA/DE
-81.23561,-4.6601,841,VII/VI,"Pozo mal abandonado, suelos contaminados con efluente o derrame, restos o depósitos de residuos",2013,Medio,Medio,Medio,Intercuenca 1391,Región Hidrografica del Pacífico,Piura,Talara,La Brea,001-2015-OEFA/DE
-81.22259,-4.65181,842,VII/VI,"Pozo mal abandonado, emisiones",2013,Medio,Medio,Medio,Intercuenca 1391,Región Hidrografica del Pacífico,Piura,Talara,La Brea,081-2015-OEFA/DE
-81.23211,-4.50151,843,VII/VI,"Pozo mal abandonado, emisiones",2014,Bajo,Bajo,Bajo,Cuenca Pariñas,Región Hidrografica del Pacífico,Piura,Talara,Pariñas,001-2015-OEFA/DE
-81.23679,-4.63461,844,VII/VI,Pozo mal abandonado,2016,Bajo,Bajo,Bajo,Intercuenca 1391,Región Hidrografica del Pacífico,Piura,Talara,La Brea,276-2016-OEFA/DE
-81.26684,-4.56233,903,I,"Pozo mal abandonado, suelos contaminados con efluente o derrame",2014,Medio,Medio,Medio,Intercuenca 1391,Región Hidrografica del Pacífico,Piura,Talara,Pariñas,47-2015-OEFA/DE
-81.27627,-4.4478,904,VII/VI,"Pozo mal abandonado, suelos contaminados con efluente o derrame, restos o depósitos de residuos",2014,Medio,Medio,Medio,Intercuenca 13931,Región Hidrografica del Pacífico,Piura,Talara,Lobitos,001-2015-OEFA/DE
-81.23051,-4.52113,905,VII/VI,"Pozo mal abandonado, suelos contaminados con efluente o derrame",2014,Medio,Medio,Medio,Cuenca Pariñas,Región Hidrografica del Pacífico,Piura,Talara,Pariñas,001-2015-OEFA/DE
-81.28117,-4.68915,906,VII/VI,"Pozo mal abandonado, suelos contaminados con efluente o derrame, emisiones",2014,Medio,Medio,Medio,Intercuenca 1391,Región Hidrografica del Pacífico,Piura,Talara,La Brea,15-2015-OEFA/DE
-81.23751,-4.66319,715,VII/VI,"Pozo mal abandonado, suelos contaminados con efluente o derrame, restos o depósitos de residuos",2013,Medio,Medio,Medio,Intercuenca 1391,Región Hidrografica del Pacífico,Piura,Talara,La Brea,001-2015-OEFA/DE
-81.28601,-4.64475,716,VII/VI,"Pozo mal abandonado, suelos contaminados con efluente o derrame",2013,Medio,Medio,Medio,Intercuenca 1391,Región Hidrografica del Pacífico,Piura,Talara,La Brea,136-2014-OEFA/DE
-81.17888,-4.66186,717,VII/VI,Pozo mal abandonado,2014,Bajo,Bajo,Bajo,Intercuenca 1391,Región Hidrografica del Pacífico,Piura,Talara,La Brea,081-2015-OEFA/DE
-81.28703,-4.64625,718,VII/VI,"Pozo mal abandonado, suelos contaminados con efluente o derrame",2013,Medio,Medio,Medio,Intercuenca 1391,Región Hidrografica del Pacífico,Piura,Talara,La Brea,136-2014-OEFA/DE
-81.14719,-4.64796,781,III,"Pozo mal abandonado, suelos contaminados con efluente o derrame",2014,Medio,Medio,Medio,Intercuenca 1391,Región Hidrografica del Pacífico,Piura,Talara,La Brea,00001-2015-OEFA-DE
-81.20869,-4.63689,782,VII/VI,Pozo mal abandonado,2013,Bajo,Bajo,Bajo,Intercuenca 1391,Región Hidrografica del Pacífico,Piura,Talara,La Brea,221-2013-OEFA/DE
-81.21136,-4.40081,783,X,Instalación mal abandonada vinculada al pozo L1723,2019,Bajo,Bajo,Bajo,Cuenca Pariñas,Región Hidrografica del Pacífico,Piura,Talara,Lobitos,Oficio N° 317-2019-OEFA-DEAM
-81.24395,-4.61755,784,VII/VI,"Pozo mal abandonado, suelos contaminados con efluente o derrame, emisiones",2016,Medio,Medio,Medio,Intercuenca 1391,Región Hidrografica del Pacífico,Piura,Talara,La Brea,276-2016-OEFA/DE
-81.29771,-4.67179,532,VII/VI,Pozo mal abandonado y suelo contaminado en el área circundante al mismo,2017,Medio,Medio,Medio,Intercuenca 1391,Región Hidrografica del Pacífico,Piura,Talara,La Brea,Oficio N° 282-2018-OEFA/DEAM
-81.1428,-4.86231,533,III,"Pozo mal abandonado, suelos contaminados con efluente o derrame",2016,Medio,Medio,Medio,Intercuenca 1391,Región Hidrografica del Pacífico,Piura,Paita,Vichayal,280-2016-OEFA/DE
-81.26344,-4.61626,534,I,Pozo mal abandonado,0,Bajo,Bajo,Bajo,Intercuenca 1391,Región Hidrografica del Pacífico,Piura,Talara,La Brea,Oficio N° 346-2019-OEFA-DEAM
-81.23782,-4.63783,535,VII/VI,Pozo mal abandonado y suelo contaminado en el área circundante al mismo,2017,Medio,Medio,Medio,Intercuenca 1391,Región Hidrografica del Pacífico,Piura,Talara,La Brea,Oficio N° 282-2018-OEFA/DEAM
-81.27474,-4.69076,597,VII/VI,"Pozo mal abandonado, suelos contaminados con efluente o derrame",2013,Medio,Medio,Medio,Intercuenca 1391,Región Hidrografica del Pacífico,Piura,Talara,La Brea,140-2014-OEFA/DE
-81.13179,-4.19622,598,X,Pozo mal abandonado,2019,Bajo,Bajo,Bajo,Intercuenca 13931,Región Hidrografica del Pacífico,Piura,Talara,Los Órganos,Oficio N° 346-2019-OEFA-DEAM
-81.1512,-4.25353,599,X,Pozo mal abandonado,2016,Bajo,Bajo,Bajo,Cuenca Pariñas,Región Hidrografica del Pacífico,Piura,Talara,El Alto,281-2016-OEFA/DE
-81.24025,-4.67573,601,VII/VI,Pozo mal abandonado,2013,Bajo,Bajo,Bajo,Intercuenca 1391,Región Hidrografica del Pacífico,Piura,Talara,La Brea,140-2014-OEFA/DE
-80.66985,-3.67785,663,XX (ex Lote XIV),Pozo mal abandonado,2013,Bajo,Bajo,Bajo,Intercuenca 13939,Región Hidrografica del Pacífico,Tumbes,Contralmirante Villar,Zorritos,137-2014-OEFA/DE
-81.10512,-4.93906,664,XIII,Pozo mal abandonado y emisiones gaseosas fugitivas provenientes del mismo,2017,Bajo,Medio,Bajo,Intercuenca 1379,Región Hidrografica del Pacífico,Piura,Paita,Colán,282-2018-OEFA/DEAM
-81.24324,-4.58032,665,I,"Pozo mal abandonado, restos o depósitos de residuos",2014,Bajo,Bajo,Bajo,Intercuenca 1391,Región Hidrografica del Pacífico,Piura,Talara,Pariñas,081-2015-OEFA/DE
-81.26689,-4.44066,666,VII/VI,"Pozo mal abandonado, que presenta emisiones gaseosas fugitivas y  suelo contaminado en el área circundante al mismo",2014,Medio,Alto,Medio,Intercuenca 13931,Región Hidrografica del Pacífico,Piura,Talara,Lobitos,001-2015-OEFA/DE
-81.20356,-4.63818,468,VII/VI,Pozo mal abandonado,2013,Bajo,Bajo,Bajo,Intercuenca 1391,Región Hidrografica del Pacífico,Piura,Talara,La Brea,151-2014-OEFA/DE
-81.29589,-4.63706,469,I,"Pozo mal abandonado, suelos contaminados con efluente o derrame",2014,Bajo,Medio,Medio,Intercuenca 1391,Región Hidrografica del Pacífico,Piura,Talara,La Brea,015-2015-OEFA/DE
-81.22718,-4.63127,470,VII/VI,Pozo mal abandonado,2013,Bajo,Bajo,Bajo,Intercuenca 1391,Región Hidrografica del Pacífico,Piura,Talara,La Brea,246-2013-OEFA/DE
-81.22199,-4.52426,471,VII/VI,Pozo mal abandonado,2013,Bajo,Bajo,Bajo,Cuenca Pariñas,Región Hidrografica del Pacífico,Piura,Talara,Pariñas,246-2013-OEFA/DE
-81.13088,-4.86533,536,III,"Pozo mal abandonado, suelos contaminados con efluente o derrame",2016,Medio,Medio,Medio,Intercuenca 1391,Región Hidrografica del Pacífico,Piura,Paita,Vichayal,280-2016-OEFA/DE
-81.28309,-4.61929,537,I,Pozo mal abandonado,0,Bajo,Bajo,Bajo,Intercuenca 1391,Región Hidrografica del Pacífico,Piura,Talara,La Brea,Oficio N° 346-2019-OEFA-DEAM
-81.24637,-4.62441,538,VII/VI,Pozo mal abandonado y emisiones gaseosas fugitivas provenientes del mismo,2017,Bajo,Medio,Bajo,Intercuenca 1391,Región Hidrografica del Pacífico,Piura,Talara,La Brea,Oficio N° 282-2018-OEFA/DEAM
-81.14454,-4.86795,539,III,"Pozo mal abandonado, suelos contaminados con efluente o derrame, emisiones",2016,Medio,Medio,Medio,Intercuenca 1391,Región Hidrografica del Pacífico,Piura,Paita,Vichayal,280-2016-OEFA/DE
-81.14549,-4.23633,602,X,Pozo mal abandonado y emisiones gaseosas fugitivas provenientes del mismo,2017,Bajo,Medio,Bajo,Intercuenca 13931,Región Hidrografica del Pacífico,Piura,Talara,El Alto,Oficio N° 282-2018-OEFA/DEAM
-81.12128,-4.22638,603,X,Pozo mal abandonado,2016,Bajo,Bajo,Bajo,Intercuenca 13931,Región Hidrografica del Pacífico,Piura,Talara,Los Órganos,281-2016-OEFA/DE
-81.13549,-4.19899,604,X,"Pozo mal abandonado, suelos contaminados con efluente o derrame",2014,Medio,Medio,Medio,Intercuenca 13931,Región Hidrografica del Pacífico,Piura,Talara,Los Órganos,081-2015-OEFA/DE
-81.17869,-4.54607,605,IX,Pozo mal abandonado,2014,Bajo,Bajo,Bajo,Cuenca Pariñas,Región Hidrografica del Pacífico,Piura,Talara,Pariñas,00002-2015-OEFA/DE
-81.23496,-4.67351,667,VII/VI,Pozo mal abandonado,2013,Bajo,Bajo,Bajo,Intercuenca 1391,Región Hidrografica del Pacífico,Piura,Talara,La Brea,137-2014-OEFA/DE
-81.24128,-4.58721,668,I,"Pozo mal abandonado, restos o depósitos de residuos",2014,Bajo,Bajo,Bajo,Intercuenca 1391,Región Hidrografica del Pacífico,Piura,Talara,Pariñas,081-2015-OEFA/DE
-81.30848,-4.65878,669,VII/VI,Pozo mal abandonado,2013,Bajo,Bajo,Bajo,Intercuenca 1391,Región Hidrografica del Pacífico,Piura,Talara,La Brea,00001-2015-OEFA-DE
-81.21315,-4.58388,670,I,"Pozo mal abandonado, restos o depósitos de residuos",2014,Bajo,Bajo,Bajo,Intercuenca 1391,Región Hidrografica del Pacífico,Piura,Talara,Pariñas,081-2015-OEFA/DE
-81.28901,-4.68099,472,VII/VI,"Pozo mal abandonado, suelos contaminados con efluente o derrame",2013,Medio,Medio,Medio,Intercuenca 1391,Región Hidrografica del Pacífico,Piura,Talara,La Brea,145-2014-OEFA/DE
-81.21734,-4.53028,473,VII/VI,Pozo mal abandonado,2013,Bajo,Bajo,Bajo,Cuenca Pariñas,Región Hidrografica del Pacífico,Piura,Talara,Pariñas,246-2013-OEFA/DE
-81.29419,-4.67876,474,VII/VI,"Pozo mal abandonado, suelos contaminados con efluente o derrame",2013,Medio,Medio,Medio,Intercuenca 1391,Región Hidrografica del Pacífico,Piura,Talara,La Brea,145-2014-OEFA/DE
-81.21963,-4.5286,475,VII/VI,Pozo mal abandonado,2013,Bajo,Bajo,Bajo,Cuenca Pariñas,Región Hidrografica del Pacífico,Piura,Talara,Pariñas,246-2013-OEFA/DE
-81.25643,-4.44645,540,VII/VI,"Pozo mal abandonado, suelos contaminados con efluente o derrame, restos o depósitos de residuos",2014,Medio,Medio,Medio,Intercuenca 13931,Región Hidrografica del Pacífico,Piura,Talara,Lobitos,15-2015-OEFA/DE
-81.19865,-4.66266,541,VII/VI,Pozo mal abandonado,2014,Bajo,Bajo,Bajo,Intercuenca 1391,Región Hidrografica del Pacífico,Piura,Talara,La Brea,231-2014-OEFA/DE
-81.29989,-4.67434,542,VII/VI,Pozo mal abandonado y suelo contaminado en el área circundante al mismo,2017,Medio,Medio,Medio,Intercuenca 1391,Región Hidrografica del Pacífico,Piura,Talara,La Brea,Oficio N° 282-2018-OEFA/DEAM
-81.12495,-4.68371,543,III,"Pozo mal abandonado, restos o depósitos de residuos",2016,Bajo,Bajo,Bajo,Intercuenca 1391,Región Hidrografica del Pacífico,Piura,Talara,La Brea,280-2016-OEFA/DE
-81.30121,-4.6719,606,VII/VI,"Pozo mal abandonado, suelos contaminados con efluente o derrame",2013,Medio,Medio,Medio,Intercuenca 1391,Región Hidrografica del Pacífico,Piura,Talara,La Brea,140-2014-OEFA/DE
-81.12366,-4.23865,607,X,Pozo mal abandonado,2016,Bajo,Bajo,Bajo,Cuenca Pariñas,Región Hidrografica del Pacífico,Piura,Talara,El Alto,281-2016-OEFA/DE
-81.2613,-4.6926,608,VII/VI,"Pozo mal abandonado, suelos contaminados con efluente o derrame",2014,Medio,Medio,Medio,Intercuenca 1391,Región Hidrografica del Pacífico,Piura,Talara,La Brea,081-2015-OEFA/DE
-81.17164,-4.548,609,IX,Pozo mal abandonado,2014,Bajo,Bajo,Bajo,Cuenca Pariñas,Región Hidrografica del Pacífico,Piura,Talara,Pariñas,00002-2015-OEFA/DE
-81.21947,-4.59646,671,I,Pozo mal abandonado,2014,Bajo,Bajo,Bajo,Intercuenca 1391,Región Hidrografica del Pacífico,Piura,Talara,Pariñas,081-2015-OEFA/DE
-81.24907,-4.67161,672,VII/VI,"Pozo mal abandonado, suelos contaminados con efluente o derrame, emisiones",2014,Bajo,Medio,Medio,Intercuenca 1391,Región Hidrografica del Pacífico,Piura,Talara,La Brea,001-2015-OEFA/DE
-80.63352,-3.6957,673,XX (ex Lote XIV),Pozo mal abandonado,2013,Bajo,Bajo,Bajo,Intercuenca 13939,Región Hidrografica del Pacífico,Tumbes,Contralmirante Villar,Zorritos,137-2014-OEFA/DE
-81.09798,-4.2126,674,X,Pozo mal abandonado,0,Bajo,Medio,Bajo,Intercuenca 13931,Región Hidrografica del Pacífico,Piura,Talara,Los Órganos,Oficio N° 317-2019-OEFA-DEAM
-81.30305,-4.67783,476,VII/VI,"Pozo mal abandonado, suelos contaminados con efluente o derrame",2013,Medio,Medio,Medio,Intercuenca 1391,Región Hidrografica del Pacífico,Piura,Talara,La Brea,145-2014-OEFA/DE
-81.21803,-4.52875,477,VII/VI,Pozo mal abandonado,2013,Bajo,Bajo,Bajo,Cuenca Pariñas,Región Hidrografica del Pacífico,Piura,Talara,Pariñas,245-2013-OEFA/DE
-81.29015,-4.68265,478,VII/VI,"Pozo mal abandonado, suelos contaminados con efluente o derrame",2013,Medio,Medio,Medio,Intercuenca 1391,Región Hidrografica del Pacífico,Piura,Talara,La Brea,145-2014-OEFA/DE
-81.30773,-4.67343,479,VII/VI,"Pozo mal abandonado, suelos contaminados con efluente o derrame",2013,Medio,Medio,Medio,Intercuenca 1391,Región Hidrografica del Pacífico,Piura,Talara,La Brea,145-2014-OEFA/DE
-81.27815,-4.62235,544,I,Pozo mal abandonado con presencia de emisiones gaseosas fugitivas provenientes del mismo,0,Medio,Medio,Medio,Intercuenca 1391,Región Hidrografica del Pacífico,Piura,Talara,La Brea,Oficio N° 346-2019-OEFA-DEAM
-81.28956,-4.65027,545,VII/VI,Pozo mal abandonado,2017,Bajo,Bajo,Bajo,Intercuenca 1391,Región Hidrografica del Pacífico,Piura,Talara,La Brea,Oficio N° 282-2018-OEFA/DEAM
-81.13044,-4.66899,546,III,"Pozo mal abandonado, suelos contaminados con efluente o derrame, emisiones",2016,Medio,Medio,Medio,Intercuenca 1391,Región Hidrografica del Pacífico,Piura,Talara,La Brea,280-2016-OEFA/DE
-81.27435,-4.68762,547,VII/VI,Pozo mal abandonado y suelo contaminado en el área circundante al mismo,2017,Medio,Medio,Medio,Intercuenca 1391,Región Hidrografica del Pacífico,Piura,Talara,La Brea,Oficio N° 282-2018-OEFA/DEAM
-81.19774,-4.64178,610,VII/VI,Pozo mal abandonado,2013,Bajo,Bajo,Bajo,Intercuenca 1391,Región Hidrografica del Pacífico,Piura,Talara,La Brea,140-2014-OEFA/DE
-81.16408,-4.26893,611,X,"Pozo mal abandonado, suelos contaminados con efluente o derrame",2016,Medio,Medio,Medio,Cuenca Pariñas,Región Hidrografica del Pacífico,Piura,Talara,El Alto,281-2016-OEFA/DE
-81.17915,-4.55629,613,IX,Pozo mal abandonado,2014,Bajo,Bajo,Bajo,Intercuenca 1391,Región Hidrografica del Pacífico,Piura,Talara,Pariñas,00002-2015-OEFA/DE
-81.16874,-4.49374,614,IV,"Pozo mal abandonado, emisiones",2016,Medio,Medio,Medio,Cuenca Pariñas,Región Hidrografica del Pacífico,Piura,Talara,Pariñas,281-2016-OEFA/DE
-81.23525,-4.60254,675,I,Pozo mal abandonado,2014,Bajo,Bajo,Bajo,Intercuenca 1391,Región Hidrografica del Pacífico,Piura,Talara,Pariñas,081-2015-OEFA/DE
-81.25546,-4.6877,676,VII/VI,"Pozo mal abandonado, emisiones",2013,Medio,Medio,Medio,Intercuenca 1391,Región Hidrografica del Pacífico,Piura,Talara,La Brea,001-2015-OEFA/DE
-80.66962,-3.67765,677,XX (ex Lote XIV),Pozo mal abandonado,2013,Bajo,Bajo,Bajo,Intercuenca 13939,Región Hidrografica del Pacífico,Tumbes,Contralmirante Villar,Zorritos,137-2014-OEFA/DE
-81.22283,-4.58867,678,I,"Pozo mal abandonado, suelos contaminados con efluente o derrame",2014,Medio,Medio,Medio,Intercuenca 1391,Región Hidrografica del Pacífico,Piura,Talara,Pariñas,081-2015-OEFA/DE
-80.63493,-3.69541,480,XX (ex Lote XIV),Pozo mal abandonado,2013,Bajo,Bajo,Bajo,Intercuenca 13939,Región Hidrografica del Pacífico,Tumbes,Contralmirante Villar,Zorritos,245-2013-OEFA/DE
-81.304,-4.67879,481,VII/VI,"Pozo mal abandonado, suelos contaminados con efluente o derrame",2013,Medio,Medio,Medio,Intercuenca 1391,Región Hidrografica del Pacífico,Piura,Talara,La Brea,145-2014-OEFA/DE
-80.99998,-4.02349,482,XX (ex Lote XIV),Pozo mal abandonado,2013,Bajo,Bajo,Bajo,Intercuenca 13935,Región Hidrografica del Pacífico,Tumbes,Contralmirante Villar,Canoas De Punta Sal,245-2013-OEFA/DE
-81.2272,-4.65139,483,VII/VI,"Pozo mal abandonado, suelos contaminados con efluente o derrame",2013,Medio,Medio,Medio,Intercuenca 1391,Región Hidrografica del Pacífico,Piura,Talara,La Brea,145-2014-OEFA/DE
-81.1376,-4.65315,548,III,"Pozo mal abandonado, suelos contaminados con efluente o derrame",2014,Medio,Medio,Medio,Intercuenca 1391,Región Hidrografica del Pacífico,Piura,Talara,La Brea,161-2015-OEFA/DE
-81.27558,-4.6886,549,VII/VI,Pozo mal abandonado y suelo contaminado en el área circundante al mismo,2017,Medio,Medio,Medio,Intercuenca 1391,Región Hidrografica del Pacífico,Piura,Talara,La Brea,Oficio N° 282-2018-OEFA/DEAM
-81.29658,-4.6694,550,VII/VI,Pozo mal abandonado y suelo contaminado en el área circundante al mismo,2017,Medio,Medio,Medio,Intercuenca 1391,Región Hidrografica del Pacífico,Piura,Talara,La Brea,Oficio N° 282-2018-OEFA/DEAM
-81.26393,-4.6016,551,I,Instalaciones mal abandonadas,2016,Bajo,Bajo,Bajo,Intercuenca 1391,Región Hidrografica del Pacífico,Piura,Talara,Pariñas,280-2016-OEFA/DE
-81.16315,-4.55803,615,IX,Pozo mal abandonado,2014,Bajo,Bajo,Bajo,Intercuenca 1391,Región Hidrografica del Pacífico,Piura,Talara,Pariñas,00002-2015-OEFA/DE
-81.20019,-4.64386,616,VII/VI,Pozo mal abandonado,2013,Bajo,Bajo,Bajo,Intercuenca 1391,Región Hidrografica del Pacífico,Piura,Talara,La Brea,138-2014-OEFA/DE
-81.19193,-4.66302,617,VII/VI,"Pozo mal abandonado, suelos contaminados con efluente o derrame",2014,Medio,Medio,Medio,Intercuenca 1391,Región Hidrografica del Pacífico,Piura,Talara,La Brea,15-2015-OEFA/DE
-81.12253,-4.66595,618,III,"Pozo mal abandonado, suelos contaminados con efluente o derrame, emisiones",2014,Medio,Medio,Medio,Intercuenca 1391,Región Hidrografica del Pacífico,Piura,Talara,La Brea,00002-2015-OEFA/DE
-81.23097,-4.60326,687,I,"Pozo mal abandonado, suelos contaminados con efluente o derrame",2014,Medio,Medio,Medio,Intercuenca 1391,Región Hidrografica del Pacífico,Piura,Talara,Pariñas,081-2015-OEFA/DE
-81.26137,-4.70711,688,VII/VI,"Pozo mal abandonado, suelos contaminados con efluente o derrame",2014,Medio,Medio,Medio,Intercuenca 1391,Región Hidrografica del Pacífico,Piura,Talara,La Brea,001-2015-OEFA/DE
-81.23965,-4.61101,689,I,"Pozo mal abandonado, suelos contaminados con efluente o derrame",2014,Medio,Medio,Medio,Intercuenca 1391,Región Hidrografica del Pacífico,Piura,Talara,La Brea,081-2015-OEFA/DE
-81.26426,-4.70734,690,VII/VI,"Pozo mal abandonado, suelos contaminados con efluente o derrame",2014,Medio,Medio,Medio,Intercuenca 1391,Región Hidrografica del Pacífico,Piura,Talara,La Brea,001-2015-OEFA/DE
-80.65935,-3.67333,484,XX (ex Lote XIV),Pozo mal abandonado,2013,Bajo,Bajo,Bajo,Intercuenca 13939,Región Hidrografica del Pacífico,Tumbes,Contralmirante Villar,Zorritos,245-2013-OEFA/DE
-81.17748,-4.62698,485,IV,"Pozo mal abandonado, suelos contaminados con efluente o derrame, emisiones",2014,Medio,Medio,Medio,Intercuenca 1391,Región Hidrografica del Pacífico,Piura,Talara,La Brea,15-2015-OEFA/DE
-81.29402,-4.67954,486,VII/VI,"Pozo mal abandonado, suelos contaminados con efluente o derrame",2013,Medio,Medio,Medio,Intercuenca 1391,Región Hidrografica del Pacífico,Piura,Talara,La Brea,145-2014-OEFA/DE
-81.21538,-4.52461,487,VII/VI,Pozo mal abandonado,2013,Bajo,Bajo,Bajo,Cuenca Pariñas,Región Hidrografica del Pacífico,Piura,Talara,Pariñas,245-2013-OEFA/DE
-81.29964,-4.67357,552,VII/VI,Pozo mal abandonado y suelo contaminado en el área circundante al mismo,2017,Medio,Medio,Medio,Intercuenca 1391,Región Hidrografica del Pacífico,Piura,Talara,La Brea,Oficio N° 282-2018-OEFA/DEAM
-81.24108,-4.61352,553,VII/VI,Pozo mal abandonado y suelo contaminado en el área circundante al mismo,2019,Medio,Medio,Medio,Intercuenca 1391,Región Hidrografica del Pacífico,Piura,Talara,La Brea,Oficio N° 346-2019-OEFA-DEAM
-81.25272,-4.60423,554,I,"Pozo mal abandonado, que presenta  suelo contaminado en el área circundante al mismo",2014,Medio,Alto,Medio,Intercuenca 1391,Región Hidrografica del Pacífico,Piura,Talara,Pariñas,47-2015-OEFA/DE
-81.26372,-4.69317,555,VII/VI,Pozo mal abandonado,2019,Bajo,Bajo,Bajo,Intercuenca 1391,Región Hidrografica del Pacífico,Piura,Talara,La Brea,Oficio N° 346-2019-OEFA-DEAM
-81.19806,-4.6617,619,VII/VI,Pozo mal abandonado,2013,Bajo,Bajo,Bajo,Intercuenca 1391,Región Hidrografica del Pacífico,Piura,Talara,La Brea,138-2014-OEFA/DE
-81.13862,-4.63841,620,IV,Pozo mal abandonado,2016,Bajo,Bajo,Bajo,Intercuenca 1391,Región Hidrografica del Pacífico,Piura,Talara,La Brea,281-2016-OEFA/DE
-81.18201,-4.4475,621,VII/VI,"Pozo mal abandonado, suelos contaminados con efluente o derrame, emisiones",2014,Medio,Medio,Alto,Cuenca Pariñas,Región Hidrografica del Pacífico,Piura,Talara,Lobitos,081-2015-OEFA/DE
-81.12341,-4.66258,622,III,"Pozo mal abandonado, suelos contaminados con efluente o derrame, emisiones",2014,Medio,Medio,Medio,Intercuenca 1391,Región Hidrografica del Pacífico,Piura,Talara,La Brea,00002-2015-OEFA/DE
-80.65901,-3.67289,679,XX (ex Lote XIV),Pozo mal abandonado,2013,Bajo,Bajo,Bajo,Intercuenca 13939,Región Hidrografica del Pacífico,Tumbes,Contralmirante Villar,Zorritos,137-2014-OEFA/DE
-81.23852,-4.60762,680,I,"Pozo mal abandonado, suelos contaminados con efluente o derrame",2014,Medio,Medio,Medio,Intercuenca 1391,Región Hidrografica del Pacífico,Piura,Talara,Pariñas,081-2015-OEFA/DE
-81.26282,-4.69442,681,VII/VI,"Pozo mal abandonado, suelos contaminados con efluente o derrame",2013,Medio,Medio,Medio,Intercuenca 1391,Región Hidrografica del Pacífico,Piura,Talara,La Brea,001-2015-OEFA/DE
-81.29783,-4.64109,682,VII/VI,Pozo mal abandonado,2013,Bajo,Bajo,Bajo,Intercuenca 1391,Región Hidrografica del Pacífico,Piura,Talara,La Brea,137-2014-OEFA/DE
-81.29662,-4.67974,488,VII/VI,"Pozo mal abandonado, suelos contaminados con efluente o derrame",2013,Medio,Medio,Medio,Intercuenca 1391,Región Hidrografica del Pacífico,Piura,Talara,La Brea,145-2014-OEFA/DE
-80.66767,-3.6776,489,XX (ex Lote XIV),Pozo mal abandonado,2013,Bajo,Bajo,Bajo,Intercuenca 13939,Región Hidrografica del Pacífico,Tumbes,Contralmirante Villar,Zorritos,245-2013-OEFA/DE
-81.29203,-4.6541,490,VII/VI,"Pozo mal abandonado, suelos contaminados con efluente o derrame",2013,Medio,Medio,Medio,Intercuenca 1391,Región Hidrografica del Pacífico,Piura,Talara,La Brea,145-2014-OEFA/DE
-81.30295,-4.67963,491,VII/VI,"Pozo mal abandonado, suelos contaminados con efluente o derrame",2013,Medio,Medio,Medio,Intercuenca 1391,Región Hidrografica del Pacífico,Piura,Talara,La Brea,145-2014-OEFA/DE
-81.19601,-4.58453,556,IV,"Pozo mal abandonado, que presenta suelo contaminado en el área circundante al mismo",2014,Alto,Medio,Medio,Intercuenca 1391,Región Hidrografica del Pacífico,Piura,Talara,Pariñas,47-2015-OEFA/DE
-81.30734,-4.65568,557,Z-2B,Pozo mal abandonado con presencia de emisiones gaseosas fugitivas (ZONA DE PLAYA),2019,Medio,Alto,Medio,Intercuenca 1391,Región Hidrografica del Pacífico,Piura,Talara,La Brea,Oficio Circular N° 071-2019-OEFA-DEAM
-81.18995,-4.38611,558,X,Pozo mal abandonado y suelo contaminado en el área circundante al mismo,2017,Medio,Medio,Medio,Cuenca Pariñas,Región Hidrografica del Pacífico,Piura,Talara,Lobitos,Oficio N° 282-2018-OEFA/DEAM
-81.23288,-4.60849,559,I,"Pozo mal abandonado, suelos contaminados con efluente o derrame",2014,Medio,Medio,Medio,Intercuenca 1391,Región Hidrografica del Pacífico,Piura,Talara,La Brea,00002-2015-OEFA/DE
-81.24472,-4.67517,623,VII/VI,Pozo mal abandonado,2013,Bajo,Bajo,Bajo,Intercuenca 1391,Región Hidrografica del Pacífico,Piura,Talara,La Brea,138-2014-OEFA/DE
-81.14765,-4.24332,624,X,Pozo mal abandonado y emisiones gaseosas fugitivas provenientes del mismo,2017,Bajo,Medio,Bajo,Cuenca Pariñas,Región Hidrografica del Pacífico,Piura,Talara,El Alto,Oficio N° 282-2018-OEFA/DEAM
-81.23848,-4.61204,625,I,"Pozo mal abandonado, suelos contaminados con efluente o derrame",2014,Medio,Medio,Medio,Intercuenca 1391,Región Hidrografica del Pacífico,Piura,Talara,La Brea,00001-2015-OEFA-DE
-81.243,-4.67539,626,VII/VI,Pozo mal abandonado,2013,Bajo,Bajo,Bajo,Intercuenca 1391,Región Hidrografica del Pacífico,Piura,Talara,La Brea,138-2014-OEFA/DE
-81.17802,-4.65973,683,VII/VI,"Pozo mal abandonado, suelos contaminados con efluente o derrame",2014,Medio,Medio,Medio,Intercuenca 1391,Región Hidrografica del Pacífico,Piura,Talara,La Brea,15-2015-OEFA/DE
-81.22581,-4.58328,684,I,"Pozo mal abandonado, suelos contaminados con efluente o derrame",2014,Medio,Medio,Medio,Intercuenca 1391,Región Hidrografica del Pacífico,Piura,Talara,Pariñas,081-2015-OEFA/DE
-81.26224,-4.70811,685,VII/VI,"Pozo mal abandonado, suelos contaminados con efluente o derrame",2014,Medio,Medio,Medio,Intercuenca 1391,Región Hidrografica del Pacífico,Piura,Talara,La Brea,001-2015-OEFA/DE
-81.10492,-4.21975,686,X,Pozo mal abandonado,0,Bajo,Medio,Bajo,Intercuenca 13931,Región Hidrografica del Pacífico,Piura,Talara,Los Órganos,Oficio N° 317-2019-OEFA-DEAM
-81.2947,-4.6535,492,VII/VI,"Pozo mal abandonado, suelos contaminados con efluente o derrame",2013,Medio,Medio,Medio,Intercuenca 1391,Región Hidrografica del Pacífico,Piura,Talara,La Brea,145-2014-OEFA/DE
-81.24254,-4.67747,493,VII/VI,"Pozo mal abandonado, suelos contaminados con efluente o derrame",2013,Medio,Medio,Medio,Intercuenca 1391,Región Hidrografica del Pacífico,Piura,Talara,La Brea,145-2014-OEFA/DE
-81.23355,-4.67778,494,VII/VI,Pozo mal abandonado,2013,Bajo,Bajo,Bajo,Intercuenca 1391,Región Hidrografica del Pacífico,Piura,Talara,La Brea,145-2014-OEFA/DE
-81.2516,-4.67814,495,VII/VI,"Pozo mal abandonado, suelos contaminados con efluente o derrame",2013,Medio,Medio,Medio,Intercuenca 1391,Región Hidrografica del Pacífico,Piura,Talara,La Brea,145-2014-OEFA/DE
-81.17017,-4.41182,560,X,Pozo mal abandonado,2019,Bajo,Bajo,Bajo,Cuenca Pariñas,Región Hidrografica del Pacífico,Piura,Talara,Lobitos,Oficio N° 346-2019-OEFA-DEAM
-81.23313,-4.61191,561,I,"Pozo mal abandonado, suelos contaminados con efluente o derrame",2014,Medio,Medio,Medio,Intercuenca 1391,Región Hidrografica del Pacífico,Piura,Talara,La Brea,00002-2015-OEFA/DE
-81.24118,-4.51274,562,VII/VI,"Pozo mal abandonado, suelos contaminados con efluente o derrame, emisiones, restos o depósitos de residuos",2014,Medio,Medio,Medio,Cuenca Pariñas,Región Hidrografica del Pacífico,Piura,Talara,Pariñas,15-2015-OEFA/DE
-81.18425,-4.27099,563,X,Pozo mal abandonado,2019,Bajo,Bajo,Bajo,Cuenca Pariñas,Región Hidrografica del Pacífico,Piura,Talara,El Alto,Oficio N° 346-2019-OEFA-DEAM
-81.14662,-4.86683,627,III,"Pozo mal abandonado, suelos contaminados con efluente o derrame",2016,Medio,Medio,Medio,Intercuenca 1391,Región Hidrografica del Pacífico,Piura,Paita,Vichayal,281-2016-OEFA/DE
-81.14674,-4.86486,628,III,"Pozo mal abandonado, suelos contaminados con efluente o derrame",2014,Medio,Bajo,Medio,Intercuenca 1391,Región Hidrografica del Pacífico,Piura,Paita,Vichayal,081-2015-OEFA/DE
-81.22873,-4.6209,629,I,Pozo mal abandonado,2014,Bajo,Bajo,Bajo,Intercuenca 1391,Región Hidrografica del Pacífico,Piura,Talara,La Brea,00001-2015-OEFA-DE
-81.13628,-4.23555,630,X,"Pozo mal abandonado, suelo contaminado en el área circundante al mismo y emisiones gaseosas fugitivas provenientes del pozo",2017,Medio,Medio,Medio,Intercuenca 13931,Región Hidrografica del Pacífico,Piura,Talara,El Alto,Oficio N° 282-2018-OEFA/DEAM
-81.22187,-4.5897,691,I,"Pozo mal abandonado, suelos contaminados con efluente o derrame",2014,Medio,Medio,Medio,Intercuenca 1391,Región Hidrografica del Pacífico,Piura,Talara,Pariñas,081-2015-OEFA/DE
-81.20215,-4.63807,692,VII/VI,"Pozo mal abandonado, emisiones",2013,Bajo,Medio,Bajo,Intercuenca 1391,Región Hidrografica del Pacífico,Piura,Talara,La Brea,001-2015-OEFA/DE
-81.29145,-4.63195,693,I,"Pozo mal abandonado, suelos contaminados con efluente o derrame",2014,Medio,Medio,Medio,Intercuenca 1391,Región Hidrografica del Pacífico,Piura,Talara,La Brea,081-2015-OEFA/DE
-81.23479,-4.66905,694,VII/VI,"Pozo mal abandonado, suelos contaminados con efluente o derrame, emisiones",2014,Medio,Medio,Medio,Intercuenca 1391,Región Hidrografica del Pacífico,Piura,Talara,La Brea,001-2015-OEFA/DE
-81.21044,-4.64087,496,VII/VI,Pozo mal abandonado,2013,Bajo,Bajo,Bajo,Intercuenca 1391,Región Hidrografica del Pacífico,Piura,Talara,La Brea,145-2014-OEFA/DE
-81.19622,-4.65073,497,VII/VI,Pozo mal abandonado,2013,Bajo,Bajo,Bajo,Intercuenca 1391,Región Hidrografica del Pacífico,Piura,Talara,La Brea,145-2014-OEFA/DE
-81.1342,-4.18868,498,X,Pozo mal abandonado,2019,Bajo,Bajo,Bajo,Intercuenca 13931,Región Hidrografica del Pacífico,Piura,Talara,Los Órganos,Oficio N° 346-2019-OEFA-DEAM
-81.19712,-4.65183,499,VII/VI,"Pozo mal abandonado, suelos contaminados con efluente o derrame",2013,Medio,Medio,Medio,Intercuenca 1391,Región Hidrografica del Pacífico,Piura,Talara,La Brea,145-2014-OEFA/DE
-81.23386,-4.61092,564,I,"Pozo mal abandonado, suelos contaminados con efluente o derrame",2014,Medio,Medio,Medio,Intercuenca 1391,Región Hidrografica del Pacífico,Piura,Talara,La Brea,00002-2015-OEFA/DE
-81.28428,-4.45355,565,VII/VI,Pozo mal abandonado,2019,Bajo,Bajo,Bajo,Intercuenca 13931,Región Hidrografica del Pacífico,Piura,Talara,Lobitos,Oficio N° 346-2019-OEFA-DEAM
-81.17508,-4.27198,566,X,Pozo mal abandonado,2019,Bajo,Bajo,Bajo,Cuenca Pariñas,Región Hidrografica del Pacífico,Piura,Talara,El Alto,Oficio N° 346-2019-OEFA-DEAM
-81.24721,-4.66076,567,VII/VI,Pozo mal abandonado,2014,Bajo,Bajo,Bajo,Intercuenca 1391,Región Hidrografica del Pacífico,Piura,Talara,La Brea,00002-2015-OEFA/DE
-81.12741,-4.86012,631,III,"Pozo mal abandonado, suelos contaminados con efluente o derrame",2016,Medio,Medio,Medio,Cuenca Chira,Región Hidrografica del Pacífico,Piura,Paita,Vichayal,281-2016-OEFA/DE
-81.25993,-4.43866,632,VII/VI,"Pozo mal abandonado, suelos contaminados con efluente o derrame, emisiones",2014,Medio,Medio,Medio,Intercuenca 13931,Región Hidrografica del Pacífico,Piura,Talara,Lobitos,081-2015-OEFA/DE
-81.24122,-4.67647,633,VII/VI,Pozo mal abandonado,2013,Bajo,Bajo,Bajo,Intercuenca 1391,Región Hidrografica del Pacífico,Piura,Talara,La Brea,138-2014-OEFA/DE
-81.14558,-4.23811,634,X,Pozo mal abandonado,2017,Bajo,Bajo,Bajo,Intercuenca 13931,Región Hidrografica del Pacífico,Piura,Talara,El Alto,Oficio N° 282-2018-OEFA/DEAM
-81.28441,-4.64646,436,VII/VI,"Pozo mal abandonado, suelos contaminados con efluente o derrame",2014,Medio,Medio,Medio,Intercuenca 1391,Región Hidrografica del Pacífico,Piura,Talara,La Brea,00002-2015-OEFA/DE
-81.28487,-4.66652,437,VII/VI,"Pozo mal abandonado, suelos contaminados con efluente o derrame",2014,Medio,Medio,Medio,Intercuenca 1391,Región Hidrografica del Pacífico,Piura,Talara,La Brea,00002-2015-OEFA/DE
-81.27857,-4.65432,438,VII/VI,"Pozo mal abandonado, suelos contaminados con efluente o derrame",2014,Medio,Medio,Medio,Intercuenca 1391,Región Hidrografica del Pacífico,Piura,Talara,La Brea,00002-2015-OEFA/DE
-81.28341,-4.65313,439,VII/VI,"Pozo mal abandonado, suelos contaminados con efluente o derrame",2014,Medio,Medio,Medio,Intercuenca 1391,Región Hidrografica del Pacífico,Piura,Talara,La Brea,00002-2015-OEFA/DE
-81.12448,-4.20217,500,X,Pozo mal abandonado e instalación mal abandonada vinculada al pozo,2019,Bajo,Bajo,Bajo,Intercuenca 13931,Región Hidrografica del Pacífico,Piura,Talara,Los Órganos,Oficio N° 346-2019-OEFA-DEAM
-81.24238,-4.67598,501,VII/VI,Pozo mal abandonado y emisiones gaseosas fugitivas provenientes del mismo,2017,Medio,Medio,Medio,Intercuenca 1391,Región Hidrografica del Pacífico,Piura,Talara,La Brea,Oficio N° 282-2018-OEFA/DEAM
-81.11685,-4.65843,502,III,Suelo contaminado vinculado al pozo T2664,2016,Medio,Alto,Medio,Intercuenca 1391,Región Hidrografica del Pacífico,Piura,Talara,La Brea,"Oficio circular N° 041-2016-OEFA/DE,Oficio circular N° 00322-2024-OEFA/DEAM"
-81.1401,-4.46726,503,IV,Poza de fluidos de completación (Instalación mal abandonada),2017,Bajo,Bajo,Bajo,Cuenca Pariñas,Región Hidrografica del Pacífico,Piura,Talara,Pariñas,282-2018-OEFA/DEAM
-81.25802,-4.61983,568,I,Pozo mal abandonado,2014,Bajo,Bajo,Bajo,Intercuenca 1391,Región Hidrografica del Pacífico,Piura,Talara,La Brea,00002-2015-OEFA/DE
-81.26285,-4.61568,569,I ,Pozo mal abandonado y suelo contaminado con hidrocarburos en el área circundante al mismo,0,Bajo,Medio,Medio,Intercuenca 1391,Región Hidrografica del Pacífico,Piura,Talara,La Brea,Oficio N° 346-2019-OEFA-DEAM
-81.22553,-4.57015,570,VII/VI,Pozo mal abandonado,2014,Bajo,Bajo,Bajo,Intercuenca 1391,Región Hidrografica del Pacífico,Piura,Talara,Pariñas,00002-2015-OEFA/DE
-81.17275,-4.45073,571,IV,Pozo mal abandonado,2014,Bajo,Bajo,Bajo,Cuenca Pariñas,Región Hidrografica del Pacífico,Piura,Talara,Pariñas,00002-2015-OEFA/DE
-81.12629,-4.87063,635,III,"Pozo mal abandonado, suelos contaminados con efluente o derrame, emisiones",2016,Medio,Medio,Medio,Cuenca Chira,Región Hidrografica del Pacífico,Piura,Paita,Vichayal,281-2016-OEFA/DE
-81.25034,-4.65016,636,VII/VI,"Pozo mal abandonado, suelos contaminados con efluente o derrame",2016,Medio,Medio,Medio,Intercuenca 1391,Región Hidrografica del Pacífico,Piura,Talara,La Brea,081-2015-OEFA/DE
-81.23247,-4.60609,637,I,"Pozo mal abandonado, suelos contaminados con efluente o derrame",2014,Medio,Medio,Medio,Intercuenca 1391,Región Hidrografica del Pacífico,Piura,Talara,Pariñas,00001-2015-OEFA-DE
-81.24105,-4.66871,638,VII/VI,Pozo mal abandonado,2013,Bajo,Bajo,Bajo,Intercuenca 1391,Región Hidrografica del Pacífico,Piura,Talara,La Brea,138-2014-OEFA/DE
-81.28253,-4.62997,440,I,"Pozo mal abandonado, suelos contaminados con efluente o derrame",2014,Medio,Medio,Medio,Intercuenca 1391,Región Hidrografica del Pacífico,Piura,Talara,La Brea,00002-2015-OEFA/DE
-81.17623,-4.45214,441,IV,"Pozo mal abandonado, emisiones",2016,Medio,Medio,Medio,Cuenca Pariñas,Región Hidrografica del Pacífico,Piura,Talara,Pariñas,282-2016-OEFA/DE
-81.28297,-4.63107,442,I,"Pozo mal abandonado, suelos contaminados con efluente o derrame",2014,Medio,Medio,Medio,Intercuenca 1391,Región Hidrografica del Pacífico,Piura,Talara,La Brea,00002-2015-OEFA/DE
-81.25623,-4.6097,443,I,"Pozo mal abandonado, suelos contaminados con efluente o derrame",2014,Medio,Medio,Medio,Intercuenca 1391,Región Hidrografica del Pacífico,Piura,Talara,La Brea,015-2015-OEFA/DE
-81.24301,-4.55851,504,I,"Pozo mal abandonado, suelos contaminados con efluente o derrame",2016,Medio,Medio,Medio,Intercuenca 1391,Región Hidrografica del Pacífico,Piura,Talara,Pariñas,280-2016-OEFA/DE
-81.24241,-4.67471,505,VII/VI,Pozo mal abandonado,2017,Bajo,Bajo,Bajo,Intercuenca 1391,Región Hidrografica del Pacífico,Piura,Talara,La Brea,Oficio N° 282-2018-OEFA/DEAM
-81.2423,-4.67267,506,VII/VI,"Pozo mal abandonado, suelos contaminados con efluente o derrame",2013,Medio,Medio,Medio,Intercuenca 1391,Región Hidrografica del Pacífico,Piura,Talara,La Brea,145-2014-OEFA/DE
-81.24781,-4.66685,507,VII/VI,Pozo mal abandonado y emisiones gaseosas fugitivas provenientes del mismo,2017,Medio,Medio,Medio,Intercuenca 1391,Región Hidrografica del Pacífico,Piura,Talara,La Brea,Oficio N° 282-2018-OEFA/DEAM
-81.25972,-4.69913,572,VII/VI,Pozo mal abandonado con presencia de emisiones gaseosas fugitivas y suelo contaminado con hidrocarburos en el área circundante al mismo,0,Medio,Medio,Medio,Intercuenca 1391,Región Hidrografica del Pacífico,Piura,Talara,La Brea,Oficio N° 346-2019-OEFA-DEAM
-81.17522,-4.36887,573,X,Pozo mal abandonado y emisiones gaseosas fugitivas provenientes del mismo,2017,Bajo,Medio,Bajo,Cuenca Pariñas,Región Hidrografica del Pacífico,Piura,Talara,Lobitos,Oficio N° 282-2018-OEFA/DEAM
-81.1282,-4.65279,574,III,"Pozo mal abandonado, suelos contaminados con efluente o derrame",2014,Medio,Medio,Medio,Intercuenca 1391,Región Hidrografica del Pacífico,Piura,Talara,La Brea,00002-2015-OEFA/DE
-81.19772,-4.37711,575,X,Instalación mal abadonada (estructura de concreto),2017,Bajo,Bajo,Bajo,Cuenca Pariñas,Región Hidrografica del Pacífico,Piura,Talara,Lobitos,Oficio N° 282-2018-OEFA/DEAM
-81.13538,-4.87099,639,III,"Pozo mal abandonado, suelos contaminados con efluente o derrame",2016,Medio,Medio,Medio,Intercuenca 1391,Región Hidrografica del Pacífico,Piura,Paita,Vichayal,281-2016-OEFA/DE
-81.23313,-4.56095,640,I,"Pozo mal abandonado, suelos contaminados con efluente o derrame",2014,Medio,Medio,Medio,Intercuenca 1391,Región Hidrografica del Pacífico,Piura,Talara,Pariñas,081-2015-OEFA/DE
-81.22947,-4.58974,641,I,Pozo mal abandonado,2014,Bajo,Bajo,Bajo,Intercuenca 1391,Región Hidrografica del Pacífico,Piura,Talara,Pariñas,00001-2015-OEFA-DE
-81.23934,-4.66746,642,VII/VI,Pozo mal abandonado,2013,Bajo,Bajo,Bajo,Intercuenca 1391,Región Hidrografica del Pacífico,Piura,Talara,La Brea,138-2014-OEFA/DE
-81.28097,-4.63371,444,I,Pozo mal abandonado,2014,Bajo,Bajo,Bajo,Intercuenca 1391,Región Hidrografica del Pacífico,Piura,Talara,La Brea,00002-2015-OEFA/DE
-81.22873,-4.6714,445,VII/VI,Pozo mal abandonado,2013,Bajo,Bajo,Bajo,Intercuenca 1391,Región Hidrografica del Pacífico,Piura,Talara,La Brea,007-2014-OEFA/DE
-81.28314,-4.63992,446,I,"Pozo mal abandonado, suelos contaminados con efluente o derrame, emisiones",2014,Medio,Medio,Medio,Intercuenca 1391,Región Hidrografica del Pacífico,Piura,Talara,La Brea,00002-2015-OEFA/DE
-81.17042,-4.45088,447,IV,"Pozo mal abandonado, suelos contaminados con efluente o derrame",2016,Medio,Medio,Medio,Cuenca Pariñas,Región Hidrografica del Pacífico,Piura,Talara,Pariñas,282-2016-OEFA/DE
-81.25684,-4.67606,508,VII/VI,Pozo mal abandonado y suelo contaminado en el área circundante al mismo,2017,Medio,Medio,Medio,Intercuenca 1391,Región Hidrografica del Pacífico,Piura,Talara,La Brea,Oficio N° 282-2018-OEFA/DEAM
-81.25583,-4.44426,509,VII/VI,Pozo mal abandonado y suelo contaminado en el área circundante al mismo,0,Medio,Medio,Medio,Intercuenca 13931,Región Hidrografica del Pacífico,Piura,Talara,Lobitos,Oficio N° 346-2019-OEFA-DEAM
-81.25501,-4.66957,510,VII/VI,Pozo mal abandonado,2017,Bajo,Bajo,Bajo,Intercuenca 1391,Región Hidrografica del Pacífico,Piura,Talara,La Brea,Oficio N° 282-2018-OEFA/DEAM
-81.32548,-4.68361,511,VII/VI,Pozo mal abandonado con presencia de emisiones gaseosas fugitivas provenientes del mismo y suelo contaminado en el área circundante,0,Medio,Medio,Medio,Intercuenca 1391,Región Hidrografica del Pacífico,Piura,Talara,La Brea,Oficio N° 346-2019-OEFA-DEAM
-81.12646,-4.65794,576,III,"Pozo mal abandonado, que presenta emisiones gaseosas fugitivas y  suelo contaminado en el área circundante al mismo",2014,Medio,Alto,Medio,Intercuenca 1391,Región Hidrografica del Pacífico,Piura,Talara,La Brea,47-2015-OEFA/DE
-81.14546,-4.6481,577,III,"Pozo mal abandonado, suelos contaminados con efluente o derrame",2014,Medio,Medio,Medio,Intercuenca 1391,Región Hidrografica del Pacífico,Piura,Talara,La Brea,00002-2015-OEFA/DE
-81.12566,-4.65534,578,III,"Pozo mal abandonado, que presenta suelo contaminado en el área circundante al mismo",2014,Medio,Alto,Medio,Intercuenca 1391,Región Hidrografica del Pacífico,Piura,Talara,La Brea,47-2015-OEFA/DE
-81.07395,-4.35279,579,II,Pozo mal abandonado,2014,Medio,Medio,Medio,Cuenca Pariñas,Región Hidrografica del Pacífico,Piura,Talara,El Alto,00002-2015-OEFA/DE
-81.15005,-4.87121,643,III,"Pozo mal abandonado, suelos contaminados con efluente o derrame, emisiones",2016,Medio,Medio,Medio,Intercuenca 1391,Región Hidrografica del Pacífico,Piura,Paita,Vichayal,281-2016-OEFA/DE
-81.28909,-4.64035,644,I,"Pozo mal abandonado, suelos contaminados con efluente o derrame",2014,Medio,Medio,Medio,Intercuenca 1391,Región Hidrografica del Pacífico,Piura,Talara,La Brea,081-2015-OEFA/DE
-81.23806,-4.67038,645,VII/VI,Pozo mal abandonado,2013,Bajo,Bajo,Bajo,Intercuenca 1391,Región Hidrografica del Pacífico,Piura,Talara,La Brea,138-2014-OEFA/DE
-81.12523,-4.66251,646,III,"Pozo mal abandonado, suelos contaminados con efluente o derrame, emisiones",2016,Medio,Medio,Medio,Intercuenca 1391,Región Hidrografica del Pacífico,Piura,Talara,La Brea,281-2016-OEFA/DE
-81.28542,-4.63065,448,I,Pozo mal abandonado,2014,Bajo,Bajo,Bajo,Intercuenca 1391,Región Hidrografica del Pacífico,Piura,Talara,La Brea,00002-2015-OEFA/DE
-81.22447,-4.52737,449,VII/VI,Pozo mal abandonado,2013,Bajo,Bajo,Bajo,Cuenca Pariñas,Región Hidrografica del Pacífico,Piura,Talara,Pariñas,247-2013-OEFA/DE
-81.16563,-4.45173,450,IV,"Pozo mal abandonado, suelos contaminados con efluente o derrame, emisiones",2016,Medio,Medio,Medio,Cuenca Pariñas,Región Hidrografica del Pacífico,Piura,Talara,Pariñas,282-2016-OEFA/DE
-81.29143,-4.63505,451,I,Pozo mal abandonado,2014,Bajo,Bajo,Bajo,Intercuenca 1391,Región Hidrografica del Pacífico,Piura,Talara,La Brea,00002-2015-OEFA/DE
-81.25987,-4.66647,512,VII/VI,Pozo mal abandonado,2017,Bajo,Bajo,Bajo,Intercuenca 1391,Región Hidrografica del Pacífico,Piura,Talara,La Brea,Oficio N° 282-2018-OEFA/DEAM
-81.3061,-4.66218,513,VII/VI,Pozo mal abandonado con presencia de emisiones gaseosas fugitivas provenientes del mismo,0,Alto,Alto,Medio,Intercuenca 1391,Región Hidrografica del Pacífico,Piura,Talara,La Brea,"Oficio Circular N° 074-2019-OEFA-DEAM,Oficio N° 00110-2025-OEFA/DEAM"
-81.25407,-4.66875,514,VII/VI,"Pozo mal abandonado, suelo contaminado en el área circundante al mismo y emisiones gaseosas fugitivas provenientes del pozo",2017,Medio,Medio,Medio,Intercuenca 1391,Región Hidrografica del Pacífico,Piura,Talara,La Brea,Oficio N° 282-2018-OEFA/DEAM
-81.27818,-4.61581,515,I,Pozo mal abandonado y suelo contaminado en el área circundante al mismo,0,Medio,Medio,Medio,Intercuenca 1391,Región Hidrografica del Pacífico,Piura,Talara,La Brea,Oficio N° 346-2019-OEFA-DEAM
-81.27564,-4.69303,580,VII/VI,"Pozo mal abandonado, suelos contaminados con efluente o derrame",2013,Medio,Medio,Medio,Intercuenca 1391,Región Hidrografica del Pacífico,Piura,Talara,La Brea,140-2014-OEFA/DE
-81.23436,-4.61204,581,I,"Pozo mal abandonado, suelos contaminados con efluente o derrame",2014,Medio,Medio,Medio,Intercuenca 1391,Región Hidrografica del Pacífico,Piura,Talara,La Brea,00002-2015-OEFA/DE
-81.30199,-4.67867,582,VII/VI,"Pozo mal abandonado, suelos contaminados con efluente o derrame",2013,Medio,Medio,Medio,Intercuenca 1391,Región Hidrografica del Pacífico,Piura,Talara,La Brea,140-2014-OEFA/DE
-81.13469,-4.20555,583,X,Pozo mal abandonado con presencia de emisiones gaseosas fugitivas provenientes del mismo y suelo contaminado en el área circundante al pozo,2019,Medio,Medio,Medio,Intercuenca 13931,Región Hidrografica del Pacífico,Piura,Talara,Los Órganos,Oficio N° 346-2019-OEFA-DEAM
-81.28616,-4.58039,647,I,"Pozo mal abandonado, emisiones",2014,Medio,Medio,Medio,Intercuenca 1391,Región Hidrografica del Pacífico,Piura,Talara,Pariñas,081-2015-OEFA/DE
-81.23874,-4.50088,648,VII/VI,"Pozo mal abandonado, emisiones, restos o depósitos de residuos",2014,Medio,Medio,Medio,Cuenca Pariñas,Región Hidrografica del Pacífico,Piura,Talara,Pariñas,001-2015-OEFA/DE
-81.21238,-4.63492,649,VII/VI,Pozo mal abandonado,2013,Bajo,Bajo,Bajo,Intercuenca 1391,Región Hidrografica del Pacífico,Piura,Talara,La Brea,138-2014-OEFA/DE
-81.12456,-4.66354,650,III,"Pozo mal abandonado, suelos contaminados con efluente o derrame, emisiones",2016,Medio,Medio,Medio,Intercuenca 1391,Región Hidrografica del Pacífico,Piura,Talara,La Brea,281-2016-OEFA/DE
-81.27425,-4.69221,452,VII/VI,"Pozo mal abandonado, suelos contaminados con efluente o derrame",2013,Medio,Medio,Medio,Intercuenca 1391,Región Hidrografica del Pacífico,Piura,Talara,La Brea,151-2014-OEFA/DE
-81.21398,-4.62974,453,VII/VI,Pozo mal abandonado,2013,Bajo,Bajo,Bajo,Intercuenca 1391,Región Hidrografica del Pacífico,Piura,Talara,La Brea,247-2013-OEFA/DE
-81.29331,-4.63438,454,I,"Pozo mal abandonado, suelos contaminados con efluente o derrame",2014,Medio,Medio,Medio,Intercuenca 1391,Región Hidrografica del Pacífico,Piura,Talara,La Brea,00002-2015-OEFA/DE
-81.29047,-4.67987,455,VII/VI,Pozo mal abandonado,2013,Bajo,Bajo,Bajo,Intercuenca 1391,Región Hidrografica del Pacífico,Piura,Talara,La Brea,151-2014-OEFA/DE
-81.23314,-4.54945,516,VII/VI,"Pozo mal abandonado, instalaciones mal abandonadas",2016,Bajo,Bajo,Bajo,Intercuenca 1391,Región Hidrografica del Pacífico,Piura,Talara,Pariñas,280-2016-OEFA/DE
-81.18395,-4.29926,517,X,"Pozo mal abandonado, emisiones",2016,Medio,Medio,Medio,Cuenca Pariñas,Región Hidrografica del Pacífico,Piura,Talara,El Alto,280-2016-OEFA/DE
-81.13419,-4.19986,518,X,Pozo mal abandonado,2016,Bajo,Bajo,Bajo,Intercuenca 13931,Región Hidrografica del Pacífico,Piura,Talara,Los Órganos,280-2016-OEFA/DE
-81.21743,-4.27983,519,X,Pozo mal abandonado,2017,Bajo,Bajo,Bajo,Intercuenca 13931,Región Hidrografica del Pacífico,Piura,Talara,El Alto,Oficio N° 282-2018-OEFA/DEAM
-81.2369,-4.60905,584,I,"Pozo mal abandonado, suelos contaminados con efluente o derrame",2014,Medio,Medio,Medio,Intercuenca 1391,Región Hidrografica del Pacífico,Piura,Talara,La Brea,00002-2015-OEFA/DE
-81.20913,-4.63521,585,VII/VI,Pozo mal abandonado,2013,Bajo,Bajo,Bajo,Intercuenca 1391,Región Hidrografica del Pacífico,Piura,Talara,La Brea,140-2014-OEFA/DE
-81.17904,-4.65287,586,VII/VI,Pozo mal abandonado,0,Bajo,Bajo,Bajo,Intercuenca 1391,Región Hidrografica del Pacífico,Piura,Talara,La Brea,Oficio N° 346-2019-OEFA-DEAM
-81.24067,-4.50367,588,VII/VI,"Pozo mal abandonado, emisiones",2014,Bajo,Medio,Bajo,Cuenca Pariñas,Región Hidrografica del Pacífico,Piura,Talara,Pariñas,00002-2015-OEFA/DE
-81.23984,-4.57329,651,I,Pozo mal abandonado,2014,Bajo,Bajo,Bajo,Intercuenca 1391,Región Hidrografica del Pacífico,Piura,Talara,Pariñas,081-2015-OEFA/DE
-81.24748,-4.50318,652,VII/VI,Pozo mal abandonado,2014,Bajo,Bajo,Bajo,Cuenca Pariñas,Región Hidrografica del Pacífico,Piura,Talara,Pariñas,001-2015-OEFA/DE
-81.19227,-4.65254,653,VII/VI,Pozo mal abandonado,2013,Bajo,Bajo,Bajo,Intercuenca 1391,Región Hidrografica del Pacífico,Piura,Talara,La Brea,138-2014-OEFA/DE
-81.18587,-4.66282,654,VII/VI,"Pozo mal abandonado, suelos contaminados con efluente o derrame",2014,Medio,Medio,Medio,Intercuenca 1391,Región Hidrografica del Pacífico,Piura,Talara,La Brea,15-2015-OEFA/DE
-81.21972,-4.52946,456,VII/VI,Pozo mal abandonado,2013,Bajo,Bajo,Bajo,Cuenca Pariñas,Región Hidrografica del Pacífico,Piura,Talara,Pariñas,247-2013-OEFA/DE
-81.29626,-4.65669,457,VII/VI,Suelos contaminados con efluente o derrame,2014,Medio,Medio,Medio,Intercuenca 1391,Región Hidrografica del Pacífico,Piura,Talara,La Brea,00002-2015-OEFA/DE
-81.26229,-4.69261,458,VII/VI,Pozo mal abandonado,2013,Bajo,Bajo,Bajo,Intercuenca 1391,Región Hidrografica del Pacífico,Piura,Talara,La Brea,151-2014-OEFA/DE
-81.29109,-4.64458,459,VII/VI,"Pozo mal abandonado, suelos contaminados con efluente o derrame",2014,Medio,Medio,Medio,Intercuenca 1391,Región Hidrografica del Pacífico,Piura,Talara,La Brea,00002-2015-OEFA/DE
-81.13372,-4.23442,520,X,"Pozo mal abandonado, suelos contaminados con efluente o derrame",2016,Medio,Medio,Medio,Intercuenca 13931,Región Hidrografica del Pacífico,Piura,Talara,El Alto,280-2016-OEFA/DE
-81.21545,-4.27688,521,X,Pozo mal abandonado,2017,Bajo,Bajo,Bajo,Intercuenca 13931,Región Hidrografica del Pacífico,Piura,Talara,El Alto,Oficio N° 282-2018-OEFA/DEAM
-81.2105,-4.2734,522,X,Suelo contaminado en el área circundante al pozo A_414 con adecuado abandono permanente,2017,Medio,Medio,Medio,Intercuenca 13931,Región Hidrografica del Pacífico,Piura,Talara,El Alto,Oficio N° 282-2018-OEFA/DEAM
-81.18636,-4.5007,523,IV,"Pozo mal abandonado, suelos contaminados con efluente o derrame",2016,Medio,Medio,Medio,Cuenca Pariñas,Región Hidrografica del Pacífico,Piura,Talara,Pariñas,280-2016-OEFA/DE
-81.26297,-4.69509,589,VII/VI,Pozo mal abandonado,2013,Bajo,Bajo,Bajo,Intercuenca 1391,Región Hidrografica del Pacífico,Piura,Talara,La Brea,140-2014-OEFA/DE
-81.13224,-4.19925,590,X,Pozo mal abandonado que presenta emisiones gaseosas fugitivas provenientes del mismo,2019,Medio,Medio,Medio,Intercuenca 13931,Región Hidrografica del Pacífico,Piura,Talara,Los Órganos,Oficio N° 346-2019-OEFA-DEAM
-81.17644,-4.27808,591,X,Pozo mal abandonado,2016,Bajo,Medio,Medio,Cuenca Pariñas,Región Hidrografica del Pacífico,Piura,Talara,El Alto,281-2016-OEFA/DE
-81.24304,-4.51555,592,VII/VI,"Pozo mal abandonado, suelos contaminados con efluente o derrame",2014,Medio,Medio,Medio,Cuenca Pariñas,Región Hidrografica del Pacífico,Piura,Talara,Pariñas,00002-2015-OEFA/DE
-81.20029,-4.60904,655,IV,"Pozo mal abandonado, suelos contaminados con efluente o derrame",2014,Medio,Medio,Medio,Intercuenca 1391,Región Hidrografica del Pacífico,Piura,Talara,La Brea,081-2015-OEFA/DE
-81.23225,-4.50349,656,VII/VI,"Pozo mal abandonado, suelos contaminados con efluente o derrame, emisiones",2014,Medio,Medio,Medio,Cuenca Pariñas,Región Hidrografica del Pacífico,Piura,Talara,Pariñas,001-2015-OEFA/DE
-81.22051,-4.63294,657,VII/VI,Pozo mal abandonado,2013,Bajo,Bajo,Bajo,Intercuenca 1391,Región Hidrografica del Pacífico,Piura,Talara,La Brea,082-2015-OEFA/DE
-81.21837,-4.39564,658,X,Pozo mal abandonado,2017,Bajo,Bajo,Bajo,Cuenca Pariñas,Región Hidrografica del Pacífico,Piura,Talara,Lobitos,Oficio N° 282-2018-OEFA/DEAM
-81.25942,-4.68904,460,VII/VI,Pozo mal abandonado,2013,Bajo,Bajo,Bajo,Intercuenca 1391,Región Hidrografica del Pacífico,Piura,Talara,La Brea,151-2014-OEFA/DE
-81.21666,-4.63078,461,VII/VI,Pozo mal abandonado,2013,Bajo,Bajo,Bajo,Intercuenca 1391,Región Hidrografica del Pacífico,Piura,Talara,La Brea,247-2013-OEFA/DE
-81.29259,-4.6518,462,VII/VI,Pozo mal abandonado,2014,Bajo,Bajo,Bajo,Intercuenca 1391,Región Hidrografica del Pacífico,Piura,Talara,La Brea,00002-2015-OEFA/DE
-81.29214,-4.64974,463,VII/VI,"Pozo mal abandonado, suelos contaminados con efluente o derrame",2013,Medio,Medio,Medio,Intercuenca 1391,Región Hidrografica del Pacífico,Piura,Talara,La Brea,151-2014-OEFA/DE
-81.20712,-4.27255,524,X,Pozo mal abandonado y suelo contaminado en el área circundante al mismo,2017,Medio,Medio,Medio,Intercuenca 13931,Región Hidrografica del Pacífico,Piura,Talara,El Alto,Oficio N° 282-2018-OEFA/DEAM
-81.15714,-4.50879,525,IV,"Pozo mal abandonado, suelos contaminados con efluente o derrame, emisiones",2016,Medio,Medio,Medio,Cuenca Pariñas,Región Hidrografica del Pacífico,Piura,Talara,Pariñas,280-2016-OEFA/DE
-81.20886,-4.27353,526,X,Pozo mal abandonado,2017,Bajo,Bajo,Bajo,Intercuenca 13931,Región Hidrografica del Pacífico,Piura,Talara,El Alto,Oficio N° 282-2018-OEFA/DEAM
-81.15781,-4.50608,527,IV,Pozo mal abandonado,2016,Bajo,Bajo,Bajo,Cuenca Pariñas,Región Hidrografica del Pacífico,Piura,Talara,Pariñas,280-2016-OEFA/DE
-81.26671,-4.69141,593,VII/VI,Pozo mal abandonado,2013,Bajo,Bajo,Bajo,Intercuenca 1391,Región Hidrografica del Pacífico,Piura,Talara,La Brea,140-2014-OEFA/DE
-81.28794,-4.64582,594,VII/VI,Pozo mal abandonado,2013,Bajo,Bajo,Bajo,Intercuenca 1391,Región Hidrografica del Pacífico,Piura,Talara,La Brea,140-2014-OEFA/DE
-81.1764,-4.27633,595,X,Pozo mal abandonado,2016,Bajo,Bajo,Bajo,Cuenca Pariñas,Región Hidrografica del Pacífico,Piura,Talara,El Alto,281-2016-OEFA/DE
-81.24767,-4.66272,596,VII/VI,"Pozo mal abandonado, suelos contaminados con efluente o derrame, restos o depósitos de residuos",2014,Medio,Medio,Medio,Intercuenca 1391,Región Hidrografica del Pacífico,Piura,Talara,La Brea,00002-2015-OEFA/DE
-81.23682,-4.6018,659,I,"Pozo mal abandonado, restos o depósitos de residuos",2014,Bajo,Bajo,Bajo,Intercuenca 1391,Región Hidrografica del Pacífico,Piura,Talara,Pariñas,081-2015-OEFA/DE
-81.26109,-4.44227,660,VII/VI,"Pozo mal abandonado, emisiones",2014,Bajo,Medio,Bajo,Intercuenca 13931,Región Hidrografica del Pacífico,Piura,Talara,Lobitos,001-2015-OEFA/DE
-81.17125,-4.28635,661,X,Pozo mal abandonado,2017,Bajo,Bajo,Bajo,Cuenca Pariñas,Región Hidrografica del Pacífico,Piura,Talara,El Alto,Oficio N° 282-2018-OEFA/DEAM
-81.23669,-4.58435,662,I,"Pozo mal abandonado, suelos contaminados con efluente o derrame",2014,Medio,Medio,Medio,Intercuenca 1391,Región Hidrografica del Pacífico,Piura,Talara,Pariñas,081-2015-OEFA/DE
-81.21703,-4.62939,464,VII/VI,Pozo mal abandonado,2013,Bajo,Bajo,Bajo,Intercuenca 1391,Región Hidrografica del Pacífico,Piura,Talara,La Brea,246-2013-OEFA/DE
-81.26108,-4.43109,465,XV,Pozo mal abandonado,2014,Bajo,Bajo,Bajo,Intercuenca 13931,Región Hidrografica del Pacífico,Piura,Talara,Lobitos,00002-2015-OEFA/DE
-81.29738,-4.6536,466,VII/VI,"Pozo mal abandonado, suelos contaminados con efluente o derrame",2013,Medio,Medio,Medio,Intercuenca 1391,Región Hidrografica del Pacífico,Piura,Talara,La Brea,151-2014-OEFA/DE
-81.25502,-4.67637,467,VII/VI,Pozo mal abandonado,2013,Bajo,Bajo,Bajo,Intercuenca 1391,Región Hidrografica del Pacífico,Piura,Talara,La Brea,246-2013-OEFA/DE
-81.14205,-4.63673,528,IV,"Pozo mal abandonado, suelos contaminados con efluente o derrame, emisiones",2016,Medio,Medio,Medio,Intercuenca 1391,Región Hidrografica del Pacífico,Piura,Talara,La Brea,280-2016-OEFA/DE
-81.23176,-4.28619,529,X,Pozo mal abandonado y suelo contaminado en el área circundante al mismo,2017,Medio,Medio,Medio,Intercuenca 13931,Región Hidrografica del Pacífico,Piura,Talara,El Alto,Oficio N° 282-2018-OEFA/DEAM
-81.14265,-4.87328,530,III,Pozo mal abandonado,2016,Bajo,Bajo,Bajo,Intercuenca 1391,Región Hidrografica del Pacífico,Piura,Paita,Vichayal,280-2016-OEFA/DE
-81.23529,-4.6025,531,I,Pozo mal abandonado,0,Bajo,Bajo,Bajo,Intercuenca 1391,Región Hidrografica del Pacífico,Piura,Talara,Pariñas,Oficio N° 346-2019-OEFA-DEAM
-80.98278,-4.31439,1411,Área XLIII,Pozo mal abandonado y restos de residuos en el área circundante al mismo,2018,Bajo,Bajo,Bajo,Cuenca Pariñas,Región Hidrografica del Pacífico,Piura,Talara,El Alto,Oficio N° 257-2018-OEFA/DEAM
-81.26514,-4.45226,1412,VII/VI,"Pozo mal abandonado, suelos contaminados con efluente o derrame, emisiones",2014,Medio,Medio,Medio,Intercuenca 13931,Región Hidrografica del Pacífico,Piura,Talara,Lobitos,20-2015-OEFA/DE
-81.26552,-4.47508,1413,VII/VI,Pozo mal abandonado,2014,Bajo,Bajo,Bajo,Cuenca Pariñas,Región Hidrografica del Pacífico,Piura,Talara,Lobitos,231-2014-OEFA/DE
-81.19672,-4.6632,1414,VII/VI,Pozo mal abandonado,2015,Bajo,Bajo,Bajo,Intercuenca 1391,Región Hidrografica del Pacífico,Piura,Talara,La Brea,017-2016-OEFA/DE
-81.23937,-4.47833,1231,VII/VI,Pozo mal abandonado,2014,Bajo,Bajo,Bajo,Cuenca Pariñas,Región Hidrografica del Pacífico,Piura,Talara,Lobitos,233-2014-OEFA/DE
-81.23477,-4.51891,1232,VII/VI,Pozo mal abandonado,2016,Bajo,Bajo,Bajo,Cuenca Pariñas,Región Hidrografica del Pacífico,Piura,Talara,Pariñas,221-2016-OEFA/DE
-81.18061,-4.4557,1233,IV,"Pozo mal abandonado, suelos contaminados con efluente o derrame",2014,Medio,Medio,Medio,Cuenca Pariñas,Región Hidrografica del Pacífico,Piura,Talara,Pariñas,21-2015-OEFA-DE
-81.26534,-4.44066,1234,VII/VI,"Pozo mal abandonado, emisiones",2014,Medio,Medio,Medio,Intercuenca 13931,Región Hidrografica del Pacífico,Piura,Talara,Lobitos,233-2014-OEFA/DE
-81.17542,-4.48406,1295,IV,Pozo mal abandonado,2014,Bajo,Bajo,Bajo,Cuenca Pariñas,Región Hidrografica del Pacífico,Piura,Talara,Pariñas,231-2014-OEFA/DE
-81.21902,-4.28001,1296,X,Pozo mal abandonado,2018,Bajo,Bajo,Bajo,Intercuenca 13931,Región Hidrografica del Pacífico,Piura,Talara,El Alto,Oficio N° 257-2018-OEFA/DEAM
-81.15566,-4.47102,1297,IV,Pozo mal abandonado,2014,Bajo,Bajo,Bajo,Cuenca Pariñas,Región Hidrografica del Pacífico,Piura,Talara,Pariñas,231-2014-OEFA/DE
-81.1616,-4.44806,1298,IV,Pozo mal abandonado,2014,Bajo,Bajo,Bajo,Cuenca Pariñas,Región Hidrografica del Pacífico,Piura,Talara,Pariñas,231-2014-OEFA/DE
-81.21447,-4.6283,1351,VII/VI,"Pozo mal abandonado, emisiones, restos o depósitos de residuos",2013,Medio,Medio,Medio,Intercuenca 1391,Región Hidrografica del Pacífico,Piura,Talara,La Brea,231-2014-OEFA/DE
-81.25681,-4.69254,1352,VII/VI,"Pozo mal abandonado, suelos contaminados con efluente o derrame",2015,Medio,Medio,Medio,Intercuenca 1391,Región Hidrografica del Pacífico,Piura,Talara,La Brea,017-2016-OEFA/DE
-81.27302,-4.71146,1353,VII/VI,"Pozo mal abandonado, suelos contaminados con efluente o derrame",2015,Medio,Medio,Medio,Intercuenca 1391,Región Hidrografica del Pacífico,Piura,Talara,La Brea,017-2016-OEFA/DE
-81.19474,-4.65152,1354,VII/VI,"Pozo mal abandonado, emisiones",2013,Medio,Medio,Medio,Intercuenca 1391,Región Hidrografica del Pacífico,Piura,Talara,La Brea,231-2014-OEFA/DE
-81.23979,-4.61681,1415,VII/VI,"Pozo mal abandonado, suelos contaminados con efluente o derrame",2015,Medio,Medio,Medio,Intercuenca 1391,Región Hidrografica del Pacífico,Piura,Talara,La Brea,017-2016-OEFA/DE
-81.24186,-4.61937,1416,VII/VI,"Pozo mal abandonado, suelos contaminados con efluente o derrame, emisiones",2015,Medio,Medio,Medio,Intercuenca 1391,Región Hidrografica del Pacífico,Piura,Talara,La Brea,017-2016-OEFA/DE
-81.26297,-4.70174,1417,VII/VI,"Pozo mal abandonado, suelos contaminados con efluente o derrame",2015,Medio,Medio,Medio,Intercuenca 1391,Región Hidrografica del Pacífico,Piura,Talara,La Brea,017-2016-OEFA/DE
-81.26257,-4.69741,1418,VII/VI,"Pozo mal abandonado, suelos contaminados con efluente o derrame, emisiones",2015,Medio,Medio,Medio,Intercuenca 1391,Región Hidrografica del Pacífico,Piura,Talara,La Brea,017-2016-OEFA/DE
-81.2463,-4.50441,1235,VII/VI,Pozo mal abandonado,2016,Bajo,Bajo,Bajo,Cuenca Pariñas,Región Hidrografica del Pacífico,Piura,Talara,Pariñas,221-2016-OEFA/DE
-81.16838,-4.45235,1236,IV,Pozo mal abandonado,2014,Bajo,Bajo,Bajo,Cuenca Pariñas,Región Hidrografica del Pacífico,Piura,Talara,Pariñas,21-2015-OEFA-DE
-81.2648,-4.44963,1237,VII/VI,"Pozo mal abandonado, instalaciones mal abandonadas, suelos contaminados con efluente o derrame, emisiones",2014,Medio,Medio,Medio,Intercuenca 13931,Región Hidrografica del Pacífico,Piura,Talara,Lobitos,233-2014-OEFA/DE
-81.26169,-4.48015,1238,VII/VI,"Pozo mal abandonado, suelos contaminados con efluente o derrame",2016,Medio,Medio,Medio,Cuenca Pariñas,Región Hidrografica del Pacífico,Piura,Talara,Lobitos,221-2016-OEFA/DE
-81.1931,-4.60073,1299,IV,Pozo mal abandonado,2014,Bajo,Bajo,Bajo,Intercuenca 1391,Región Hidrografica del Pacífico,Piura,Talara,Pariñas,231-2014-OEFA/DE
-81.11899,-4.59695,1300,IV,"Pozo mal abandonado, suelos contaminados con efluente o derrame, emisiones",2014,Medio,Medio,Medio,Intercuenca 1391,Región Hidrografica del Pacífico,Piura,Talara,Pariñas,0009-2015-OEFA/DE
-81.20107,-4.59356,1301,IV,"Pozo mal abandonado, instalaciones mal abandonadas, suelos contaminados con efluente o derrame, restos o depósitos de residuos",2014,Medio,Medio,Medio,Intercuenca 1391,Región Hidrografica del Pacífico,Piura,Talara,Pariñas,231-2014-OEFA/DE
-81.18251,-4.57288,1302,IV,"Pozo mal abandonado, emisiones",2014,Medio,Medio,Medio,Intercuenca 1391,Región Hidrografica del Pacífico,Piura,Talara,Pariñas,231-2014-OEFA/DE
-81.21168,-4.63791,1355,VII/VI,Pozo mal abandonado,2015,Bajo,Bajo,Bajo,Intercuenca 1391,Región Hidrografica del Pacífico,Piura,Talara,La Brea,017-2016-OEFA/DE
-81.24263,-4.62567,1356,VII/VI,"Pozo mal abandonado, emisiones",2015,Medio,Medio,Medio,Intercuenca 1391,Región Hidrografica del Pacífico,Piura,Talara,La Brea,017-2016-OEFA/DE
-81.24712,-4.62924,1357,VII/VI,"Pozo mal abandonado, emisiones",2015,Medio,Medio,Medio,Intercuenca 1391,Región Hidrografica del Pacífico,Piura,Talara,La Brea,017-2016-OEFA/DE
-81.24778,-4.63059,1358,VII/VI,"Pozo mal abandonado, suelos contaminados con efluente o derrame, emisiones",2015,Medio,Medio,Medio,Intercuenca 1391,Región Hidrografica del Pacífico,Piura,Talara,La Brea,017-2016-OEFA/DE
-81.25911,-4.69486,1419,VII/VI,"Pozo mal abandonado, suelos contaminados con efluente o derrame, emisiones",2015,Medio,Medio,Medio,Intercuenca 1391,Región Hidrografica del Pacífico,Piura,Talara,La Brea,017-2016-OEFA/DE
-81.2622,-4.69123,1420,VII/VI,"Pozo mal abandonado, suelos contaminados con efluente o derrame",2015,Medio,Medio,Medio,Intercuenca 1391,Región Hidrografica del Pacífico,Piura,Talara,La Brea,017-2016-OEFA/DE
-81.26319,-4.691,1421,VII/VI,"Pozo mal abandonado, suelos contaminados con efluente o derrame",2015,Medio,Medio,Medio,Intercuenca 1391,Región Hidrografica del Pacífico,Piura,Talara,La Brea,017-2016-OEFA/DE
-81.3009,-4.66721,1422,VII/VI,"Pozo mal abandonado, suelos contaminados con efluente o derrame",2015,Medio,Medio,Medio,Intercuenca 1391,Región Hidrografica del Pacífico,Piura,Talara,La Brea,017-2016-OEFA/DE
-81.18716,-4.48553,1239,IV,Pozo mal abandonado,2014,Bajo,Bajo,Bajo,Cuenca Pariñas,Región Hidrografica del Pacífico,Piura,Talara,Pariñas,21-2015-OEFA-DE
-81.29085,-4.48706,1240,VII/VI,Pozo mal abandonado,2016,Bajo,Bajo,Bajo,Intercuenca 13931,Región Hidrografica del Pacífico,Piura,Talara,Lobitos,221-2016-OEFA/DE
-81.18653,-4.47619,1241,IV,Pozo mal abandonado,2014,Bajo,Bajo,Bajo,Cuenca Pariñas,Región Hidrografica del Pacífico,Piura,Talara,Pariñas,21-2015-OEFA-DE
-81.25035,-4.67296,1242,VII/VI,"Pozo mal abandonado, suelos contaminados con efluente o derrame",2014,Bajo,Medio,Medio,Intercuenca 1391,Región Hidrografica del Pacífico,Piura,Talara,La Brea,231-2014-OEFA/DE
-81.28969,-4.68186,1303,VII/VI,Pozo mal abandonado,2013,Bajo,Bajo,Bajo,Intercuenca 1391,Región Hidrografica del Pacífico,Piura,Talara,La Brea,020-2015-OEFA/DE
-81.2033,-4.59137,1304,IV,"Pozo mal abandonado, restos o depósitos de residuos",2014,Bajo,Bajo,Bajo,Intercuenca 1391,Región Hidrografica del Pacífico,Piura,Talara,Pariñas,231-2014-OEFA/DE
-81.23275,-4.65524,1305,VII/VI,"Pozo mal abandonado, emisiones",2013,Medio,Medio,Medio,Intercuenca 1391,Región Hidrografica del Pacífico,Piura,Talara,La Brea,020-2015-OEFA/DE
-81.18222,-4.57888,1306,IV,"Pozo mal abandonado, suelos contaminados con efluente o derrame",2014,Bajo,Bajo,Bajo,Intercuenca 1391,Región Hidrografica del Pacífico,Piura,Talara,Pariñas,231-2014-OEFA/DE
-81.24028,-4.63165,1359,VII/VI,"Pozo mal abandonado, suelos contaminados con efluente o derrame, emisiones",2015,Medio,Medio,Medio,Intercuenca 1391,Región Hidrografica del Pacífico,Piura,Talara,La Brea,017-2016-OEFA/DE
-81.24074,-4.63451,1360,VII/VI,"Pozo mal abandonado, suelos contaminados con efluente o derrame, restos o depósitos de residuos",2015,Medio,Medio,Medio,Intercuenca 1391,Región Hidrografica del Pacífico,Piura,Talara,La Brea,017-2016-OEFA/DE
-81.2432,-4.63869,1361,VII/VI,"Pozo mal abandonado, suelos contaminados con efluente o derrame, emisiones",2015,Medio,Medio,Medio,Intercuenca 1391,Región Hidrografica del Pacífico,Piura,Talara,La Brea,017-2016-OEFA/DE
-81.24317,-4.63674,1362,VII/VI,"Pozo mal abandonado, emisiones",2015,Medio,Medio,Medio,Intercuenca 1391,Región Hidrografica del Pacífico,Piura,Talara,La Brea,017-2016-OEFA/DE
-81.30179,-4.66715,1423,VII/VI,"Pozo mal abandonado, suelos contaminados con efluente o derrame",2015,Medio,Medio,Medio,Intercuenca 1391,Región Hidrografica del Pacífico,Piura,Talara,La Brea,017-2016-OEFA/DE
-80.98319,-4.20031,1424,Área XLIII,"Pozo mal abandonado, afloramiento de hidrocarburos y suelo contaminado en el área circundante al pozo",2018,Medio,Medio,Medio,Cuenca Fernández,Región Hidrografica del Pacífico,Piura,Talara,Los Órganos,Oficio N° 257-2018-OEFA/DEAM
-81.28422,-4.46676,1425,VII/VI,Suelos contaminados con efluente o derrame,2014,Medio,Medio,Medio,Intercuenca 13931,Región Hidrografica del Pacífico,Piura,Talara,Lobitos,20-2015-OEFA/DE
-81.29923,-4.65003,1426,VII/VI,"Pozo mal abandonado, suelos contaminados con efluente o derrame",2015,Medio,Medio,Medio,Intercuenca 1391,Región Hidrografica del Pacífico,Piura,Talara,La Brea,017-2016-OEFA/DE
-81.16048,-4.51147,1243,IV,Pozo mal abandonado,2014,Bajo,Bajo,Bajo,Cuenca Pariñas,Región Hidrografica del Pacífico,Piura,Talara,Pariñas,21-2015-OEFA-DE
-81.25274,-4.67036,1244,VII/VI,Pozo mal abandonado,2014,Bajo,Bajo,Bajo,Intercuenca 1391,Región Hidrografica del Pacífico,Piura,Talara,La Brea,231-2014-OEFA/DE
-81.259,-4.68982,1245,VII/VI,Instalaciones mal abandonadas,2016,Bajo,Bajo,Bajo,Intercuenca 1391,Región Hidrografica del Pacífico,Piura,Talara,La Brea,198-2016-OEFA/DE
-81.1801,-4.47547,1246,IV,Pozo mal abandonado,2014,Bajo,Bajo,Bajo,Cuenca Pariñas,Región Hidrografica del Pacífico,Piura,Talara,Pariñas,21-2015-OEFA-DE
-81.19883,-4.64358,1307,VII/VI,"Pozo mal abandonado, emisiones",2013,Medio,Medio,Medio,Intercuenca 1391,Región Hidrografica del Pacífico,Piura,Talara,La Brea,20-2015-OEFA/DE
-81.14058,-4.46987,1308,IV,Pozo mal abandonado,2014,Bajo,Bajo,Bajo,Cuenca Pariñas,Región Hidrografica del Pacífico,Piura,Talara,Pariñas,231-2014-OEFA/DE
-81.19887,-4.64246,1309,VII/VI,Pozo mal abandonado,2013,Bajo,Bajo,Bajo,Intercuenca 1391,Región Hidrografica del Pacífico,Piura,Talara,La Brea,020-2015-OEFA/DE
-81.16763,-4.47283,1310,IV,Pozo mal abandonado,2014,Bajo,Bajo,Bajo,Cuenca Pariñas,Región Hidrografica del Pacífico,Piura,Talara,Pariñas,231-2014-OEFA/DE
-81.24357,-4.63504,1363,VII/VI,Pozo mal abandonado,2015,Bajo,Bajo,Bajo,Intercuenca 1391,Región Hidrografica del Pacífico,Piura,Talara,La Brea,017-2016-OEFA/DE
-81.27064,-4.66711,1364,VII/VI,"Pozo mal abandonado, suelos contaminados con efluente o derrame, emisiones",2015,Medio,Medio,Medio,Intercuenca 1391,Región Hidrografica del Pacífico,Piura,Talara,La Brea,017-2016-OEFA/DE
-81.24737,-4.6789,1365,VII/VI,"Pozo mal abandonado, emisiones",2015,Medio,Medio,Medio,Intercuenca 1391,Región Hidrografica del Pacífico,Piura,Talara,La Brea,017-2016-OEFA/DE
-81.20689,-4.6745,1366,VII/VI,"Pozo mal abandonado, emisiones",2015,Medio,Medio,Medio,Intercuenca 1391,Región Hidrografica del Pacífico,Piura,Talara,La Brea,017-2016-OEFA/DE
-81.30786,-4.67666,1443,VII/VI,"Pozo mal abandonado, suelos contaminados con efluente o derrame",2015,Medio,Medio,Medio,Intercuenca 1391,Región Hidrografica del Pacífico,Piura,Talara,La Brea,017-2016-OEFA/DE
-81.3069,-4.67637,1444,VII/VI,"Pozo mal abandonado, suelos contaminados con efluente o derrame",2015,Medio,Medio,Medio,Intercuenca 1391,Región Hidrografica del Pacífico,Piura,Talara,La Brea,017-2016-OEFA/DE
-81.24651,-4.66914,1445,VII/VI,"Pozo mal abandonado, suelos contaminados con efluente o derrame, emisiones",2014,Medio,Medio,Medio,Intercuenca 1391,Región Hidrografica del Pacífico,Piura,Talara,La Brea,20-2015-OEFA/DE
-81.23538,-4.45954,1446,VII/VI,Pozo mal abandonado,2014,Medio,Medio,Medio,Cuenca Pariñas,Región Hidrografica del Pacífico,Piura,Talara,Lobitos,231-2014-OEFA/DE
-81.22568,-4.66992,1247,VII/VI,"Pozo mal abandonado, suelos contaminados con efluente o derrame",2014,Medio,Medio,Medio,Intercuenca 1391,Región Hidrografica del Pacífico,Piura,Talara,La Brea,231-2014-OEFA/DE
-81.26082,-4.69177,1248,VII/VI,Instalaciones mal abandonadas,2016,Bajo,Bajo,Bajo,Intercuenca 1391,Región Hidrografica del Pacífico,Piura,Talara,La Brea,198-2016-OEFA/DE
-81.18004,-4.45355,1249,IV,Pozo mal abandonado,2014,Bajo,Bajo,Bajo,Cuenca Pariñas,Región Hidrografica del Pacífico,Piura,Talara,Pariñas,21-2015-OEFA-DE
-81.22886,-4.65094,1250,VII/VI,"Pozo mal abandonado, suelos contaminados con efluente o derrame",2013,Medio,Medio,Medio,Intercuenca 1391,Región Hidrografica del Pacífico,Piura,Talara,La Brea,231-2014-OEFA/DE
-81.15824,-4.66377,1311,VII/VI,"Pozo mal abandonado, suelos contaminados con efluente o derrame",2014,Medio,Medio,Medio,Intercuenca 1391,Región Hidrografica del Pacífico,Piura,Talara,La Brea,20-2015-OEFA/DE
-81.26401,-4.46826,1312,VII/VI,"Pozo mal abandonado, suelos contaminados con efluente o derrame, restos o depósitos de residuos",2014,Medio,Medio,Medio,Cuenca Pariñas,Región Hidrografica del Pacífico,Piura,Talara,Lobitos,231-2014-OEFA/DE
-81.17943,-4.65782,1313,VII/VI,Pozo mal abandonado,2014,Bajo,Bajo,Bajo,Intercuenca 1391,Región Hidrografica del Pacífico,Piura,Talara,La Brea,20-2015-OEFA/DE
-81.25077,-4.46557,1314,VII/VI,Pozo mal abandonado,2014,Bajo,Bajo,Bajo,Cuenca Pariñas,Región Hidrografica del Pacífico,Piura,Talara,Lobitos,231-2014-OEFA/DE
-81.21403,-4.64296,1367,VII/VI,"Pozo mal abandonado, emisiones",2015,Medio,Medio,Medio,Intercuenca 1391,Región Hidrografica del Pacífico,Piura,Talara,La Brea,017-2016-OEFA/DE
-81.21509,-4.62401,1368,VII/VI,Pozo mal abandonado,2013,Bajo,Bajo,Bajo,Intercuenca 1391,Región Hidrografica del Pacífico,Piura,Talara,La Brea,231-2014-OEFA/DE
-81.29256,-4.66771,1369,VII/VI,"Pozo mal abandonado, suelos contaminados con efluente o derrame, emisiones",2015,Medio,Medio,Medio,Intercuenca 1391,Región Hidrografica del Pacífico,Piura,Talara,La Brea,017-2016-OEFA/DE
-81.28995,-4.66987,1370,VII/VI,"Pozo mal abandonado, suelos contaminados con efluente o derrame",2015,Medio,Medio,Medio,Intercuenca 1391,Región Hidrografica del Pacífico,Piura,Talara,La Brea,017-2016-OEFA/DE
-81.29587,-4.64455,1427,VII/VI,Pozo mal abandonado,2015,Bajo,Bajo,Bajo,Intercuenca 1391,Región Hidrografica del Pacífico,Piura,Talara,La Brea,017-2016-OEFA/DE
-81.2933,-4.64694,1428,VII/VI,Pozo mal abandonado,2015,Bajo,Bajo,Bajo,Intercuenca 1391,Región Hidrografica del Pacífico,Piura,Talara,La Brea,017-2016-OEFA/DE
-81.29001,-4.64837,1429,VII/VI,Pozo mal abandonado,2015,Bajo,Bajo,Bajo,Intercuenca 1391,Región Hidrografica del Pacífico,Piura,Talara,La Brea,017-2016-OEFA/DE
-81.29874,-4.70875,1430,VII/VI,"Pozo mal abandonado, emisiones",2015,Medio,Medio,Medio,Intercuenca 1391,Región Hidrografica del Pacífico,Piura,Talara,La Brea,017-2016-OEFA/DE
-81.26246,-4.68981,1251,VII/VI,Instalaciones mal abandonadas,2016,Bajo,Bajo,Bajo,Intercuenca 1391,Región Hidrografica del Pacífico,Piura,Talara,La Brea,198-2016-OEFA/DE
-81.26353,-4.438,1252,VII/VI,Instalaciones mal abandonadas,2014,Medio,Medio,Medio,Intercuenca 13931,Región Hidrografica del Pacífico,Piura,Talara,Lobitos,21-2015-OEFA-DE
-81.22836,-4.64665,1253,VII/VI,"Pozo mal abandonado, suelos contaminados con efluente o derrame",2013,Medio,Medio,Medio,Intercuenca 1391,Región Hidrografica del Pacífico,Piura,Talara,La Brea,231-2014-OEFA/DE
-81.29319,-4.50198,1254,VII/VI,Suelos contaminados con efluente o derrame,2016,Medio,Medio,Medio,Intercuenca 13931,Región Hidrografica del Pacífico,Piura,Talara,Pariñas,198-2016-OEFA/DE
-81.26781,-4.69769,1315,VII/VI,"Pozo mal abandonado, suelos contaminados con efluente o derrame",2014,Medio,Medio,Medio,Intercuenca 1391,Región Hidrografica del Pacífico,Piura,Talara,La Brea,20-2015-OEFA/DE
-81.25428,-4.65606,1316,VII/VI,Pozo mal abandonado con presencia de suelo contaminado alrededor del mismo con emisiones fugitivas,2015,Medio,Medio,Medio,Intercuenca 1391,Región Hidrografica del Pacífico,Piura,Talara,La Brea,Oficio circular N°077-2017-OEFA/DE
-81.17497,-4.45107,1317,IV,"Pozo mal abandonado, suelos contaminados con efluente o derrame",2014,Medio,Medio,Medio,Cuenca Pariñas,Región Hidrografica del Pacífico,Piura,Talara,Pariñas,20-2015-OEFA/DE
-81.2583,-4.68634,1318,VII/VI,"Pozo mal abandonado, suelos contaminados con efluente o derrame",2013,Medio,Medio,Medio,Intercuenca 1391,Región Hidrografica del Pacífico,Piura,Talara,La Brea,231-2014-OEFA/DE
-81.21592,-4.67232,1371,VII/VI,"Pozo mal abandonado, suelos contaminados con efluente o derrame, emisiones",2015,Medio,Medio,Medio,Intercuenca 1391,Región Hidrografica del Pacífico,Piura,Talara,La Brea,017-2016-OEFA/DE
-81.2436,-4.67618,1372,VII/VI,"Pozo mal abandonado, emisiones",2015,Medio,Medio,Medio,Intercuenca 1391,Región Hidrografica del Pacífico,Piura,Talara,La Brea,017-2016-OEFA/DE
-81.20595,-4.66044,1373,VII/VI,Pozo mal abandonado,2015,Bajo,Bajo,Bajo,Intercuenca 1391,Región Hidrografica del Pacífico,Piura,Talara,La Brea,017-2016-OEFA/DE
-81.12368,-4.64875,1374,III,"Pozo mal abandonado, suelos contaminados con efluente o derrame, restos o depósitos de residuos",2014,Medio,Medio,Medio,Intercuenca 1391,Región Hidrografica del Pacífico,Piura,Talara,La Brea,0009-2015-OEFA/DE
-81.2723,-4.70503,1435,VII/VI,"Pozo mal abandonado, suelos contaminados con efluente o derrame",2015,Medio,Medio,Medio,Intercuenca 1391,Región Hidrografica del Pacífico,Piura,Talara,La Brea,017-2016-OEFA/DE
-81.27767,-4.70302,1436,VII/VI,"Pozo mal abandonado, suelos contaminados con efluente o derrame",2015,Medio,Medio,Medio,Intercuenca 1391,Región Hidrografica del Pacífico,Piura,Talara,La Brea,017-2016-OEFA/DE
-81.28023,-4.65025,1437,VII/VI,"Pozo mal abandonado, suelos contaminados con efluente o derrame",2015,Medio,Medio,Medio,Intercuenca 1391,Región Hidrografica del Pacífico,Piura,Talara,La Brea,017-2016-OEFA/DE
-81.17389,-4.65491,1438,VII/VI,"Pozo mal abandonado, suelos contaminados con efluente o derrame",2015,Medio,Medio,Medio,Intercuenca 1391,Región Hidrografica del Pacífico,Piura,Talara,La Brea,017-2016-OEFA/DE
-81.24232,-4.49322,1255,VII/VI,"Pozo mal abandonado, instalaciones mal abandonadas, suelos contaminados con efluente o derrame",2014,Medio,Medio,Medio,Cuenca Pariñas,Región Hidrografica del Pacífico,Piura,Talara,Pariñas,21-2015-OEFA-DE
-81.24047,-4.50168,1256,VII/VI,Pozo mal abandonado,2014,Bajo,Bajo,Bajo,Cuenca Pariñas,Región Hidrografica del Pacífico,Piura,Talara,Pariñas,231-2014-OEFA/DE
-81.14894,-4.52975,1257,IV,"Pozo mal abandonado, suelos contaminados con efluente o derrame, restos o depósitos de residuos",2014,Medio,Medio,Medio,Cuenca Pariñas,Región Hidrografica del Pacífico,Piura,Talara,Pariñas,0009-2015-OEFA/DE
-81.26538,-4.70172,1258,VII/VI,"Instalaciones mal abandonadas, suelos contaminados con efluente o derrame",2016,Medio,Medio,Medio,Intercuenca 1391,Región Hidrografica del Pacífico,Piura,Talara,La Brea,198-2016-OEFA/DE
-81.12655,-4.65179,1319,III,"Pozo mal abandonado, suelos contaminados con efluente o derrame, restos o depósitos de residuos",2014,Medio,Medio,Medio,Intercuenca 1391,Región Hidrografica del Pacífico,Piura,Talara,La Brea,0009-2015-OEFA/DE
-81.30049,-4.66601,1320,VII/VI,"Pozo mal abandonado,  presenta emisiones gaseosas fugitivas",2015,Medio,Alto,Medio,Intercuenca 1391,Región Hidrografica del Pacífico,Piura,Talara,La Brea,Oficio circular N° 009-2015-OEFA/DE
-81.29785,-4.65738,1321,VII/VI,"Pozo mal abandonado, que presenta emisiones gaseosas fugitivas y  suelo contaminado en el área circundante al mismo",2015,Alto,Alto,Alto,Intercuenca 1391,Región Hidrografica del Pacífico,Piura,Talara,La Brea,Oficio circular N° 009-2015-OEFA/DE
-81.21207,-4.65827,1375,VII/VI,"Pozo mal abandonado, suelos contaminados con efluente o derrame, emisiones",2015,Medio,Medio,Medio,Intercuenca 1391,Región Hidrografica del Pacífico,Piura,Talara,La Brea,017-2016-OEFA/DE
-81.2114,-4.6508,1376,VII/VI,"Pozo mal abandonado, suelos contaminados con efluente o derrame, emisiones",2015,Medio,Medio,Medio,Intercuenca 1391,Región Hidrografica del Pacífico,Piura,Talara,La Brea,017-2016-OEFA/DE
-81.20685,-4.64604,1377,VII/VI,"Pozo mal abandonado, suelos contaminados con efluente o derrame, emisiones",2015,Medio,Medio,Medio,Intercuenca 1391,Región Hidrografica del Pacífico,Piura,Talara,La Brea,017-2016-OEFA/DE
-81.21969,-4.64058,1378,VII/VI,"Pozo mal abandonado, suelos contaminados con efluente o derrame",2015,Medio,Medio,Medio,Intercuenca 1391,Región Hidrografica del Pacífico,Piura,Talara,La Brea,017-2016-OEFA/DE
-81.29785,-4.68,1447,VII/VI,"Pozo mal abandonado, suelos contaminados con efluente o derrame",2015,Medio,Medio,Medio,Intercuenca 1391,Región Hidrografica del Pacífico,Piura,Talara,La Brea,017-2016-OEFA/DE
-81.30868,-4.67315,1448,VII/VI,"Pozo mal abandonado, suelos contaminados con efluente o derrame",2015,Medio,Medio,Medio,Intercuenca 1391,Región Hidrografica del Pacífico,Piura,Talara,La Brea,017-2016-OEFA/DE
-81.30939,-4.67251,1449,VII/VI,"Pozo mal abandonado, suelos contaminados con efluente o derrame",2015,Medio,Medio,Medio,Intercuenca 1391,Región Hidrografica del Pacífico,Piura,Talara,La Brea,017-2016-OEFA/DE
-81.26084,-4.69926,1450,VII/VI,"Pozo mal abandonado, suelos contaminados con efluente o derrame",2015,Medio,Medio,Medio,Intercuenca 1391,Región Hidrografica del Pacífico,Piura,Talara,La Brea,017-2016-OEFA/DE
-81.16607,-4.66171,1259,VII/VI,"Pozo mal abandonado, suelos contaminados con efluente o derrame, emisiones",2014,Medio,Medio,Medio,Intercuenca 1391,Región Hidrografica del Pacífico,Piura,Talara,La Brea,21-2015-OEFA-DE
-81.26062,-4.45727,1260,VII/VI,"Pozo mal abandonado, suelos contaminados con efluente o derrame",2014,Medio,Medio,Medio,Intercuenca 13931,Región Hidrografica del Pacífico,Piura,Talara,Lobitos,231-2014-OEFA/DE
-81.28413,-4.71806,1261,VII/VI,Suelos contaminados con efluente o derrame,2016,Medio,Medio,Medio,Intercuenca 1391,Región Hidrografica del Pacífico,Piura,Talara,La Brea,198-2016-OEFA/DE
-81.18176,-4.65805,1262,VII/VI,"Pozo mal abandonado, emisiones",2014,Medio,Medio,Medio,Intercuenca 1391,Región Hidrografica del Pacífico,Piura,Talara,La Brea,21-2015-OEFA-DE
-81.24011,-4.61622,1322,VII/VI,"Pozo mal abandonado, que presenta emisiones gaseosas fugitivas y  suelo contaminado en el área circundante al mismo",2015,Medio,Alto,Medio,Intercuenca 1391,Región Hidrografica del Pacífico,Piura,Talara,La Brea,Oficio circular N° 009-2015-OEFA/DE
-81.23821,-4.61606,1323,VII/VI,"Pozo mal abandonado, que presenta emisiones gaseosas fugitivas y  suelo contaminado en el área circundante al mismo",2015,Medio,Alto,Medio,Intercuenca 1391,Región Hidrografica del Pacífico,Piura,Talara,La Brea,Oficio circular N° 009-2015-OEFA/DE
-81.13014,-4.65847,1324,III,"Pozo mal abandonado, suelos contaminados con efluente o derrame",2014,Medio,Medio,Medio,Intercuenca 1391,Región Hidrografica del Pacífico,Piura,Talara,La Brea,20-2015-OEFA/DE
-81.28217,-4.46022,1379,VII/VI,Pozo mal abandonado,2014,Medio,Medio,Bajo,Intercuenca 13931,Región Hidrografica del Pacífico,Piura,Talara,Lobitos,20-2015-OEFA/DE
-81.25245,-4.68746,1380,VII/VI,"Pozo mal abandonado, suelos contaminados con efluente o derrame",2013,Medio,Medio,Medio,Intercuenca 1391,Región Hidrografica del Pacífico,Piura,Talara,La Brea,231-2014-OEFA/DE
-81.22972,-4.64111,1381,VII/VI,Pozo mal abandonado,2015,Bajo,Bajo,Bajo,Intercuenca 1391,Región Hidrografica del Pacífico,Piura,Talara,La Brea,017-2016-OEFA/DE
-81.2216,-4.63013,1382,VII/VI,Pozo mal abandonado,2015,Bajo,Bajo,Bajo,Intercuenca 1391,Región Hidrografica del Pacífico,Piura,Talara,La Brea,017-2016-OEFA/DE
-81.28291,-4.71335,1431,VII/VI,"Pozo mal abandonado, suelos contaminados con efluente o derrame",2015,Medio,Medio,Medio,Intercuenca 1391,Región Hidrografica del Pacífico,Piura,Talara,La Brea,017-2016-OEFA/DE
-81.28318,-4.7116,1432,VII/VI,"Pozo mal abandonado, suelos contaminados con efluente o derrame",2015,Medio,Medio,Medio,Intercuenca 1391,Región Hidrografica del Pacífico,Piura,Talara,La Brea,017-2016-OEFA/DE
-81.27028,-4.70475,1433,VII/VI,"Pozo mal abandonado, suelos contaminados con efluente o derrame",2015,Medio,Medio,Medio,Intercuenca 1391,Región Hidrografica del Pacífico,Piura,Talara,La Brea,017-2016-OEFA/DE
-81.28098,-4.45855,1434,VII/VI,"Pozo mal abandonado, suelos contaminados con efluente o derrame",2014,Medio,Medio,Medio,Intercuenca 13931,Región Hidrografica del Pacífico,Piura,Talara,Lobitos,20-2015-OEFA/DE
-81.18309,-4.56781,1263,VII/VI,"Pozo mal abandonado, emisiones",2014,Medio,Medio,Medio,Intercuenca 1391,Región Hidrografica del Pacífico,Piura,Talara,Pariñas,231-2014-OEFA/DE
-81.29694,-4.71392,1264,VII/VI,Suelos contaminados con efluente o derrame,2016,Medio,Medio,Medio,Intercuenca 1391,Región Hidrografica del Pacífico,Piura,Talara,La Brea,198-2016-OEFA/DE
-81.29378,-4.45774,1265,VII/VI,Pozo mal abandonado,2014,Medio,Medio,Medio,Intercuenca 13931,Región Hidrografica del Pacífico,Piura,Talara,Lobitos,231-2014-OEFA/DE
-81.29076,-4.49993,1266,VII/VI,Suelos contaminados con efluente o derrame,2016,Medio,Medio,Medio,Intercuenca 13931,Región Hidrografica del Pacífico,Piura,Talara,Pariñas,198-2016-OEFA/DE
-81.25845,-4.68987,1325,VII/VI,"Pozo mal abandonado, suelos contaminados con efluente o derrame, restos o depósitos de residuos",2013,Medio,Medio,Medio,Intercuenca 1391,Región Hidrografica del Pacífico,Piura,Talara,La Brea,231-2014-OEFA/DE
-81.2362,-4.61697,1326,VII/VI,"Pozo mal abandonado, que presenta emisiones gaseosas fugitivas y  suelo contaminado en el área circundante al mismo",2015,Medio,Alto,Medio,Intercuenca 1391,Región Hidrografica del Pacífico,Piura,Talara,La Brea,Oficio circular N° 009-2015-OEFA/DE
-81.23328,-4.62146,1327,VII/VI,"Pozo mal abandonado, que presenta emisiones gaseosas fugitivas y  suelo contaminado en el área circundante al mismo",2015,Medio,Alto,Medio,Intercuenca 1391,Región Hidrografica del Pacífico,Piura,Talara,La Brea,Oficio circular N° 009-2015-OEFA/DE
-81.21609,-4.62796,1383,VII/VI,"Pozo mal abandonado, suelos contaminados con efluente o derrame",2015,Medio,Medio,Medio,Intercuenca 1391,Región Hidrografica del Pacífico,Piura,Talara,La Brea,017-2016-OEFA/DE
-81.20126,-4.64305,1384,VII/VI,"Pozo mal abandonado, suelos contaminados con efluente o derrame",2015,Medio,Medio,Medio,Intercuenca 1391,Región Hidrografica del Pacífico,Piura,Talara,La Brea,017-2016-OEFA/DE
-81.19006,-4.65076,1385,VII/VI,Pozo mal abandonado,2015,Bajo,Bajo,Bajo,Intercuenca 1391,Región Hidrografica del Pacífico,Piura,Talara,La Brea,017-2016-OEFA/DE
-81.28115,-4.45889,1386,VII/VI,Pozo mal abandonado,2014,Medio,Medio,Bajo,Intercuenca 13931,Región Hidrografica del Pacífico,Piura,Talara,Lobitos,20-2015-OEFA/DE
-81.28467,-4.64308,1439,VII/VI,"Pozo mal abandonado, suelos contaminados con efluente o derrame",2015,Medio,Medio,Medio,Intercuenca 1391,Región Hidrografica del Pacífico,Piura,Talara,La Brea,017-2016-OEFA/DE
-81.28859,-4.65382,1440,VII/VI,"Pozo mal abandonado, suelos contaminados con efluente o derrame, emisiones",2015,Medio,Medio,Medio,Intercuenca 1391,Región Hidrografica del Pacífico,Piura,Talara,La Brea,017-2016-OEFA/DE
-81.28767,-4.6467,1441,VII/VI,Pozo mal abandonado,2015,Bajo,Bajo,Bajo,Intercuenca 1391,Región Hidrografica del Pacífico,Piura,Talara,La Brea,017-2016-OEFA/DE
-81.30784,-4.67818,1442,VII/VI,"Pozo mal abandonado, suelos contaminados con efluente o derrame",2015,Medio,Medio,Medio,Intercuenca 1391,Región Hidrografica del Pacífico,Piura,Talara,La Brea,017-2016-OEFA/DE
-81.23688,-4.66915,1267,VII/VI,"Pozo mal abandonado, suelos contaminados con efluente o derrame, emisiones",2013,Medio,Medio,Medio,Intercuenca 1391,Región Hidrografica del Pacífico,Piura,Talara,La Brea,021-2015-OEFA-DE
-81.23841,-4.55884,1268,I,Pozo mal abandonado,2014,Bajo,Bajo,Bajo,Intercuenca 1391,Región Hidrografica del Pacífico,Piura,Talara,Pariñas,231-2014-OEFA/DE
-81.23245,-4.65002,1269,VII/VI,"Instalaciones mal abandonadas, suelos contaminados con efluente o derrame",2016,Medio,Medio,Medio,Intercuenca 1391,Región Hidrografica del Pacífico,Piura,Talara,La Brea,198-2016-OEFA/DE
-81.23724,-4.67208,1270,VII/VI,"Pozo mal abandonado, emisiones",2013,Medio,Medio,Medio,Intercuenca 1391,Región Hidrografica del Pacífico,Piura,Talara,La Brea,021-2015-OEFA-DE
-81.23738,-4.62208,1328,VII/VI,"Pozo mal abandonado, que presenta emisiones gaseosas fugitivas y  suelo contaminado en el área circundante al mismo",2015,Medio,Alto,Medio,Intercuenca 1391,Región Hidrografica del Pacífico,Piura,Talara,La Brea,Oficio circular N° 009-2015-OEFA/DE
-81.23439,-4.62268,1329,VII/VI,"Pozo mal abandonado, que presenta emisiones gaseosas fugitivas y  suelo contaminado en el área circundante al mismo",2015,Medio,Alto,Alto,Intercuenca 1391,Región Hidrografica del Pacífico,Piura,Talara,La Brea,Oficio circular N° 009-2015-OEFA/DE
-81.29585,-4.65192,1330,VII/VI,"Pozo mal abandonado,  presenta emisiones gaseosas fugitivas",2015,Bajo,Alto,Bajo,Intercuenca 1391,Región Hidrografica del Pacífico,Piura,Talara,La Brea,Oficio circular N° 009-2015-OEFA/DE
-81.24547,-4.68182,1387,VII/VI,"Pozo mal abandonado, suelos contaminados con efluente o derrame",2013,Medio,Medio,Medio,Intercuenca 1391,Región Hidrografica del Pacífico,Piura,Talara,La Brea,231-2014-OEFA/DE
-81.1794,-4.6501,1388,VII/VI,Pozo mal abandonado,2015,Bajo,Bajo,Bajo,Intercuenca 1391,Región Hidrografica del Pacífico,Piura,Talara,La Brea,017-2016-OEFA/DE
-81.17645,-4.65389,1389,VII/VI,"Pozo mal abandonado, suelos contaminados con efluente o derrame",2015,Medio,Medio,Medio,Intercuenca 1391,Región Hidrografica del Pacífico,Piura,Talara,La Brea,017-2016-OEFA/DE
-81.21125,-4.66329,1390,VII/VI,Pozo mal abandonado,2015,Bajo,Bajo,Bajo,Intercuenca 1391,Región Hidrografica del Pacífico,Piura,Talara,La Brea,017-2016-OEFA/DE
-81.24145,-4.47546,1207,VII/VI,Pozo mal abandonado,2016,Bajo,Bajo,Bajo,Cuenca Pariñas,Región Hidrografica del Pacífico,Piura,Talara,Lobitos,221-2016-OEFA/DE
-81.25147,-4.66907,1208,VII/VI,"Pozo mal abandonado, suelos contaminados con efluente o derrame, emisiones",2014,Medio,Medio,Medio,Intercuenca 1391,Región Hidrografica del Pacífico,Piura,Talara,La Brea,233-2014-OEFA/DE
-81.17189,-4.44176,1209,VII/VI,Pozo mal abandonado,2016,Bajo,Bajo,Bajo,Cuenca Pariñas,Región Hidrografica del Pacífico,Piura,Talara,Lobitos,221-2016-OEFA/DE
-81.25131,-4.6677,1210,VII/VI,"Pozo mal abandonado, suelos contaminados con efluente o derrame, emisiones",2014,Medio,Medio,Medio,Intercuenca 1391,Región Hidrografica del Pacífico,Piura,Talara,La Brea,233-2014-OEFA/DE
-81.17667,-4.6525,1271,VII/VI,"Pozo mal abandonado, emisiones",2014,Medio,Medio,Medio,Intercuenca 1391,Región Hidrografica del Pacífico,Piura,Talara,La Brea,231-2014-OEFA/DE
-81.23395,-4.65556,1272,VII/VI,Instalaciones mal abandonadas,2016,Bajo,Bajo,Bajo,Intercuenca 1391,Región Hidrografica del Pacífico,Piura,Talara,La Brea,198-2016-OEFA/DE
-81.2568,-4.68731,1273,VII/VI,"Pozo mal abandonado, emisiones",2013,Medio,Medio,Medio,Intercuenca 1391,Región Hidrografica del Pacífico,Piura,Talara,La Brea,21-2015-OEFA-DE
-81.17539,-4.65304,1274,VII/VI,"Pozo mal abandonado, suelos contaminados con efluente o derrame, emisiones",2014,Medio,Medio,Medio,Intercuenca 1391,Región Hidrografica del Pacífico,Piura,Talara,La Brea,231-2014-OEFA/DE
-81.29395,-4.65036,1331,VII/VI,"Pozo mal abandonado, que presenta emisiones gaseosas fugitivas y  suelo contaminado en el área circundante al mismo",2015,Medio,Alto,Medio,Intercuenca 1391,Región Hidrografica del Pacífico,Piura,Talara,La Brea,Oficio circular N° 009-2015-OEFA/DE
-81.29304,-4.64258,1332,VII/VI,"Pozo mal abandonado, que presenta emisiones gaseosas fugitivas y  suelo contaminado en el área circundante al mismo",2015,Medio,Alto,Medio,Intercuenca 1391,Región Hidrografica del Pacífico,Piura,Talara,La Brea,Oficio circular N° 009-2015-OEFA/DE
-81.25767,-4.69513,1333,VII/VI,Pozo mal abandonado,2014,Medio,Medio,Medio,Intercuenca 1391,Región Hidrografica del Pacífico,Piura,Talara,La Brea,Oficio circular N°077-2017-OEFA/DE
-81.2832,-4.45845,1391,VII/VI,Pozo mal abandonado,2014,Medio,Medio,Bajo,Intercuenca 13931,Región Hidrografica del Pacífico,Piura,Talara,Lobitos,20-2015-OEFA/DE
-81.2549,-4.68886,1392,VII/VI,Pozo mal abandonado,2013,Bajo,Bajo,Bajo,Intercuenca 1391,Región Hidrografica del Pacífico,Piura,Talara,La Brea,231-2014-OEFA/DE
-81.17354,-4.65775,1393,VII/VI,"Pozo mal abandonado, suelos contaminados con efluente o derrame",2015,Medio,Medio,Medio,Intercuenca 1391,Región Hidrografica del Pacífico,Piura,Talara,La Brea,017-2016-OEFA/DE
-81.24964,-4.69561,1394,VII/VI,"Pozo mal abandonado, emisiones",2015,Medio,Medio,Medio,Intercuenca 1391,Región Hidrografica del Pacífico,Piura,Talara,La Brea,017-2016-OEFA/DE
-81.17798,-4.44812,1211,VII/VI,Pozo mal abandonado,2016,Bajo,Bajo,Bajo,Cuenca Pariñas,Región Hidrografica del Pacífico,Piura,Talara,Lobitos,221-2016-OEFA/DE
-81.16954,-4.55091,1212,IX,"Pozo mal abandonado, suelos contaminados con efluente o derrame",2014,Medio,Medio,Medio,Intercuenca 1391,Región Hidrografica del Pacífico,Piura,Talara,Pariñas,21-2015-OEFA-DE
-81.25158,-4.66629,1213,VII/VI,"Pozo mal abandonado, suelos contaminados con efluente o derrame, emisiones",2014,Medio,Medio,Medio,Intercuenca 1391,Región Hidrografica del Pacífico,Piura,Talara,La Brea,233-2014-OEFA/DE
-81.23932,-4.52253,1214,VII/VI,"Pozo mal abandonado, emisiones",2016,Medio,Medio,Medio,Cuenca Pariñas,Región Hidrografica del Pacífico,Piura,Talara,Pariñas,221-2016-OEFA/DE
-81.18653,-4.65856,1275,VII/VI,"Instalaciones mal abandonadas, suelos contaminados con efluente o derrame, restos o depósitos de residuos",2016,Medio,Medio,Medio,Intercuenca 1391,Región Hidrografica del Pacífico,Piura,Talara,La Brea,198-2016-OEFA/DE
-81.23672,-4.66736,1276,VII/VI,"Pozo mal abandonado, emisiones",2013,Medio,Medio,Medio,Intercuenca 1391,Región Hidrografica del Pacífico,Piura,Talara,La Brea,021-2015-OEFA-DE
-81.26277,-4.69933,1277,VII/VI,Pozo mal abandonado,2014,Bajo,Bajo,Bajo,Intercuenca 1391,Región Hidrografica del Pacífico,Piura,Talara,La Brea,231-2014-OEFA/DE
-81.1908,-4.65837,1278,VII/VI,"Instalaciones mal abandonadas, suelos contaminados con efluente o derrame",2016,Medio,Medio,Medio,Intercuenca 1391,Región Hidrografica del Pacífico,Piura,Talara,La Brea,198-2016-OEFA/DE
-81.28808,-4.65532,1334,VII/VI,"Pozo mal abandonado, suelos contaminados con efluente o derrame, emisiones",2014,Medio,Medio,Medio,Intercuenca 1391,Región Hidrografica del Pacífico,Piura,Talara,La Brea,20-2015-OEFA/DE
-81.2276,-4.64985,1335,VII/VI,Pozo mal abandonado,2014,Bajo,Bajo,Bajo,Intercuenca 1391,Región Hidrografica del Pacífico,Piura,Talara,La Brea,231-2014-OEFA/DE
-81.29355,-4.64104,1336,VII/VI,"Pozo mal abandonado,  presenta emisiones gaseosas fugitivas",2015,Medio,Alto,Medio,Intercuenca 1391,Región Hidrografica del Pacífico,Piura,Talara,La Brea,Oficio circular N° 009-2015-OEFA/DE
-81.29346,-4.65167,1337,VII/VI,"Pozo mal abandonado,  presenta emisiones gaseosas fugitivas",2015,Medio,Alto,Medio,Intercuenca 1391,Región Hidrografica del Pacífico,Piura,Talara,La Brea,Oficio circular N° 009-2015-OEFA/DE
-81.22617,-4.6864,1395,VII/VI,"Pozo mal abandonado, suelos contaminados con efluente o derrame",2015,Medio,Medio,Medio,Intercuenca 1391,Región Hidrografica del Pacífico,Piura,Talara,La Brea,017-2016-OEFA/DE
-81.22855,-4.67877,1396,VII/VI,"Pozo mal abandonado, emisiones",2015,Medio,Medio,Medio,Intercuenca 1391,Región Hidrografica del Pacífico,Piura,Talara,La Brea,017-2016-OEFA/DE
-81.06597,-4.25841,1397,Área XLIII,Pozo mal abandonado y suelo contaminado en el área circundante al pozo,2018,Medio,Medio,Medio,Cuenca Pariñas,Región Hidrografica del Pacífico,Piura,Talara,El Alto,Oficio N° 257-2018-OEFA/DEAM
-81.2295,-4.6236,1398,VII/VI,"Pozo mal abandonado, suelos contaminados con efluente o derrame",2015,Medio,Medio,Medio,Intercuenca 1391,Región Hidrografica del Pacífico,Piura,Talara,La Brea,199-2016-OEFA/DE
-81.17731,-4.5475,1215,IX,"Pozo mal abandonado, suelos contaminados con efluente o derrame",2014,Medio,Medio,Medio,Cuenca Pariñas,Región Hidrografica del Pacífico,Piura,Talara,Pariñas,21-2015-OEFA-DE
-81.25001,-4.66629,1216,VII/VI,"Pozo mal abandonado, suelos contaminados con efluente o derrame, emisiones",2014,Medio,Medio,Medio,Intercuenca 1391,Región Hidrografica del Pacífico,Piura,Talara,La Brea,233-2014-OEFA/DE
-81.24734,-4.49513,1217,VII/VI,Pozo mal abandonado,2016,Bajo,Bajo,Bajo,Cuenca Pariñas,Región Hidrografica del Pacífico,Piura,Talara,Pariñas,221-2016-OEFA/DE
-81.11812,-4.27658,1218,X,Pozo mal abandonado,2014,Bajo,Bajo,Bajo,Cuenca Pariñas,Región Hidrografica del Pacífico,Piura,Talara,El Alto,21-2015-OEFA-DE
-81.18153,-4.65943,1279,VII/VI,Pozo mal abandonado,2014,Bajo,Bajo,Bajo,Intercuenca 1391,Región Hidrografica del Pacífico,Piura,Talara,La Brea,21-2015-OEFA-DE
-81.26411,-4.69829,1280,VII/VI,"Pozo mal abandonado, suelos contaminados con efluente o derrame",2014,Medio,Medio,Medio,Intercuenca 1391,Región Hidrografica del Pacífico,Piura,Talara,La Brea,231-2014-OEFA/DE
-81.21477,-4.53292,1281,VII/VI,Instalaciones mal abandonadas,2016,Bajo,Bajo,Bajo,Cuenca Pariñas,Región Hidrografica del Pacífico,Piura,Talara,Pariñas,198-2016-OEFA/DE
-81.26716,-4.6965,1282,VII/VI,Pozo mal abandonado,2014,Bajo,Bajo,Bajo,Intercuenca 1391,Región Hidrografica del Pacífico,Piura,Talara,La Brea,231-2014-OEFA/DE
-81.30231,-4.67167,1338,VII/VI,"Pozo mal abandonado, que presenta emisiones gaseosas fugitivas y  suelo contaminado en el área circundante al mismo",2015,ALTO,Alto,Medio,Intercuenca 1391,Región Hidrografica del Pacífico,Piura,Talara,La Brea,Oficio circular N° 009-2015-OEFA/DE
-81.29701,-4.64961,1339,VII/VI,"Pozo mal abandonado, que presenta emisiones gaseosas fugitivas y  suelo contaminado en el área circundante al mismo",2015,Medio,Alto,Medio,Intercuenca 1391,Región Hidrografica del Pacífico,Piura,Talara,La Brea,Oficio circular N° 009-2015-OEFA/DE
-81.25204,-4.47452,1340,VII/VI,"Pozo mal abandonado, que presenta emisiones gaseosas fugitivas",2015,Medio,Alto,Medio,Cuenca Pariñas,Región Hidrografica del Pacífico,Piura,Talara,Lobitos,Oficio circular N° 009-2015-OEFA/DE
-80.63199,-3.69213,1341,XX (ex Lote XIV),Pozo mal abandonado,2014,Bajo,Bajo,Bajo,Intercuenca 13939,Región Hidrografica del Pacífico,Tumbes,Contralmirante Villar,Zorritos,20-2015-OEFA/DE
-81.26676,-4.45024,1399,VII/VI,"Pozo mal abandonado, suelos contaminados con efluente o derrame",2014,Medio,Medio,Medio,Intercuenca 13931,Región Hidrografica del Pacífico,Piura,Talara,Lobitos,20-2015-OEFA/DE
-81.2454,-4.46923,1400,VII/VI,"Pozo mal abandonado, suelos contaminados con efluente o derrame, restos o depósitos de residuos",2014,Medio,Medio,Medio,Cuenca Pariñas,Región Hidrografica del Pacífico,Piura,Talara,Lobitos,231-2014-OEFA/DE
-81.18201,-4.66607,1401,VII/VI,Pozo mal abandonado,2015,Bajo,Bajo,Bajo,Intercuenca 1391,Región Hidrografica del Pacífico,Piura,Talara,La Brea,017-2016-OEFA/DE
-81.23197,-4.62618,1402,VII/VI,"Pozo mal abandonado, suelos contaminados con efluente o derrame",2015,Medio,Medio,Medio,Intercuenca 1391,Región Hidrografica del Pacífico,Piura,Talara,La Brea,017-2016-OEFA/DE
-81.25141,-4.66501,1219,VII/VI,"Pozo mal abandonado, suelos contaminados con efluente o derrame, emisiones",2014,Medio,Medio,Medio,Intercuenca 1391,Región Hidrografica del Pacífico,Piura,Talara,La Brea,233-2014-OEFA/DE
-81.23662,-4.496,1220,VII/VI,Pozo mal abandonado,2016,Bajo,Bajo,Bajo,Cuenca Pariñas,Región Hidrografica del Pacífico,Piura,Talara,Pariñas,221-2016-OEFA/DE
-81.22525,-4.47732,1221,VII/VI,"Pozo mal abandonado, emisiones",2014,Medio,Medio,Medio,Cuenca Pariñas,Región Hidrografica del Pacífico,Piura,Talara,Lobitos,233-2014-OEFA/DE
-81.12172,-4.18573,1222,X,Pozo mal abandonado y suelo contaminado en el área circundante al pozo,2018,Medio,Medio,Medio,Intercuenca 13931,Región Hidrografica del Pacífico,Piura,Talara,Los Órganos,Oficio N° 273-2018-OEFA/DEAM
-81.20323,-4.52035,1283,VII/VI,Instalaciones mal abandonadas,2016,Bajo,Bajo,Bajo,Cuenca Pariñas,Región Hidrografica del Pacífico,Piura,Talara,Pariñas,198-2016-OEFA/DE
-81.17782,-4.66106,1284,VII/VI,Pozo mal abandonado,2014,Bajo,Bajo,Bajo,Intercuenca 1391,Región Hidrografica del Pacífico,Piura,Talara,La Brea,21-2015-OEFA-DE
-81.08742,-4.52499,1285,IV,"Pozo mal abandonado, suelos contaminados con efluente o derrame, restos o depósitos de residuos",2014,Medio,Medio,Medio,Cuenca Pariñas,Región Hidrografica del Pacífico,Piura,Talara,Pariñas,0009-2015-OEFA/DE
-81.26585,-4.50782,1286,VII/VI,Suelos contaminados con efluente o derrame,2016,Medio,Medio,Medio,Cuenca Pariñas,Región Hidrografica del Pacífico,Piura,Talara,Pariñas,198-2016-OEFA/DE
-81.17509,-4.6467,1342,VII/VI,Pozo mal abandonado,2014,Bajo,Bajo,Bajo,Intercuenca 1391,Región Hidrografica del Pacífico,Piura,Talara,La Brea,231-2014-OEFA/DE
-80.64382,-3.66605,1343,XX (ex Lote XIV),"Pozo mal abandonado, que presenta emisiones gaseosas fugitivas y  sedimento contaminado en el área circundante al mismo",2015,Alto,Alto,Alto,Intercuenca 13939,Región Hidrografica del Pacífico,Tumbes,Contralmirante Villar,Zorritos,Oficio circular N° 009-2015-OEFA/DE
-81.11756,-4.17884,1344,X,Pozo mal abandonado y suelo contaminado en el área circundante al mismo,2013,Alto,Medio,Medio,Intercuenca 13931,Región Hidrografica del Pacífico,Piura,Talara,Los Órganos,009-2015-OEFA/DE
-81.21965,-4.3864,1345,X,Pozo mal abandonado,2014,Bajo,Bajo,Bajo,Cuenca Pariñas,Región Hidrografica del Pacífico,Piura,Talara,Lobitos,20-2015-OEFA/DE
-81.24527,-4.6852,1403,VII/VI,"Pozo mal abandonado, suelos contaminados con efluente o derrame",2015,Medio,Medio,Medio,Intercuenca 1391,Región Hidrografica del Pacífico,Piura,Talara,La Brea,017-2016-OEFA/DE
-81.24441,-4.69277,1404,VII/VI,"Pozo mal abandonado, emisiones",2015,Bajo,Medio,Bajo,Intercuenca 1391,Región Hidrografica del Pacífico,Piura,Talara,La Brea,017-2016-OEFA/DE
-81.1763,-4.65522,1405,VII/VI,"Pozo mal abandonado, emisiones",2015,Medio,Medio,Medio,Intercuenca 1391,Región Hidrografica del Pacífico,Piura,Talara,La Brea,017-2016-OEFA/DE
-81.1812,-4.65454,1406,VII/VI,"Pozo mal abandonado, emisiones",2015,Medio,Medio,Medio,Intercuenca 1391,Región Hidrografica del Pacífico,Piura,Talara,La Brea,017-2016-OEFA/DE
-81.23911,-4.50606,1223,VII/VI,Pozo mal abandonado,2016,Bajo,Bajo,Bajo,Cuenca Pariñas,Región Hidrografica del Pacífico,Piura,Talara,Pariñas,221-2016-OEFA/DE
-81.25496,-4.49011,1224,VII/VI,"Pozo mal abandonado, suelos contaminados con efluente o derrame",2014,Medio,Medio,Medio,Cuenca Pariñas,Región Hidrografica del Pacífico,Piura,Talara,Lobitos,233-2014-OEFA/DE
-81.23411,-4.51131,1225,VII/VI,"Pozo mal abandonado, suelos contaminados con efluente o derrame",2016,Medio,Medio,Medio,Cuenca Pariñas,Región Hidrografica del Pacífico,Piura,Talara,Pariñas,221-2016-OEFA/DE
-81.15973,-4.45434,1226,IV,Pozo mal abandonado,2014,Bajo,Bajo,Bajo,Cuenca Pariñas,Región Hidrografica del Pacífico,Piura,Talara,Pariñas,21-2015-OEFA-DE
-81.26675,-4.62585,1287,I,"Pozo mal abandonado, suelos contaminados con efluente o derrame",2014,Medio,Medio,Medio,Intercuenca 1391,Región Hidrografica del Pacífico,Piura,Talara,La Brea,231-2014-OEFA/DE
-81.1875,-4.65955,1288,VII/VI,"Pozo mal abandonado, suelos contaminados con efluente o derrame, restos o depósitos de residuos",2014,Medio,Medio,Medio,Intercuenca 1391,Región Hidrografica del Pacífico,Piura,Talara,La Brea,21-2015-OEFA-DE
-81.17243,-4.65675,1289,VII/VI,"Pozo mal abandonado, suelos contaminados con efluente o derrame, emisiones",2014,Medio,Medio,Medio,Intercuenca 1391,Región Hidrografica del Pacífico,Piura,Talara,La Brea,21-2015-OEFA-DE
-81.28873,-4.63664,1290,I,"Pozo mal abandonado, suelos contaminados con efluente o derrame, restos o depósitos de residuos",2014,Medio,Medio,Medio,Intercuenca 1391,Región Hidrografica del Pacífico,Piura,Talara,La Brea,231-2014-OEFA/DE
-81.2529,-4.69004,1346,VII/VI,"Pozo mal abandonado, suelos contaminados con efluente o derrame",2014,Medio,Medio,Medio,Intercuenca 1391,Región Hidrografica del Pacífico,Piura,Talara,La Brea,231-2014-OEFA/DE
-81.1299,-4.19276,1347,X,Pozo mal abandonado,2014,Bajo,Bajo,Bajo,Intercuenca 13931,Región Hidrografica del Pacífico,Piura,Talara,Los Órganos,20-2015-OEFA/DE
-81.27586,-4.68464,1348,VII/VI,Pozo mal abandonado,2013,Bajo,Bajo,Bajo,Intercuenca 1391,Región Hidrografica del Pacífico,Piura,Talara,La Brea,231-2014-OEFA/DE
-81.13157,-4.19368,1350,X,"Pozo mal abandonado, suelos contaminados con efluente o derrame",2014,Medio,Medio,Medio,Intercuenca 13931,Región Hidrografica del Pacífico,Piura,Talara,Los Órganos,20-2015-OEFA/DE
-81.18603,-4.65377,1407,VII/VI,"Pozo mal abandonado, emisiones",2015,Medio,Medio,Medio,Intercuenca 1391,Región Hidrografica del Pacífico,Piura,Talara,La Brea,017-2016-OEFA/DE
-81.19208,-4.66095,1408,VII/VI,Pozo mal abandonado,2015,Bajo,Bajo,Bajo,Intercuenca 1391,Región Hidrografica del Pacífico,Piura,Talara,La Brea,017-2016-OEFA/DE
-81.19455,-4.65863,1409,VII/VI,"Pozo mal abandonado, emisiones",2015,Bajo,Medio,Bajo,Intercuenca 1391,Región Hidrografica del Pacífico,Piura,Talara,La Brea,017-2016-OEFA/DE
-81.19402,-4.66049,1410,VII/VI,Pozo mal abandonado,2015,Bajo,Bajo,Bajo,Intercuenca 1391,Región Hidrografica del Pacífico,Piura,Talara,La Brea,017-2016-OEFA/DE
-81.25823,-4.47781,1227,VII/VI,Pozo mal abandonado,2014,Bajo,Bajo,Bajo,Cuenca Pariñas,Región Hidrografica del Pacífico,Piura,Talara,Lobitos,233-2014-OEFA/DE
-81.125,-4.6649,1228,III,Pozo mal abandonado,2014,Bajo,Bajo,Bajo,Intercuenca 1391,Región Hidrografica del Pacífico,Piura,Talara,La Brea,0009-2015-OEFA/DE
-81.22727,-4.53269,1229,VII/VI,Pozo mal abandonado,2016,Bajo,Bajo,Bajo,Cuenca Pariñas,Región Hidrografica del Pacífico,Piura,Talara,Pariñas,221-2016-OEFA/DE
-81.18985,-4.48068,1230,IV,Pozo mal abandonado,2014,Bajo,Bajo,Bajo,Cuenca Pariñas,Región Hidrografica del Pacífico,Piura,Talara,Pariñas,21-2015-OEFA-DE
-81.1323,-4.65577,1291,III,"Pozo mal abandonado, suelos contaminados con efluente o derrame",2014,Medio,Medio,Medio,Intercuenca 1391,Región Hidrografica del Pacífico,Piura,Talara,La Brea,231-2014-OEFA/DE
-81.19376,-4.65833,1292,VII/VI,"Pozo mal abandonado, suelos contaminados con efluente o derrame, emisiones",2014,Medio,Medio,Medio,Intercuenca 1391,Región Hidrografica del Pacífico,Piura,Talara,La Brea,21-2015-OEFA-DE
-81.19262,-4.49031,1293,IV,"Pozo mal abandonado, suelos contaminados con efluente o derrame",2014,Medio,Medio,Medio,Cuenca Pariñas,Región Hidrografica del Pacífico,Piura,Talara,Pariñas,231-2014-OEFA/DE
-81.16051,-4.66286,1294,VII/VI,"Pozo mal abandonado, suelos contaminados con efluente o derrame",2014,Medio,Medio,Medio,Intercuenca 1391,Región Hidrografica del Pacífico,Piura,Talara,La Brea,21-2015-OEFA-DE
-81.22773,-4.58958,1047,I,"Pozo mal abandonado, suelos contaminados con efluente o derrame, restos o depósitos de residuos",2014,Medio,Medio,Medio,Intercuenca 1391,Región Hidrografica del Pacífico,Piura,Talara,Pariñas,238-2014-OEFA/DE
-81.13131,-4.58232,1048,IV,"Pozo mal abandonado, emisiones",2014,Bajo,Bajo,Bajo,Intercuenca 1391,Región Hidrografica del Pacífico,Piura,Talara,Pariñas,238-2014-OEFA/DE
-81.19659,-4.51749,1049,VII/VI,Pozo mal abandonado,2016,Bajo,Bajo,Bajo,Cuenca Pariñas,Región Hidrografica del Pacífico,Piura,Talara,Pariñas,225-2016-OEFA/DE
-81.26448,-4.58993,1050,I,Instalacion mal abandonada (estructura de concreto) relacionada al pozo,2016,Bajo,Bajo,Bajo,Intercuenca 1391,Región Hidrografica del Pacífico,Piura,Talara,Pariñas,225-2016-OEFA/DE
-81.28941,-4.67891,1111,VII/VI,"Pozo mal abandonado, emisiones",2013,Medio,Medio,Medio,Intercuenca 1391,Región Hidrografica del Pacífico,Piura,Talara,La Brea,238-2014-OEFA/DE
-81.27951,-4.68659,1112,VII/VI,"Pozo mal abandonado, suelos contaminados con efluente o derrame, emisiones",2016,Medio,Medio,Medio,Intercuenca 1391,Región Hidrografica del Pacífico,Piura,Talara,La Brea,225-2016-OEFA/DE
-81.21395,-4.63435,1113,VII/VI,Pozo mal abandonado,2013,Bajo,Bajo,Bajo,Intercuenca 1391,Región Hidrografica del Pacífico,Piura,Talara,La Brea,238-2014-OEFA/DE
-81.13137,-4.18892,1114,X,"Pozo mal abandonado, restos de residuos y suelo contaminado en el área circundante al mismo",2018,Medio,Medio,Medio,Intercuenca 13931,Región Hidrografica del Pacífico,Piura,Talara,Los Órganos,Oficio N° 287-2018-OEFA/DEAM
-81.12675,-4.65459,1175,III,"Pozo mal abandonado, suelos contaminados con efluente o derrame, restos o depósitos de residuos",2014,Medio,Medio,Medio,Intercuenca 1391,Región Hidrografica del Pacífico,Piura,Talara,La Brea,233-2014-OEFA/DE
-81.24655,-4.55839,1176,I,"Pozo mal abandonado, restos o depósitos de residuos",2014,Bajo,Bajo,Bajo,Intercuenca 1391,Región Hidrografica del Pacífico,Piura,Talara,Pariñas,233-2014-OEFA/DE
-81.24538,-4.67236,1177,VII/VI,"Pozo mal abandonado, suelos contaminados con efluente o derrame, emisiones",2016,Bajo,Medio,Medio,Intercuenca 1391,Región Hidrografica del Pacífico,Piura,Talara,La Brea,221-2016-OEFA/DE
-81.22879,-4.55704,1178,I,"Pozo mal abandonado, restos o depósitos de residuos",2014,Bajo,Bajo,Bajo,Intercuenca 1391,Región Hidrografica del Pacífico,Piura,Talara,Pariñas,233-2014-OEFA/DE
-81.27357,-4.6391,979,I,"Pozo mal abandonado, suelos contaminados con efluente o derrame",2014,Bajo,Bajo,Bajo,Intercuenca 1391,Región Hidrografica del Pacífico,Piura,Talara,La Brea,238-2014-OEFA/DE
-81.25451,-4.61141,980,I,"Pozo mal abandonado, suelos contaminados con efluente o derrame, restos o depósitos de residuos",2014,Medio,Medio,Medio,Intercuenca 1391,Región Hidrografica del Pacífico,Piura,Talara,La Brea,231-2014-OEFA/DE
-81.27686,-4.64002,981,I,"Pozo mal abandonado, suelos contaminados con efluente o derrame",2014,Medio,Medio,Medio,Intercuenca 1391,Región Hidrografica del Pacífico,Piura,Talara,La Brea,238-2014-OEFA/DE
-80.6461,-3.66867,982,XX (ex Lote XIV),Pozo mal abandonado,2013,Medio,Medio,Medio,Intercuenca 13939,Región Hidrografica del Pacífico,Tumbes,Contralmirante Villar,Zorritos,238-2014-OEFA/DE
-81.24227,-4.46787,1051,VII/VI,"Pozo mal abandonado, suelos contaminados con efluente o derrame",2014,Medio,Medio,Medio,Cuenca Pariñas,Región Hidrografica del Pacífico,Piura,Talara,Lobitos,238-2014-OEFA/DE
-81.20128,-4.65805,1052,VII/VI,"Pozo mal abandonado, emisiones",2016,Bajo,Medio,Medio,Intercuenca 1391,Región Hidrografica del Pacífico,Piura,Talara,La Brea,225-2016-OEFA/DE
-81.23843,-4.46166,1053,VII/VI,Pozo mal abandonado,2014,Bajo,Bajo,Bajo,Cuenca Pariñas,Región Hidrografica del Pacífico,Piura,Talara,Lobitos,238-2014-OEFA/DE
-81.2003,-4.65574,1054,VII/VI,"Pozo mal abandonado, restos o depósitos de residuos",2016,Bajo,Bajo,Bajo,Intercuenca 1391,Región Hidrografica del Pacífico,Piura,Talara,La Brea,225-2016-OEFA/DE
-81.27717,-4.69302,1115,VII/VI,"Pozo mal abandonado, suelos contaminados con efluente o derrame",2016,Medio,Medio,Medio,Intercuenca 1391,Región Hidrografica del Pacífico,Piura,Talara,La Brea,225-2016-OEFA/DE
-81.24655,-4.67495,1116,VII/VI,"Pozo mal abandonado, emisiones",2013,Medio,Medio,Medio,Intercuenca 1391,Región Hidrografica del Pacífico,Piura,Talara,La Brea,238-2014-OEFA/DE
-81.05857,-4.22212,1117,X,Pozo mal abandonado,2018,Bajo,Bajo,Bajo,Intercuenca 13931,Región Hidrografica del Pacífico,Piura,Talara,Los Órganos,Oficio N° 287-2018-OEFA/DEAM
-81.29766,-4.67343,1118,VII/VI,Pozo mal abandonado,2016,Bajo,Bajo,Bajo,Intercuenca 1391,Región Hidrografica del Pacífico,Piura,Talara,La Brea,225-2016-OEFA/DE
-81.1225,-4.65905,1179,III,Pozo mal abandonado y suelo contaminado en el área circundante al mismo,2014,Medio,Alto,Medio,Intercuenca 1391,Región Hidrografica del Pacífico,Piura,Talara,La Brea,0007-2015-OEFA/DE
-81.24542,-4.69325,1180,VII/VI,"Pozo mal abandonado, suelos contaminados con efluente o derrame, emisiones",2016,Medio,Medio,Medio,Intercuenca 1391,Región Hidrografica del Pacífico,Piura,Talara,La Brea,221-2016-OEFA/DE
-81.23105,-4.59008,1181,I,"Pozo mal abandonado, suelos contaminados con efluente o derrame, restos o depósitos de residuos",2014,Medio,Medio,Medio,Intercuenca 1391,Región Hidrografica del Pacífico,Piura,Talara,Pariñas,233-2014-OEFA/DE
-81.24675,-4.67338,1182,VII/VI,"Pozo mal abandonado, emisiones",2016,Bajo,Medio,Bajo,Intercuenca 1391,Región Hidrografica del Pacífico,Piura,Talara,La Brea,221-2016-OEFA/DE
-81.18425,-4.50566,985,IV,"Pozo mal abandonado, suelos contaminados con efluente o derrame",2014,Medio,Medio,Medio,Cuenca Pariñas,Región Hidrografica del Pacífico,Piura,Talara,Pariñas,47-2015-OEFA/DE
-81.21787,-4.25364,987,X,Pozo mal abandonado,2019,Medio,Medio,Medio,Intercuenca 13931,Región Hidrografica del Pacífico,Piura,Talara,El Alto,Oficio N° 250-2019
-81.24072,-4.6673,988,VII/VI,"Pozo mal abandonado, suelos contaminados con efluente o derrame, emisiones",2016,Medio,Medio,Medio,Intercuenca 1391,Región Hidrografica del Pacífico,Piura,Talara,La Brea,239-2016-OEFA/DE
-81.26019,-4.62069,989,I,"Pozo mal abandonado, suelos contaminados con efluente o derrame",2014,Medio,Medio,Medio,Intercuenca 1391,Región Hidrografica del Pacífico,Piura,Talara,La Brea,47-2015-OEFA/DE
-81.24308,-4.43756,1055,VII/VI,"Pozo mal abandonado, suelos contaminados con efluente o derrame",2014,Medio,Medio,Medio,Intercuenca 13931,Región Hidrografica del Pacífico,Piura,Talara,Lobitos,238-2014-OEFA/DE
-81.19483,-4.66367,1056,VII/VI,Pozo mal abandonado,2016,Bajo,Bajo,Bajo,Intercuenca 1391,Región Hidrografica del Pacífico,Piura,Talara,La Brea,225-2016-OEFA/DE
-81.22053,-4.53008,1057,VII/VI,Suelos contaminados con efluente o derrame,2013,Medio,Medio,Medio,Cuenca Pariñas,Región Hidrografica del Pacífico,Piura,Talara,Pariñas,47-2015-OEFA/DE
-81.25648,-4.6638,1058,VII/VI,"Pozo mal abandonado, suelos contaminados con efluente o derrame",2014,Medio,Medio,Medio,Intercuenca 1391,Región Hidrografica del Pacífico,Piura,Talara,La Brea,238-2014-OEFA/DE
-81.29752,-4.6708,1119,VII/VI,"Pozo mal abandonado, suelos contaminados con efluente o derrame",2016,Medio,Medio,Medio,Intercuenca 1391,Región Hidrografica del Pacífico,Piura,Talara,La Brea,225-2016-OEFA/DE
-81.27878,-4.6934,1120,VII/VI,"Pozo mal abandonado, emisiones",2013,Medio,Medio,Medio,Intercuenca 1391,Región Hidrografica del Pacífico,Piura,Talara,La Brea,238-2014-OEFA/DE
-81.11723,-4.21959,1121,X,Pozo mal abandonado,2019,Medio,Medio,Medio,Intercuenca 13931,Región Hidrografica del Pacífico,Piura,Talara,Los Órganos,Oficio N° 216-2019-OEFA/DEAM
-81.29883,-4.66887,1122,VII/VI,Pozo mal abandonado,2016,Bajo,Bajo,Bajo,Intercuenca 1391,Región Hidrografica del Pacífico,Piura,Talara,La Brea,225-2016-OEFA/DE
-81.27213,-4.6148,1183,I,"Pozo mal abandonado, suelos contaminados con efluente o derrame, restos o depósitos de residuos",2014,Medio,Medio,Medio,Intercuenca 1391,Región Hidrografica del Pacífico,Piura,Talara,La Brea,233-2014-OEFA/DE
-81.1369,-4.18616,1184,X,"Pozo mal abandonado, el cual presenta emisiones gaseosas fugitivas",2018,Medio,Alto,Medio,Intercuenca 13931,Región Hidrografica del Pacífico,Piura,Talara,Los Órganos,Oficio N° 281-2018-OEFA/DEAM
-81.24622,-4.64007,1185,VII/VI,"Pozo mal abandonado, suelos contaminados con efluente o derrame, emisiones",2016,Medio,Medio,Medio,Intercuenca 1391,Región Hidrografica del Pacífico,Piura,Talara,La Brea,221-2016-OEFA/DE
-81.20741,-4.58348,1186,IV,"Pozo mal abandonado, emisiones",2014,Medio,Medio,Medio,Intercuenca 1391,Región Hidrografica del Pacífico,Piura,Talara,Pariñas,233-2014-OEFA/DE
-81.23126,-4.4497,990,VII/VI,Pozo mal abandonado,2014,Bajo,Bajo,Bajo,Cuenca Pariñas,Región Hidrografica del Pacífico,Piura,Talara,Lobitos,238-2014-OEFA/DE
-81.26329,-4.43596,991,VII/VI,Pozo mal abandonado,2014,Bajo,Bajo,Bajo,Intercuenca 13931,Región Hidrografica del Pacífico,Piura,Talara,Lobitos,238-2014-OEFA/DE
-81.23934,-4.67341,992,VII/VI,"Pozo mal abandonado, suelos contaminados con efluente o derrame, emisiones",2016,Medio,Medio,Medio,Intercuenca 1391,Región Hidrografica del Pacífico,Piura,Talara,La Brea,239-2016-OEFA/DE
-81.24745,-4.60375,993,I,"Pozo mal abandonado, suelos contaminados con efluente o derrame",2014,Medio,Medio,Medio,Intercuenca 1391,Región Hidrografica del Pacífico,Piura,Talara,Pariñas,47-2015-OEFA/DE
-81.18842,-4.66183,1059,VII/VI,"Pozo mal abandonado, suelos contaminados con efluente o derrame",2014,Medio,Medio,Medio,Intercuenca 1391,Región Hidrografica del Pacífico,Piura,Talara,La Brea,238-2014-OEFA/DE
-81.20451,-4.6487,1060,VII/VI,Pozo mal abandonado,2016,Bajo,Bajo,Bajo,Intercuenca 1391,Región Hidrografica del Pacífico,Piura,Talara,La Brea,225-2016-OEFA/DE
-81.28647,-4.65354,1061,VII/VI,"Pozo mal abandonado, suelos contaminados con efluente o derrame",2014,Medio,Medio,Medio,Intercuenca 1391,Región Hidrografica del Pacífico,Piura,Talara,La Brea,238-2014-OEFA/DE
-81.28183,-4.65276,1062,VII/VI,"Pozo mal abandonado, suelos contaminados con efluente o derrame",2014,Medio,Medio,Medio,Intercuenca 1391,Región Hidrografica del Pacífico,Piura,Talara,La Brea,238-2014-OEFA/DE
-81.27889,-4.69482,1123,VII/VI,"Pozo mal abandonado, suelos contaminados con efluente o derrame, emisiones",2013,Medio,Medio,Medio,Intercuenca 1391,Región Hidrografica del Pacífico,Piura,Talara,La Brea,238-2014-OEFA/DE
-81.29908,-4.64488,1124,VII/VI,Pozo mal abandonado,2013,Bajo,Bajo,Bajo,Intercuenca 1391,Región Hidrografica del Pacífico,Piura,Talara,La Brea,238-2014-OEFA/DE
-81.28176,-4.64313,1125,VII/VI,Pozo mal abandonado,2016,Bajo,Bajo,Bajo,Intercuenca 1391,Región Hidrografica del Pacífico,Piura,Talara,La Brea,225-2016-OEFA/DE
-81.27744,-4.60911,1126,I,"Pozo mal abandonado, suelos contaminados con efluente o derrame",2014,Medio,Medio,Medio,Intercuenca 1391,Región Hidrografica del Pacífico,Piura,Talara,La Brea,47-2015-OEFA/DE
-81.2485,-4.64932,1187,VII/VI,Pozo mal abandonado,2016,Bajo,Bajo,Bajo,Intercuenca 1391,Región Hidrografica del Pacífico,Piura,Talara,La Brea,221-2016-OEFA/DE
-81.18549,-4.49733,1188,IV,Pozo mal abandonado,2014,Medio,Medio,Medio,Cuenca Pariñas,Región Hidrografica del Pacífico,Piura,Talara,Pariñas,233-2014-OEFA/DE
-81.25536,-4.66663,1189,VII/VI,"Pozo mal abandonado, suelos contaminados con efluente o derrame, emisiones",2016,Medio,Medio,Medio,Intercuenca 1391,Región Hidrografica del Pacífico,Piura,Talara,La Brea,221-2016-OEFA/DE
-81.28823,-4.64795,1190,VII/VI,"Pozo mal abandonado, suelos contaminados con efluente o derrame",2016,Bajo,Medio,Medio,Intercuenca 1391,Región Hidrografica del Pacífico,Piura,Talara,La Brea,221-2016-OEFA/DE
-81.10273,-4.64328,994,VII/VI,"Pozo mal abandonado, suelos contaminados con efluente o derrame",2014,Medio,Medio,Medio,Intercuenca 1391,Región Hidrografica del Pacífico,Piura,Talara,La Brea,238-2014-OEFA/DE
-80.64341,-3.66614,995,XX (ex Lote XIV),Pozo mal abandonado y suelo contaminado en el área circundante al mismo,2013,Alto,Medio,Alto,Intercuenca 13939,Región Hidrografica del Pacífico,Tumbes,Contralmirante Villar,Zorritos,131-2014-OEFA/DE
-81.28036,-4.66408,996,VII/VI,"Pozo mal abandonado, suelos contaminados con efluente o derrame",2014,Medio,Medio,Medio,Intercuenca 1391,Región Hidrografica del Pacífico,Piura,Talara,La Brea,238-2014-OEFA/DE
-81.12823,-4.18281,997,X,Pozo mal abandonado,2013,Medio,Medio,Medio,Intercuenca 13931,Región Hidrografica del Pacífico,Piura,Talara,Los Órganos,123-2014-OEFA/DE
-81.22728,-4.64558,1063,VII/VI,Pozo mal abandonado,2016,Bajo,Bajo,Bajo,Intercuenca 1391,Región Hidrografica del Pacífico,Piura,Talara,La Brea,225-2016-OEFA/DE
-81.28304,-4.64588,1064,VII/VI,"Pozo mal abandonado, suelos contaminados con efluente o derrame",2014,Medio,Medio,Medio,Intercuenca 1391,Región Hidrografica del Pacífico,Piura,Talara,La Brea,238-2014-OEFA/DE
-81.20616,-4.64468,1065,VII/VI,"Pozo mal abandonado, suelos contaminados con efluente o derrame",2016,Medio,Medio,Medio,Intercuenca 1391,Región Hidrografica del Pacífico,Piura,Talara,La Brea,225-2016-OEFA/DE
-81.04821,-4.46229,1066,IV,"Pozo mal abandonado, instalaciones mal abandonadas",2014,Bajo,Bajo,Bajo,Cuenca Pariñas,Región Hidrografica del Pacífico,Piura,Talara,Pariñas,47-2015-OEFA/DE
-81.20926,-4.64406,1127,VII/VI,"Pozo mal abandonado, suelos contaminados con efluente o derrame",2014,Medio,Medio,Medio,Intercuenca 1391,Región Hidrografica del Pacífico,Piura,Talara,La Brea,238-2014-OEFA/DE
-81.28815,-4.65163,1128,VII/VI,Pozo mal abandonado,2016,Bajo,Bajo,Bajo,Intercuenca 1391,Región Hidrografica del Pacífico,Piura,Talara,La Brea,225-2016-OEFA/DE
-81.28534,-4.6314,1129,I,"Pozo mal abandonado, suelos contaminados con efluente o derrame",2014,Medio,Medio,Medio,Intercuenca 1391,Región Hidrografica del Pacífico,Piura,Talara,La Brea,47-2015-OEFA/DE
-81.20726,-4.64147,1130,VII/VI,Pozo mal abandonado,2014,Bajo,Bajo,Bajo,Intercuenca 1391,Región Hidrografica del Pacífico,Piura,Talara,La Brea,238-2014-OEFA/DE
-81.23233,-4.61083,1199,I,"Pozo mal abandonado, suelos contaminados con efluente o derrame",2014,Medio,Medio,Medio,Intercuenca 1391,Región Hidrografica del Pacífico,Piura,Talara,La Brea,233-2014-OEFA/DE
-80.96863,-4.14221,1200,Área XLIII,Pozo mal abandonado,2018,Bajo,Bajo,Bajo,Cuenca Fernández,Región Hidrografica del Pacífico,Piura,Talara,Máncora,Oficio N° 273-2018-OEFA/DEAM
-81.23061,-4.50458,1201,VII/VI,Pozo mal abandonado,2016,Bajo,Bajo,Bajo,Cuenca Pariñas,Región Hidrografica del Pacífico,Piura,Talara,Pariñas,221-2016-OEFA/DE
-81.19219,-4.66024,1202,VII/VI,"Pozo mal abandonado, suelos contaminados con efluente o derrame",2014,Medio,Medio,Medio,Intercuenca 1391,Región Hidrografica del Pacífico,Piura,Talara,La Brea,233-2014-OEFA/DE
-81.23143,-4.63481,998,VII/VI,"Pozo mal abandonado, suelos contaminados con efluente o derrame, emisiones",2016,Medio,Medio,Medio,Intercuenca 1391,Región Hidrografica del Pacífico,Piura,Talara,La Brea,239-2016-OEFA/DE
-81.2899,-4.66887,999,VII/VI,"Pozo mal abandonado, suelos contaminados con efluente o derrame",2014,Medio,Medio,Medio,Intercuenca 1391,Región Hidrografica del Pacífico,Piura,Talara,La Brea,238-2014-OEFA/DE
-81.28178,-4.64289,1000,VII/VI,Pozo mal abandonado,2016,Bajo,Bajo,Bajo,Intercuenca 1391,Región Hidrografica del Pacífico,Piura,Talara,La Brea,239-2016-OEFA/DE
-81.27924,-4.66951,1001,VII/VI,"Pozo mal abandonado, suelos contaminados con efluente o derrame",2014,Medio,Medio,Medio,Intercuenca 1391,Región Hidrografica del Pacífico,Piura,Talara,La Brea,238-2014-OEFA/DE
-81.2875,-4.66837,1067,VII/VI,"Pozo mal abandonado, suelos contaminados con efluente o derrame",2014,Medio,Medio,Medio,Intercuenca 1391,Región Hidrografica del Pacífico,Piura,Talara,La Brea,238-2014-OEFA/DE
-81.23237,-4.64873,1068,VII/VI,"Pozo mal abandonado, suelos contaminados con efluente o derrame",2016,Medio,Medio,Medio,Intercuenca 1391,Región Hidrografica del Pacífico,Piura,Talara,La Brea,225-2016-OEFA/DE
-81.27789,-4.65137,1069,VII/VI,"Pozo mal abandonado, suelos contaminados con efluente o derrame",2014,Medio,Medio,Medio,Intercuenca 1391,Región Hidrografica del Pacífico,Piura,Talara,La Brea,238-2014-OEFA/DE
-81.22604,-4.6654,1070,VII/VI,"Pozo mal abandonado, emisiones",2016,Medio,Medio,Medio,Intercuenca 1391,Región Hidrografica del Pacífico,Piura,Talara,La Brea,225-2016-OEFA/DE
-81.29024,-4.64107,1131,VII/VI,Pozo mal abandonado,2016,Bajo,Bajo,Bajo,Intercuenca 1391,Región Hidrografica del Pacífico,Piura,Talara,La Brea,225-2016-OEFA/DE
-81.23542,-4.6409,1132,VII/VI,Pozo mal abandonado,2014,Bajo,Bajo,Bajo,Intercuenca 1391,Región Hidrografica del Pacífico,Piura,Talara,La Brea,238-2014-OEFA/DE
-81.29233,-4.64138,1133,VII/VI,Pozo mal abandonado,2016,Bajo,Bajo,Bajo,Intercuenca 1391,Región Hidrografica del Pacífico,Piura,Talara,La Brea,225-2016-OEFA/DE
-81.26294,-4.58753,1134,I,"Pozo mal abandonado, suelos contaminados con efluente o derrame",2014,Bajo,Bajo,Bajo,Intercuenca 1391,Región Hidrografica del Pacífico,Piura,Talara,Pariñas,233-2014-OEFA/DE
-81.28845,-4.63423,1191,I,Pozo mal abandonado,2014,Bajo,Bajo,Bajo,Intercuenca 1391,Región Hidrografica del Pacífico,Piura,Talara,La Brea,233-2014-OEFA/DE
-81.29365,-4.64458,1192,VII/VI,Pozo mal abandonado,2016,Bajo,Bajo,Bajo,Intercuenca 1391,Región Hidrografica del Pacífico,Piura,Talara,La Brea,221-2016-OEFA/DE
-81.27885,-4.62171,1193,I,"Pozo mal abandonado, suelos contaminados con efluente o derrame",2014,Medio,Medio,Medio,Intercuenca 1391,Región Hidrografica del Pacífico,Piura,Talara,La Brea,233-2014-OEFA/DE
-80.98295,-4.18514,1194,Área XLIII,Pozo mal abandonado y emisiones fugitivas provenientes del pozo,2018,Medio,Medio,Medio,Cuenca Fernández,Región Hidrografica del Pacífico,Piura,Talara,Máncora,Oficio N° 273-2018-OEFA/DEAM
-81.2894,-4.63653,1002,I,Pozo mal abandonado,2016,Bajo,Bajo,Bajo,Intercuenca 1391,Región Hidrografica del Pacífico,Piura,Talara,La Brea,239-2016-OEFA/DE
-81.28612,-4.64582,1003,VII/VI,"Pozo mal abandonado, suelos contaminados con efluente o derrame",2014,Medio,Medio,Medio,Intercuenca 1391,Región Hidrografica del Pacífico,Piura,Talara,La Brea,238-2014-OEFA/DE
-81.3005,-4.67963,1004,VII/VI,"Pozo mal abandonado, suelos contaminados con efluente o derrame",2016,Medio,MEDIO,MEDIO,Intercuenca 1391,Región Hidrografica del Pacífico,Piura,Talara,La Brea,239-2016-OEFA/DE
-81.25139,-4.63607,1005,I,"Pozo mal abandonado, suelos contaminados con efluente o derrame",2014,Medio,Medio,Medio,Intercuenca 1391,Región Hidrografica del Pacífico,Piura,Talara,La Brea,47-2015-OEFA/DE
-81.19531,-4.66186,1071,VII/VI,Pozo mal abandonado,2014,Bajo,Bajo,Bajo,Intercuenca 1391,Región Hidrografica del Pacífico,Piura,Talara,La Brea,238-2014-OEFA/DE
-81.23954,-4.65707,1072,VII/VI,"Pozo mal abandonado, suelos contaminados con efluente o derrame",2016,Medio,Medio,Medio,Intercuenca 1391,Región Hidrografica del Pacífico,Piura,Talara,La Brea,225-2016-OEFA/DE
-81.24551,-4.68659,1073,VII/VI,"Pozo mal abandonado, suelos contaminados con efluente o derrame",2016,Medio,Medio,Medio,Intercuenca 1391,Región Hidrografica del Pacífico,Piura,Talara,La Brea,225-2016-OEFA/DE
-81.25771,-4.66416,1074,VII/VI,"Pozo mal abandonado, suelos contaminados con efluente o derrame, emisiones",2016,Medio,Medio,Medio,Intercuenca 1391,Región Hidrografica del Pacífico,Piura,Talara,La Brea,225-2016-OEFA/DE
-81.29489,-4.65111,1135,VII/VI,"Pozo mal abandonado, suelos contaminados con efluente o derrame",2016,Medio,Medio,Medio,Intercuenca 1391,Región Hidrografica del Pacífico,Piura,Talara,La Brea,225-2016-OEFA/DE
-81.23846,-4.47129,1136,VII/VI,Pozo mal abandonado,2014,Bajo,Bajo,Bajo,Cuenca Pariñas,Región Hidrografica del Pacífico,Piura,Talara,Lobitos,233-2014-OEFA/DE
-81.2931,-4.65068,1137,VII/VI,Pozo mal abandonado,2016,Bajo,Bajo,Bajo,Intercuenca 1391,Región Hidrografica del Pacífico,Piura,Talara,La Brea,225-2016-OEFA/DE
-81.23946,-4.60091,1138,I,"Pozo mal abandonado, restos o depósitos de residuos",2014,Bajo,Bajo,Bajo,Intercuenca 1391,Región Hidrografica del Pacífico,Piura,Talara,Pariñas,47-2015-OEFA/DE
-81.28473,-4.65629,1195,VII/VI,Pozo mal abandonado,2016,Bajo,Bajo,Bajo,Intercuenca 1391,Región Hidrografica del Pacífico,Piura,Talara,La Brea,221-2016-OEFA/DE
-81.2805,-4.62646,1196,I,Pozo mal abandonado,2014,Bajo,Bajo,Bajo,Intercuenca 1391,Región Hidrografica del Pacífico,Piura,Talara,La Brea,233-2014-OEFA/DE
-80.93025,-4.17841,1197,Área XLIII,Pozo mal abandonado y emisiones fugitivas provenientes del pozo,2018,Medio,Medio,Medio,Cuenca Fernández,Región Hidrografica del Pacífico,Piura,Sullana,Marcavelica,Oficio N° 273-2018-OEFA/DEAM
-81.2287,-4.50173,1198,VII/VI,Pozo mal abandonado,2016,Bajo,Bajo,Bajo,Cuenca Pariñas,Región Hidrografica del Pacífico,Piura,Talara,Pariñas,221-2016-OEFA/DE
-81.28915,-4.64114,1006,VII/VI,Pozo mal abandonado,2016,Bajo,Bajo,Bajo,Intercuenca 1391,Región Hidrografica del Pacífico,Piura,Talara,La Brea,239-2016-OEFA/DE
-81.25222,-4.63387,1007,I,"Pozo mal abandonado, suelos contaminados con efluente o derrame",2014,Medio,Medio,Medio,Intercuenca 1391,Región Hidrografica del Pacífico,Piura,Talara,La Brea,47-2015-OEFA/DE
-81.26057,-4.4685,1008,VII/VI,Pozo mal abandonado,2014,Bajo,Bajo,Bajo,Cuenca Pariñas,Región Hidrografica del Pacífico,Piura,Talara,Lobitos,238-2014-OEFA/DE
-81.3018,-4.68001,1009,VII/VI,"Pozo mal abandonado, suelos contaminados con efluente o derrame",2016,Medio,Medio,Medio,Intercuenca 1391,Región Hidrografica del Pacífico,Piura,Talara,La Brea,239-2016-OEFA/DE
-81.25476,-4.69167,1075,VII/VI,"Pozo mal abandonado, suelos contaminados con efluente o derrame, emisiones",2014,Medio,Medio,Medio,Intercuenca 1391,Región Hidrografica del Pacífico,Piura,Talara,La Brea,238-2014-OEFA/DE
-81.2336,-4.4767,1076,VII/VI,"Pozo mal abandonado, suelos contaminados con efluente o derrame, emisiones",2014,Medio,Medio,Medio,Cuenca Pariñas,Región Hidrografica del Pacífico,Piura,Talara,Lobitos,231-2014-OEFA/DE
-81.25785,-4.66548,1077,VII/VI,"Pozo mal abandonado, emisiones",2016,Bajo,Medio,Bajo,Intercuenca 1391,Región Hidrografica del Pacífico,Piura,Talara,La Brea,225-2016-OEFA/DE
-81.2677,-4.60498,1078,I,Pozo mal abandonado,2019,Bajo,Bajo,Bajo,Intercuenca 1391,Región Hidrografica del Pacífico,Piura,Talara,Pariñas,47-2015-OEFA/DE
-81.23304,-4.4816,1139,VII/VI,Pozo mal abandonado,2014,Medio,Medio,Medio,Cuenca Pariñas,Región Hidrografica del Pacífico,Piura,Talara,Pariñas,233-2014-OEFA/DE
-81.2214,-4.2845,1140,X,Pozo mal abandonado,2019,Bajo,Bajo,Bajo,Intercuenca 13931,Región Hidrografica del Pacífico,Piura,Talara,El Alto,Oficio N° 216-2019-OEFA/DEAM
-81.27381,-4.52694,1141,VII/VI,Pozo mal abandonado,2016,Bajo,Bajo,Bajo,Cuenca Pariñas,Región Hidrografica del Pacífico,Piura,Talara,Pariñas,225-2016-OEFA/DE
-81.22403,-4.61623,1142,I,"Pozo mal abandonado, restos o depósitos de residuos",2014,Bajo,Bajo,Bajo,Intercuenca 1391,Región Hidrografica del Pacífico,Piura,Talara,La Brea,47-2015-OEFA/DE
-81.14432,-4.85726,1203,III,"Pozo mal abandonado, suelos contaminados con efluente o derrame",2014,Medio,Medio,Medio,Intercuenca 1391,Región Hidrografica del Pacífico,Piura,Paita,Vichayal,0009-2015-OEFA/DE
-81.19117,-4.65945,1204,VII/VI,Pozo mal abandonado,2014,Bajo,Bajo,Bajo,Intercuenca 1391,Región Hidrografica del Pacífico,Piura,Talara,La Brea,233-2014-OEFA/DE
-81.293,-4.65337,1205,VII/VI,"Pozo mal abandonado, suelos contaminados con efluente o derrame",2016,Medio,Medio,Medio,Intercuenca 1391,Región Hidrografica del Pacífico,Piura,Talara,La Brea,221-2016-OEFA/DE
-81.25662,-4.67452,1206,VII/VI,Pozo mal abandonado,2014,Bajo,Bajo,Bajo,Intercuenca 1391,Región Hidrografica del Pacífico,Piura,Talara,La Brea,233-2014-OEFA/DE
-81.23399,-4.65639,1010,VII/VI,"Pozo mal abandonado, restos o depósitos de residuos",2013,Bajo,Bajo,Bajo,Intercuenca 1391,Región Hidrografica del Pacífico,Piura,Talara,La Brea,238-2014-OEFA/DE
-81.09432,-4.2049,1011,X,Instalación mal abandonada vinculada al pozo A2066,2019,Bajo,Medio,Bajo,Intercuenca 13931,Región Hidrografica del Pacífico,Piura,Talara,Los Órganos,Oficio N° 250-2019
-81.28917,-4.64575,1012,VII/VI,Pozo mal abandonado,2016,Bajo,Bajo,Bajo,Intercuenca 1391,Región Hidrografica del Pacífico,Piura,Talara,La Brea,239-2016-OEFA/DE
-81.25246,-4.65551,1013,VII/VI,Pozo mal abandonado,2014,Bajo,Bajo,Bajo,Intercuenca 1391,Región Hidrografica del Pacífico,Piura,Talara,La Brea,238-2014-OEFA/DE
-81.25421,-4.69084,1079,VII/VI,"Pozo mal abandonado, suelos contaminados con efluente o derrame",2014,Medio,Medio,Medio,Intercuenca 1391,Región Hidrografica del Pacífico,Piura,Talara,La Brea,238-2014-OEFA/DE
-81.23312,-4.63199,1080,VII/VI,"Pozo mal abandonado, emisiones",2016,Bajo,Medio,Bajo,Intercuenca 1391,Región Hidrografica del Pacífico,Piura,Talara,La Brea,225-2016-OEFA/DE
-81.2508,-4.66314,1081,VII/VI,Pozo mal abandonado,2014,Bajo,Bajo,Bajo,Intercuenca 1391,Región Hidrografica del Pacífico,Piura,Talara,La Brea,238-2014-OEFA/DE
-81.25562,-4.66815,1082,VII/VI,Pozo mal abandonado,2016,Bajo,Bajo,Bajo,Intercuenca 1391,Región Hidrografica del Pacífico,Piura,Talara,La Brea,225-2016-OEFA/DE
-81.12997,-4.83758,1143,III,Pozo mal abandonado y suelo contaminado,2014,Medio,Medio,Medio,Intercuenca 1391,Región Hidrografica del Pacífico,Piura,Paita,Vichayal,233-2014-OEFA/DE
-81.21812,-4.62351,1144,I,"Pozo mal abandonado, restos o depósitos de residuos",2014,Bajo,Bajo,Bajo,Intercuenca 1391,Región Hidrografica del Pacífico,Piura,Talara,La Brea,47-2015-OEFA/DE
-81.14788,-4.8376,1145,III,Pozo mal abandonado,2014,Bajo,Bajo,Bajo,Intercuenca 1391,Región Hidrografica del Pacífico,Piura,Paita,Vichayal,233-2014-OEFA/DE
-81.18532,-4.65028,1146,VII/VI,Pozo mal abandonado,2016,Bajo,Bajo,Bajo,Intercuenca 1391,Región Hidrografica del Pacífico,Piura,Talara,La Brea,221-2016-OEFA/DE
-80.66112,-3.67175,947,XX (ex Lote XIV),"Pozo mal abandonado, emisiones",2013,Alto,Alto,Medio,Intercuenca 13939,Región Hidrografica del Pacífico,Tumbes,Contralmirante Villar,Zorritos,131-2014-OEFA/DE
-81.21255,-4.6433,948,VII/VI,"Pozo mal abandonado, emisiones",2016,Medio,Medio,Medio,Intercuenca 1391,Región Hidrografica del Pacífico,Piura,Talara,La Brea,239-2016-OEFA/DE
-80.99423,-4.01754,949,XX (ex Lote XIV),Pozo mal abandonado,2013,Bajo,Bajo,Bajo,Intercuenca 13935,Región Hidrografica del Pacífico,Tumbes,Contralmirante Villar,Canoas De Punta Sal,238-2014-OEFA/DE
-81.20977,-4.63366,950,VII/VI,"Pozo mal abandonado, suelos contaminados con efluente o derrame, emisiones",2016,Medio,Medio,Medio,Intercuenca 1391,Región Hidrografica del Pacífico,Piura,Talara,La Brea,239-2016-OEFA/DE
-81.28967,-4.64407,1014,VII/VI,"Pozo mal abandonado, suelos contaminados con efluente o derrame",2016,Medio,Medio,Medio,Intercuenca 1391,Región Hidrografica del Pacífico,Piura,Talara,La Brea,239-2016-OEFA/DE
-81.21443,-4.60051,1015,I,Pozo mal abandonado,2014,Bajo,Bajo,Bajo,Intercuenca 1391,Región Hidrografica del Pacífico,Piura,Talara,Pariñas,47-2015-OEFA/DE
-81.25486,-4.65732,1016,VII/VI,Suelos contaminados con efluente o derrame,2014,Medio,Medio,Medio,Intercuenca 1391,Región Hidrografica del Pacífico,Piura,Talara,La Brea,238-2014-OEFA/DE
-81.2286,-4.4427,1017,VII/VI,Pozo mal abandonado,2016,Bajo,Bajo,Bajo,Intercuenca 13931,Región Hidrografica del Pacífico,Piura,Talara,Lobitos,239-2016-OEFA/DE
-81.24887,-4.65205,1083,VII/VI,"Pozo mal abandonado, suelos contaminados con efluente o derrame",2014,Medio,Medio,Medio,Intercuenca 1391,Región Hidrografica del Pacífico,Piura,Talara,La Brea,238-2014-OEFA/DE
-81.25923,-4.66918,1084,VII/VI,Pozo mal abandonado,2016,Bajo,Bajo,Bajo,Intercuenca 1391,Región Hidrografica del Pacífico,Piura,Talara,La Brea,225-2016-OEFA/DE
-81.2498,-4.66387,1085,VII/VI,"Pozo mal abandonado, suelos contaminados con efluente o derrame, emisiones",2014,Medio,Medio,Medio,Intercuenca 1391,Región Hidrografica del Pacífico,Piura,Talara,La Brea,238-2014-OEFA/DE
-81.24771,-4.68461,1086,VII/VI,"Pozo mal abandonado, suelos contaminados con efluente o derrame, emisiones",2016,Medio,Medio,Medio,Intercuenca 1391,Región Hidrografica del Pacífico,Piura,Talara,La Brea,225-2016-OEFA/DE
-81.28156,-4.62154,1147,I,"Pozo mal abandonado, suelos contaminados con efluente o derrame",2014,Medio,Medio,Medio,Intercuenca 1391,Región Hidrografica del Pacífico,Piura,Talara,La Brea,233-2014-OEFA/DE
-81.22563,-4.63639,1148,VII/VI,"Pozo mal abandonado, suelos contaminados con efluente o derrame, emisiones",2016,Medio,Medio,Medio,Intercuenca 1391,Región Hidrografica del Pacífico,Piura,Talara,La Brea,221-2016-OEFA/DE
-81.25869,-4.61564,1149,I,Pozo mal abandonado,2014,Bajo,Bajo,Bajo,Intercuenca 1391,Región Hidrografica del Pacífico,Piura,Talara,La Brea,233-2014-OEFA/DE
-81.23287,-4.63455,1150,VII/VI,"Pozo mal abandonado, suelos contaminados con efluente o derrame",2016,Medio,Medio,Medio,Intercuenca 1391,Región Hidrografica del Pacífico,Piura,Talara,La Brea,221-2016-OEFA/DE
-81.25276,-4.69396,951,VII/VI,"Pozo mal abandonado, suelos contaminados con efluente o derrame",2014,Medio,Medio,Medio,Intercuenca 1391,Región Hidrografica del Pacífico,Piura,Talara,La Brea,238-2014-OEFA/DE
-81.23603,-4.63161,952,VII/VI,"Pozo mal abandonado, suelos contaminados con efluente o derrame, emisiones",2016,Medio,Medio,Medio,Intercuenca 1391,Región Hidrografica del Pacífico,Piura,Talara,La Brea,239-2016-OEFA/DE
-81.25258,-4.69239,953,VII/VI,Pozo mal abandonado,2014,Bajo,Bajo,Bajo,Intercuenca 1391,Región Hidrografica del Pacífico,Piura,Talara,La Brea,238-2014-OEFA/DE
-81.29151,-4.68426,954,VII/VI,"Pozo mal abandonado, suelos contaminados con efluente o derrame",2013,Medio,Medio,Medio,Intercuenca 1391,Región Hidrografica del Pacífico,Piura,Talara,La Brea,238-2014-OEFA/DE
-75.21098,-10.28465,983,107,Pozo mal abandonado,2014,Bajo,Bajo,Bajo,Cuenca Pachitea,Región Hidrográfica del Amazonas,Pasco,Oxapampa,Palcazú,238-2014-OEFA/DE
-75.17489,-10.0972,984,107,Pozo mal abandonado,2014,Bajo,Bajo,Bajo,Cuenca Pachitea,Región Hidrográfica del Amazonas,Pasco,Oxapampa,Palcazú,238-2014-OEFA/DE
-75.17193,-10.30584,986,107,Pozo mal abandonado,2014,Bajo,Bajo,Bajo,Cuenca Pachitea,Región Hidrográfica del Amazonas,Pasco,Oxapampa,Palcazú,238-2014-OEFA/DE
-77.2371,-3.93625,1043,Sin Lote,Restos o depósitos de residuos,2013,Bajo,Medio,Bajo,Cuenca Morona,Región Hidrográfica del Amazonas,Loreto,Dátem del Marañón,Morona,156-2013-OEFA/DE
-69.73077,-12.11253,296,157,Pozo mal abandonado,2014,Bajo,Bajo,Bajo,Cuenca De Las Piedras,Región Hidrográfica del Amazonas,Madre de Dios,Tambopata,Tambopata,161-2015-OEFA/DE
-69.96148,-15.39462,587,105,"Pozo mal abandonado, el cual presenta emisiones gaseosas fugitivas y suelo contaminado en el área circundante al mismo",2013,Alto,Medio,Alto,Intercuenca Ramis,Región Hidrográfica del Titicaca,Puno,Huancané,Pusi,47-2015-OEFA/DE
-70.09311,-15.42481,600,105,Pozo mal abandonado,2013,Bajo,Bajo,Bajo,Cuenca Coata,Región Hidrográfica del Titicaca,Puno,San Román,Juliaca,00002-2015-OEFA/DE
-69.96113,-15.39223,879,105,Restos o depósitos de residuos,2013,Bajo,Bajo,Bajo,Intercuenca Ramis,Región Hidrográfica del Titicaca,Puno,Huancané,Pusi,001-2015-OEFA/DE
-69.94339,-15.39352,1572,105,Suelos contaminados con efluente o derrame,2014,Bajo,Bajo,Bajo,Intercuenca Ramis,Región Hidrográfica del Titicaca,Puno,Huancané,Pusi,199-2016-OEFA/DE
-69.96153,-15.39411,1576,105,Instalaciones mal abandonadas,2014,Bajo,Bajo,Bajo,Intercuenca Ramis,Región Hidrográfica del Titicaca,Puno,Huancané,Pusi,199-2016-OEFA/DE
-70.0377,-15.51795,2174,105,Pozo mal abandonado,2013,Bajo,Bajo,Bajo,Cuenca Coata,Región Hidrográfica del Titicaca,Puno,San Román,Caracoto,15-2015-OEFA/DE
-70.04637,-15.49792,2186,105,Pozo mal abandonado,2013,Bajo,Bajo,Bajo,Cuenca Coata,Región Hidrográfica del Titicaca,Puno,San Román,Caracoto,15-2015-OEFA/DE
-69.96178,-15.39538,2537,105,"Pozo mal abandonado, que presenta emisiones gaseosas fugitivas",2013,Medio,Alto,Medio,Intercuenca Ramis,Región Hidrográfica del Titicaca,Puno,Huancané,Pusi,071-2015-OEFA/DE
-69.92182,-15.47198,2619,105,"Pozo mal abandonado, emisiones",2013,Medio,Medio,Medio,Intercuenca Ramis,Región Hidrográfica del Titicaca,Puno,Huancané,Pusi,47-2015-OEFA/DE
-69.93975,-15.39824,3165,Sin Lote,Suelo contaminado con arsénico y la afectación de las aguas adyacentes del lago Titicaca,2015,Alto,Medio,Alto,Lago Titicaca,Región Hidrográfica del Titicaca,Puno,Huancané,Pusi,Oficio circular N° 026-2016-OEFA/DE
-77.23803,-3.9349,167,Sin Lote,Instalaciones mal abandonadas,2013,Bajo,Bajo,Bajo,Cuenca Morona,Región Hidrográfica del Amazonas,Loreto,Dátem del Marañón,Morona,192-2014-OEFA/DE
-75.23498,-10.09969,612,107,"Pozo mal abandonado, restos o depósitos de residuos",2014,Bajo,Bajo,Bajo,Cuenca Pachitea,Región Hidrográfica del Amazonas,Pasco,Oxapampa,Palcazú,081-2015-OEFA/DE
-77.93145,-4.3805,721,116,"Pozo mal abandonado, la instalación de hidrocarburos, restos y depósitos de residuos vinculados al pozo",0,Bajo,Bajo,Bajo,Cuenca Santiago,Región Hidrográfica del Amazonas,Amazonas,Condorcanqui,Rio Santiago,Oficio N° 317-2019-OEFA-DEAM
-74.94529,-4.70927,730,65,Pozo mal abandonado,2014,Bajo,Bajo,Bajo,Intercuenca Medio Bajo Marañón,Región Hidrográfica del Amazonas,Loreto,Loreto,Urarinas,081-2015-OEFA/DE
-75.24032,-9.91227,876,107,Pozo mal abandonado,2014,Bajo,Bajo,Bajo,Cuenca Pachitea,Región Hidrográfica del Amazonas,Pasco,Oxapampa,Puerto Bermudez,00001-2015-OEFA-DE
-81.19711,-4.39222,6,X,Suelos contaminados con efluente o derrame,2016,Medio,Medio,Medio,Cuenca Pariñas,Región Hidrografica del Pacífico,Piura,Talara,Lobitos,347-2016-OEFA/DE
-81.21705,-4.50376,7,VII/VI,"Pozo mal abandonado, emisiones",2014,Bajo,Bajo,Bajo,Cuenca Pariñas,Región Hidrografica del Pacífico,Piura,Talara,Pariñas,206-2014-OEFA/DE
-81.2307,-4.66553,8,VII/VI,"Pozo mal abandonado, suelos contaminados con efluente o derrame, emisiones",2013,Medio,Medio,Medio,Intercuenca 1391,Región Hidrografica del Pacífico,Piura,Talara,La Brea,205-2014-OEFA/DE
-81.21521,-4.50116,9,VII/VI,"Pozo mal abandonado, suelos contaminados con efluente o derrame",2014,Medio,Medio,Medio,Cuenca Pariñas,Región Hidrografica del Pacífico,Piura,Talara,Pariñas,206-2014-OEFA/DE
-81.13231,-4.33742,10,X,Pozo mal abandonado,2016,Bajo,Bajo,Bajo,Cuenca Pariñas,Región Hidrografica del Pacífico,Piura,Talara,El Alto,347-2016-OEFA/DE
-81.3052,-4.67618,11,VII/VI,Pozo mal abandonado,2013,Bajo,Bajo,Bajo,Intercuenca 1391,Región Hidrografica del Pacífico,Piura,Talara,La Brea,205-2014-OEFA/DE
-81.20752,-4.49518,12,VII/VI,Pozo mal abandonado,2014,Bajo,Bajo,Bajo,Cuenca Pariñas,Región Hidrografica del Pacífico,Piura,Talara,Pariñas,206-2014-OEFA/DE
-81.23149,-4.63209,13,VII/VI,"Pozo mal abandonado, suelos contaminados con efluente o derrame, restos o depósitos de residuos",2014,Medio,Medio,Medio,Intercuenca 1391,Región Hidrografica del Pacífico,Piura,Talara,La Brea,15-2015-OEFA/DE
-76.32695,-2.98385,1349,Locación Tucunarú 1X y alrededores,"Instalaciones mal abandonadas, restos o depósitos de residuos",2015,Bajo,Bajo,Bajo,Cuenca Tigre,Región Hidrográfica del Amazonas,Loreto,Loreto,Trompeteros,017-2016-OEFA/DE
-74.35786,-5.83723,1542,Ex Lote 14,Pozo mal abandonado,2015,Bajo,Bajo,Bajo,Intercuenca 49913,Región Hidrográfica del Amazonas,Loreto,Requena,Emilio San Martin,017-2016-OEFA/DE
-75.21725,-4.8067,1723,7,Pozo mal abandonado,2014,Bajo,Bajo,Bajo,Intercuenca Medio Bajo Marañón,Región Hidrográfica del Amazonas,Loreto,Loreto,Urarinas,246-2015-OEFA/DE
-73.72193,-9.03611,2013,126,"Instalaciones mal abandonadas, restos o depósitos de residuos",2014,Bajo,Bajo,Bajo,Cuenca Tamaya,Región Hidrográfica del Amazonas,Ucayali,Coronel Portillo,Masisea,210-2015-OEFA/DE
-75.17898,-7.11035,2118,100,Pozo mal abandonado,2014,Bajo,Bajo,Bajo,Intercuenca 49913,Región Hidrográfica del Amazonas,Loreto,Ucayali,Pampa Hermosa,161-2015-OEFA/DE
-74.08643,-4.46717,2376,Sin Lote,"Pozo mal abandonado con afloramiento de líquidos, presencia de emisiones gaseosas fugitivas y suelo contaminado con bario",2014,Alto,Alto,Alto,Cuenca Tigre,Región Hidrográfica del Amazonas,Loreto,Loreto,Nauta,124-2016-OEFA/DE
-76.11063,-13.64181,2395,Sin Lote,Suelos contaminados con efluente o derrame,2014,Medio,Medio,Medio,Cuenca Pisco,Región Hidrografica del Pacífico,Ica,Pisco,San Clemente,124-2016-OEFA/DE
-75.23544,-4.75392,2507,7,"Pozo mal abandonado, instalaciones mal abandonadas",2014,Bajo,Bajo,Bajo,Intercuenca Medio Bajo Marañón,Región Hidrográfica del Amazonas,Loreto,Loreto,Urarinas,103-2016-OEFA/DE
-77.95159,-4.72751,2560,116,"Pozo mal abandonado, restos o depósitos de residuos",2014,Bajo,Bajo,Bajo,Intercuenca 49879,Región Hidrográfica del Amazonas,Amazonas,Condorcanqui,Nieva,72-2015-OEFA/DE
-76.58838,-4.85508,2983,-,Pozo mal abandonado,,Bajo,Medio,Bajo,Intercuenca 49871,Región Hidrográfica del Amazonas,Loreto,Datem del Marañon,Barranca,Oficio Nº00099-2024-OEFA/DEAM
-74.27981,-5.34287,3108,95,"Pozo mal abandonado, instalación mal abandonada, restos de residuos, suelo contaminado con bario total real, cadmio total y plomo total en su área circundante y sedimento con concentraciones que superan los valores de referencia para arsénico y bario en un tramo de la cocha Envidia",2015,Medio,Medio,Alto,Intercuenca 49913,Región Hidrográfica del Amazonas,Loreto,Requena,Puinahua,"017-2016-OEFA/DE, 0318-2023-OEFA/DEAM"
-74.78606,-4.52624,3135,Sin Lote,Pozo mal abandonado,2014,Bajo,Bajo,Bajo,Intercuenca Medio Bajo Marañón,Región Hidrográfica del Amazonas,Loreto,Loreto,Urarinas,246-2015-OEFA/DE
-75.20604,-6.96901,3174,183,Pozo mal abandonado,2014,Bajo,Bajo,Bajo,Intercuenca 49913,Región Hidrográfica del Amazonas,Loreto,Ucayali,Vargas Guerra,210-2015-OEFA/DE
-74.88211,-8.5501,3191,163,Pozo mal abandonado,2014,Bajo,Bajo,Bajo,Cuenca Aguaytía,Región Hidrográfica del Amazonas,Ucayali,Coronel Portillo,Campoverde,161-2015-OEFA/DE
-75.18758,-7.10868,3192,100,Pozo mal abandonado,2014,Bajo,Bajo,Bajo,Intercuenca 49913,Región Hidrográfica del Amazonas,Loreto,Ucayali,Pampa Hermosa,161-2015-OEFA/DE
-74.25034,-9.61065,3232,114,Pozo mal abandonado,2014,Bajo,Bajo,Bajo,Intercuenca Medio Bajo Ucayali,Región Hidrográfica del Amazonas,Ucayali,Coronel Portillo,Iparia,124-2016-OEFA/DE
-74.15562,-9.2683,3241,114,"Pozo mal abandonado, restos o depósitos de residuos",2014,Bajo,Bajo,Bajo,Intercuenca Medio Bajo Ucayali,Región Hidrográfica del Amazonas,Ucayali,Coronel Portillo,Iparia,124-2016-OEFA/DE
-73.47578,-9.32331,3242,126,Pozo mal abandonado,2014,Bajo,Bajo,Bajo,Cuenca Tamaya,Región Hidrográfica del Amazonas,Ucayali,Coronel Portillo,Masisea,124-2016-OEFA/DE
-75.17912,-7.11075,3260,100,"Suelos contaminados con efluente o derrame, restos o depósitos de residuos",2014,Medio,Medio,Medio,Intercuenca 49913,Región Hidrográfica del Amazonas,Loreto,Ucayali,Pampa Hermosa,070-2016-OEFA/DE
-81.33562,-4.63161,1,Z-2B,Pozo petrolero mal abandonado,2023,Bajo,Bajo,Bajo,,,Piura,Talara,La Brea,OFICIO N° 00087-2023-OEFA/DEAM
-81.07582,-4.21672,2,X,Pozo mal abandonado,2016,Bajo,Bajo,Bajo,Intercuenca 13931,Región Hidrografica del Pacífico,Piura,Talara,Los Órganos,347-2016-OEFA/DE
-81.20044,-4.52707,3,VII/VI,Pozo mal abandonado,2014,Bajo,Bajo,Bajo,Cuenca Pariñas,Región Hidrografica del Pacífico,Piura,Talara,Pariñas,206-2014-OEFA/DE
-81.20376,-4.51568,4,VII/VI,"Pozo mal abandonado, suelos contaminados con efluente o derrame",2014,Medio,Medio,Medio,Cuenca Pariñas,Región Hidrografica del Pacífico,Piura,Talara,Pariñas,206-2014-OEFA/DE
-81.20237,-4.50341,5,VII/VI,"Pozo mal abandonado, suelos contaminados con efluente o derrame",2014,Medio,Medio,Medio,Cuenca Pariñas,Región Hidrografica del Pacífico,Piura,Talara,Pariñas,206-2014-OEFA/DE
-81.21543,-4.64843,34,VII/VI,Pozo mal abandonado,2013,Bajo,Bajo,Bajo,Intercuenca 1391,Región Hidrografica del Pacífico,Piura,Talara,La Brea,206-2014-OEFA/DE
-81.22949,-4.39399,35,X,Pozo mal abandonado,2016,Bajo,Bajo,Bajo,Intercuenca 13931,Región Hidrografica del Pacífico,Piura,Talara,Lobitos,347-2016-OEFA/DE
-81.23028,-4.66259,36,VII/VI,"Pozo mal abandonado, suelos contaminados con efluente o derrame, emisiones",2013,Medio,Medio,Medio,Intercuenca 1391,Región Hidrografica del Pacífico,Piura,Talara,La Brea,206-2014-OEFA/DE
-81.22386,-4.66183,37,VII/VI,"Pozo mal abandonado, suelos contaminados con efluente o derrame, emisiones",2013,Medio,Medio,Medio,Intercuenca 1391,Región Hidrografica del Pacífico,Piura,Talara,La Brea,206-2014-OEFA/DE
-81.12365,-4.19698,38,X,Pozo mal abandonado,2016,Bajo,Medio,Bajo,Intercuenca 13931,Región Hidrografica del Pacífico,Piura,Talara,Los Órganos,347-2016-OEFA/DE
-81.17621,-4.39737,39,X,Pozo mal abandonado,2016,Bajo,Bajo,Bajo,Cuenca Pariñas,Región Hidrografica del Pacífico,Piura,Talara,Lobitos,347-2016-OEFA/DE
-81.23837,-4.5916,1018,I,"Pozo mal abandonado, restos o depósitos de residuos",2014,Bajo,Bajo,Bajo,Intercuenca 1391,Región Hidrografica del Pacífico,Piura,Talara,Pariñas,47-2015-OEFA/DE
-81.20099,-4.28153,1019,X,Pozo mal abandonado,2019,Bajo,Medio,Bajo,Intercuenca 13931,Región Hidrografica del Pacífico,Piura,Talara,El Alto,Oficio N° 250-2019
-81.22611,-4.45762,1020,VII/VI,"Pozo mal abandonado, emisiones",2016,Medio,Medio,Medio,Cuenca Pariñas,Región Hidrografica del Pacífico,Piura,Talara,Lobitos,239-2016-OEFA/DE
-81.29815,-4.46427,1021,VII/VI,"Pozo mal abandonado, suelos contaminados con efluente o derrame",2016,Medio,Medio,Medio,Intercuenca 13931,Región Hidrografica del Pacífico,Piura,Talara,Lobitos,239-2016-OEFA/DE
-81.23122,-4.66337,1087,VII/VI,"Pozo mal abandonado, suelos contaminados con efluente o derrame",2014,Medio,Medio,Medio,Intercuenca 1391,Región Hidrografica del Pacífico,Piura,Talara,La Brea,238-2014-OEFA/DE
-81.24768,-4.69582,1088,VII/VI,"Pozo mal abandonado, suelos contaminados con efluente o derrame, emisiones",2016,Medio,Medio,Medio,Intercuenca 1391,Región Hidrografica del Pacífico,Piura,Talara,La Brea,225-2016-OEFA/DE
-81.25209,-4.69069,1089,VII/VI,"Pozo mal abandonado, suelos contaminados con efluente o derrame",2016,Medio,Medio,Medio,Intercuenca 1391,Región Hidrografica del Pacífico,Piura,Talara,La Brea,225-2016-OEFA/DE
-81.18539,-4.48782,1090,IV,Pozo mal abandonado,2014,Bajo,Bajo,Bajo,Cuenca Pariñas,Región Hidrografica del Pacífico,Piura,Talara,Pariñas,47-2015-OEFA/DE
-81.19142,-4.65662,1151,VII/VI,Pozo mal abandonado,2016,Bajo,Bajo,Bajo,Intercuenca 1391,Región Hidrografica del Pacífico,Piura,Talara,La Brea,221-2016-OEFA/DE
-81.23355,-4.59155,1152,I,"Pozo mal abandonado, restos o depósitos de residuos",2014,Bajo,Bajo,Bajo,Intercuenca 1391,Región Hidrografica del Pacífico,Piura,Talara,Pariñas,233-2014-OEFA/DE
-81.12431,-4.65475,1153,III,"Pozo mal abandonado, suelos contaminados con efluente o derrame, restos o depósitos de residuos",2014,Medio,Medio,Medio,Intercuenca 1391,Región Hidrografica del Pacífico,Piura,Talara,La Brea,233-2014-OEFA/DE
-81.21616,-4.65197,1154,VII/VI,Pozo mal abandonado,2016,Bajo,Bajo,Bajo,Intercuenca 1391,Región Hidrografica del Pacífico,Piura,Talara,La Brea,221-2016-OEFA/DE
-81.21453,-4.65989,955,VII/VI,"Pozo mal abandonado, suelos contaminados con efluente o derrame",2016,Medio,Medio,Medio,Intercuenca 1391,Región Hidrografica del Pacífico,Piura,Talara,La Brea,239-2016-OEFA/DE
-81.25641,-4.66372,956,VII/VI,"Pozo mal abandonado, suelos contaminados con efluente o derrame, emisiones",2014,Medio,Medio,Medio,Intercuenca 1391,Región Hidrografica del Pacífico,Piura,Talara,La Brea,238-2014-OEFA/DE
-81.2378,-4.63193,957,VII/VI,"Pozo mal abandonado, suelos contaminados con efluente o derrame, emisiones",2016,Medio,Medio,Medio,Intercuenca 1391,Región Hidrografica del Pacífico,Piura,Talara,La Brea,239-2016-OEFA/DE
-81.23917,-4.55638,958,I,Pozo mal abandonado,2014,Medio,Medio,Medio,Intercuenca 1391,Región Hidrografica del Pacífico,Piura,Talara,Pariñas,238-2014-OEFA/DE
-81.29191,-4.45605,1022,VII/VI,"Pozo mal abandonado, suelos contaminados con efluente o derrame",2016,Medio,Medio,Medio,Intercuenca 13931,Región Hidrografica del Pacífico,Piura,Talara,Lobitos,239-2016-OEFA/DE
-81.29296,-4.63572,1023,I,"Pozo mal abandonado, suelos contaminados con efluente o derrame",2014,Medio,Medio,Medio,Intercuenca 1391,Región Hidrografica del Pacífico,Piura,Talara,La Brea,47-2015-OEFA/DE
-81.21232,-4.39552,1024,X,Instalación mal abandonada vinculada al pozo L9516,2019,Bajo,Bajo,Bajo,Cuenca Pariñas,Región Hidrografica del Pacífico,Piura,Talara,Lobitos,Oficio N° 250-2019
-81.29456,-4.4581,1025,VII/VI,"Pozo mal abandonado, emisiones",2016,Medio,Medio,Medio,Intercuenca 13931,Región Hidrografica del Pacífico,Piura,Talara,Lobitos,239-2016-OEFA/DE
-81.22864,-4.66761,1091,VII/VI,"Pozo mal abandonado, suelos contaminados con efluente o derrame",2014,Medio,Medio,Medio,Intercuenca 1391,Región Hidrografica del Pacífico,Piura,Talara,La Brea,238-2014-OEFA/DE
-81.25088,-4.68913,1092,VII/VI,"Pozo mal abandonado, suelos contaminados con efluente o derrame, emisiones",2016,Medio,Medio,Medio,Intercuenca 1391,Región Hidrografica del Pacífico,Piura,Talara,La Brea,225-2016-OEFA/DE
-81.23333,-4.66878,1093,VII/VI,"Pozo mal abandonado, suelos contaminados con efluente o derrame",2014,Medio,Medio,Medio,Intercuenca 1391,Región Hidrografica del Pacífico,Piura,Talara,La Brea,238-2014-OEFA/DE
-81.25951,-4.69376,1094,VII/VI,"Pozo mal abandonado, suelos contaminados con efluente o derrame",2016,Medio,Medio,Medio,Intercuenca 1391,Región Hidrografica del Pacífico,Piura,Talara,La Brea,225-2016-OEFA/DE
-81.11616,-4.59208,1155,IV,"Pozo mal abandonado, suelos contaminados con efluente o derrame",2014,Medio,Medio,Medio,Intercuenca 1391,Región Hidrografica del Pacífico,Piura,Talara,Pariñas,233-2014-OEFA/DE
-81.22045,-4.67589,1156,VII/VI,"Pozo mal abandonado, suelos contaminados con efluente o derrame",2016,Bajo,Medio,Medio,Intercuenca 1391,Región Hidrografica del Pacífico,Piura,Talara,La Brea,221-2016-OEFA/DE
-81.27102,-4.4543,1157,VII/VI,"Pozo mal abandonado, suelos contaminados con efluente o derrame",2014,Medio,Medio,Medio,Intercuenca 13931,Región Hidrografica del Pacífico,Piura,Talara,Lobitos,233-2014-OEFA/DE
-81.20863,-4.65621,1158,VII/VI,"Pozo mal abandonado, suelos contaminados con efluente o derrame, emisiones",2016,Bajo,Medio,Medio,Intercuenca 1391,Región Hidrografica del Pacífico,Piura,Talara,La Brea,221-2016-OEFA/DE
-81.22941,-4.47573,959,VII/VI,"Pozo mal abandonado, suelos contaminados con efluente o derrame, restos o depósitos de residuos",2014,Medio,Medio,Medio,Cuenca Pariñas,Región Hidrografica del Pacífico,Piura,Talara,Lobitos,238-2014-OEFA/DE
-81.28674,-4.63882,960,I,"Pozo mal abandonado, suelos contaminados con efluente o derrame, restos o depósitos de residuos",2014,Medio,Medio,Medio,Intercuenca 1391,Región Hidrografica del Pacífico,Piura,Talara,La Brea,231-2014-OEFA/DE
-81.21335,-4.68071,961,VII/VI,"Pozo mal abandonado, emisiones",2016,Bajo,Medio,Bajo,Intercuenca 1391,Región Hidrografica del Pacífico,Piura,Talara,La Brea,239-2016-OEFA/DE
-81.28415,-4.62832,962,I,"Pozo mal abandonado, suelos contaminados con efluente o derrame",2014,Medio,Medio,Medio,Intercuenca 1391,Región Hidrografica del Pacífico,Piura,Talara,La Brea,47-2015-OEFA/DE
-81.18835,-4.63867,1026,VII/VI,Pozo mal abandonado,2014,Bajo,Bajo,Bajo,Intercuenca 1391,Región Hidrografica del Pacífico,Piura,Talara,La Brea,238-2014-OEFA/DE
-81.29842,-4.46049,1027,VII/VI,Pozo mal abandonado,2016,Bajo,Bajo,Bajo,Intercuenca 13931,Región Hidrografica del Pacífico,Piura,Talara,Lobitos,239-2016-OEFA/DE
-81.189,-4.64299,1028,VII/VI,Pozo mal abandonado,2014,Bajo,Bajo,Bajo,Intercuenca 1391,Región Hidrografica del Pacífico,Piura,Talara,La Brea,238-2014-OEFA/DE
-81.18935,-4.64138,1029,VII/VI,"Pozo mal abandonado, suelos contaminados con efluente o derrame, emisiones",2014,Medio,Medio,Medio,Intercuenca 1391,Región Hidrografica del Pacífico,Piura,Talara,La Brea,238-2014-OEFA/DE
-81.23139,-4.66929,1095,VII/VI,"Pozo mal abandonado, suelos contaminados con efluente o derrame",2014,Medio,Medio,Medio,Intercuenca 1391,Región Hidrografica del Pacífico,Piura,Talara,La Brea,238-2014-OEFA/DE
-81.31967,-4.66993,1096,VII/VI,Pozo mal abandonado y emisiones fugitivas provenientes del pozo,2018,Alto,Alto,Medio,Intercuenca 1391,Región Hidrografica del Pacífico,Piura,Talara,La Brea,Oficio Circular N° 052-2018-OEFA/DEAM
-81.26545,-4.68261,1097,VII/VI,Pozo mal abandonado,2016,Bajo,Bajo,Bajo,Intercuenca 1391,Región Hidrografica del Pacífico,Piura,Talara,La Brea,225-2016-OEFA/DE
-81.2407,-4.61839,1098,VII/VI,Pozo mal abandonado,2014,Bajo,Bajo,Bajo,Intercuenca 1391,Región Hidrografica del Pacífico,Piura,Talara,La Brea,238-2014-OEFA/DE
-81.25484,-4.45734,1159,VII/VI,"Pozo mal abandonado, suelos contaminados con efluente o derrame",2014,Medio,Medio,Medio,Cuenca Pariñas,Región Hidrografica del Pacífico,Piura,Talara,Lobitos,233-2014-OEFA/DE
-81.18202,-4.65672,1160,VII/VI,"Pozo mal abandonado, suelos contaminados con efluente o derrame",2016,Medio,Medio,Medio,Intercuenca 1391,Región Hidrografica del Pacífico,Piura,Talara,La Brea,221-2016-OEFA/DE
-81.25682,-4.69539,1161,VII/VI,"Pozo mal abandonado, suelos contaminados con efluente o derrame, restos o depósitos de residuos",2014,Medio,Medio,Medio,Intercuenca 1391,Región Hidrografica del Pacífico,Piura,Talara,La Brea,233-2014-OEFA/DE
-81.19181,-4.65531,1162,VII/VI,"Pozo mal abandonado, suelos contaminados con efluente o derrame",2014,Medio,Medio,Medio,Intercuenca 1391,Región Hidrografica del Pacífico,Piura,Talara,La Brea,233-2014-OEFA/DE
-81.2405,-4.67481,963,VII/VI,"Pozo mal abandonado, emisiones",2013,Medio,Medio,Medio,Intercuenca 1391,Región Hidrografica del Pacífico,Piura,Talara,La Brea,238-2014-OEFA/DE
-81.21483,-4.66749,964,VII/VI,"Pozo mal abandonado, suelos contaminados con efluente o derrame, emisiones",2016,Medio,Medio,Medio,Intercuenca 1391,Región Hidrografica del Pacífico,Piura,Talara,La Brea,239-2016-OEFA/DE
-81.2557,-4.69248,965,VII/VI,"Pozo mal abandonado, suelos contaminados con efluente o derrame",2014,Medio,Medio,Medio,Intercuenca 1391,Región Hidrografica del Pacífico,Piura,Talara,La Brea,238-2014-OEFA/DE
-81.23977,-4.66225,966,VII/VI,"Pozo mal abandonado, emisiones",2016,Bajo,Bajo,Bajo,Intercuenca 1391,Región Hidrografica del Pacífico,Piura,Talara,La Brea,239-2016-OEFA/DE
-81.18643,-4.64089,1030,VII/VI,"Pozo mal abandonado, suelos contaminados con efluente o derrame",2014,Medio,Medio,Medio,Intercuenca 1391,Región Hidrografica del Pacífico,Piura,Talara,La Brea,238-2014-OEFA/DE
-81.23352,-4.66724,1031,VII/VI,"Pozo mal abandonado, emisiones",2014,Medio,Medio,Medio,Intercuenca 1391,Región Hidrografica del Pacífico,Piura,Talara,La Brea,238-2014-OEFA/DE
-81.26472,-4.46706,1032,VII/VI,"Pozo mal abandonado, suelos contaminados con efluente o derrame",2014,Medio,Medio,Medio,Cuenca Pariñas,Región Hidrografica del Pacífico,Piura,Talara,Lobitos,238-2014-OEFA/DE
-81.28182,-4.45874,1033,VII/VI,Pozo mal abandonado,2014,Bajo,Bajo,Bajo,Intercuenca 13931,Región Hidrografica del Pacífico,Piura,Talara,Lobitos,238-2014-OEFA/DE
-81.24729,-4.59247,1099,I,"Pozo mal abandonado, suelo contaminado en el área circundante al mismo y emisiones fugitivas provenientes del pozo",0,Alto,Alto,Alto,Intercuenca 1391,Región Hidrografica del Pacífico,Piura,Talara,Pariñas,Oficio Circular N° 052-2018-OEFA/DEAM
-81.25791,-4.69501,1100,VII/VI,Pozo mal abandonado con suelo contaminado,2016,Medio,Medio,Medio,Intercuenca 1391,Región Hidrografica del Pacífico,Piura,Talara,La Brea,225-2016-OEFA/DE
-81.25433,-4.69207,1101,VII/VI,"Pozo mal abandonado, suelos contaminados con efluente o derrame",2014,Medio,Medio,Medio,Intercuenca 1391,Región Hidrografica del Pacífico,Piura,Talara,La Brea,238-2014-OEFA/DE
-81.28896,-4.66898,1102,VII/VI,Pozo mal abandonado,2016,Bajo,Bajo,Bajo,Intercuenca 1391,Región Hidrografica del Pacífico,Piura,Talara,La Brea,225-2016-OEFA/DE
-81.15108,-4.64625,1163,III,"Pozo mal abandonado, suelos contaminados con efluente o derrame, restos o depósitos de residuos",2014,Medio,Medio,Medio,Intercuenca 1391,Región Hidrografica del Pacífico,Piura,Talara,La Brea,0009-2015-OEFA/DE
-81.21195,-4.64055,1164,VII/VI,"Pozo mal abandonado, suelos contaminados con efluente o derrame, emisiones",2016,Medio,Medio,Medio,Intercuenca 1391,Región Hidrografica del Pacífico,Piura,Talara,La Brea,221-2016-OEFA/DE
-81.24012,-4.61222,1165,VII/VI,"Pozo mal abandonado, suelos contaminados con efluente o derrame, emisiones",2016,Medio,Medio,Medio,Intercuenca 1391,Región Hidrografica del Pacífico,Piura,Talara,La Brea,221-2016-OEFA/DE
-81.20853,-4.64564,1166,VII/VI,"Pozo mal abandonado, emisiones",2016,Medio,Medio,Medio,Intercuenca 1391,Región Hidrografica del Pacífico,Piura,Talara,La Brea,221-2016-OEFA/DE
-81.25482,-4.69302,967,VII/VI,Pozo mal abandonado,2014,Bajo,Bajo,Bajo,Intercuenca 1391,Región Hidrografica del Pacífico,Piura,Talara,La Brea,238-2014-OEFA/DE
-81.24698,-4.66736,968,VII/VI,"Pozo mal abandonado, emisiones",2016,Medio,Medio,Medio,Intercuenca 1391,Región Hidrografica del Pacífico,Piura,Talara,La Brea,239-2016-OEFA/DE
-81.25449,-4.69337,969,VII/VI,"Pozo mal abandonado, suelos contaminados con efluente o derrame",2014,Medio,Medio,Medio,Intercuenca 1391,Región Hidrografica del Pacífico,Piura,Talara,La Brea,238-2014-OEFA/DE
-81.23764,-4.67286,970,VII/VI,"Pozo mal abandonado, emisiones",2016,Bajo,Medio,Bajo,Intercuenca 1391,Región Hidrografica del Pacífico,Piura,Talara,La Brea,239-2016-OEFA/DE
-81.21828,-4.66785,1034,VII/VI,"Pozo mal abandonado, emisiones",2014,Medio,Medio,Medio,Intercuenca 1391,Región Hidrografica del Pacífico,Piura,Talara,La Brea,238-2014-OEFA/DE
-81.2151,-4.65464,1035,VII/VI,"Pozo mal abandonado, emisiones",2014,Medio,Medio,Medio,Intercuenca 1391,Región Hidrografica del Pacífico,Piura,Talara,La Brea,238-2014-OEFA/DE
-81.22303,-4.6443,1036,VII/VI,"Pozo mal abandonado, suelos contaminados con efluente o derrame, emisiones",2014,Medio,Medio,Medio,Intercuenca 1391,Región Hidrografica del Pacífico,Piura,Talara,La Brea,238-2014-OEFA/DE
-81.24905,-4.66787,1037,VII/VI,"Pozo mal abandonado, suelos contaminados con efluente o derrame",2014,Medio,Medio,Medio,Intercuenca 1391,Región Hidrografica del Pacífico,Piura,Talara,La Brea,238-2014-OEFA/DE
-81.25119,-4.64923,1103,VII/VI,"Pozo mal abandonado, emisiones",2014,Medio,Medio,Medio,Intercuenca 1391,Región Hidrografica del Pacífico,Piura,Talara,La Brea,238-2014-OEFA/DE
-81.21828,-4.27851,1104,X,"Pozo mal abandonado, presenta emisiones gaseosas fugitivas",2019,Medio,Alto,Medio,Intercuenca 13931,Región Hidrografica del Pacífico,Piura,Talara,El Alto,Oficio N° 047-2019-OEFA-DEAM
-81.28063,-4.69103,1105,VII/VI,"Pozo mal abandonado, suelos contaminados con efluente o derrame, emisiones",2016,Medio,Medio,Medio,Intercuenca 1391,Región Hidrografica del Pacífico,Piura,Talara,La Brea,225-2016-OEFA/DE
-81.2456,-4.65258,1106,VII/VI,"Pozo mal abandonado, emisiones",2014,Medio,Medio,Medio,Intercuenca 1391,Región Hidrografica del Pacífico,Piura,Talara,La Brea,238-2014-OEFA/DE
-81.24983,-4.48298,1167,VII/VI,"Pozo mal abandonado, suelos contaminados con efluente o derrame",2014,Medio,Medio,Medio,Cuenca Pariñas,Región Hidrografica del Pacífico,Piura,Talara,Lobitos,233-2014-OEFA/DE
-81.20505,-4.64588,1168,VII/VI,"Pozo mal abandonado, emisiones",2016,Bajo,Medio,Bajo,Intercuenca 1391,Región Hidrografica del Pacífico,Piura,Talara,La Brea,221-2016-OEFA/DE
-81.25548,-4.45514,1169,VII/VI,Pozo mal abandonado,2014,Bajo,Bajo,Bajo,Intercuenca 13931,Región Hidrografica del Pacífico,Piura,Talara,Lobitos,233-2014-OEFA/DE
-81.1841,-4.64951,1170,VII/VI,Pozo mal abandonado,2016,Bajo,Bajo,Bajo,Intercuenca 1391,Región Hidrografica del Pacífico,Piura,Talara,La Brea,221-2016-OEFA/DE
-81.2361,-4.64249,971,VII/VI,"Pozo mal abandonado, suelos contaminados con efluente o derrame",2014,Medio,Medio,Medio,Intercuenca 1391,Región Hidrografica del Pacífico,Piura,Talara,La Brea,238-2014-OEFA/DE
-81.25546,-4.67516,972,VII/VI,Pozo mal abandonado,2016,Bajo,Bajo,Bajo,Intercuenca 1391,Región Hidrografica del Pacífico,Piura,Talara,La Brea,239-2016-OEFA/DE
-81.22968,-4.64765,973,VII/VI,"Pozo mal abandonado, suelos contaminados con efluente o derrame",2014,Medio,Medio,Medio,Intercuenca 1391,Región Hidrografica del Pacífico,Piura,Talara,La Brea,238-2014-OEFA/DE
-81.22187,-4.66879,974,VII/VI,"Pozo mal abandonado, suelos contaminados con efluente o derrame, emisiones",2016,Medio,Medio,Medio,Intercuenca 1391,Región Hidrografica del Pacífico,Piura,Talara,La Brea,239-2016-OEFA/DE
-81.22615,-4.57636,1038,I,Pozo mal abandonado,2014,Bajo,Bajo,Bajo,Intercuenca 1391,Región Hidrografica del Pacífico,Piura,Talara,Pariñas,238-2014-OEFA/DE
-81.0313,-4.33453,1039,II,Pozo mal abandonado,2014,Bajo,Bajo,Bajo,Cuenca Pariñas,Región Hidrografica del Pacífico,Piura,Talara,El Alto,238-2014-OEFA/DE
-81.28445,-4.63541,1040,I,"Pozo mal abandonado, suelos contaminados con efluente o derrame",2014,Medio,Medio,Medio,Intercuenca 1391,Región Hidrografica del Pacífico,Piura,Talara,La Brea,238-2014-OEFA/DE
-81.14577,-4.56259,1041,IV,"Pozo mal abandonado, suelos contaminados con efluente o derrame",2014,Medio,Medio,Medio,Intercuenca 1391,Región Hidrografica del Pacífico,Piura,Talara,Pariñas,47-2015-OEFA/DE
-81.28061,-4.69103,1107,VII/VI,"Pozo mal abandonado, suelos contaminados con efluente o derrame, emisiones",2016,Bajo,Medio,Medio,Intercuenca 1391,Región Hidrografica del Pacífico,Piura,Talara,La Brea,225-2016-OEFA/DE
-81.24805,-4.64968,1108,VII/VI,"Pozo mal abandonado, emisiones",2014,Medio,Medio,Medio,Intercuenca 1391,Región Hidrografica del Pacífico,Piura,Talara,La Brea,238-2014-OEFA/DE
-81.24265,-4.29901,1109,X,Pozo mal abandonado,2019,Bajo,Bajo,Bajo,Intercuenca 13931,Región Hidrografica del Pacífico,Piura,Talara,El Alto,Oficio N° 216-2019-OEFA/DEAM
-81.27644,-4.68595,1110,VII/VI,"Pozo mal abandonado, suelos contaminados con efluente o derrame, emisiones",2016,Medio,Medio,Medio,Intercuenca 1391,Región Hidrografica del Pacífico,Piura,Talara,La Brea,225-2016-OEFA/DE
-81.22588,-4.65472,1171,VII/VI,"Pozo mal abandonado, emisiones",2016,Bajo,Medio,Bajo,Intercuenca 1391,Región Hidrografica del Pacífico,Piura,Talara,La Brea,221-2016-OEFA/DE
-81.22708,-4.66916,1172,VII/VI,"Pozo mal abandonado, suelos contaminados con efluente o derrame",2014,Medio,Medio,Medio,Intercuenca 1391,Región Hidrografica del Pacífico,Piura,Talara,La Brea,233-2014-OEFA/DE
-81.23406,-4.64608,1173,VII/VI,"Pozo mal abandonado, suelos contaminados con efluente o derrame, restos o depósitos de residuos",2014,Medio,Medio,Medio,Intercuenca 1391,Región Hidrografica del Pacífico,Piura,Talara,La Brea,233-2014-OEFA/DE
-81.24367,-4.64697,1174,VII/VI,"Pozo mal abandonado, suelos contaminados con efluente o derrame",2016,Medio,Medio,Medio,Intercuenca 1391,Región Hidrografica del Pacífico,Piura,Talara,La Brea,221-2016-OEFA/DE
-81.25846,-4.67001,975,VII/VI,Pozo mal abandonado,2016,Bajo,Bajo,Bajo,Intercuenca 1391,Región Hidrografica del Pacífico,Piura,Talara,La Brea,239-2016-OEFA/DE
-81.30015,-4.67121,976,VII/VI,"Pozo mal abandonado, suelos contaminados con efluente o derrame",2016,Medio,Medio,Medio,Intercuenca 1391,Región Hidrografica del Pacífico,Piura,Talara,La Brea,239-2016-OEFA/DE
-81.1229,-4.66406,977,III,"Pozo mal abandonado, suelos contaminados con efluente o derrame",2014,Medio,Medio,Medio,Intercuenca 1391,Región Hidrografica del Pacífico,Piura,Talara,La Brea,47-2015-OEFA/DE
-81.30202,-4.67604,978,VII/VI,"Pozo mal abandonado, suelos contaminados con efluente o derrame, emisiones",2016,Medio,Medio,Medio,Intercuenca 1391,Región Hidrografica del Pacífico,Piura,Talara,La Brea,239-2016-OEFA/DE
-81.22889,-4.5769,1042,I,"Pozo mal abandonado, suelos contaminados con efluente o derrame",2014,Medio,Medio,Medio,Intercuenca 1391,Región Hidrografica del Pacífico,Piura,Talara,Pariñas,238-2014-OEFA/DE
-81.25957,-4.56626,1044,I,Pozo mal abandonado,2014,Bajo,Bajo,Bajo,Intercuenca 1391,Región Hidrografica del Pacífico,Piura,Talara,Pariñas,238-2014-OEFA/DE
-81.29751,-4.6557,1045,VII/VI,"Pozo mal abandonado, que presenta emisiones gaseosas fugitivas y  suelo contaminado en el área circundante al mismo",2016,Medio,Alto,Medio,Intercuenca 1391,Región Hidrografica del Pacífico,Piura,Talara,La Brea,Oficio circular N° 030-2016-OEFA/DE
-81.22389,-4.53,1046,VII/VI,"Pozo mal abandonado, suelos contaminados con efluente o derrame",2013,Medio,Medio,Medio,Cuenca Pariñas,Región Hidrografica del Pacífico,Piura,Talara,Pariñas,47-2015-OEFA/DE
-81.25532,-4.71598,1918,VII/VI,"Pozo mal abandonado, emisiones",2015,Medio,Medio,Medio,Intercuenca 1391,Región Hidrografica del Pacífico,Piura,Talara,La Brea,210-2015-OEFA/DE
-81.24833,-4.70878,1919,VII/VI,Pozo mal abandonado,2015,Bajo,Bajo,Bajo,Intercuenca 1391,Región Hidrografica del Pacífico,Piura,Talara,La Brea,210-2015-OEFA/DE
-81.25309,-4.71153,1920,VII/VI,"Pozo mal abandonado, suelos contaminados con efluente o derrame, emisiones",2015,Medio,Medio,Medio,Intercuenca 1391,Región Hidrografica del Pacífico,Piura,Talara,La Brea,210-2015-OEFA/DE
-81.25594,-4.70734,1921,VII/VI,"Pozo mal abandonado, suelos contaminados con efluente o derrame, emisiones",2015,Medio,Medio,Medio,Intercuenca 1391,Región Hidrografica del Pacífico,Piura,Talara,La Brea,210-2015-OEFA/DE
-81.2846,-4.46211,1735,VII/VI,"Pozo mal abandonado, suelos contaminados con efluente o derrame",2015,Medio,Medio,Medio,Intercuenca 13931,Región Hidrografica del Pacífico,Piura,Talara,Lobitos,225-2015-OEFA/DE
-81.16031,-4.68018,1736,III,"Pozo mal abandonado, suelos contaminados con efluente o derrame, emisiones",2015,Medio,Medio,Medio,Intercuenca 1391,Región Hidrografica del Pacífico,Piura,Talara,La Brea,225-2015-OEFA/DE
-81.24933,-4.45092,1737,VII/VI,"Pozo mal abandonado, emisiones",2015,Bajo,Medio,Bajo,Cuenca Pariñas,Región Hidrografica del Pacífico,Piura,Talara,Lobitos,225-2015-OEFA/DE
-81.26546,-4.49858,1738,VII/VI,"Pozo mal abandonado, emisiones",2015,Bajo,Medio,Bajo,Cuenca Pariñas,Región Hidrografica del Pacífico,Piura,Talara,Lobitos,225-2015-OEFA/DE
-81.2819,-4.71069,1799,VII/VI,"Pozo mal abandonado, suelos contaminados con efluente o derrame, emisiones",2015,Medio,Medio,Medio,Intercuenca 1391,Región Hidrografica del Pacífico,Piura,Talara,La Brea,225-2015-OEFA/DE
-81.27585,-4.66326,1800,VII/VI,"Pozo mal abandonado, emisiones",2015,Medio,Medio,Medio,Intercuenca 1391,Región Hidrografica del Pacífico,Piura,Talara,La Brea,225-2015-OEFA/DE
-81.13173,-4.64669,1801,III,Suelo contaminado vinculado al pozo T2051,2014,Medio,Alto,Medio,Intercuenca 1391,Región Hidrografica del Pacífico,Piura,Talara,La Brea,"0006-2015-OEFA/DE, 00322-2024-OEFA/DEAM"
-81.26241,-4.70722,1802,VII/VI,"Pozo mal abandonado, suelos contaminados con efluente o derrame, emisiones",2015,Medio,Medio,Medio,Intercuenca 1391,Región Hidrografica del Pacífico,Piura,Talara,La Brea,225-2015-OEFA/DE
-81.29154,-4.61412,1858,I,"Pozo mal abandonado, suelos contaminados con efluente o derrame, emisiones",2014,Medio,Medio,Medio,Intercuenca 1391,Región Hidrografica del Pacífico,Piura,Talara,La Brea,20-2015-OEFA/DE
-81.22098,-4.63145,1859,VII/VI,Pozo mal abandonado,2013,Bajo,Bajo,Bajo,Intercuenca 1391,Región Hidrografica del Pacífico,Piura,Talara,La Brea,231-2014-OEFA/DE
-81.12459,-4.19848,1860,X,Pozo mal abandonado y suelo contaminado en el área circundante al mismo,2018,Medio,Medio,Medio,Intercuenca 13931,Región Hidrografica del Pacífico,Piura,Talara,Los Órganos,Oficio N° 306-2018-OEFA/DEAM
-81.32063,-4.68298,1861,VII/VI,Pozo mal abandonado,2015,Medio,Medio,Medio,Intercuenca 1391,Región Hidrografica del Pacífico,Piura,Talara,La Brea,165-2016-OEFA/DE
-81.17311,-4.39563,1922,X,Pozo mal abandonado y suelo contaminado en el área circundante al mismo,2018,Medio,Medio,Medio,Cuenca Pariñas,Región Hidrografica del Pacífico,Piura,Talara,Lobitos,Oficio N° 306-2018-OEFA/DEAM
-81.28089,-4.59008,1923,I,"Pozo mal abandonado, que presenta  suelo contaminado en el área circundante al mismo",2014,Alto,Medio,Medio,Intercuenca 1391,Región Hidrografica del Pacífico,Piura,Talara,Pariñas,20-2015-OEFA/DE
-81.26162,-4.69875,1924,VII/VI,"Pozo mal abandonado, suelos contaminados con efluente o derrame",2014,Medio,Medio,Medio,Intercuenca 1391,Región Hidrografica del Pacífico,Piura,Talara,La Brea,231-2014-OEFA/DE
-81.25343,-4.70947,1925,VII/VI,"Pozo mal abandonado, instalaciones mal abandonadas, suelos contaminados con efluente o derrame, emisiones",2015,Medio,Medio,Medio,Intercuenca 1391,Región Hidrografica del Pacífico,Piura,Talara,La Brea,210-2015-OEFA/DE
-81.28156,-4.45939,1739,VII/VI,Suelos contaminados con efluente o derrame,2016,Medio,Medio,Medio,Intercuenca 13931,Región Hidrografica del Pacífico,Piura,Talara,Lobitos,199-2016-OEFA/DE
-81.27832,-4.66599,1740,VII/VI,"Pozo mal abandonado, emisiones",2014,Medio,Medio,Medio,Intercuenca 1391,Región Hidrografica del Pacífico,Piura,Talara,La Brea,20-2015-OEFA/DE
-81.19713,-4.47883,1741,VII/VI,Pozo mal abandonado,2014,Bajo,Bajo,Bajo,Cuenca Pariñas,Región Hidrografica del Pacífico,Piura,Talara,Pariñas,231-2014-OEFA/DE
-81.24463,-4.65514,1742,VII/VI,"Pozo mal abandonado, emisiones",2015,Medio,Medio,Medio,Intercuenca 1391,Región Hidrografica del Pacífico,Piura,Talara,La Brea,225-2015-OEFA/DE
-81.26113,-4.71565,1803,VII/VI,"Pozo mal abandonado, emisiones",2015,Bajo,Medio,Bajo,Intercuenca 1391,Región Hidrografica del Pacífico,Piura,Talara,La Brea,225-2015-OEFA/DE
-81.27935,-4.69182,1804,VII/VI,"Pozo mal abandonado, suelos contaminados con efluente o derrame, emisiones",2015,Medio,Medio,Medio,Intercuenca 1391,Región Hidrografica del Pacífico,Piura,Talara,La Brea,225-2015-OEFA/DE
-81.26579,-4.71461,1805,VII/VI,"Pozo mal abandonado, suelos contaminados con efluente o derrame, emisiones",2015,Medio,Medio,Medio,Intercuenca 1391,Región Hidrografica del Pacífico,Piura,Talara,La Brea,225-2015-OEFA/DE
-81.24311,-4.61873,1806,VII/VI,"Pozo mal abandonado, suelos contaminados con efluente o derrame, emisiones",2014,Medio,Medio,Medio,Intercuenca 1391,Región Hidrografica del Pacífico,Piura,Talara,La Brea,225-2015-OEFA/DE
-81.25777,-4.60271,1862,I,Suelos contaminados con efluente o derrame,2014,Medio,Medio,Medio,Intercuenca 1391,Región Hidrografica del Pacífico,Piura,Talara,Pariñas,20-2015-OEFA/DE
-81.2708,-4.50716,1863,VII/VI,Pozo mal abandonado,2014,Bajo,Bajo,Bajo,Cuenca Pariñas,Región Hidrografica del Pacífico,Piura,Talara,Pariñas,231-2014-OEFA/DE
-81.13179,-4.6544,1864,III,"Pozo mal abandonado, suelos contaminados con efluente o derrame",2015,Medio,Medio,Medio,Intercuenca 1391,Región Hidrografica del Pacífico,Piura,Talara,La Brea,210-2015-OEFA/DE
-81.13201,-4.64555,1865,III,Suelos contaminados con efluente o derrame,2015,Medio,Medio,Medio,Intercuenca 1391,Región Hidrografica del Pacífico,Piura,Talara,La Brea,210-2015-OEFA/DE
-81.2978,-4.65141,1926,VII/VI,"Pozo mal abandonado, suelos contaminados con efluente o derrame, emisiones",2015,Medio,Medio,Medio,Intercuenca 1391,Región Hidrografica del Pacífico,Piura,Talara,La Brea,210-2015-OEFA/DE
-81.25898,-4.71632,1927,VII/VI,"Pozo mal abandonado, emisiones",2015,Medio,Medio,Medio,Intercuenca 1391,Región Hidrografica del Pacífico,Piura,Talara,La Brea,210-2015-OEFA/DE
-81.28046,-4.71634,1928,VII/VI,Pozo mal abandonado,2015,Bajo,Bajo,Bajo,Intercuenca 1391,Región Hidrografica del Pacífico,Piura,Talara,La Brea,210-2015-OEFA/DE
-81.28159,-4.71814,1929,VII/VI,"Pozo mal abandonado, suelos contaminados con efluente o derrame, emisiones",2015,Medio,Medio,Medio,Intercuenca 1391,Región Hidrografica del Pacífico,Piura,Talara,La Brea,210-2015-OEFA/DE
-81.23482,-4.67122,1743,VII/VI,Suelos contaminados con efluente o derrame,2015,Medio,Medio,Medio,Intercuenca 1391,Región Hidrografica del Pacífico,Piura,Talara,La Brea,225-2015-OEFA/DE
-81.20332,-4.64299,1744,VII/VI,Suelos contaminados con efluente o derrame,2015,Medio,Medio,Medio,Intercuenca 1391,Región Hidrografica del Pacífico,Piura,Talara,La Brea,225-2015-OEFA/DE
-81.23748,-4.62783,1745,VII/VI,"Pozo mal abandonado, suelos contaminados con efluente o derrame, emisiones",2015,Medio,Medio,Medio,Intercuenca 1391,Región Hidrografica del Pacífico,Piura,Talara,La Brea,225-2015-OEFA/DE
-81.23589,-4.62756,1746,VII/VI,"Pozo mal abandonado, suelos contaminados con efluente o derrame, emisiones",2015,Medio,Medio,Medio,Intercuenca 1391,Región Hidrografica del Pacífico,Piura,Talara,La Brea,225-2015-OEFA/DE
-81.2348,-4.52335,1807,VII/VI,Pozo mal abandonado,2015,Bajo,Bajo,Bajo,Cuenca Pariñas,Región Hidrografica del Pacífico,Piura,Talara,Pariñas,225-2015-OEFA/DE
-81.27075,-4.70709,1808,VII/VI,"Instalaciones mal abandonadas, suelos contaminados con efluente o derrame",2016,Medio,Medio,Medio,Intercuenca 1391,Región Hidrografica del Pacífico,Piura,Talara,La Brea,199-2016-OEFA/DE
-81.14128,-4.26028,1809,X,Pozo mal abandonado,2014,Bajo,Bajo,Bajo,Cuenca Pariñas,Región Hidrografica del Pacífico,Piura,Talara,El Alto,20-2015-OEFA/DE
-81.25414,-4.47042,1810,VII/VI,"Pozo mal abandonado, restos o depósitos de residuos",2014,Medio,Medio,Medio,Cuenca Pariñas,Región Hidrografica del Pacífico,Piura,Talara,Lobitos,231-2014-OEFA/DE
-81.25268,-4.65682,1866,VII/VI,Pozo mal abandonado,2014,Bajo,Bajo,Bajo,Intercuenca 1391,Región Hidrografica del Pacífico,Piura,Talara,La Brea,210-2015-OEFA/DE
-81.17154,-4.77462,1867,III,Pozo mal abandonado,2014,Bajo,Bajo,Bajo,Intercuenca 1391,Región Hidrografica del Pacífico,Piura,Talara,La Brea,210-2015-OEFA/DE
-81.25679,-4.69812,1868,VII/VI,"Pozo mal abandonado, suelos contaminados con efluente o derrame",2014,Medio,Medio,Medio,Intercuenca 1391,Región Hidrografica del Pacífico,Piura,Talara,La Brea,210-2015-OEFA/DE
-81.13293,-4.20098,1869,X,Pozo mal abandonado,2018,Bajo,Bajo,Bajo,Intercuenca 13931,Región Hidrografica del Pacífico,Piura,Talara,Los Órganos,Oficio N° 306-2018-OEFA/DEAM
-81.27404,-4.72,1930,VII/VI,"Pozo mal abandonado, suelos contaminados con efluente o derrame, emisiones",2015,Medio,Medio,Medio,Intercuenca 1391,Región Hidrografica del Pacífico,Piura,Talara,La Brea,210-2015-OEFA/DE
-81.26354,-4.6822,1931,VII/VI,"Pozo mal abandonado, suelos contaminados con efluente o derrame",2015,Medio,Medio,Medio,Intercuenca 1391,Región Hidrografica del Pacífico,Piura,Talara,La Brea,210-2015-OEFA/DE
-81.26873,-4.69549,1932,VII/VI,"Pozo mal abandonado, suelos contaminados con efluente o derrame, emisiones",2015,Medio,Medio,Medio,Intercuenca 1391,Región Hidrografica del Pacífico,Piura,Talara,La Brea,210-2015-OEFA/DE
-81.25149,-4.69151,1933,VII/VI,"Pozo mal abandonado, emisiones",2015,Medio,Medio,Medio,Intercuenca 1391,Región Hidrografica del Pacífico,Piura,Talara,La Brea,210-2015-OEFA/DE
-81.23495,-4.6288,1747,VII/VI,"Pozo mal abandonado, suelos contaminados con efluente o derrame, emisiones",2015,Medio,Medio,Medio,Intercuenca 1391,Región Hidrografica del Pacífico,Piura,Talara,La Brea,225-2015-OEFA/DE
-81.29414,-4.67694,1748,VII/VI,"Pozo mal abandonado, suelos contaminados con efluente o derrame, emisiones",2015,Bajo,Medio,Medio,Intercuenca 1391,Región Hidrografica del Pacífico,Piura,Talara,La Brea,225-2015-OEFA/DE
-81.3187,-4.68027,1749,VII/VI,"Pozo mal abandonado, suelos contaminados con efluente o derrame",2015,Medio,Medio,Medio,Intercuenca 1391,Región Hidrografica del Pacífico,Piura,Talara,La Brea,225-2015-OEFA/DE
-81.13212,-4.65482,1750,III,"Pozo mal abandonado, suelos contaminados con efluente o derrame, emisiones",2015,Medio,Medio,Medio,Intercuenca 1391,Región Hidrografica del Pacífico,Piura,Talara,La Brea,225-2015-OEFA/DE
-81.24298,-4.6974,1811,VII/VI,"Pozo mal abandonado, suelos contaminados con efluente o derrame, emisiones",2015,Medio,Medio,Medio,Intercuenca 1391,Región Hidrografica del Pacífico,Piura,Talara,La Brea,225-2015-OEFA/DE
-81.21513,-4.52112,1812,VII/VI,"Pozo mal abandonado, emisiones",2015,Medio,Medio,Bajo,Cuenca Pariñas,Región Hidrografica del Pacífico,Piura,Talara,Pariñas,225-2015-OEFA/DE
-81.29645,-4.67361,1813,VII/VI,Suelos contaminados con efluente o derrame,2015,Medio,Medio,Medio,Intercuenca 1391,Región Hidrografica del Pacífico,Piura,Talara,La Brea,225-2015-OEFA/DE
-81.26893,-4.45069,1814,VII/VI,Pozo mal abandonado,2015,Bajo,Bajo,Bajo,Intercuenca 13931,Región Hidrografica del Pacífico,Piura,Talara,Lobitos,225-2015-OEFA/DE
-81.28276,-4.63722,1870,I,Pozo mal abandonado,2014,Bajo,Bajo,Bajo,Intercuenca 1391,Región Hidrografica del Pacífico,Piura,Talara,La Brea,20-2015-OEFA/DE
-81.23517,-4.51388,1871,VII/VI,Pozo mal abandonado,2014,Bajo,Bajo,Bajo,Cuenca Pariñas,Región Hidrografica del Pacífico,Piura,Talara,Pariñas,231-2014-OEFA/DE
-81.28035,-4.63864,1872,I,"Pozo mal abandonado, emisiones",2014,Medio,Medio,Medio,Intercuenca 1391,Región Hidrografica del Pacífico,Piura,Talara,La Brea,210-2015-OEFA/DE
-81.12782,-4.65386,1873,III,"Pozo mal abandonado, que presenta emisiones gaseosas fugitivas y  suelo contaminado en el área circundante al mismo",2014,Medio,Alto,Medio,Intercuenca 1391,Región Hidrografica del Pacífico,Piura,Talara,La Brea,0006-2015-OEFA/DE
-81.18527,-4.4909,1950,IV,Pozo mal abandonado,2014,Bajo,Bajo,Bajo,Cuenca Pariñas,Región Hidrografica del Pacífico,Piura,Talara,Pariñas,231-2014-OEFA/DE
-81.2192,-4.47326,1951,VII/VI,Pozo mal abandonado,2015,Bajo,Bajo,Bajo,Cuenca Pariñas,Región Hidrografica del Pacífico,Piura,Talara,Lobitos,210-2015-OEFA/DE
-81.28199,-4.66481,1952,VII/VI,Pozo mal abandonado,2015,Bajo,Bajo,Bajo,Intercuenca 1391,Región Hidrografica del Pacífico,Piura,Talara,La Brea,210-2015-OEFA/DE
-81.28095,-4.67019,1953,VII/VI,"Pozo mal abandonado, suelos contaminados con efluente o derrame, emisiones",2015,Medio,Medio,Medio,Intercuenca 1391,Región Hidrografica del Pacífico,Piura,Talara,La Brea,210-2015-OEFA/DE
-81.28319,-4.46297,1751,VII/VI,Suelos contaminados con efluente o derrame,2016,Medio,Medio,Medio,Intercuenca 13931,Región Hidrografica del Pacífico,Piura,Talara,Lobitos,199-2016-OEFA/DE
-81.30722,-4.66847,1752,VII/VI,"Pozo mal abandonado, suelos contaminados con efluente o derrame",2014,Medio,Medio,Medio,Intercuenca 1391,Región Hidrografica del Pacífico,Piura,Talara,La Brea,20-2015-OEFA/DE
-81.2029,-4.47877,1753,VII/VI,Pozo mal abandonado,2014,Bajo,Bajo,Bajo,Cuenca Pariñas,Región Hidrografica del Pacífico,Piura,Talara,Pariñas,231-2014-OEFA/DE
-81.22885,-4.63067,1754,VII/VI,"Pozo mal abandonado, suelos contaminados con efluente o derrame, emisiones",2015,Medio,Medio,Medio,Intercuenca 1391,Región Hidrografica del Pacífico,Piura,Talara,La Brea,225-2015-OEFA/DE
-81.24681,-4.55234,1815,VII/VI,Pozo mal abandonado,2015,Bajo,Bajo,Bajo,Intercuenca 1391,Región Hidrografica del Pacífico,Piura,Talara,Pariñas,225-2015-OEFA/DE
-81.24358,-4.63181,1816,VII/VI,"Pozo mal abandonado, suelos contaminados con efluente o derrame, emisiones",2015,Medio,Medio,Medio,Intercuenca 1391,Región Hidrografica del Pacífico,Piura,Talara,La Brea,225-2015-OEFA/DE
-81.15039,-4.86094,1817,III,"Pozo mal abandonado, suelos contaminados con efluente o derrame, restos o depósitos de residuos",2014,Medio,Medio,Medio,Intercuenca 1391,Región Hidrografica del Pacífico,Piura,Paita,Vichayal,225-2015-OEFA/DE
-81.13451,-4.88291,1818,III,"Pozo mal abandonado, suelos contaminados con efluente o derrame, restos o depósitos de residuos",2014,Medio,Bajo,Medio,Cuenca Chira,Región Hidrografica del Pacífico,Piura,Paita,Vichayal,225-2015-OEFA/DE
-81.2547,-4.47532,1874,VII/VI,"Pozo mal abandonado, suelos contaminados con efluente o derrame, emisiones",2014,Bajo,Medio,Bajo,Cuenca Pariñas,Región Hidrografica del Pacífico,Piura,Talara,Lobitos,231-2014-OEFA/DE
-81.23613,-4.66297,1875,VII/VI,Pozo mal abandonado,2013,Bajo,Bajo,Bajo,Intercuenca 1391,Región Hidrografica del Pacífico,Piura,Talara,La Brea,210-2015-OEFA/DE
-81.25601,-4.69129,1876,VII/VI,"Pozo mal abandonado, suelos contaminados con efluente o derrame",2013,Medio,Medio,Medio,Intercuenca 1391,Región Hidrografica del Pacífico,Piura,Talara,La Brea,210-2015-OEFA/DE
-81.21992,-4.53094,1877,VII/VI,Pozo mal abandonado,2013,Bajo,Bajo,Bajo,Cuenca Pariñas,Región Hidrografica del Pacífico,Piura,Talara,Pariñas,210-2015-OEFA/DE
-81.26608,-4.6961,1934,VII/VI,"Pozo mal abandonado, suelos contaminados con efluente o derrame",2014,Medio,Medio,Medio,Intercuenca 1391,Región Hidrografica del Pacífico,Piura,Talara,La Brea,231-2014-OEFA/DE
-81.24357,-4.67381,1935,VII/VI,"Pozo mal abandonado, suelos contaminados con efluente o derrame",2015,Medio,Medio,Medio,Intercuenca 1391,Región Hidrografica del Pacífico,Piura,Talara,La Brea,210-2015-OEFA/DE
-81.2241,-4.67928,1936,VII/VI,"Pozo mal abandonado, suelos contaminados con efluente o derrame, emisiones",2015,Medio,Medio,Medio,Intercuenca 1391,Región Hidrografica del Pacífico,Piura,Talara,La Brea,210-2015-OEFA/DE
-81.22503,-4.67952,1937,VII/VI,"Pozo mal abandonado, suelos contaminados con efluente o derrame, emisiones",2015,Medio,Medio,Medio,Intercuenca 1391,Región Hidrografica del Pacífico,Piura,Talara,La Brea,210-2015-OEFA/DE
-81.21801,-4.63035,1755,VII/VI,"Pozo mal abandonado, suelos contaminados con efluente o derrame, emisiones",2015,Medio,Medio,Medio,Intercuenca 1391,Región Hidrografica del Pacífico,Piura,Talara,La Brea,225-2015-OEFA/DE
-81.2115,-4.65243,1756,VII/VI,"Pozo mal abandonado, suelos contaminados con efluente o derrame, emisiones, restos o depósitos de residuos",2015,Medio,Medio,Medio,Intercuenca 1391,Región Hidrografica del Pacífico,Piura,Talara,La Brea,225-2015-OEFA/DE
-81.2133,-4.65379,1757,VII/VI,"Pozo mal abandonado, suelos contaminados con efluente o derrame, emisiones",2015,Medio,Medio,Medio,Intercuenca 1391,Región Hidrografica del Pacífico,Piura,Talara,La Brea,225-2015-OEFA/DE
-81.32393,-4.68439,1758,VII/VI,"Pozo mal abandonado, suelos contaminados con efluente o derrame, emisiones",2015,Medio,Medio,Medio,Intercuenca 1391,Región Hidrografica del Pacífico,Piura,Talara,La Brea,225-2015-OEFA/DE
-81.17389,-4.27082,1819,X,Pozo mal abandonado,2018,Bajo,Bajo,Bajo,Cuenca Pariñas,Región Hidrografica del Pacífico,Piura,Talara,El Alto,Oficio N° 306-2018-OEFA/DEAM
-81.25093,-4.67668,1820,VII/VI,Suelos contaminados con efluente o derrame,2016,Medio,Medio,Medio,Intercuenca 1391,Región Hidrografica del Pacífico,Piura,Talara,La Brea,199-2016-OEFA/DE
-81.18217,-4.27305,1821,X,Pozo mal abandonado,2014,Bajo,Bajo,Bajo,Cuenca Pariñas,Región Hidrografica del Pacífico,Piura,Talara,El Alto,20-2015-OEFA/DE
-81.27708,-4.68989,1822,VII/VI,Pozo mal abandonado,2013,Bajo,Bajo,Bajo,Intercuenca 1391,Región Hidrografica del Pacífico,Piura,Talara,La Brea,231-2014-OEFA/DE
-81.22239,-4.5298,1878,VII/VI,"Pozo mal abandonado, emisiones",2013,Medio,Medio,Medio,Cuenca Pariñas,Región Hidrografica del Pacífico,Piura,Talara,Pariñas,210-2015-OEFA/DE
-81.30298,-4.6754,1879,VII/VI,"Pozo mal abandonado, suelos contaminados con efluente o derrame, emisiones",2013,Medio,Medio,Medio,Intercuenca 1391,Región Hidrografica del Pacífico,Piura,Talara,La Brea,210-2015-OEFA/DE
-81.14388,-4.21072,1880,X,Pozo mal abandonado,2014,Bajo,Bajo,Bajo,Intercuenca 13931,Región Hidrografica del Pacífico,Piura,Talara,Los Órganos,165-2016-OEFA/DE
-81.28051,-4.61934,1881,I,"Pozo mal abandonado, suelos contaminados con efluente o derrame",2014,Medio,Medio,Medio,Intercuenca 1391,Región Hidrografica del Pacífico,Piura,Talara,La Brea,20-2015-OEFA/DE
-81.28235,-4.46096,1942,VII/VI,Pozo mal abandonado,2015,Bajo,Bajo,Bajo,Intercuenca 13931,Región Hidrografica del Pacífico,Piura,Talara,Lobitos,210-2015-OEFA/DE
-81.25826,-4.48509,1943,VII/VI,Pozo mal abandonado,2015,Bajo,Bajo,Bajo,Cuenca Pariñas,Región Hidrografica del Pacífico,Piura,Talara,Lobitos,210-2015-OEFA/DE
-81.25997,-4.47924,1944,VII/VI,Pozo mal abandonado,2015,Bajo,Bajo,Bajo,Cuenca Pariñas,Región Hidrografica del Pacífico,Piura,Talara,Lobitos,210-2015-OEFA/DE
-81.24938,-4.43783,1945,VII/VI,Pozo mal abandonado,2015,Bajo,Bajo,Bajo,Intercuenca 13931,Región Hidrografica del Pacífico,Piura,Talara,Lobitos,210-2015-OEFA/DE
-81.20351,-4.48984,1759,VII/VI,Pozo mal abandonado,2015,Bajo,Bajo,Bajo,Cuenca Pariñas,Región Hidrografica del Pacífico,Piura,Talara,Pariñas,225-2015-OEFA/DE
-81.24757,-4.63817,1760,VII/VI,"Pozo mal abandonado, suelos contaminados con efluente o derrame, emisiones",2015,Medio,Medio,Medio,Intercuenca 1391,Región Hidrografica del Pacífico,Piura,Talara,La Brea,225-2015-OEFA/DE
-81.26659,-4.68774,1761,VII/VI,"Pozo mal abandonado, suelos contaminados con efluente o derrame",2015,Medio,Medio,Medio,Intercuenca 1391,Región Hidrografica del Pacífico,Piura,Talara,La Brea,225-2015-OEFA/DE
-81.28542,-4.65257,1762,VII/VI,"Pozo mal abandonado, suelos contaminados con efluente o derrame, emisiones, restos o depósitos de residuos",2014,Medio,Medio,Medio,Intercuenca 1391,Región Hidrografica del Pacífico,Piura,Talara,La Brea,225-2015-OEFA/DE
-81.26191,-4.44111,1823,VII/VI,"Pozo mal abandonado, emisiones",2014,Bajo,Medio,Medio,Intercuenca 13931,Región Hidrografica del Pacífico,Piura,Talara,Lobitos,225-2015-OEFA/DE
-81.26092,-4.69719,1824,VII/VI,"Pozo mal abandonado, suelos contaminados con efluente o derrame, emisiones",2015,Medio,Medio,Medio,Intercuenca 1391,Región Hidrografica del Pacífico,Piura,Talara,La Brea,225-2015-OEFA/DE
-81.14194,-4.2688,1825,X,"Pozo mal abandonado, suelos contaminados con efluente o derrame, restos o depósitos de residuos",2014,Medio,Medio,Medio,Cuenca Pariñas,Región Hidrografica del Pacífico,Piura,Talara,El Alto,225-2015-OEFA/DE
-81.10734,-4.27685,1826,X,"Pozo mal abandonado, suelos contaminados con efluente o derrame",2014,Medio,Medio,Medio,Cuenca Pariñas,Región Hidrografica del Pacífico,Piura,Talara,El Alto,Oficio N° 225-2015-OEFA/DE
-81.30018,-4.67238,1882,VII/VI,Pozo mal abandonado,2015,Bajo,Bajo,Bajo,Intercuenca 1391,Región Hidrografica del Pacífico,Piura,Talara,La Brea,210-2015-OEFA/DE
-81.18928,-4.66398,1883,VII/VI,"Pozo mal abandonado, suelos contaminados con efluente o derrame, emisiones",2015,Medio,Medio,Medio,Intercuenca 1391,Región Hidrografica del Pacífico,Piura,Talara,La Brea,210-2015-OEFA/DE
-81.29462,-4.67173,1884,VII/VI,"Pozo mal abandonado, suelos contaminados con efluente o derrame",2015,Medio,Medio,Medio,Intercuenca 1391,Región Hidrografica del Pacífico,Piura,Talara,La Brea,210-2015-OEFA/DE
-81.29587,-4.6705,1885,VII/VI,Suelos contaminados con efluente o derrame,2015,Medio,Medio,Medio,Intercuenca 1391,Región Hidrografica del Pacífico,Piura,Talara,La Brea,210-2015-OEFA/DE
-81.28138,-4.66877,1954,VII/VI,Pozo mal abandonado,2015,Bajo,Bajo,Bajo,Intercuenca 1391,Región Hidrografica del Pacífico,Piura,Talara,La Brea,210-2015-OEFA/DE
-81.27852,-4.66762,1955,VII/VI,"Pozo mal abandonado, suelos contaminados con efluente o derrame, emisiones",2015,Medio,Medio,Medio,Intercuenca 1391,Región Hidrografica del Pacífico,Piura,Talara,La Brea,210-2015-OEFA/DE
-81.27552,-4.66536,1956,VII/VI,"Pozo mal abandonado, suelos contaminados con efluente o derrame, emisiones",2015,Medio,Medio,Medio,Intercuenca 1391,Región Hidrografica del Pacífico,Piura,Talara,La Brea,210-2015-OEFA/DE
-81.25021,-4.66777,1957,VII/VI,"Pozo mal abandonado, emisiones",2015,Bajo,Medio,Bajo,Intercuenca 1391,Región Hidrografica del Pacífico,Piura,Talara,La Brea,210-2015-OEFA/DE
-81.28275,-4.46414,1763,VII/VI,Suelos contaminados con efluente o derrame,2016,Medio,Medio,Medio,Intercuenca 13931,Región Hidrografica del Pacífico,Piura,Talara,Lobitos,199-2016-OEFA/DE
-81.14505,-4.23545,1764,X,Pozo mal abandonado,2014,Bajo,Bajo,Bajo,Intercuenca 13931,Región Hidrografica del Pacífico,Piura,Talara,El Alto,20-2015-OEFA/DE
-81.20381,-4.47959,1765,VII/VI,Pozo mal abandonado,2014,Bajo,Bajo,Bajo,Cuenca Pariñas,Región Hidrografica del Pacífico,Piura,Talara,Pariñas,231-2014-OEFA/DE
-81.29863,-4.67196,1766,VII/VI,"Pozo mal abandonado, suelos contaminados con efluente o derrame, emisiones",2015,Medio,Medio,Medio,Intercuenca 1391,Región Hidrografica del Pacífico,Piura,Talara,La Brea,225-2015-OEFA/DE
-81.17471,-4.27794,1827,X,Pozo mal abandonado,2018,Bajo,Bajo,Bajo,Cuenca Pariñas,Región Hidrografica del Pacífico,Piura,Talara,El Alto,Oficio N° 306-2018-OEFA/DEAM
-81.20945,-4.63886,1828,VII/VI,Instalaciones mal abandonadas,2016,Bajo,Bajo,Bajo,Intercuenca 1391,Región Hidrografica del Pacífico,Piura,Talara,La Brea,199-2016-OEFA/DE
-81.16319,-4.26616,1829,X,Pozo mal abandonado,2014,Bajo,Bajo,Bajo,Cuenca Pariñas,Región Hidrografica del Pacífico,Piura,Talara,El Alto,20-2015-OEFA/DE
-81.1413,-4.33693,1830,X,"Pozo mal abandonado, restos o depósitos de residuos",2014,Bajo,Bajo,Bajo,Cuenca Pariñas,Región Hidrografica del Pacífico,Piura,Talara,El Alto,225-2015-OEFA/DE
-81.31233,-4.6212,1886,Z-2B,Pozo mal abandonado (ubicado dentro de plataforma),2015,Bajo,Bajo,Bajo,,,Piura,Talara,La Brea,210-2015-OEFA/DE
-81.32375,-4.63153,1887,Z-2B,Pozo mal abandonado (ubicado dentro de plataforma),2015,Bajo,Bajo,Bajo,,,Piura,Talara,La Brea,210-2015-OEFA/DE
-81.30728,-4.59721,1888,Z-2B,Pozo mal abandonado (ubicado dentro de plataforma),2015,Bajo,Bajo,Bajo,,,Piura,Talara,La Brea,210-2015-OEFA/DE
-81.319,-4.70737,1889,Z-2B,Pozo mal abandonado (ubicado dentro de plataforma),2015,Bajo,Bajo,Bajo,,,Piura,Talara,La Brea,210-2015-OEFA/DE
-81.24836,-4.46569,1938,VII/VI,"Pozo mal abandonado, suelos contaminados con efluente o derrame, emisiones",2015,Medio,Medio,Medio,Cuenca Pariñas,Región Hidrografica del Pacífico,Piura,Talara,Lobitos,210-2015-OEFA/DE
-81.15446,-4.22087,1939,X,Suelos contaminados con efluente o derrame,2014,Medio,Medio,Medio,Intercuenca 13931,Región Hidrografica del Pacífico,Piura,Talara,Los Órganos,165-2016-OEFA/DE
-81.27101,-4.4486,1940,VII/VI,Pozo mal abandonado,2015,Bajo,Bajo,Bajo,Intercuenca 13931,Región Hidrografica del Pacífico,Piura,Talara,Lobitos,210-2015-OEFA/DE
-81.28293,-4.46002,1941,VII/VI,Pozo mal abandonado,2015,Bajo,Bajo,Bajo,Intercuenca 13931,Región Hidrografica del Pacífico,Piura,Talara,Lobitos,210-2015-OEFA/DE
-81.25148,-4.68649,1767,VII/VI,"Pozo mal abandonado, suelos contaminados con efluente o derrame",2015,Medio,Medio,Medio,Intercuenca 1391,Región Hidrografica del Pacífico,Piura,Talara,La Brea,225-2015-OEFA/DE
-81.25136,-4.68777,1768,VII/VI,Pozo mal abandonado,2015,Bajo,Bajo,Bajo,Intercuenca 1391,Región Hidrografica del Pacífico,Piura,Talara,La Brea,225-2015-OEFA/DE
-81.25017,-4.68804,1769,VII/VI,"Pozo mal abandonado, emisiones",2015,Medio,Medio,Medio,Intercuenca 1391,Región Hidrografica del Pacífico,Piura,Talara,La Brea,225-2015-OEFA/DE
-81.25036,-4.68691,1770,VII/VI,"Pozo mal abandonado, emisiones",2015,Medio,Medio,Medio,Intercuenca 1391,Región Hidrografica del Pacífico,Piura,Talara,La Brea,225-2015-OEFA/DE
-81.2413,-4.63302,1831,VII/VI,"Pozo mal abandonado, emisiones",2014,Medio,Medio,Medio,Intercuenca 1391,Región Hidrografica del Pacífico,Piura,Talara,La Brea,225-2015-OEFA/DE
-81.23107,-4.63617,1832,VII/VI,"Pozo mal abandonado, suelos contaminados con efluente o derrame, emisiones",2014,Medio,Medio,Medio,Intercuenca 1391,Región Hidrografica del Pacífico,Piura,Talara,La Brea,225-2015-OEFA/DE
-81.17753,-4.27437,1833,X,Pozo mal abandonado,2018,Bajo,Bajo,Bajo,Cuenca Pariñas,Región Hidrografica del Pacífico,Piura,Talara,El Alto,Oficio N° 306-2018-OEFA/DEAM
-81.22507,-4.63143,1834,VII/VI,Instalaciones mal abandonadas,2016,Bajo,Bajo,Bajo,Intercuenca 1391,Región Hidrografica del Pacífico,Piura,Talara,La Brea,199-2016-OEFA/DE
-81.14976,-4.21201,1890,X,Pozo mal abandonado,2014,Bajo,Bajo,Bajo,Intercuenca 13931,Región Hidrografica del Pacífico,Piura,Talara,Los Órganos,165-2016-OEFA/DE
-81.28483,-4.63808,1891,I,"Pozo mal abandonado, suelos contaminados con efluente o derrame, restos o depósitos de residuos",2014,Medio,Medio,Medio,Intercuenca 1391,Región Hidrografica del Pacífico,Piura,Talara,La Brea,20-2015-OEFA/DE
-81.22553,-4.52988,1892,VII/VI,"Pozo mal abandonado, suelos contaminados con efluente o derrame, emisiones",2013,Medio,Medio,Medio,Cuenca Pariñas,Región Hidrografica del Pacífico,Piura,Talara,Pariñas,231-2014-OEFA/DE
-81.27486,-4.66915,1893,VII/VI,"Pozo mal abandonado, suelos contaminados con efluente o derrame, emisiones",2015,Medio,Medio,Medio,Intercuenca 1391,Región Hidrografica del Pacífico,Piura,Talara,La Brea,210-2015-OEFA/DE
-81.21426,-4.48322,1946,VII/VI,"Pozo mal abandonado, emisiones",2015,Medio,Medio,Medio,Cuenca Pariñas,Región Hidrografica del Pacífico,Piura,Talara,Pariñas,210-2015-OEFA/DE
-81.20102,-4.51738,1947,VII/VI,"Pozo mal abandonado, suelos contaminados con efluente o derrame, emisiones",2015,Medio,Medio,Medio,Cuenca Pariñas,Región Hidrografica del Pacífico,Piura,Talara,Pariñas,210-2015-OEFA/DE
-81.21637,-4.47078,1948,VII/VI,"Pozo mal abandonado, suelos contaminados con efluente o derrame",2015,Medio,Medio,Medio,Cuenca Pariñas,Región Hidrografica del Pacífico,Piura,Talara,Lobitos,210-2015-OEFA/DE
-81.1308,-4.19296,1949,X,Pozo mal abandonado,2014,Bajo,Bajo,Bajo,Intercuenca 13931,Región Hidrografica del Pacífico,Piura,Talara,Los Órganos,20-2015-OEFA/DE
-81.24971,-4.68573,1771,VII/VI,"Pozo mal abandonado, emisiones",2015,Medio,Medio,Medio,Intercuenca 1391,Región Hidrografica del Pacífico,Piura,Talara,La Brea,225-2015-OEFA/DE
-81.27935,-4.68758,1772,VII/VI,"Pozo mal abandonado, suelos contaminados con efluente o derrame, emisiones",2015,Medio,Medio,Medio,Intercuenca 1391,Región Hidrografica del Pacífico,Piura,Talara,La Brea,225-2015-OEFA/DE
-81.2785,-4.71222,1773,VII/VI,"Pozo mal abandonado, instalaciones mal abandonadas, suelos contaminados con efluente o derrame, emisiones",2015,Bajo,Medio,Bajo,Intercuenca 1391,Región Hidrografica del Pacífico,Piura,Talara,La Brea,225-2015-OEFA/DE
-81.28013,-4.71072,1774,VII/VI,"Pozo mal abandonado, suelos contaminados con efluente o derrame, emisiones",2015,Medio,Medio,Medio,Intercuenca 1391,Región Hidrografica del Pacífico,Piura,Talara,La Brea,225-2015-OEFA/DE
-81.03606,-4.21978,1835,X,"Pozo mal abandonado, suelos contaminados con efluente o derrame",2014,Medio,Medio,Medio,Intercuenca 13931,Región Hidrografica del Pacífico,Piura,Talara,Los Órganos,20-2015-OEFA/DE
-81.26751,-4.69549,1836,VII/VI,Pozo mal abandonado,2014,Bajo,Bajo,Bajo,Intercuenca 1391,Región Hidrografica del Pacífico,Piura,Talara,La Brea,231-2014-OEFA/DE
-81.22626,-4.52558,1837,VII/VI,Pozo mal abandonado,2013,Bajo,Bajo,Bajo,Cuenca Pariñas,Región Hidrografica del Pacífico,Piura,Talara,Pariñas,225-2015-OEFA/DE
-81.21703,-4.52451,1838,VII/VI,Pozo mal abandonado,2013,Bajo,Bajo,Bajo,Cuenca Pariñas,Región Hidrografica del Pacífico,Piura,Talara,Pariñas,225-2015-OEFA/DE
-81.26633,-4.71044,1894,VII/VI,"Pozo mal abandonado, emisiones",2015,Bajo,Medio,Bajo,Intercuenca 1391,Región Hidrografica del Pacífico,Piura,Talara,La Brea,210-2015-OEFA/DE
-81.24102,-4.69852,1895,VII/VI,"Pozo mal abandonado, emisiones",2015,Medio,Medio,Medio,Intercuenca 1391,Región Hidrografica del Pacífico,Piura,Talara,La Brea,210-2015-OEFA/DE
-81.28453,-4.64412,1896,VII/VI,"Pozo mal abandonado, suelos contaminados con efluente o derrame",2015,Medio,Medio,Medio,Intercuenca 1391,Región Hidrografica del Pacífico,Piura,Talara,La Brea,210-2015-OEFA/DE
-81.28385,-4.7115,1897,VII/VI,"Pozo mal abandonado, suelos contaminados con efluente o derrame, emisiones",2015,Medio,Medio,Medio,Intercuenca 1391,Región Hidrografica del Pacífico,Piura,Talara,La Brea,210-2015-OEFA/DE
-81.12695,-4.65581,1710,III,"Pozo mal abandonado, suelos contaminados con efluente o derrame, restos o depósitos de residuos",2014,Medio,Medio,Medio,Intercuenca 1391,Región Hidrografica del Pacífico,Piura,Talara,La Brea,246-2015-OEFA/DE
-81.15188,-4.66645,1711,III,"Suelos contaminados con efluente o derrame, restos o depósitos de residuos",2014,Medio,Medio,Medio,Intercuenca 1391,Región Hidrografica del Pacífico,Piura,Talara,La Brea,246-2015-OEFA/DE
-81.20867,-4.61844,1712,IV,Pozo mal abandonado,2014,Bajo,Bajo,Bajo,Intercuenca 1391,Región Hidrografica del Pacífico,Piura,Talara,La Brea,246-2015-OEFA/DE
-81.12129,-4.8407,1713,III,Suelos contaminados con efluente o derrame,2016,Medio,Medio,Medio,Cuenca Chira,Región Hidrografica del Pacífico,Piura,Paita,Vichayal,199-2016-OEFA/DE
-81.28056,-4.70974,1775,VII/VI,"Pozo mal abandonado, suelos contaminados con efluente o derrame, emisiones",2015,Medio,Medio,Medio,Intercuenca 1391,Región Hidrografica del Pacífico,Piura,Talara,La Brea,225-2015-OEFA/DE
-81.28025,-4.70496,1776,VII/VI,Suelos contaminados con efluente o derrame,2016,Medio,Medio,Medio,Intercuenca 1391,Región Hidrografica del Pacífico,Piura,Talara,La Brea,199-2016-OEFA/DE
-81.29013,-4.68084,1777,VII/VI,"Pozo mal abandonado, suelos contaminados con efluente o derrame",2013,Medio,Medio,Medio,Intercuenca 1391,Región Hidrografica del Pacífico,Piura,Talara,La Brea,231-2014-OEFA/DE
-81.28092,-4.7118,1778,VII/VI,"Pozo mal abandonado, suelos contaminados con efluente o derrame, emisiones",2015,Medio,Medio,Medio,Intercuenca 1391,Región Hidrografica del Pacífico,Piura,Talara,La Brea,225-2015-OEFA/DE
-80.65168,-3.67699,1839,XX (ex Lote XIV),"Pozo mal abandonado, que presenta suelo contaminado con hidrocarburos en el área circundante al mismo",2013,Alto,Medio,Medio,Intercuenca 13939,Región Hidrografica del Pacífico,Tumbes,Contralmirante Villar,Zorritos,Oficio circular N° 004-2015-OEFA/DE
-81.27711,-4.4523,1840,VII/VI,"Pozo mal abandonado,  presenta emisiones gaseosas fugitivas",2015,Medio,Alto,Medio,Intercuenca 13931,Región Hidrografica del Pacífico,Piura,Talara,Lobitos,Oficio circular N° 004-2015-OEFA/DE
-81.29964,-4.65117,1841,VII/VI,"Pozo mal abandonado, que presenta emisiones gaseosas fugitivas y  suelo contaminado en el área circundante al mismo",2015,Medio,Alto,Medio,Intercuenca 1391,Región Hidrografica del Pacífico,Piura,Talara,La Brea,Oficio circular N° 004-2015-OEFA/DE
-81.28277,-4.71998,1898,VII/VI,"Pozo mal abandonado, suelos contaminados con efluente o derrame, emisiones",2015,Medio,Medio,Medio,Intercuenca 1391,Región Hidrografica del Pacífico,Piura,Talara,La Brea,210-2015-OEFA/DE
-81.12302,-4.24147,1899,X,Pozo mal abandonado y emisiones gaseosas fugitivas provenientes del mismo,2018,Medio,Medio,Medio,Cuenca Pariñas,Región Hidrografica del Pacífico,Piura,Talara,El Alto,Oficio N° 306-2018-OEFA/DEAM
-81.1494,-4.20765,1900,X,"Pozo mal abandonado, suelos contaminados con efluente o derrame",2014,Medio,Medio,Medio,Intercuenca 13931,Región Hidrografica del Pacífico,Piura,Talara,Los Órganos,165-2016-OEFA/DE
-81.23323,-4.60584,1901,I,"Pozo mal abandonado, emisiones, restos o depósitos de residuos",2014,Bajo,Medio,Bajo,Intercuenca 1391,Región Hidrografica del Pacífico,Piura,Talara,Pariñas,20-2015-OEFA/DE
-81.25534,-4.60336,1714,I,"Pozo mal abandonado, restos o depósitos de residuos",2014,Bajo,Bajo,Bajo,Intercuenca 1391,Región Hidrografica del Pacífico,Piura,Talara,Pariñas,231-2014-OEFA/DE
-81.287,-4.63026,1715,I,Suelos contaminados con efluente o derrame,2014,Medio,Medio,Medio,Intercuenca 1391,Región Hidrografica del Pacífico,Piura,Talara,La Brea,246-2015-OEFA/DE
-81.28099,-4.63825,1716,I,Pozo mal abandonado,2014,Bajo,Bajo,Bajo,Intercuenca 1391,Región Hidrografica del Pacífico,Piura,Talara,La Brea,246-2015-OEFA/DE
-81.29687,-4.63953,1717,I,Suelos contaminados con efluente o derrame,2014,Medio,Medio,Medio,Intercuenca 1391,Región Hidrografica del Pacífico,Piura,Talara,La Brea,246-2015-OEFA/DE
-81.28899,-4.67719,1779,VII/VI,"Pozo mal abandonado, emisiones",2015,Medio,Medio,Medio,Intercuenca 1391,Región Hidrografica del Pacífico,Piura,Talara,La Brea,225-2015-OEFA/DE
-81.21881,-4.66034,1780,VII/VI,"Pozo mal abandonado, suelos contaminados con efluente o derrame, emisiones",2015,Medio,Medio,Medio,Intercuenca 1391,Región Hidrografica del Pacífico,Piura,Talara,La Brea,225-2015-OEFA/DE
-81.22675,-4.65533,1781,VII/VI,"Pozo mal abandonado, suelos contaminados con efluente o derrame, emisiones",2015,Medio,Medio,Medio,Intercuenca 1391,Región Hidrografica del Pacífico,Piura,Talara,La Brea,225-2015-OEFA/DE
-81.22949,-4.64782,1782,VII/VI,"Pozo mal abandonado, suelos contaminados con efluente o derrame, emisiones",2015,Medio,Medio,Medio,Intercuenca 1391,Región Hidrografica del Pacífico,Piura,Talara,La Brea,225-2015-OEFA/DE
-81.26661,-4.4865,1842,VII/VI,"Pozo mal abandonado,  presenta emisiones gaseosas fugitivas",2015,Medio,Alto,Bajo,Cuenca Pariñas,Región Hidrografica del Pacífico,Piura,Talara,Lobitos,Oficio circular N° 004-2015-OEFA/DE
-81.29936,-4.66664,1843,VII/VI,"Pozo mal abandonado,  presenta emisiones gaseosas fugitivas",2015,Medio,Alto,bajo,Intercuenca 1391,Región Hidrografica del Pacífico,Piura,Talara,La Brea,Oficio circular N° 004-2015-OEFA/DE
-81.13022,-4.18704,1844,X,"Pozo mal abandonado, suelo contaminado y restos de residuos en el área circundante al mismo",2018,Medio,Medio,Medio,Intercuenca 13931,Región Hidrografica del Pacífico,Piura,Talara,Los Órganos,Oficio N° 306-2018-OEFA/DEAM
-81.21873,-4.63129,1845,VII/VI,Instalaciones mal abandonadas,2016,Bajo,Bajo,Bajo,Intercuenca 1391,Región Hidrografica del Pacífico,Piura,Talara,La Brea,199-2016-OEFA/DE
-81.23602,-4.5311,1902,VII/VI,"Pozo mal abandonado, suelos contaminados con efluente o derrame",2014,Medio,Medio,Medio,Cuenca Pariñas,Región Hidrografica del Pacífico,Piura,Talara,Pariñas,231-2014-OEFA/DE
-81.23912,-4.69519,1903,VII/VI,"Pozo mal abandonado, suelos contaminados con efluente o derrame, emisiones",2015,Medio,Medio,Medio,Intercuenca 1391,Región Hidrografica del Pacífico,Piura,Talara,La Brea,210-2015-OEFA/DE
-81.24105,-4.69517,1904,VII/VI,"Pozo mal abandonado, suelos contaminados con efluente o derrame, emisiones",2015,Medio,Medio,Medio,Intercuenca 1391,Región Hidrografica del Pacífico,Piura,Talara,La Brea,210-2015-OEFA/DE
-81.26432,-4.71825,1905,VII/VI,"Pozo mal abandonado, suelos contaminados con efluente o derrame, emisiones",2015,Medio,Medio,Medio,Intercuenca 1391,Región Hidrografica del Pacífico,Piura,Talara,La Brea,210-2015-OEFA/DE
-81.20669,-4.27502,1718,X,Suelos contaminados con efluente o derrame,2014,Medio,Medio,Medio,Intercuenca 13931,Región Hidrografica del Pacífico,Piura,Talara,El Alto,246-2015-OEFA/DE
-81.16824,-4.50188,1719,IV,Suelos contaminados con efluente o derrame,2016,Medio,Medio,Medio,Cuenca Pariñas,Región Hidrografica del Pacífico,Piura,Talara,Pariñas,199-2016-OEFA/DE
-81.26326,-4.7048,1720,VII/VI,"Pozo mal abandonado, suelos contaminados con efluente o derrame, emisiones",2014,Medio,Medio,Medio,Intercuenca 1391,Región Hidrografica del Pacífico,Piura,Talara,La Brea,20-2015-OEFA/DE
-81.17139,-4.44722,1721,IV,"Pozo mal abandonado, suelos contaminados con efluente o derrame",2014,Medio,Medio,Medio,Cuenca Pariñas,Región Hidrografica del Pacífico,Piura,Talara,Pariñas,231-2014-OEFA/DE
-81.31926,-4.67082,1783,VII/VI,"Pozo mal abandonado, suelos contaminados con efluente o derrame",2015,Medio,Medio,Medio,Intercuenca 1391,Región Hidrografica del Pacífico,Piura,Talara,La Brea,225-2015-OEFA/DE
-81.31948,-4.68123,1784,VII/VI,"Pozo mal abandonado, suelos contaminados con efluente o derrame, emisiones",2015,Medio,Medio,Medio,Intercuenca 1391,Región Hidrografica del Pacífico,Piura,Talara,La Brea,225-2015-OEFA/DE
-81.24428,-4.63048,1785,VII/VI,"Pozo mal abandonado, suelos contaminados con efluente o derrame, emisiones",2015,Medio,Medio,Medio,Intercuenca 1391,Región Hidrografica del Pacífico,Piura,Talara,La Brea,225-2015-OEFA/DE
-81.27993,-4.70512,1786,VII/VI,"Instalaciones mal abandonadas, suelos contaminados con efluente o derrame",2016,Medio,Medio,Medio,Intercuenca 1391,Región Hidrografica del Pacífico,Piura,Talara,La Brea,199-2016-OEFA/DE
-81.13598,-4.27399,1846,X,"Pozo mal abandonado, suelos contaminados con efluente o derrame",2014,Medio,Medio,Medio,Cuenca Pariñas,Región Hidrografica del Pacífico,Piura,Talara,El Alto,20-2015-OEFA/DE
-81.26561,-4.69739,1847,VII/VI,"Pozo mal abandonado, suelos contaminados con efluente o derrame",2014,Medio,Medio,Medio,Intercuenca 1391,Región Hidrografica del Pacífico,Piura,Talara,La Brea,231-2014-OEFA/DE
-81.29841,-4.65537,1848,VII/VI,"Pozo mal abandonado,  presenta emisiones gaseosas fugitivas",2015,Medio,Alto,Bajo,Intercuenca 1391,Región Hidrografica del Pacífico,Piura,Talara,La Brea,Oficio circular N° 004-2015-OEFA/DE
-81.29879,-4.66759,1849,VII/VI,"Pozo mal abandonado, que presenta emisiones gaseosas fugitivas y  suelo contaminado en el área circundante al mismo",2015,Medio,Alto,Medio,Intercuenca 1391,Región Hidrografica del Pacífico,Piura,Talara,La Brea,Oficio circular N° 004-2015-OEFA/DE
-81.27818,-4.70756,1906,VII/VI,"Pozo mal abandonado, suelos contaminados con efluente o derrame, emisiones",2015,Medio,Medio,Medio,Intercuenca 1391,Región Hidrografica del Pacífico,Piura,Talara,La Brea,210-2015-OEFA/DE
-81.27729,-4.70898,1907,VII/VI,"Pozo mal abandonado, suelos contaminados con efluente o derrame, emisiones",2015,Medio,Medio,Medio,Intercuenca 1391,Región Hidrografica del Pacífico,Piura,Talara,La Brea,210-2015-OEFA/DE
-81.28481,-4.71611,1908,VII/VI,"Pozo mal abandonado, suelos contaminados con efluente o derrame, emisiones",2015,Medio,Medio,Medio,Intercuenca 1391,Región Hidrografica del Pacífico,Piura,Talara,La Brea,210-2015-OEFA/DE
-81.28007,-4.71269,1909,VII/VI,"Pozo mal abandonado, suelos contaminados con efluente o derrame, emisiones",2015,Medio,Medio,Medio,Intercuenca 1391,Región Hidrografica del Pacífico,Piura,Talara,La Brea,210-2015-OEFA/DE
-81.18306,-4.54877,1722,VII/VI,Pozo mal abandonado,2014,Bajo,Bajo,Bajo,Cuenca Pariñas,Región Hidrografica del Pacífico,Piura,Talara,Pariñas,246-2015-OEFA/DE
-81.20795,-4.52254,1724,VII/VI,Suelos contaminados con efluente o derrame,2016,Medio,Medio,Medio,Cuenca Pariñas,Región Hidrografica del Pacífico,Piura,Talara,Pariñas,199-2016-OEFA/DE
-81.26239,-4.70575,1725,VII/VI,"Pozo mal abandonado, suelos contaminados con efluente o derrame",2014,Medio,Medio,Medio,Intercuenca 1391,Región Hidrografica del Pacífico,Piura,Talara,La Brea,20-2015-OEFA/DE
-81.1739,-4.47566,1726,IV,"Pozo mal abandonado, suelos contaminados con efluente o derrame",2014,Medio,Medio,Medio,Cuenca Pariñas,Región Hidrografica del Pacífico,Piura,Talara,Pariñas,231-2014-OEFA/DE
-81.24065,-4.67294,1787,VII/VI,"Pozo mal abandonado, emisiones",2013,Medio,Medio,Medio,Intercuenca 1391,Región Hidrografica del Pacífico,Piura,Talara,La Brea,231-2014-OEFA/DE
-81.27986,-4.70326,1788,VII/VI,"Pozo mal abandonado, suelos contaminados con efluente o derrame, emisiones",2015,MEDIO,MEDIO,MEDIO,Intercuenca 1391,Región Hidrografica del Pacífico,Piura,Talara,La Brea,225-2015-OEFA/DE
-81.26042,-4.69608,1789,VII/VI,"Pozo mal abandonado, suelos contaminados con efluente o derrame",2015,Medio,Medio,Medio,Intercuenca 1391,Región Hidrografica del Pacífico,Piura,Talara,La Brea,225-2015-OEFA/DE
-81.22926,-4.68808,1790,VII/VI,Pozo mal abandonado,2015,Bajo,Bajo,Bajo,Intercuenca 1391,Región Hidrografica del Pacífico,Piura,Talara,La Brea,225-2015-OEFA/DE
-81.30001,-4.66788,1850,VII/VI,"Pozo mal abandonado, que presenta emisiones gaseosas fugitivas y  suelo contaminado en el área circundante al mismo",2015,Medio,Alto,Medio,Intercuenca 1391,Región Hidrografica del Pacífico,Piura,Talara,La Brea,Oficio circular N° 004-2015-OEFA/DE
-81.28137,-4.46497,1851,VII/VI,"Pozo mal abandonado, que presenta emisiones gaseosas fugitivas",2015,Medio,Alto,Bajo,Intercuenca 13931,Región Hidrografica del Pacífico,Piura,Talara,Lobitos,Oficio circular N° 004-2015-OEFA/DE
-81.27232,-4.44168,1852,VII/VI,"Pozo mal abandonado, que presenta emisiones gaseosas fugitivas",2015,Medio,Alto,Bajo,Intercuenca 13931,Región Hidrografica del Pacífico,Piura,Talara,Lobitos,Oficio circular N° 004-2015-OEFA/DE
-81.12199,-4.20237,1853,X,"Pozo mal abandonado, suelo contaminado en el área circundante al mismo y emisiones gaseosas fugitivas provenientes del pozo",2018,Medio,Medio,Medio,Intercuenca 13931,Región Hidrografica del Pacífico,Piura,Talara,Los Órganos,Oficio N° 306-2018-OEFA/DEAM
-81.27535,-4.71569,1910,VII/VI,"Pozo mal abandonado, suelos contaminados con efluente o derrame, emisiones",2015,Medio,Medio,Medio,Intercuenca 1391,Región Hidrografica del Pacífico,Piura,Talara,La Brea,210-2015-OEFA/DE
-81.21281,-4.59354,1911,I,"Pozo mal abandonado, restos o depósitos de residuos",2014,Bajo,Bajo,Bajo,Intercuenca 1391,Región Hidrografica del Pacífico,Piura,Talara,Pariñas,20-2015-OEFA/DE
-81.24274,-4.53089,1912,VII/VI,Pozo mal abandonado,2014,Bajo,Bajo,Bajo,Cuenca Pariñas,Región Hidrografica del Pacífico,Piura,Talara,Pariñas,231-2014-OEFA/DE
-81.27891,-4.71387,1913,VII/VI,"Pozo mal abandonado, suelos contaminados con efluente o derrame",2015,Medio,Medio,Medio,Intercuenca 1391,Región Hidrografica del Pacífico,Piura,Talara,La Brea,210-2015-OEFA/DE
-81.13296,-4.85033,1727,III,Insumos quimicos (baritina) mal abandonados,2016,Medio,Medio,Medio,Intercuenca 1391,Región Hidrografica del Pacífico,Piura,Paita,Vichayal,199-2016-OEFA/DE
-81.23346,-4.66988,1728,VII/VI,Pozo mal abandonado,2014,Bajo,Bajo,Bajo,Intercuenca 1391,Región Hidrografica del Pacífico,Piura,Talara,La Brea,20-2015-OEFA/DE
-81.18164,-4.48544,1729,IV,Pozo mal abandonado,2014,Bajo,Bajo,Bajo,Cuenca Pariñas,Región Hidrografica del Pacífico,Piura,Talara,Pariñas,231-2014-OEFA/DE
-81.13499,-4.84362,1730,III,Resto de residuo y suelo contaminado en el area circundante,2016,Medio,Medio,Medio,Intercuenca 1391,Región Hidrografica del Pacífico,Piura,Paita,Vichayal,199-2016-OEFA/DE
-81.23683,-4.69272,1791,VII/VI,Pozo mal abandonado,2015,Bajo,Bajo,Bajo,Intercuenca 1391,Región Hidrografica del Pacífico,Piura,Talara,La Brea,225-2015-OEFA/DE
-81.239,-4.69354,1792,VII/VI,"Pozo mal abandonado, suelos contaminados con efluente o derrame, emisiones",2015,Medio,Medio,Medio,Intercuenca 1391,Región Hidrografica del Pacífico,Piura,Talara,La Brea,225-2015-OEFA/DE
-81.25859,-4.68817,1793,VII/VI,"Pozo mal abandonado, suelos contaminados con efluente o derrame, emisiones",2015,Medio,Medio,Medio,Intercuenca 1391,Región Hidrografica del Pacífico,Piura,Talara,La Brea,225-2015-OEFA/DE
-81.25713,-4.68831,1794,VII/VI,"Pozo mal abandonado, suelos contaminados con efluente o derrame, emisiones",2015,Medio,Medio,Medio,Intercuenca 1391,Región Hidrografica del Pacífico,Piura,Talara,La Brea,225-2015-OEFA/DE
-81.32145,-4.68097,1854,VII/VI,"Pozo mal abandonado, que presenta emisiones gaseosas fugitivas y afloramiento de hidrocarburos",2015,Medio,Medio,Alto,Intercuenca 1391,Región Hidrografica del Pacífico,Piura,Talara,La Brea,Oficio circular N° 026-2016-OEFA/DE
-81.26394,-4.68682,1855,VII/VI,"Pozo mal abandonado, suelos contaminados con efluente o derrame, emisiones, restos o depósitos de residuos",2013,Medio,Medio,Medio,Intercuenca 1391,Región Hidrografica del Pacífico,Piura,Talara,La Brea,231-2014-OEFA/DE
-81.25575,-4.61649,1856,I,"Pozo mal abandonado, emisiones",2014,Medio,Medio,Medio,Intercuenca 1391,Región Hidrografica del Pacífico,Piura,Talara,La Brea,20-2015-OEFA/DE
-81.2473,-4.48274,1857,VII/VI,Pozo mal abandonado,2014,Bajo,Bajo,Bajo,Cuenca Pariñas,Región Hidrografica del Pacífico,Piura,Talara,Lobitos,231-2014-OEFA/DE
-81.28214,-4.71203,1914,VII/VI,"Pozo mal abandonado, suelos contaminados con efluente o derrame",2015,Medio,Medio,Medio,Intercuenca 1391,Región Hidrografica del Pacífico,Piura,Talara,La Brea,210-2015-OEFA/DE
-81.29521,-4.65031,1915,VII/VI,"Pozo mal abandonado, suelos contaminados con efluente o derrame",2015,Medio,Medio,Medio,Intercuenca 1391,Región Hidrografica del Pacífico,Piura,Talara,La Brea,210-2015-OEFA/DE
-81.29505,-4.64889,1916,VII/VI,"Pozo mal abandonado, suelos contaminados con efluente o derrame",2015,Medio,Medio,Medio,Intercuenca 1391,Región Hidrografica del Pacífico,Piura,Talara,La Brea,210-2015-OEFA/DE
-81.25378,-4.7139,1917,VII/VI,"Pozo mal abandonado, suelos contaminados con efluente o derrame",2015,Medio,Medio,Medio,Intercuenca 1391,Región Hidrografica del Pacífico,Piura,Talara,La Brea,210-2015-OEFA/DE
-81.26291,-4.68656,1731,VII/VI,Pozo mal abandonado,2013,Bajo,Bajo,Bajo,Intercuenca 1391,Región Hidrografica del Pacífico,Piura,Talara,La Brea,020-2015-OEFA/DE
-81.20101,-4.47881,1732,VII/VI,Pozo mal abandonado,2014,Bajo,Bajo,Bajo,Cuenca Pariñas,Región Hidrografica del Pacífico,Piura,Talara,Pariñas,231-2014-OEFA/DE
-81.21904,-4.50643,1733,VII/VI,Pozo mal abandonado,2014,Bajo,Bajo,Bajo,Cuenca Pariñas,Región Hidrografica del Pacífico,Piura,Talara,Pariñas,225-2015-OEFA/DE
-81.22141,-4.6586,40,VII/VI,"Pozo mal abandonado, suelos contaminados con efluente o derrame, emisiones",2013,Medio,Medio,Medio,Intercuenca 1391,Región Hidrografica del Pacífico,Piura,Talara,La Brea,206-2014-OEFA/DE
-81.16411,-4.40028,41,X,Pozo mal abandonado,2016,Bajo,Bajo,Bajo,Cuenca Pariñas,Región Hidrografica del Pacífico,Piura,Talara,Lobitos,347-2016-OEFA/DE
-81.22752,-4.46729,14,VII/VI,"Pozo mal abandonado, suelos contaminados con efluente o derrame, emisiones, restos o depósitos de residuos",2014,Medio,Medio,Medio,Cuenca Pariñas,Región Hidrografica del Pacífico,Piura,Talara,Lobitos,231-2014-OEFA/DE
-81.18647,-4.40575,15,X,Pozo mal abandonado,2016,Bajo,Bajo,Bajo,Cuenca Pariñas,Región Hidrografica del Pacífico,Piura,Talara,Lobitos,347-2016-OEFA/DE
-80.64642,-3.67281,16,XX (ex Lote XIV),Pozo mal abandonado,2013,Bajo,Bajo,Bajo,Intercuenca 13939,Región Hidrografica del Pacífico,Tumbes,Contralmirante Villar,Zorritos,205-2014-OEFA/DE
-81.2026,-4.48293,17,VII/VI,"Pozo mal abandonado, suelos contaminados con efluente o derrame",2014,Medio,Medio,Medio,Cuenca Pariñas,Región Hidrografica del Pacífico,Piura,Talara,Pariñas,206-2014-OEFA/DE
-81.17523,-4.28822,18,X,"Pozo mal abandonado, suelos contaminados con efluente o derrame",2016,Medio,Medio,Medio,Cuenca Pariñas,Región Hidrografica del Pacífico,Piura,Talara,El Alto,347-2016-OEFA/DE
-81.31079,-4.68179,19,VII/VI,"Pozo mal abandonado, suelos contaminados con efluente o derrame, emisiones",2013,Alto,Alto,Alto,Intercuenca 1391,Región Hidrografica del Pacífico,Piura,Talara,La Brea,205-2014-OEFA/DE
-81.18141,-4.29249,20,X,Pozo mal abandonado,2016,Bajo,Bajo,Bajo,Cuenca Pariñas,Región Hidrografica del Pacífico,Piura,Talara,El Alto,347-2016-OEFA/DE
-81.20118,-4.47694,21,VII/VI,"Pozo mal abandonado, suelos contaminados con efluente o derrame",2014,Medio,Medio,Medio,Cuenca Pariñas,Región Hidrografica del Pacífico,Piura,Talara,Pariñas,206-2014-OEFA/DE
-81.17323,-4.29026,22,X,Pozo mal abandonado,2016,Bajo,Bajo,Bajo,Cuenca Pariñas,Región Hidrografica del Pacífico,Piura,Talara,El Alto,347-2016-OEFA/DE
-81.31091,-4.67887,23,VII/VI,"Pozo mal abandonado, que presenta emisiones gaseosas fugitivas y  suelo contaminado en el área circundante al mismo",2013,Medio,Alto,Medio,Intercuenca 1391,Región Hidrografica del Pacífico,Piura,Talara,La Brea,205-2014-OEFA/DE
-81.18604,-4.28092,24,X,"Pozo mal abandonado, suelos contaminados con efluente o derrame",2016,Bajo,Medio,Medio,Cuenca Pariñas,Región Hidrografica del Pacífico,Piura,Talara,El Alto,347-2016-OEFA/DE
-81.31377,-4.67828,25,VII/VI,"Pozo mal abandonado, que presenta emisiones gaseosas fugitivas y  suelo contaminado en el área circundante al mismo",2013,Medio,Alto,Medio,Intercuenca 1391,Región Hidrografica del Pacífico,Piura,Talara,La Brea,205-2014-OEFA/DE
-81.18439,-4.28139,26,X,"Pozo mal abandonado, suelos contaminados con efluente o derrame",2016,Medio,Medio,Medio,Cuenca Pariñas,Región Hidrografica del Pacífico,Piura,Talara,El Alto,347-2016-OEFA/DE
-81.11876,-4.30492,27,X,"Pozo mal abandonado, suelos contaminados con efluente o derrame, emisiones",2016,Medio,Medio,Medio,Cuenca Pariñas,Región Hidrografica del Pacífico,Piura,Talara,El Alto,347-2016-OEFA/DE
-81.28659,-4.63321,28,I,Pozo mal abandonado,2014,Bajo,Bajo,Bajo,Intercuenca 1391,Región Hidrografica del Pacífico,Piura,Talara,La Brea,206-2014-OEFA/DE
-81.14015,-4.29842,29,X,Pozo mal abandonado,2016,Bajo,Bajo,Bajo,Cuenca Pariñas,Región Hidrografica del Pacífico,Piura,Talara,El Alto,347-2016-OEFA/DE
-81.30705,-4.67739,30,VII/VI,"Pozo mal abandonado, que presenta emisiones gaseosas fugitivas y  suelo contaminado en el área circundante al mismo",2013,Medio,Alto,Medio,Intercuenca 1391,Región Hidrografica del Pacífico,Piura,Talara,La Brea,205-2014-OEFA/DE
-81.18499,-4.29442,31,X,"Suelos contaminados con efluente o derrame, restos o depósitos de residuos",2016,Bajo,Medio,Medio,Cuenca Pariñas,Región Hidrografica del Pacífico,Piura,Talara,El Alto,347-2016-OEFA/DE
-81.22219,-4.64859,32,VII/VI,"Pozo mal abandonado, emisiones",2013,Medio,Medio,Medio,Intercuenca 1391,Región Hidrografica del Pacífico,Piura,Talara,La Brea,206-2014-OEFA/DE
-81.2243,-4.38497,33,X,Pozo mal abandonado,2016,Bajo,Bajo,Bajo,Cuenca Pariñas,Región Hidrografica del Pacífico,Piura,Talara,Lobitos,347-2016-OEFA/DE
-81.28343,-4.46064,66,VII/VI,Pozo mal abandonado y  suelo contaminado en el área circundante al mismo,2014,Alto,Medio,Medio,Intercuenca 13931,Región Hidrografica del Pacífico,Piura,Talara,Lobitos,201-2014-OEFA/DE
-81.28414,-4.46006,67,VII/VI,Pozo mal abandonado y suelo contaminado en el área circundante al mismo,2014,Alto,Medio,Medio,Intercuenca 13931,Región Hidrografica del Pacífico,Piura,Talara,Lobitos,201-2014-OEFA/DE
-81.30834,-4.66922,68,VII/VI,"Pozo mal abandonado, que presenta emisiones gaseosas fugitivas",2013,Medio,Alto,Medio,Intercuenca 1391,Región Hidrografica del Pacífico,Piura,Talara,La Brea,201-2014-OEFA/DE
-81.23314,-4.2913,69,X,Pozo mal abandonado,2016,Bajo,Bajo,Bajo,Intercuenca 13931,Región Hidrografica del Pacífico,Piura,Talara,El Alto,347-2016-OEFA/DE
-81.07547,-4.13995,70,V,Pozo mal abandonado,2014,Bajo,Bajo,Bajo,Intercuenca 13931,Región Hidrografica del Pacífico,Piura,Talara,Máncora,200-2014-OEFA/DE
-81.24197,-4.30048,71,X,Suelos contaminados con efluente o derrame,2016,Medio,Medio,Medio,Intercuenca 13931,Región Hidrografica del Pacífico,Piura,Talara,El Alto,347-2016-OEFA/DE
-81.27931,-4.46058,72,VII/VI,Pozo mal abandonado,2014,Bajo,Bajo,Bajo,Intercuenca 13931,Región Hidrografica del Pacífico,Piura,Talara,Lobitos,200-2014-OEFA/DE
-81.18989,-4.28289,73,X,Pozo mal abandonado,2016,Bajo,Bajo,Bajo,Cuenca Pariñas,Región Hidrografica del Pacífico,Piura,Talara,El Alto,347-2016-OEFA/DE
-81.22739,-4.66422,42,VII/VI,"Pozo mal abandonado, emisiones",2013,Medio,Medio,Medio,Intercuenca 1391,Región Hidrografica del Pacífico,Piura,Talara,La Brea,206-2014-OEFA/DE
-81.20265,-4.38129,43,X,Suelos contaminados con efluente o derrame,2016,Medio,Medio,Medio,Cuenca Pariñas,Región Hidrografica del Pacífico,Piura,Talara,Lobitos,347-2016-OEFA/DE
-81.22617,-4.65805,44,VII/VI,"Pozo mal abandonado, suelos contaminados con efluente o derrame, emisiones",2013,Medio,Medio,Medio,Intercuenca 1391,Región Hidrografica del Pacífico,Piura,Talara,La Brea,206-2014-OEFA/DE
-81.19,-4.39572,45,X,Suelos contaminados con efluente o derrame,2016,Medio,Medio,Medio,Cuenca Pariñas,Región Hidrografica del Pacífico,Piura,Talara,Lobitos,347-2016-OEFA/DE
-81.25259,-4.68583,46,VII/VI,"Pozo mal abandonado, suelos contaminados con efluente o derrame, emisiones",2013,Medio,Medio,Medio,Intercuenca 1391,Región Hidrografica del Pacífico,Piura,Talara,La Brea,206-2014-OEFA/DE
-81.27501,-4.6857,47,VII/VI,"Pozo mal abandonado, suelos contaminados con efluente o derrame, emisiones",2014,Medio,Medio,Medio,Intercuenca 1391,Región Hidrografica del Pacífico,Piura,Talara,La Brea,15-2015-OEFA/DE
-81.15734,-4.26726,48,X,Pozo mal abandonado,2016,Bajo,Bajo,Bajo,Cuenca Pariñas,Región Hidrografica del Pacífico,Piura,Talara,El Alto,347-2016-OEFA/DE
-81.26266,-4.69343,49,VII/VI,Pozo mal abandonado,2013,Bajo,Bajo,Bajo,Intercuenca 1391,Región Hidrografica del Pacífico,Piura,Talara,La Brea,206-2014-OEFA/DE
-81.1619,-4.33342,50,X,"Pozo mal abandonado, suelos contaminados con efluente o derrame",2016,Medio,Medio,Medio,Cuenca Pariñas,Región Hidrografica del Pacífico,Piura,Talara,El Alto,347-2016-OEFA/DE
-81.26487,-4.69536,51,VII/VI,"Pozo mal abandonado, emisiones",2013,Medio,Medio,Medio,Intercuenca 1391,Región Hidrografica del Pacífico,Piura,Talara,La Brea,206-2014-OEFA/DE
-81.11742,-4.2998,52,X,Pozo mal abandonado,2016,Bajo,Bajo,Bajo,Cuenca Pariñas,Región Hidrografica del Pacífico,Piura,Talara,El Alto,347-2016-OEFA/DE
-81.29519,-4.6791,53,VII/VI,"Pozo mal abandonado, suelos contaminados con efluente o derrame, emisiones",2013,Medio,Medio,Medio,Intercuenca 1391,Región Hidrografica del Pacífico,Piura,Talara,La Brea,206-2014-OEFA/DE
-81.10237,-4.28909,54,X,Pozo mal abandonado,2016,Bajo,Bajo,Bajo,Cuenca Pariñas,Región Hidrografica del Pacífico,Piura,Talara,El Alto,347-2016-OEFA/DE
-81.2917,-4.68055,55,VII/VI,"Pozo mal abandonado, emisiones",2013,Medio,Medio,Medio,Intercuenca 1391,Región Hidrografica del Pacífico,Piura,Talara,La Brea,206-2014-OEFA/DE
-81.12838,-4.23121,56,X,Pozo mal abandonado,2016,Bajo,Bajo,Bajo,Intercuenca 13931,Región Hidrografica del Pacífico,Piura,Talara,El Alto,347-2016-OEFA/DE
-81.28164,-4.68745,57,VII/VI,"Pozo mal abandonado, suelos contaminados con efluente o derrame, emisiones",2013,Medio,Medio,Medio,Intercuenca 1391,Región Hidrografica del Pacífico,Piura,Talara,La Brea,206-2014-OEFA/DE
-81.29265,-4.68068,58,VII/VI,"Pozo mal abandonado, suelos contaminados con efluente o derrame, emisiones",2013,Medio,Medio,Medio,Intercuenca 1391,Región Hidrografica del Pacífico,Piura,Talara,La Brea,206-2014-OEFA/DE
-81.29819,-4.67684,59,VII/VI,"Pozo mal abandonado, suelos contaminados con efluente o derrame, emisiones",2013,Medio,Medio,Medio,Intercuenca 1391,Región Hidrografica del Pacífico,Piura,Talara,La Brea,206-2014-OEFA/DE
-81.29837,-4.67784,60,VII/VI,"Pozo mal abandonado, suelos contaminados con efluente o derrame, emisiones",2013,Medio,Medio,Medio,Intercuenca 1391,Región Hidrografica del Pacífico,Piura,Talara,La Brea,206-2014-OEFA/DE
-81.23517,-4.56459,61,I,"Pozo mal abandonado, suelos contaminados con efluente o derrame, restos o depósitos de residuos",2014,Medio,Medio,Medio,Intercuenca 1391,Región Hidrografica del Pacífico,Piura,Talara,Pariñas,200-2014-OEFA/DE
-81.22769,-4.29863,62,X,Pozo mal abandonado,2016,Bajo,Bajo,Bajo,Intercuenca 13931,Región Hidrografica del Pacífico,Piura,Talara,El Alto,347-2016-OEFA/DE
-81.22979,-4.66832,63,VII/VI,"Pozo mal abandonado, suelos contaminados con efluente o derrame, emisiones",2013,Medio,Medio,Medio,Intercuenca 1391,Región Hidrografica del Pacífico,Piura,Talara,La Brea,200-2014-OEFA/DE
-81.23384,-4.6645,64,VII/VI,"Pozo mal abandonado, emisiones",2013,Medio,Medio,Medio,Intercuenca 1391,Región Hidrografica del Pacífico,Piura,Talara,La Brea,200-2014-OEFA/DE
-81.23617,-4.29191,65,X,Pozo mal abandonado,2016,Bajo,Bajo,Bajo,Intercuenca 13931,Región Hidrografica del Pacífico,Piura,Talara,El Alto,347-2016-OEFA/DE
-81.20494,-4.23738,94,X,"Pozo mal abandonado, emisiones",2016,Medio,Medio,Medio,Intercuenca 13931,Región Hidrografica del Pacífico,Piura,Talara,El Alto,347-2016-OEFA/DE
-81.07465,-4.19611,95,V,Pozo mal abandonado,2014,Bajo,Bajo,Bajo,Intercuenca 13931,Región Hidrografica del Pacífico,Piura,Talara,Los Órganos,200-2014-OEFA/DE
-81.10142,-4.19187,96,V,Pozo mal abandonado,2014,Bajo,Bajo,Bajo,Intercuenca 13931,Región Hidrografica del Pacífico,Piura,Talara,Los Órganos,200-2014-OEFA/DE
-81.0739,-4.15193,97,V,Pozo mal abandonado,2014,Bajo,Bajo,Bajo,Intercuenca 13931,Región Hidrografica del Pacífico,Piura,Talara,Los Órganos,200-2014-OEFA/DE
-81.17411,-4.47924,98,IV,"Pozo mal abandonado, emisiones",2016,Medio,Medio,Medio,Cuenca Pariñas,Región Hidrografica del Pacífico,Piura,Talara,Pariñas,347-2016-OEFA/DE
-81.12187,-4.6671,99,III,Pozo mal abandonado,2014,Bajo,Medio,Bajo,Intercuenca 1391,Región Hidrografica del Pacífico,Piura,Talara,La Brea,200-2014-OEFA/DE
-81.16818,-4.4751,100,IV,"Pozo mal abandonado, suelos contaminados con efluente o derrame, emisiones",2016,Medio,Medio,Medio,Cuenca Pariñas,Región Hidrografica del Pacífico,Piura,Talara,Pariñas,347-2016-OEFA/DE
-81.12368,-4.65736,101,III,Pozo mal abandonado,2014,Bajo,Bajo,Bajo,Intercuenca 1391,Región Hidrografica del Pacífico,Piura,Talara,La Brea,200-2014-OEFA/DE
-81.233,-4.60788,74,I,"Pozo mal abandonado, suelos contaminados con efluente o derrame",2014,Medio,Medio,Medio,Intercuenca 1391,Región Hidrografica del Pacífico,Piura,Talara,La Brea,200-2014-OEFA/DE
-81.20211,-4.23779,75,X,Pozo mal abandonado,2016,Bajo,Bajo,Bajo,Intercuenca 13931,Región Hidrografica del Pacífico,Piura,Talara,El Alto,347-2016-OEFA/DE
-81.22266,-4.51736,76,VII/VI,Pozo mal abandonado,2013,Bajo,Bajo,Bajo,Cuenca Pariñas,Región Hidrografica del Pacífico,Piura,Talara,Pariñas,200-2014-OEFA/DE
-81.12349,-4.6599,77,III,"Pozo mal abandonado, suelos contaminados con efluente o derrame",2014,Medio,Medio,Medio,Intercuenca 1391,Región Hidrografica del Pacífico,Piura,Talara,La Brea,200-2014-OEFA/DE
-81.26355,-4.7097,78,VII/VI,Pozo mal abandonado,2014,Bajo,Bajo,Bajo,Intercuenca 1391,Región Hidrografica del Pacífico,Piura,Talara,La Brea,15-2015-OEFA/DE
-81.17272,-4.27557,79,X,Pozo mal abandonado,2016,Bajo,Bajo,Bajo,Cuenca Pariñas,Región Hidrografica del Pacífico,Piura,Talara,El Alto,347-2016-OEFA/DE
-81.22657,-4.595,80,I,"Pozo mal abandonado, suelos contaminados con efluente o derrame, restos o depósitos de residuos",2014,Medio,Medio,Medio,Intercuenca 1391,Región Hidrografica del Pacífico,Piura,Talara,Pariñas,200-2014-OEFA/DE
-81.22507,-4.5929,81,I,"Pozo mal abandonado, restos o depósitos de residuos",2014,Bajo,Bajo,Bajo,Intercuenca 1391,Región Hidrografica del Pacífico,Piura,Talara,Pariñas,200-2014-OEFA/DE
-81.22558,-4.59192,82,I,"Pozo mal abandonado, suelos contaminados con efluente o derrame, restos o depósitos de residuos",2014,Medio,Medio,Medio,Intercuenca 1391,Región Hidrografica del Pacífico,Piura,Talara,Pariñas,200-2014-OEFA/DE
-81.22514,-4.59039,83,I,"Pozo mal abandonado, restos o depósitos de residuos",2014,Bajo,Bajo,Bajo,Intercuenca 1391,Región Hidrografica del Pacífico,Piura,Talara,Pariñas,200-2014-OEFA/DE
-81.25465,-4.28797,84,X,Suelos contaminados con efluente o derrame,2016,Bajo,Medio,Medio,Intercuenca 13931,Región Hidrografica del Pacífico,Piura,Talara,El Alto,347-2016-OEFA/DE
-81.24085,-4.56977,85,I,"Pozo mal abandonado, suelos contaminados con efluente o derrame, restos o depósitos de residuos",2014,Medio,Medio,Medio,Intercuenca 1391,Región Hidrografica del Pacífico,Piura,Talara,Pariñas,200-2014-OEFA/DE
-81.24154,-4.5717,86,I,"Pozo mal abandonado, restos o depósitos de residuos",2014,Bajo,Bajo,Bajo,Intercuenca 1391,Región Hidrografica del Pacífico,Piura,Talara,Pariñas,200-2014-OEFA/DE
-81.14392,-4.50716,87,IV,"Pozo mal abandonado, emisiones",2016,Medio,Medio,Medio,Cuenca Pariñas,Región Hidrografica del Pacífico,Piura,Talara,Pariñas,347-2016-OEFA/DE
-81.08035,-4.16507,88,V,Pozo mal abandonado,2014,Medio,Medio,Medio,Intercuenca 13931,Región Hidrografica del Pacífico,Piura,Talara,Los Órganos,200-2014-OEFA/DE
-81.18425,-4.45721,89,IV,"Pozo mal abandonado, suelos contaminados con efluente o derrame, emisiones",2016,Medio,Medio,Medio,Cuenca Pariñas,Región Hidrografica del Pacífico,Piura,Talara,Pariñas,347-2016-OEFA/DE
-81.06315,-4.16887,90,V,Pozo mal abandonado,2014,Bajo,Bajo,Bajo,Intercuenca 13931,Región Hidrografica del Pacífico,Piura,Talara,Los Órganos,200-2014-OEFA/DE
-81.04114,-4.12774,91,V,Pozo mal abandonado,2014,Bajo,Bajo,Bajo,Intercuenca 13931,Región Hidrografica del Pacífico,Piura,Talara,Máncora,200-2014-OEFA/DE
-81.06803,-4.20589,92,V,Pozo mal abandonado,2014,Bajo,Bajo,Bajo,Intercuenca 13931,Región Hidrografica del Pacífico,Piura,Talara,Los Órganos,200-2014-OEFA/DE
-81.24592,-4.63844,93,VII/VI,"Pozo mal abandonado, restos o depósitos de residuos",2014,Bajo,Bajo,Bajo,Intercuenca 1391,Región Hidrografica del Pacífico,Piura,Talara,La Brea,15-2015-OEFA/DE
-81.26089,-4.70344,126,VII/VI,"Pozo mal abandonado, suelos contaminados con efluente o derrame",2014,Medio,Medio,Medio,Intercuenca 1391,Región Hidrografica del Pacífico,Piura,Talara,La Brea,15-2015-OEFA/DE
-81.22947,-4.66004,127,VII/VI,"Pozo mal abandonado, emisiones",2013,Medio,Medio,Medio,Intercuenca 1391,Región Hidrografica del Pacífico,Piura,Talara,La Brea,200-2014-OEFA/DE
-81.23106,-4.65298,128,VII/VI,"Pozo mal abandonado, suelos contaminados con efluente o derrame, emisiones",2013,Medio,Medio,Medio,Intercuenca 1391,Región Hidrografica del Pacífico,Piura,Talara,La Brea,200-2014-OEFA/DE
-81.25381,-4.68218,129,VII/VI,Suelos contaminados con efluente o derrame,2013,Medio,Medio,Medio,Intercuenca 1391,Región Hidrografica del Pacífico,Piura,Talara,La Brea,200-2014-OEFA/DE
-81.30431,-4.67755,130,VII/VI,"Pozo mal abandonado, suelos contaminados con efluente o derrame",2013,Medio,Medio,Medio,Intercuenca 1391,Región Hidrografica del Pacífico,Piura,Talara,La Brea,200-2014-OEFA/DE
-81.304,-4.67643,131,VII/VI,"Pozo mal abandonado, suelos contaminados con efluente o derrame",2013,Medio,Medio,Medio,Intercuenca 1391,Región Hidrografica del Pacífico,Piura,Talara,La Brea,200-2014-OEFA/DE
-81.30807,-4.67244,132,VII/VI,"Pozo mal abandonado, suelos contaminados con efluente o derrame",2013,Medio,Medio,Medio,Intercuenca 1391,Región Hidrografica del Pacífico,Piura,Talara,La Brea,200-2014-OEFA/DE
-81.32013,-4.68485,133,VII/VI,"Pozo mal abandonado, suelos contaminados con efluente o derrame",2013,Medio,Medio,Medio,Intercuenca 1391,Región Hidrografica del Pacífico,Piura,Talara,La Brea,200-2014-OEFA/DE
-81.17268,-4.44854,102,IV,"Pozo mal abandonado, suelos contaminados con efluente o derrame",2016,Medio,Medio,Medio,Cuenca Pariñas,Región Hidrografica del Pacífico,Piura,Talara,Pariñas,347-2016-OEFA/DE
-81.12727,-4.66251,103,III,"Pozo mal abandonado, suelos contaminados con efluente o derrame",2014,Medio,Medio,Medio,Intercuenca 1391,Región Hidrografica del Pacífico,Piura,Talara,La Brea,200-2014-OEFA/DE
-81.16754,-4.50405,104,IV,"Pozo mal abandonado, suelos contaminados con efluente o derrame, emisiones",2016,Medio,Medio,Medio,Cuenca Pariñas,Región Hidrografica del Pacífico,Piura,Talara,Pariñas,347-2016-OEFA/DE
-81.16148,-4.45164,105,IV,"Pozo mal abandonado, suelos contaminados con efluente o derrame, emisiones",2016,Medio,Medio,Medio,Cuenca Pariñas,Región Hidrografica del Pacífico,Piura,Talara,Pariñas,347-2016-OEFA/DE
-81.1623,-4.55618,106,IX,Pozo mal abandonado,2014,Bajo,Bajo,Bajo,Intercuenca 1391,Región Hidrografica del Pacífico,Piura,Talara,Pariñas,200-2014-OEFA/DE
-81.18601,-4.5853,107,IV,Pozo mal abandonado,2016,Bajo,Bajo,Bajo,Intercuenca 1391,Región Hidrografica del Pacífico,Piura,Talara,Pariñas,347-2016-OEFA/DE
-80.66643,-3.67916,108,XX (ex Lote XIV),Pozo mal abandonado,2013,Bajo,Bajo,Bajo,Intercuenca 13939,Región Hidrografica del Pacífico,Tumbes,Contralmirante Villar,Zorritos,200-2014-OEFA/DE
-81.15363,-4.45855,109,IV,Pozo mal abandonado,2016,Bajo,Bajo,Bajo,Cuenca Pariñas,Región Hidrografica del Pacífico,Piura,Talara,Pariñas,347-2016-OEFA/DE
-80.66625,-3.67936,110,XX (ex Lote XIV),Pozo mal abandonado,2013,Bajo,Bajo,Bajo,Intercuenca 13939,Región Hidrografica del Pacífico,Tumbes,Contralmirante Villar,Zorritos,200-2014-OEFA/DE
-81.24452,-4.63782,111,VII/VI,"Pozo mal abandonado, restos o depósitos de residuos",2014,Bajo,Bajo,Bajo,Intercuenca 1391,Región Hidrografica del Pacífico,Piura,Talara,La Brea,15-2015-OEFA/DE
-81.19652,-4.65591,112,VII/VI,"Pozo mal abandonado, suelos contaminados con efluente o derrame, emisiones",2013,Medio,Medio,Medio,Intercuenca 1391,Región Hidrografica del Pacífico,Piura,Talara,La Brea,200-2014-OEFA/DE
-81.2276,-4.64178,113,VII/VI,Pozo mal abandonado,2013,Bajo,Bajo,Bajo,Intercuenca 1391,Región Hidrografica del Pacífico,Piura,Talara,La Brea,200-2014-OEFA/DE
-81.23102,-4.64377,114,VII/VI,Pozo mal abandonado,2013,Bajo,Bajo,Bajo,Intercuenca 1391,Región Hidrografica del Pacífico,Piura,Talara,La Brea,200-2014-OEFA/DE
-81.22012,-4.64752,115,VII/VI,Pozo mal abandonado,2013,Bajo,Bajo,Bajo,Intercuenca 1391,Región Hidrografica del Pacífico,Piura,Talara,La Brea,200-2014-OEFA/DE
-81.23345,-4.66233,116,VII/VI,"Pozo mal abandonado, emisiones",2013,Medio,Medio,Medio,Intercuenca 1391,Región Hidrografica del Pacífico,Piura,Talara,La Brea,200-2014-OEFA/DE
-81.23021,-4.66388,117,VII/VI,"Pozo mal abandonado, emisiones",2013,Medio,Medio,Medio,Intercuenca 1391,Región Hidrografica del Pacífico,Piura,Talara,La Brea,200-2014-OEFA/DE
-81.19993,-4.63134,118,VII/VI,"Pozo mal abandonado, restos o depósitos de residuos",2014,Bajo,Bajo,Bajo,Intercuenca 1391,Región Hidrografica del Pacífico,Piura,Talara,La Brea,15-2015-OEFA/DE
-81.24111,-4.65499,119,VII/VI,"Pozo mal abandonado, suelos contaminados con efluente o derrame, emisiones",2013,Medio,Medio,Medio,Intercuenca 1391,Región Hidrografica del Pacífico,Piura,Talara,La Brea,200-2014-OEFA/DE
-81.2352,-4.65834,120,VII/VI,"Pozo mal abandonado, suelos contaminados con efluente o derrame, emisiones",2013,Medio,Medio,Medio,Intercuenca 1391,Región Hidrografica del Pacífico,Piura,Talara,La Brea,200-2014-OEFA/DE
-81.23557,-4.65528,121,VII/VI,"Pozo mal abandonado, emisiones",2013,Medio,Medio,Medio,Intercuenca 1391,Región Hidrografica del Pacífico,Piura,Talara,La Brea,200-2014-OEFA/DE
-81.23624,-4.65381,122,VII/VI,"Pozo mal abandonado, emisiones",2013,Medio,Medio,Medio,Intercuenca 1391,Región Hidrografica del Pacífico,Piura,Talara,La Brea,200-2014-OEFA/DE
-81.22081,-4.65568,123,VII/VI,"Pozo mal abandonado, emisiones, restos o depósitos de residuos",2013,Medio,Medio,Medio,Intercuenca 1391,Región Hidrografica del Pacífico,Piura,Talara,La Brea,200-2014-OEFA/DE
-81.23019,-4.65777,124,VII/VI,"Pozo mal abandonado, emisiones",2013,Medio,Medio,Medio,Intercuenca 1391,Región Hidrografica del Pacífico,Piura,Talara,La Brea,200-2014-OEFA/DE
-81.23278,-4.65742,125,VII/VI,"Pozo mal abandonado, suelos contaminados con efluente o derrame, emisiones",2013,Medio,Medio,Medio,Intercuenca 1391,Región Hidrografica del Pacífico,Piura,Talara,La Brea,200-2014-OEFA/DE
-81.29239,-4.67879,154,VII/VI,"Pozo mal abandonado, suelos contaminados con efluente o derrame",2013,Medio,Medio,Medio,Intercuenca 1391,Región Hidrografica del Pacífico,Piura,Talara,La Brea,193-2014-OEFA/DE
-81.25654,-4.69145,155,VII/VI,Pozo mal abandonado,2013,Medio,Medio,Medio,Intercuenca 1391,Región Hidrografica del Pacífico,Piura,Talara,La Brea,193-2014-OEFA/DE
-81.25343,-4.687,156,VII/VI,"Pozo mal abandonado, suelos contaminados con efluente o derrame, emisiones",2013,Medio,Medio,Medio,Intercuenca 1391,Región Hidrografica del Pacífico,Piura,Talara,La Brea,193-2014-OEFA/DE
-81.26611,-4.6939,157,VII/VI,"Pozo mal abandonado, suelos contaminados con efluente o derrame",2013,Medio,Medio,Medio,Intercuenca 1391,Región Hidrografica del Pacífico,Piura,Talara,La Brea,193-2014-OEFA/DE
-81.30799,-4.66443,158,VII/VI,Pozo mal abandonado,2013,Medio,Medio,Bajo,Intercuenca 1391,Región Hidrografica del Pacífico,Piura,Talara,La Brea,193-2014-OEFA/DE
-81.28163,-4.69215,159,VII/VI,"Pozo mal abandonado, suelos contaminados con efluente o derrame",2013,Medio,Medio,Medio,Intercuenca 1391,Región Hidrografica del Pacífico,Piura,Talara,La Brea,193-2014-OEFA/DE
-81.31097,-4.6715,160,VII/VI,"Pozo mal abandonado, suelos contaminados con efluente o derrame",2013,Medio,Medio,Medio,Intercuenca 1391,Región Hidrografica del Pacífico,Piura,Talara,La Brea,193-2014-OEFA/DE
-81.26587,-4.69277,161,VII/VI,"Pozo mal abandonado, suelos contaminados con efluente o derrame",2013,Medio,Medio,Medio,Intercuenca 1391,Región Hidrografica del Pacífico,Piura,Talara,La Brea,193-2014-OEFA/DE
-81.27925,-4.69,134,VII/VI,"Pozo mal abandonado, emisiones",2013,Medio,Medio,Medio,Intercuenca 1391,Región Hidrografica del Pacífico,Piura,Talara,La Brea,200-2014-OEFA/DE
-81.29357,-4.65263,135,VII/VI,"Pozo mal abandonado, suelos contaminados con efluente o derrame",2013,Medio,Medio,Medio,Intercuenca 1391,Región Hidrografica del Pacífico,Piura,Talara,La Brea,200-2014-OEFA/DE
-81.25997,-4.69371,136,VII/VI,Pozo mal abandonado,2013,Bajo,Bajo,Bajo,Intercuenca 1391,Región Hidrografica del Pacífico,Piura,Talara,La Brea,193-2014-OEFA/DE
-81.26158,-4.69471,137,VII/VI,"Pozo mal abandonado, suelos contaminados con efluente o derrame",2013,Medio,Medio,Medio,Intercuenca 1391,Región Hidrografica del Pacífico,Piura,Talara,La Brea,193-2014-OEFA/DE
-81.26528,-4.69525,138,VII/VI,"Pozo mal abandonado, suelos contaminados con efluente o derrame",2013,Medio,Medio,Medio,Intercuenca 1391,Región Hidrografica del Pacífico,Piura,Talara,La Brea,193-2014-OEFA/DE
-81.26593,-4.69038,139,VII/VI,"Pozo mal abandonado, suelos contaminados con efluente o derrame",2013,Bajo,Medio,Medio,Intercuenca 1391,Región Hidrografica del Pacífico,Piura,Talara,La Brea,193-2014-OEFA/DE
-81.2223,-4.61539,140,I,"Pozo mal abandonado, suelos contaminados con efluente o derrame",2014,Medio,Medio,Medio,Intercuenca 1391,Región Hidrografica del Pacífico,Piura,Talara,La Brea,193-2014-OEFA/DE
-81.26033,-4.70745,141,VII/VI,"Pozo mal abandonado, suelos contaminados con efluente o derrame",2014,Medio,Medio,Medio,Intercuenca 1391,Región Hidrografica del Pacífico,Piura,Talara,La Brea,15-2015-OEFA/DE
-81.26477,-4.69295,142,VII/VI,"Pozo mal abandonado, suelos contaminados con efluente o derrame",2013,Medio,Medio,Medio,Intercuenca 1391,Región Hidrografica del Pacífico,Piura,Talara,La Brea,193-2014-OEFA/DE
-80.66778,-3.67956,143,XX (ex Lote XIV),Pozo mal abandonado,2013,Bajo,Bajo,Bajo,Intercuenca 13939,Región Hidrografica del Pacífico,Tumbes,Contralmirante Villar,Zorritos,193-2014-OEFA/DE
-80.66888,-3.67961,144,XX (ex Lote XIV),Pozo mal abandonado,2013,Bajo,Bajo,Bajo,Intercuenca 13939,Región Hidrografica del Pacífico,Tumbes,Contralmirante Villar,Zorritos,193-2014-OEFA/DE
-80.64356,-3.66576,145,XX (ex Lote XIV),Pozo mal abandonado,2013,Bajo,Medio,Bajo,Intercuenca 13939,Región Hidrografica del Pacífico,Tumbes,Contralmirante Villar,Zorritos,193-2014-OEFA/DE
-81.27673,-4.45237,146,VII/VI,Pozo mal abandonado,2014,Bajo,Bajo,Bajo,Intercuenca 13931,Región Hidrografica del Pacífico,Piura,Talara,Lobitos,193-2014-OEFA/DE
-81.27614,-4.4524,147,VII/VI,Pozo mal abandonado,2014,Bajo,Bajo,Bajo,Intercuenca 13931,Región Hidrografica del Pacífico,Piura,Talara,Lobitos,193-2014-OEFA/DE
-81.27545,-4.45196,148,VII/VI,Pozo mal abandonado,2014,Bajo,Bajo,Bajo,Intercuenca 13931,Región Hidrografica del Pacífico,Piura,Talara,Lobitos,193-2014-OEFA/DE
-81.23063,-4.51767,149,VII/VI,Pozo mal abandonado,2013,Bajo,Bajo,Bajo,Cuenca Pariñas,Región Hidrografica del Pacífico,Piura,Talara,Pariñas,193-2014-OEFA/DE
-81.21642,-4.52884,150,VII/VI,"Pozo mal abandonado, suelos contaminados con efluente o derrame",2013,Medio,Medio,Medio,Cuenca Pariñas,Región Hidrografica del Pacífico,Piura,Talara,Pariñas,193-2014-OEFA/DE
-81.22109,-4.52286,151,VII/VI,Pozo mal abandonado,2013,Bajo,Bajo,Bajo,Cuenca Pariñas,Región Hidrografica del Pacífico,Piura,Talara,Pariñas,193-2014-OEFA/DE
-81.25662,-4.70458,152,VII/VI,"Pozo mal abandonado, suelos contaminados con efluente o derrame",2014,Medio,Medio,Medio,Intercuenca 1391,Región Hidrografica del Pacífico,Piura,Talara,La Brea,15-2015-OEFA/DE
-81.22865,-4.52969,153,VII/VI,Pozo mal abandonado,2013,Bajo,Bajo,Bajo,Cuenca Pariñas,Región Hidrografica del Pacífico,Piura,Talara,Pariñas,193-2014-OEFA/DE
-81.22523,-4.59466,187,I,"Pozo mal abandonado, suelos contaminados con efluente o derrame",2014,Medio,Medio,Medio,Intercuenca 1391,Región Hidrografica del Pacífico,Piura,Talara,Pariñas,192-2014-OEFA/DE
-81.18106,-4.2882,188,X,Suelos contaminados con efluente o derrame,2016,Medio,Medio,Medio,Cuenca Pariñas,Región Hidrografica del Pacífico,Piura,Talara,El Alto,334-2016-OEFA/DE
-81.22905,-4.66188,189,VII/VI,"Instalaciones mal abandonadas, restos o depósitos de residuos",2013,Bajo,Bajo,Bajo,Intercuenca 1391,Región Hidrografica del Pacífico,Piura,Talara,La Brea,161-2015-OEFA/DE
-81.13002,-4.1903,190,X,Suelos contaminados con efluente o derrame,2016,Medio,Medio,Medio,Intercuenca 13931,Región Hidrografica del Pacífico,Piura,Talara,Los Órganos,334-2016-OEFA/DE
-81.23241,-4.66018,191,VII/VI,"Instalaciones mal abandonadas, restos o depósitos de residuos",2013,Bajo,Bajo,Bajo,Intercuenca 1391,Región Hidrografica del Pacífico,Piura,Talara,La Brea,161-2015-OEFA/DE
-81.26558,-4.69153,192,VII/VI,"Pozo mal abandonado, suelos contaminados con efluente o derrame",2013,Medio,Medio,Medio,Intercuenca 1391,Región Hidrografica del Pacífico,Piura,Talara,La Brea,192-2014-OEFA/DE
-81.13429,-4.19394,193,X,Pozo mal abandonado,2016,Bajo,Medio,Bajo,Intercuenca 13931,Región Hidrografica del Pacífico,Piura,Talara,Los Órganos,334-2016-OEFA/DE
-81.23732,-4.65731,194,VII/VI,"Instalaciones mal abandonadas, suelos contaminados con efluente o derrame, restos o depósitos de residuos",2013,Bajo,Medio,Medio,Intercuenca 1391,Región Hidrografica del Pacífico,Piura,Talara,La Brea,161-2015-OEFA/DE
-81.25934,-4.70359,162,VII/VI,"Pozo mal abandonado, suelos contaminados con efluente o derrame",2014,Medio,Medio,Medio,Intercuenca 1391,Región Hidrografica del Pacífico,Piura,Talara,La Brea,15-2015-OEFA/DE
-81.21872,-4.64813,163,VII/VI,Pozo mal abandonado,2013,Bajo,Bajo,Bajo,Intercuenca 1391,Región Hidrografica del Pacífico,Piura,Talara,La Brea,192-2014-OEFA/DE
-81.22928,-4.51688,164,VII/VI,Pozo mal abandonado,2013,Bajo,Bajo,Bajo,Cuenca Pariñas,Región Hidrografica del Pacífico,Piura,Talara,Pariñas,192-2014-OEFA/DE
-80.66903,-3.67962,165,XX (ex Lote XIV),Pozo mal abandonado,2013,Bajo,Bajo,Bajo,Intercuenca 13939,Región Hidrografica del Pacífico,Tumbes,Contralmirante Villar,Zorritos,192-2014-OEFA/DE
-81.17052,-4.52964,166,IX,"Pozo mal abandonado, suelos contaminados con efluente o derrame, restos o depósitos de residuos",2014,Medio,Medio,Medio,Cuenca Pariñas,Región Hidrografica del Pacífico,Piura,Talara,Pariñas,192-2014-OEFA/DE
-81.12617,-4.66372,168,III,Pozo mal abandonado,2014,Bajo,Bajo,Bajo,Intercuenca 1391,Región Hidrografica del Pacífico,Piura,Talara,La Brea,192-2014-OEFA/DE
-81.12097,-4.66337,169,III,Pozo mal abandonado,2014,Bajo,Bajo,Bajo,Intercuenca 1391,Región Hidrografica del Pacífico,Piura,Talara,La Brea,192-2014-OEFA/DE
-81.12208,-4.66173,170,III,Pozo mal abandonado,2014,Bajo,Bajo,Bajo,Intercuenca 1391,Región Hidrografica del Pacífico,Piura,Talara,La Brea,192-2014-OEFA/DE
-81.25686,-4.45891,171,VII/VI,"Pozo mal abandonado, suelos contaminados con efluente o derrame",2014,Medio,Medio,Medio,Cuenca Pariñas,Región Hidrografica del Pacífico,Piura,Talara,Lobitos,192-2014-OEFA/DE
-81.26111,-4.43496,172,VII/VI,"Pozo mal abandonado, suelos contaminados con efluente o derrame",2014,Medio,Medio,Medio,Intercuenca 13931,Región Hidrografica del Pacífico,Piura,Talara,Lobitos,192-2014-OEFA/DE
-81.26884,-4.70103,173,VII/VI,"Pozo mal abandonado, suelos contaminados con efluente o derrame",2014,Medio,Medio,Medio,Intercuenca 1391,Región Hidrografica del Pacífico,Piura,Talara,La Brea,15-2015-OEFA/DE
-81.28064,-4.46514,174,VII/VI,"Pozo mal abandonado, suelos contaminados con efluente o derrame",2014,Medio,Medio,Medio,Intercuenca 13931,Región Hidrografica del Pacífico,Piura,Talara,Lobitos,192-2014-OEFA/DE
-81.24123,-4.61061,175,I,Pozo mal abandonado,2014,Bajo,Bajo,Bajo,Intercuenca 1391,Región Hidrografica del Pacífico,Piura,Talara,La Brea,192-2014-OEFA/DE
-81.22227,-4.61167,176,I,"Pozo mal abandonado, suelos contaminados con efluente o derrame",2014,Medio,Medio,Medio,Intercuenca 1391,Región Hidrografica del Pacífico,Piura,Talara,La Brea,192-2014-OEFA/DE
-81.21725,-4.60583,177,I,"Pozo mal abandonado, suelos contaminados con efluente o derrame",2014,Medio,Medio,Medio,Intercuenca 1391,Región Hidrografica del Pacífico,Piura,Talara,La Brea,192-2014-OEFA/DE
-81.21783,-4.6027,178,I,Pozo mal abandonado,2014,Bajo,Bajo,Bajo,Intercuenca 1391,Región Hidrografica del Pacífico,Piura,Talara,Pariñas,192-2014-OEFA/DE
-81.23156,-4.6005,179,I,"Pozo mal abandonado, suelos contaminados con efluente o derrame",2014,Medio,Medio,Medio,Intercuenca 1391,Región Hidrografica del Pacífico,Piura,Talara,Pariñas,192-2014-OEFA/DE
-81.23161,-4.59177,180,I,Pozo mal abandonado,2014,Bajo,Bajo,Bajo,Intercuenca 1391,Región Hidrografica del Pacífico,Piura,Talara,Pariñas,192-2014-OEFA/DE
-81.23206,-4.59757,181,I,"Pozo mal abandonado, suelos contaminados con efluente o derrame",2014,Medio,Medio,Medio,Intercuenca 1391,Región Hidrografica del Pacífico,Piura,Talara,Pariñas,192-2014-OEFA/DE
-80.65795,-3.6688,182,XX (ex Lote XIV),"Pozo mal abandonado, el cual presenta emisiones gaseosas fugitivas y suelo contaminado en el área circundante al mismo",2013,Alto,Alto,Alto,Intercuenca 13939,Región Hidrografica del Pacífico,Tumbes,Contralmirante Villar,Zorritos,129-2015-OEFA/DE
-81.22737,-4.59793,183,I,Pozo mal abandonado,2014,Bajo,Bajo,Bajo,Intercuenca 1391,Región Hidrografica del Pacífico,Piura,Talara,Pariñas,192-2014-OEFA/DE
-81.26346,-4.70865,184,VII/VI,"Pozo mal abandonado, suelos contaminados con efluente o derrame",2014,Medio,Medio,Medio,Intercuenca 1391,Región Hidrografica del Pacífico,Piura,Talara,La Brea,"15-2015-OEFA/DE,53-2020-OEFA/DEAM"
-81.25417,-4.63556,185,I,Suelos contaminados con efluente o derrame,2014,Medio,Medio,Medio,Intercuenca 1391,Región Hidrografica del Pacífico,Piura,Talara,La Brea,161-2015-OEFA/DE
-81.23681,-4.60724,186,I,"Pozo mal abandonado, suelos contaminados con efluente o derrame",2014,Medio,Medio,Medio,Intercuenca 1391,Región Hidrografica del Pacífico,Piura,Talara,Pariñas,192-2014-OEFA/DE
-81.16378,-4.22999,215,X,"Pozo mal abandonado, emisiones",2016,Bajo,Medio,Bajo,Intercuenca 13931,Región Hidrografica del Pacífico,Piura,Talara,El Alto,334-2016-OEFA/DE
-81.25653,-4.44061,216,VII/VI,"Pozo mal abandonado, suelos contaminados con efluente o derrame",2014,Medio,Medio,Medio,Intercuenca 13931,Región Hidrografica del Pacífico,Piura,Talara,Lobitos,161-2015-OEFA/DE
-81.11315,-4.22189,217,X,"Pozo mal abandonado, suelos contaminados con efluente o derrame",2016,Medio,Medio,Medio,Intercuenca 13931,Región Hidrografica del Pacífico,Piura,Talara,Los Órganos,334-2016-OEFA/DE
-80.64624,-3.67077,218,XX (ex Lote XIV),Pozo mal abandonado,2013,Bajo,Bajo,Bajo,Intercuenca 13939,Región Hidrografica del Pacífico,Tumbes,Contralmirante Villar,Zorritos,161-2015-OEFA/DE
-81.11463,-4.18539,219,X,Pozo mal abandonado,2016,Bajo,Bajo,Bajo,Intercuenca 13931,Región Hidrografica del Pacífico,Piura,Talara,Los Órganos,334-2016-OEFA/DE
-80.96564,-4.01849,220,XX (ex Lote XIV),Pozo mal abandonado,2013,Bajo,Bajo,Bajo,Intercuenca 13935,Región Hidrografica del Pacífico,Tumbes,Contralmirante Villar,Canoas de Punta Sal,161-2015-OEFA/DE
-81.26546,-4.70635,221,VII/VI,"Pozo mal abandonado, suelos contaminados con efluente o derrame",2014,Medio,Medio,Medio,Intercuenca 1391,Región Hidrografica del Pacífico,Piura,Talara,La Brea,15-2015-OEFA/DE
-81.16343,-4.21252,222,X,Pozo mal abandonado,2016,Bajo,Bajo,Bajo,Intercuenca 13931,Región Hidrografica del Pacífico,Piura,Talara,Los Órganos,334-2016-OEFA/DE
-81.26404,-4.69547,195,VII/VI,"Pozo mal abandonado, suelos contaminados con efluente o derrame",2013,Medio,Medio,Medio,Intercuenca 1391,Región Hidrografica del Pacífico,Piura,Talara,La Brea,192-2014-OEFA/DE
-81.22246,-4.65939,196,VII/VI,"Instalaciones mal abandonadas, restos o depósitos de residuos",2013,Bajo,Bajo,Bajo,Intercuenca 1391,Región Hidrografica del Pacífico,Piura,Talara,La Brea,161-2015-OEFA/DE
-81.22511,-4.66218,197,VII/VI,"Pozo mal abandonado, suelos contaminados con efluente o derrame, emisiones",2013,Medio,Medio,Medio,Intercuenca 1391,Región Hidrografica del Pacífico,Piura,Talara,La Brea,192-2014-OEFA/DE
-81.22586,-4.66239,198,VII/VI,"Instalaciones mal abandonadas, suelos contaminados con efluente o derrame, restos o depósitos de residuos",2013,Bajo,Medio,Medio,Intercuenca 1391,Región Hidrografica del Pacífico,Piura,Talara,La Brea,161-2015-OEFA/DE
-81.23009,-4.64252,199,VII/VI,"Pozo mal abandonado, suelos contaminados con efluente o derrame",2013,Medio,Medio,Medio,Intercuenca 1391,Región Hidrografica del Pacífico,Piura,Talara,La Brea,192-2014-OEFA/DE
-81.16643,-4.59568,200,IV,Pozo mal abandonado,2014,Bajo,Bajo,Bajo,Intercuenca 1391,Región Hidrografica del Pacífico,Piura,Talara,Pariñas,161-2015-OEFA/DE
-81.2672,-4.69361,201,VII/VI,Pozo mal abandonado,2013,Bajo,Bajo,Bajo,Intercuenca 1391,Región Hidrografica del Pacífico,Piura,Talara,La Brea,192-2014-OEFA/DE
-81.26399,-4.69952,202,VII/VI,"Pozo mal abandonado, suelos contaminados con efluente o derrame",2014,Medio,Medio,Medio,Intercuenca 1391,Región Hidrografica del Pacífico,Piura,Talara,La Brea,161-2015-OEFA/DE
-81.26403,-4.68512,203,VII/VI,Pozo mal abandonado,2013,Bajo,Bajo,Bajo,Intercuenca 1391,Región Hidrografica del Pacífico,Piura,Talara,La Brea,192-2014-OEFA/DE
-81.21729,-4.6489,204,VII/VI,Pozo mal abandonado,2013,Bajo,Bajo,Bajo,Intercuenca 1391,Región Hidrografica del Pacífico,Piura,Talara,La Brea,192-2014-OEFA/DE
-81.25845,-4.69746,205,VII/VI,"Pozo mal abandonado, suelos contaminados con efluente o derrame, emisiones",2014,Medio,Medio,Medio,Intercuenca 1391,Región Hidrografica del Pacífico,Piura,Talara,La Brea,15-2015-OEFA/DE
-81.26572,-4.44351,206,VII/VI,"Pozo mal abandonado, suelos contaminados con efluente o derrame",2014,Medio,Medio,Medio,Intercuenca 13931,Región Hidrografica del Pacífico,Piura,Talara,Lobitos,161-2015-OEFA/DE
-81.23042,-4.52128,207,VII/VI,Pozo mal abandonado,2014,Bajo,Bajo,Bajo,Cuenca Pariñas,Región Hidrografica del Pacífico,Piura,Talara,Pariñas,192-2014-OEFA/DE
-81.24699,-4.43375,208,VII/VI,Pozo mal abandonado,2014,Bajo,Bajo,Bajo,Intercuenca 13931,Región Hidrografica del Pacífico,Piura,Talara,Lobitos,161-2015-OEFA/DE
-81.2426,-4.43204,209,VII/VI,"Pozo mal abandonado, suelos contaminados con efluente o derrame",2014,Bajo,Medio,Medio,Intercuenca 13931,Región Hidrografica del Pacífico,Piura,Talara,Lobitos,161-2015-OEFA/DE
-81.20154,-4.49692,210,VII/VI,"Pozo mal abandonado, suelos contaminados con efluente o derrame",2014,Medio,Medio,Medio,Cuenca Pariñas,Región Hidrografica del Pacífico,Piura,Talara,Pariñas,192-2014-OEFA/DE
-81.1484,-4.21354,211,X,"Pozo mal abandonado, suelos contaminados con efluente o derrame",2016,Medio,Medio,Medio,Intercuenca 13931,Región Hidrografica del Pacífico,Piura,Talara,Los Órganos,334-2016-OEFA/DE
-81.25301,-4.4417,212,VII/VI,"Pozo mal abandonado, suelos contaminados con efluente o derrame, restos o depósitos de residuos",2014,Medio,Medio,Medio,Intercuenca 13931,Región Hidrografica del Pacífico,Piura,Talara,Lobitos,161-2015-OEFA/DE
-81.26046,-4.45097,213,VII/VI,"Pozo mal abandonado, suelos contaminados con efluente o derrame, emisiones",2014,Medio,Medio,Medio,Intercuenca 13931,Región Hidrografica del Pacífico,Piura,Talara,Lobitos,161-2015-OEFA/DE
-81.21862,-4.50265,214,VII/VI,"Pozo mal abandonado, suelos contaminados con efluente o derrame, restos o depósitos de residuos",2014,Medio,Medio,Medio,Cuenca Pariñas,Región Hidrografica del Pacífico,Piura,Talara,Pariñas,192-2014-OEFA/DE
-81.25795,-4.69221,247,VII/VI,"Pozo mal abandonado, suelos contaminados con efluente o derrame",2013,Medio,Medio,Medio,Intercuenca 1391,Región Hidrografica del Pacífico,Piura,Talara,La Brea,187-2014-OEFA/DE
-81.22302,-4.65171,248,VII/VI,Pozo mal abandonado,2013,Bajo,Bajo,Bajo,Intercuenca 1391,Región Hidrografica del Pacífico,Piura,Talara,La Brea,187-2014-OEFA/DE
-81.23222,-4.66029,249,VII/VI,"Pozo mal abandonado, suelos contaminados con efluente o derrame",2013,Medio,Medio,Medio,Intercuenca 1391,Región Hidrografica del Pacífico,Piura,Talara,La Brea,161-2015-OEFA/DE
-81.2315,-4.66228,250,VII/VI,Pozo mal abandonado,2013,Bajo,Bajo,Bajo,Intercuenca 1391,Región Hidrografica del Pacífico,Piura,Talara,La Brea,187-2014-OEFA/DE
-81.14387,-4.2382,251,X,Suelos contaminados con efluente o derrame,2016,Medio,Medio,Medio,Intercuenca 13931,Región Hidrografica del Pacífico,Piura,Talara,El Alto,334-2016-OEFA/DE
-81.26827,-4.69331,252,VII/VI,"Pozo mal abandonado, suelos contaminados con efluente o derrame",2013,Medio,Medio,Medio,Intercuenca 1391,Región Hidrografica del Pacífico,Piura,Talara,La Brea,187-2014-OEFA/DE
-81.27487,-4.68333,253,VII/VI,"Pozo mal abandonado, suelos contaminados con efluente o derrame",2013,Medio,Medio,Medio,Intercuenca 1391,Región Hidrografica del Pacífico,Piura,Talara,La Brea,187-2014-OEFA/DE
-81.22607,-4.6563,254,VII/VI,"Pozo mal abandonado, suelos contaminados con efluente o derrame, emisiones",2013,Medio,Medio,Medio,Intercuenca 1391,Región Hidrografica del Pacífico,Piura,Talara,La Brea,161-2015-OEFA/DE
-81.24196,-4.46427,223,VII/VI,Pozo mal abandonado,2014,Bajo,Bajo,Bajo,Cuenca Pariñas,Región Hidrografica del Pacífico,Piura,Talara,Lobitos,161-2015-OEFA/DE
-81.12312,-4.59448,224,IV,"Pozo mal abandonado, suelos contaminados con efluente o derrame",2014,Medio,Medio,Medio,Intercuenca 1391,Región Hidrografica del Pacífico,Piura,Talara,Pariñas,202-2014-OEFA/DE
-81.11922,-4.18198,225,X,Pozo mal abandonado,2016,Bajo,Bajo,Bajo,Intercuenca 13931,Región Hidrografica del Pacífico,Piura,Talara,Los Órganos,334-2016-OEFA/DE
-81.26968,-4.47377,226,VII/VI,Pozo mal abandonado,2014,Bajo,Bajo,Bajo,Cuenca Pariñas,Región Hidrografica del Pacífico,Piura,Talara,Lobitos,161-2015-OEFA/DE
-81.11311,-4.21521,227,X,Pozo mal abandonado,2016,Bajo,Bajo,Bajo,Intercuenca 13931,Región Hidrografica del Pacífico,Piura,Talara,Los Órganos,334-2016-OEFA/DE
-81.2467,-4.46664,228,VII/VI,"Pozo mal abandonado, suelos contaminados con efluente o derrame",2014,Medio,Medio,Medio,Cuenca Pariñas,Región Hidrografica del Pacífico,Piura,Talara,Lobitos,161-2015-OEFA/DE
-81.27747,-4.45646,229,VII/VI,Pozo mal abandonado,2014,Bajo,Bajo,Bajo,Intercuenca 13931,Región Hidrografica del Pacífico,Piura,Talara,Lobitos,187-2014-OEFA/DE
-81.11166,-4.21573,230,X,Suelos contaminados con efluente o derrame,2016,Medio,Medio,Medio,Intercuenca 13931,Región Hidrografica del Pacífico,Piura,Talara,Los Órganos,334-2016-OEFA/DE
-81.25664,-4.47331,231,VII/VI,"Pozo mal abandonado, suelos contaminados con efluente o derrame",2014,Medio,Medio,Medio,Cuenca Pariñas,Región Hidrografica del Pacífico,Piura,Talara,Lobitos,161-2015-OEFA/DE
-81.27146,-4.45948,232,VII/VI,"Pozo mal abandonado, suelos contaminados con efluente o derrame",2014,Medio,Medio,Medio,Intercuenca 13931,Región Hidrografica del Pacífico,Piura,Talara,Lobitos,187-2014-OEFA/DE
-81.11028,-4.21665,233,X,Suelos contaminados con efluente o derrame,2016,Medio,Medio,Medio,Intercuenca 13931,Región Hidrografica del Pacífico,Piura,Talara,Los Órganos,334-2016-OEFA/DE
-81.26898,-4.44432,234,VII/VI,"Pozo mal abandonado, suelos contaminados con efluente o derrame",2014,Medio,Medio,Medio,Intercuenca 13931,Región Hidrografica del Pacífico,Piura,Talara,Lobitos,161-2015-OEFA/DE
-80.6542,-3.67824,235,XX (ex Lote XIV),Pozo mal abandonado,2013,Bajo,Bajo,Bajo,Intercuenca 13939,Región Hidrografica del Pacífico,Tumbes,Contralmirante Villar,Zorritos,187-2014-OEFA/DE
-81.14055,-4.19482,236,X,"Pozo mal abandonado, suelos contaminados con efluente o derrame",2016,Medio,Medio,Medio,Intercuenca 13931,Región Hidrografica del Pacífico,Piura,Talara,Los Órganos,334-2016-OEFA/DE
-81.23907,-4.66019,237,VII/VI,Pozo mal abandonado,2013,Bajo,Bajo,Bajo,Intercuenca 1391,Región Hidrografica del Pacífico,Piura,Talara,La Brea,161-2015-OEFA/DE
-80.65899,-3.6744,238,XX (ex Lote XIV),Pozo mal abandonado,2013,Bajo,Bajo,Bajo,Intercuenca 13939,Región Hidrografica del Pacífico,Tumbes,Contralmirante Villar,Zorritos,187-2014-OEFA/DE
-81.27896,-4.70451,239,VII/VI,"Pozo mal abandonado, suelos contaminados con efluente o derrame, emisiones",2013,Medio,Medio,Medio,Intercuenca 1391,Región Hidrografica del Pacífico,Piura,Talara,La Brea,161-2015-OEFA/DE
-80.66777,-3.67737,240,XX (ex Lote XIV),Pozo mal abandonado,2013,Bajo,Bajo,Bajo,Intercuenca 13939,Región Hidrografica del Pacífico,Tumbes,Contralmirante Villar,Zorritos,187-2014-OEFA/DE
-81.13999,-4.18894,241,X,"Pozo mal abandonado, suelos contaminados con efluente o derrame",2016,Medio,Medio,Medio,Intercuenca 13931,Región Hidrografica del Pacífico,Piura,Talara,Los Órganos,334-2016-OEFA/DE
-80.64369,-3.6658,242,XX (ex Lote XIV),Pozo mal abandonado,2013,Bajo,Medio,Bajo,Intercuenca 13939,Región Hidrografica del Pacífico,Tumbes,Contralmirante Villar,Zorritos,187-2014-OEFA/DE
-80.66101,-3.6717,243,XX (ex Lote XIV),Pozo mal abandonado,2013,Medio,Medio,Bajo,Intercuenca 13939,Región Hidrografica del Pacífico,Tumbes,Contralmirante Villar,Zorritos,187-2014-OEFA/DE
-81.28895,-4.66841,244,VII/VI,Pozo mal abandonado,2014,Bajo,Bajo,Bajo,Intercuenca 1391,Región Hidrografica del Pacífico,Piura,Talara,La Brea,15-2015-OEFA/DE
-81.11266,-4.21944,245,X,Suelos contaminados con efluente o derrame,2016,Bajo,Medio,Medio,Intercuenca 13931,Región Hidrografica del Pacífico,Piura,Talara,Los Órganos,334-2016-OEFA/DE
-81.17981,-4.54977,246,IX,"Pozo mal abandonado, suelos contaminados con efluente o derrame",2014,Medio,Medio,Medio,Cuenca Pariñas,Región Hidrografica del Pacífico,Piura,Talara,Pariñas,161-2015-OEFA/DE
-81.12582,-4.2276,275,X,Suelos contaminados con efluente o derrame,2016,Medio,Medio,Medio,Intercuenca 13931,Región Hidrografica del Pacífico,Piura,Talara,El Alto,334-2016-OEFA/DE
-81.19215,-4.64187,276,VII/VI,"Pozo mal abandonado, suelos contaminados con efluente o derrame, emisiones",2014,Medio,Medio,Medio,Intercuenca 1391,Región Hidrografica del Pacífico,Piura,Talara,La Brea,161-2015-OEFA/DE
-81.13259,-4.23026,277,X,Suelos contaminados con efluente o derrame,2016,Medio,Medio,Medio,Intercuenca 13931,Región Hidrografica del Pacífico,Piura,Talara,El Alto,334-2016-OEFA/DE
-81.23575,-4.50499,278,VII/VI,"Pozo mal abandonado, emisiones",2014,Medio,Medio,Medio,Cuenca Pariñas,Región Hidrografica del Pacífico,Piura,Talara,Pariñas,15-2015-OEFA/DE
-81.12363,-4.23243,279,X,"Pozo mal abandonado, suelos contaminados con efluente o derrame",2016,Medio,Medio,Medio,Intercuenca 13931,Región Hidrografica del Pacífico,Piura,Talara,El Alto,334-2016-OEFA/DE
-81.20978,-4.64241,280,VII/VI,"Pozo mal abandonado, suelos contaminados con efluente o derrame",2014,Bajo,Medio,Medio,Intercuenca 1391,Región Hidrografica del Pacífico,Piura,Talara,La Brea,161-2015-OEFA/DE
-81.12062,-4.25986,281,X,"Pozo mal abandonado, suelos contaminados con efluente o derrame",2016,Medio,Medio,Medio,Cuenca Pariñas,Región Hidrografica del Pacífico,Piura,Talara,El Alto,334-2016-OEFA/DE
-81.2451,-4.62504,282,VII/VI,"Pozo mal abandonado, suelos contaminados con efluente o derrame, emisiones",2014,Medio,Medio,Medio,Intercuenca 1391,Región Hidrografica del Pacífico,Piura,Talara,La Brea,161-2015-OEFA/DE
-80.66577,-3.67896,255,XX (ex Lote XIV),Pozo mal abandonado,2013,Bajo,Bajo,Bajo,Intercuenca 13939,Región Hidrografica del Pacífico,Tumbes,Contralmirante Villar,Zorritos,187-2014-OEFA/DE
-81.14876,-4.23876,256,X,Suelos contaminados con efluente o derrame,2016,Medio,Medio,Medio,Intercuenca 13931,Región Hidrografica del Pacífico,Piura,Talara,El Alto,334-2016-OEFA/DE
-80.64647,-3.67085,257,XX (ex Lote XIV),Pozo mal abandonado,2013,Bajo,Bajo,Bajo,Intercuenca 13939,Región Hidrografica del Pacífico,Tumbes,Contralmirante Villar,Zorritos,187-2014-OEFA/DE
-81.23,-4.64624,258,VII/VI,"Pozo mal abandonado, suelos contaminados con efluente o derrame, emisiones",2013,Medio,Medio,Medio,Intercuenca 1391,Región Hidrografica del Pacífico,Piura,Talara,La Brea,161-2015-OEFA/DE
-80.97645,-4.02469,259,XX (ex Lote XIV),Pozo mal abandonado,2013,Bajo,Bajo,Bajo,Intercuenca 13935,Región Hidrografica del Pacífico,Tumbes,Contralmirante Villar,Canoas De Punta Sal,187-2014-OEFA/DE
-81.30633,-4.6715,260,VII/VI,Pozo mal abandonado,2013,Bajo,Bajo,Bajo,Intercuenca 1391,Región Hidrografica del Pacífico,Piura,Talara,La Brea,161-2015-OEFA/DE
-80.62902,-3.69094,261,XXIII,Pozo mal abandonado,2013,Bajo,Bajo,Bajo,Intercuenca 13939,Región Hidrografica del Pacífico,Tumbes,Contralmirante Villar,Zorritos,187-2014-OEFA/DE
-81.18985,-4.65848,262,VII/VI,"Pozo mal abandonado, suelos contaminados con efluente o derrame",2014,Medio,Medio,Medio,Intercuenca 1391,Región Hidrografica del Pacífico,Piura,Talara,La Brea,161-2015-OEFA/DE
-80.62902,-3.70283,263,XXIII,"Pozo mal abandonado, suelos contaminados con efluente o derrame",2013,Medio,Medio,Medio,Intercuenca 13939,Región Hidrografica del Pacífico,Tumbes,Contralmirante Villar,Zorritos,187-2014-OEFA/DE
-81.2367,-4.51331,264,VII/VI,Pozo mal abandonado,2014,Bajo,Bajo,Bajo,Cuenca Pariñas,Región Hidrografica del Pacífico,Piura,Talara,Pariñas,15-2015-OEFA/DE
-80.66891,-3.67986,265,XX (ex Lote XIV),Pozo mal abandonado,2013,Bajo,Bajo,Bajo,Intercuenca 13939,Región Hidrografica del Pacífico,Tumbes,Contralmirante Villar,Zorritos,187-2014-OEFA/DE
-80.66903,-3.67977,266,XX (ex Lote XIV),Pozo mal abandonado,2013,Bajo,Bajo,Bajo,Intercuenca 13939,Región Hidrografica del Pacífico,Tumbes,Contralmirante Villar,Zorritos,187-2014-OEFA/DE
-81.13369,-4.24373,267,X,Restos o depósitos de residuos,2016,Bajo,Bajo,Bajo,Intercuenca 13931,Región Hidrografica del Pacífico,Piura,Talara,El Alto,334-2016-OEFA/DE
-81.19062,-4.65439,268,VII/VI,"Pozo mal abandonado, suelos contaminados con efluente o derrame, emisiones",2014,Medio,Medio,Medio,Intercuenca 1391,Región Hidrografica del Pacífico,Piura,Talara,La Brea,161-2015-OEFA/DE
-80.669,-3.67966,269,XX (ex Lote XIV),Pozo mal abandonado,2013,Bajo,Bajo,Bajo,Intercuenca 13939,Región Hidrografica del Pacífico,Tumbes,Contralmirante Villar,Zorritos,187-2014-OEFA/DE
-81.23646,-4.69508,270,VII/VI,"Pozo mal abandonado, suelos contaminados con efluente o derrame, emisiones",2014,Medio,Medio,Medio,Intercuenca 1391,Región Hidrografica del Pacífico,Piura,Talara,La Brea,161-2015-OEFA/DE
-80.66761,-3.68037,271,XX (ex Lote XIV),Pozo mal abandonado,2013,Bajo,Bajo,Bajo,Intercuenca 13939,Región Hidrografica del Pacífico,Tumbes,Contralmirante Villar,Zorritos,187-2014-OEFA/DE
-81.13972,-4.23795,272,X,Suelos contaminados con efluente o derrame,2016,Medio,Medio,Medio,Intercuenca 13931,Región Hidrografica del Pacífico,Piura,Talara,El Alto,334-2016-OEFA/DE
-81.22304,-4.52832,273,VII/VI,Pozo mal abandonado,2013,Bajo,Bajo,Bajo,Cuenca Pariñas,Región Hidrografica del Pacífico,Piura,Talara,Pariñas,187-2014-OEFA/DE
-81.22899,-4.68211,274,VII/VI,"Pozo mal abandonado, suelos contaminados con efluente o derrame, emisiones",2014,Medio,Medio,Medio,Intercuenca 1391,Región Hidrografica del Pacífico,Piura,Talara,La Brea,161-2015-OEFA/DE
-81.2231,-4.67046,308,VII/VI,"Pozo mal abandonado, suelos contaminados con efluente o derrame",2015,Medio,Medio,Medio,Intercuenca 1391,Región Hidrografica del Pacífico,Piura,Talara,La Brea,161-2015-OEFA/DE
-81.26545,-4.6855,309,VII/VI,"Pozo mal abandonado, emisiones",2013,Medio,Medio,Medio,Intercuenca 1391,Región Hidrografica del Pacífico,Piura,Talara,La Brea,165-2014-OEFA/DE
-81.23249,-4.64351,310,VII/VI,"Pozo mal abandonado, suelos contaminados con efluente o derrame",2015,Medio,Medio,Medio,Intercuenca 1391,Región Hidrografica del Pacífico,Piura,Talara,La Brea,161-2015-OEFA/DE
-81.28226,-4.69509,311,VII/VI,"Pozo mal abandonado, suelos contaminados con efluente o derrame, emisiones",2013,Medio,Medio,Medio,Intercuenca 1391,Región Hidrografica del Pacífico,Piura,Talara,La Brea,165-2014-OEFA/DE
-81.22811,-4.64824,312,VII/VI,"Pozo mal abandonado, suelos contaminados con efluente o derrame",2015,Medio,Medio,Medio,Intercuenca 1391,Región Hidrografica del Pacífico,Piura,Talara,La Brea,161-2015-OEFA/DE
-81.277,-4.68751,313,VII/VI,"Pozo mal abandonado, suelos contaminados con efluente o derrame, emisiones",2013,Medio,Medio,Medio,Intercuenca 1391,Región Hidrografica del Pacífico,Piura,Talara,La Brea,165-2014-OEFA/DE
-81.3024,-4.67275,314,VII/VI,"Pozo mal abandonado, suelos contaminados con efluente o derrame, emisiones",2013,Medio,Medio,Medio,Intercuenca 1391,Región Hidrografica del Pacífico,Piura,Talara,La Brea,165-2014-OEFA/DE
-81.15931,-4.65927,315,VII/VI,"Pozo mal abandonado, suelos contaminados con efluente o derrame, emisiones",2015,Medio,Medio,Medio,Intercuenca 1391,Región Hidrografica del Pacífico,Piura,Talara,La Brea,161-2015-OEFA/DE
-81.11838,-4.22554,283,X,Suelos contaminados con efluente o derrame,2016,Medio,Medio,Medio,Intercuenca 13931,Región Hidrografica del Pacífico,Piura,Talara,Los Órganos,334-2016-OEFA/DE
-81.23513,-4.62564,284,VII/VI,"Pozo mal abandonado, suelos contaminados con efluente o derrame, emisiones",2014,Medio,Medio,Medio,Intercuenca 1391,Región Hidrografica del Pacífico,Piura,Talara,La Brea,161-2015-OEFA/DE
-81.16211,-4.2651,285,X,Suelos contaminados con efluente o derrame,2016,Bajo,Medio,Medio,Cuenca Pariñas,Región Hidrografica del Pacífico,Piura,Talara,El Alto,334-2016-OEFA/DE
-81.18294,-4.65122,286,VII/VI,"Pozo mal abandonado, emisiones",2014,Bajo,Bajo,Bajo,Intercuenca 1391,Región Hidrografica del Pacífico,Piura,Talara,La Brea,161-2015-OEFA/DE
-81.12413,-4.17073,287,X,Suelo contaminado en el área circundante al pozo A5483,2016,Alto,Medio,Medio,Intercuenca 13931,Región Hidrografica del Pacífico,Piura,Talara,Los Órganos,Oficio circular N° 048-2016-OEFA/DE
-81.24202,-4.6316,288,VII/VI,"Pozo mal abandonado, emisiones, restos o depósitos de residuos",2014,Medio,Medio,Medio,Intercuenca 1391,Región Hidrografica del Pacífico,Piura,Talara,La Brea,161-2015-OEFA/DE
-81.2429,-4.63324,289,VII/VI,"Pozo mal abandonado, emisiones",2014,Bajo,Medio,Bajo,Intercuenca 1391,Región Hidrografica del Pacífico,Piura,Talara,La Brea,161-2015-OEFA/DE
-81.19803,-4.29112,290,X,Pozo mal abandonado,2016,Bajo,Bajo,Bajo,Intercuenca 13931,Región Hidrografica del Pacífico,Piura,Talara,El Alto,311-2016-OEFA/DE
-81.20162,-4.29481,291,X,Pozo mal abandonado,2016,Medio,Medio,Medio,Intercuenca 13931,Región Hidrografica del Pacífico,Piura,Talara,El Alto,311-2016-OEFA/DE
-81.26349,-4.70407,292,VII/VI,"Pozo mal abandonado, suelos contaminados con efluente o derrame, restos o depósitos de residuos",2014,Medio,Medio,Medio,Intercuenca 1391,Región Hidrografica del Pacífico,Piura,Talara,La Brea,161-2015-OEFA/DE
-81.23435,-4.5064,293,VII/VI,Pozo mal abandonado,2014,Bajo,Bajo,Bajo,Cuenca Pariñas,Región Hidrografica del Pacífico,Piura,Talara,Pariñas,15-2015-OEFA/DE
-81.19628,-4.28498,294,X,Pozo mal abandonado,2016,Bajo,Bajo,Bajo,Intercuenca 13931,Región Hidrografica del Pacífico,Piura,Talara,El Alto,311-2016-OEFA/DE
-81.30735,-4.67969,295,VII/VI,"Pozo mal abandonado, suelos contaminados con efluente o derrame, emisiones, restos o depósitos de residuos",2014,Medio,Medio,Medio,Intercuenca 1391,Región Hidrografica del Pacífico,Piura,Talara,La Brea,161-2015-OEFA/DE
-81.25021,-4.69485,297,VII/VI,Pozo mal abandonado,2014,Bajo,Bajo,Bajo,Intercuenca 1391,Región Hidrografica del Pacífico,Piura,Talara,La Brea,161-2015-OEFA/DE
-81.21201,-4.6556,298,VII/VI,Pozo mal abandonado,2016,Bajo,Bajo,Bajo,Intercuenca 1391,Región Hidrografica del Pacífico,Piura,Talara,La Brea,311-2016-OEFA/DE
-81.18136,-4.66075,299,VII/VI,Pozo mal abandonado,2014,Bajo,Bajo,Bajo,Intercuenca 1391,Región Hidrografica del Pacífico,Piura,Talara,La Brea,15-2015-OEFA/DE
-81.303,-4.68422,300,VII/VI,"Pozo mal abandonado, suelos contaminados con efluente o derrame",2015,Medio,Medio,Medio,Intercuenca 1391,Región Hidrografica del Pacífico,Piura,Talara,La Brea,161-2015-OEFA/DE
-81.31213,-4.68908,301,VII/VI,"Pozo mal abandonado, suelos contaminados con efluente o derrame, emisiones, restos o depósitos de residuos",2015,Medio,Medio,Medio,Intercuenca 1391,Región Hidrografica del Pacífico,Piura,Talara,La Brea,161-2015-OEFA/DE
-81.26719,-4.44731,302,VII/VI,Suelos contaminados con efluente o derrame,2015,Medio,Medio,Medio,Intercuenca 13931,Región Hidrografica del Pacífico,Piura,Talara,Lobitos,161-2015-OEFA/DE
-81.22723,-4.64265,303,VII/VI,"Pozo mal abandonado, suelos contaminados con efluente o derrame",2013,Medio,Medio,Medio,Intercuenca 1391,Región Hidrografica del Pacífico,Piura,Talara,La Brea,165-2014-OEFA/DE
-81.27425,-4.66366,304,VII/VI,Pozo mal abandonado,2015,Bajo,Bajo,Bajo,Intercuenca 1391,Región Hidrografica del Pacífico,Piura,Talara,La Brea,161-2015-OEFA/DE
-81.22567,-4.64575,305,VII/VI,"Pozo mal abandonado, suelos contaminados con efluente o derrame",2013,Medio,Medio,Medio,Intercuenca 1391,Región Hidrografica del Pacífico,Piura,Talara,La Brea,165-2014-OEFA/DE
-81.22423,-4.67003,306,VII/VI,"Pozo mal abandonado, suelos contaminados con efluente o derrame",2015,Medio,Medio,Medio,Intercuenca 1391,Región Hidrografica del Pacífico,Piura,Talara,La Brea,161-2015-OEFA/DE
-81.22202,-4.64835,307,VII/VI,"Pozo mal abandonado, suelos contaminados con efluente o derrame",2013,Medio,Medio,Medio,Intercuenca 1391,Región Hidrografica del Pacífico,Piura,Talara,La Brea,165-2014-OEFA/DE
-81.16765,-4.5237,336,IV,"Pozo mal abandonado, suelos contaminados con efluente o derrame",2015,Medio,Medio,Medio,Cuenca Pariñas,Región Hidrografica del Pacífico,Piura,Talara,Pariñas,161-2015-OEFA/DE
-81.15993,-4.86751,337,III,"Pozo mal abandonado, suelos contaminados con efluente o derrame",2015,Medio,Medio,Medio,Intercuenca 1391,Región Hidrografica del Pacífico,Piura,Paita,Vichayal,161-2015-OEFA/DE
-81.16438,-4.51651,338,IV,"Pozo mal abandonado, suelos contaminados con efluente o derrame",2016,Medio,Medio,Medio,Cuenca Pariñas,Región Hidrografica del Pacífico,Piura,Talara,Pariñas,298-2016-OEFA/DE
-81.16332,-4.68259,339,III,"Pozo mal abandonado, emisiones",2015,Medio,Medio,Medio,Intercuenca 1391,Región Hidrografica del Pacífico,Piura,Talara,La Brea,161-2015-OEFA/DE
-81.15553,-4.50413,340,IV,"Pozo mal abandonado, suelos contaminados con efluente o derrame, emisiones",2016,Medio,Medio,Medio,Cuenca Pariñas,Región Hidrografica del Pacífico,Piura,Talara,Pariñas,298-2016-OEFA/DE
-81.1265,-4.6504,341,III,"Pozo mal abandonado, suelos contaminados con efluente o derrame",2015,Medio,Medio,Medio,Intercuenca 1391,Región Hidrografica del Pacífico,Piura,Talara,La Brea,161-2015-OEFA/DE
-81.18876,-4.65905,342,VII/VI,"Pozo mal abandonado, suelos contaminados con efluente o derrame",2014,Medio,Medio,Medio,Intercuenca 1391,Región Hidrografica del Pacífico,Piura,Talara,La Brea,15-2015-OEFA/DE
-81.13014,-4.65549,343,III,"Pozo mal abandonado, suelos contaminados con efluente o derrame, emisiones",2016,Medio,Medio,Medio,Intercuenca 1391,Región Hidrografica del Pacífico,Piura,Talara,La Brea,298-2016-OEFA/DE
-81.2961,-4.70555,316,VII/VI,"Pozo mal abandonado con presencia de emisiones gaseosas fugitivas, afloramiento de hidrocarburos; y suelo contaminado con hidrocarburos en su área circundante",2015,Alto,Alto,Alto,Intercuenca 1391,Región Hidrografica del Pacífico,Piura,Talara,La Brea,161-2015-OEFA/DE
-81.25689,-4.68521,317,VII/VI,"Pozo mal abandonado, suelos contaminados con efluente o derrame, emisiones",2013,Medio,Medio,Medio,Intercuenca 1391,Región Hidrografica del Pacífico,Piura,Talara,La Brea,165-2014-OEFA/DE
-81.26489,-4.69616,318,VII/VI,"Pozo mal abandonado, suelos contaminados con efluente o derrame",2015,Medio,Medio,Medio,Intercuenca 1391,Región Hidrografica del Pacífico,Piura,Talara,La Brea,161-2015-OEFA/DE
-81.26266,-4.68539,319,VII/VI,"Pozo mal abandonado, emisiones",2013,Medio,Medio,Medio,Intercuenca 1391,Región Hidrografica del Pacífico,Piura,Talara,La Brea,165-2014-OEFA/DE
-81.1327,-4.19008,320,X,"Pozo mal abandonado, emisiones",2016,Medio,Medio,Medio,Intercuenca 13931,Región Hidrografica del Pacífico,Piura,Talara,Los Órganos,298-2016-OEFA/DE
-81.31352,-4.68195,321,VII/VI,"Pozo mal abandonado, suelos contaminados con efluente o derrame",2015,Medio,Medio,Medio,Intercuenca 1391,Región Hidrografica del Pacífico,Piura,Talara,La Brea,161-2015-OEFA/DE
-81.26144,-4.6937,322,VII/VI,"Pozo mal abandonado, emisiones",2013,Medio,Medio,Medio,Intercuenca 1391,Región Hidrografica del Pacífico,Piura,Talara,La Brea,165-2014-OEFA/DE
-81.26131,-4.59118,323,I,Pozo mal abandonado,2016,Bajo,Bajo,Bajo,Intercuenca 1391,Región Hidrografica del Pacífico,Piura,Talara,Pariñas,298-2016-OEFA/DE
-81.28764,-4.64145,324,VII/VI,"Suelos contaminados con efluente o derrame, emisiones",2013,Medio,Medio,Medio,Intercuenca 1391,Región Hidrografica del Pacífico,Piura,Talara,La Brea,165-2014-OEFA/DE
-81.22859,-4.66921,325,VII/VI,"Pozo mal abandonado, suelos contaminados con efluente o derrame",2013,Medio,Medio,Medio,Intercuenca 1391,Región Hidrografica del Pacífico,Piura,Talara,La Brea,165-2014-OEFA/DE
-81.23863,-4.66171,326,VII/VI,"Pozo mal abandonado, suelos contaminados con efluente o derrame",2013,Medio,Medio,Medio,Intercuenca 1391,Región Hidrografica del Pacífico,Piura,Talara,La Brea,165-2014-OEFA/DE
-81.23309,-4.47886,327,VII/VI,"Pozo mal abandonado, suelos contaminados con efluente o derrame, emisiones",2015,Medio,Medio,Medio,Cuenca Pariñas,Región Hidrografica del Pacífico,Piura,Talara,Lobitos,161-2015-OEFA/DE
-81.18241,-4.66165,328,VII/VI,"Pozo mal abandonado, suelos contaminados con efluente o derrame",2014,Medio,Medio,Medio,Intercuenca 1391,Región Hidrografica del Pacífico,Piura,Talara,La Brea,15-2015-OEFA/DE
-81.19683,-4.29553,329,X,"Pozo mal abandonado, suelos contaminados con efluente o derrame",2016,Bajo,Medio,Medio,Intercuenca 13931,Región Hidrografica del Pacífico,Piura,Talara,El Alto,298-2016-OEFA/DE
-81.22275,-4.66078,330,VII/VI,"Pozo mal abandonado, suelos contaminados con efluente o derrame",2013,Medio,Medio,Medio,Intercuenca 1391,Región Hidrografica del Pacífico,Piura,Talara,La Brea,165-2014-OEFA/DE
-81.19612,-4.28802,331,X,Pozo mal abandonado,2016,Bajo,Bajo,Bajo,Intercuenca 13931,Región Hidrografica del Pacífico,Piura,Talara,El Alto,298-2016-OEFA/DE
-81.12465,-4.20402,332,X,"Pozo mal abandonado, suelos contaminados con efluente o derrame",2016,Medio,Medio,Medio,Intercuenca 13931,Región Hidrografica del Pacífico,Piura,Talara,Los Órganos,298-2016-OEFA/DE
-81.03345,-4.23068,333,X,Pozo mal abandonado,2016,Bajo,Bajo,Bajo,Intercuenca 13931,Región Hidrografica del Pacífico,Piura,Talara,El Alto,298-2016-OEFA/DE
-81.09726,-4.23673,334,X,Pozo mal abandonado,2016,Bajo,Bajo,Bajo,Cuenca Pariñas,Región Hidrografica del Pacífico,Piura,Talara,El Alto,298-2016-OEFA/DE
-81.10829,-4.21975,335,X,Pozo mal abandonado,2016,Bajo,Bajo,Bajo,Intercuenca 13931,Región Hidrografica del Pacífico,Piura,Talara,Los Órganos,298-2016-OEFA/DE
-81.24838,-4.66671,368,VII/VI,"Pozo mal abandonado, suelos contaminados con efluente o derrame, emisiones",2014,Medio,Medio,Medio,Intercuenca 1391,Región Hidrografica del Pacífico,Piura,Talara,La Brea,00002-2015-OEFA/DE
-81.24844,-4.66121,369,VII/VI,"Pozo mal abandonado, emisiones",2014,Medio,Medio,Medio,Intercuenca 1391,Región Hidrografica del Pacífico,Piura,Talara,La Brea,00002-2015-OEFA/DE
-81.23249,-4.49034,370,VII/VI,"Pozo mal abandonado, suelos contaminados con efluente o derrame, emisiones",2014,Medio,Medio,Medio,Cuenca Pariñas,Región Hidrografica del Pacífico,Piura,Talara,Pariñas,00002-2015-OEFA/DE
-81.24989,-4.50066,371,VII/VI,Pozo mal abandonado,2014,Bajo,Bajo,Bajo,Cuenca Pariñas,Región Hidrografica del Pacífico,Piura,Talara,Pariñas,00002-2015-OEFA/DE
-81.16494,-4.55624,372,IX,"Pozo mal abandonado, suelos contaminados con efluente o derrame",2014,Medio,Medio,Medio,Intercuenca 1391,Región Hidrografica del Pacífico,Piura,Talara,Pariñas,231-2014-OEFA/DE
-81.23327,-4.51343,373,VII/VI,"Pozo mal abandonado, suelos contaminados con efluente o derrame",2014,Medio,Medio,Medio,Cuenca Pariñas,Región Hidrografica del Pacífico,Piura,Talara,Pariñas,00002-2015-OEFA/DE
-81.18744,-4.53365,374,VII/VI,"Pozo mal abandonado, suelos contaminados con efluente o derrame",2014,Medio,Medio,Medio,Cuenca Pariñas,Región Hidrografica del Pacífico,Piura,Talara,Pariñas,00002-2015-OEFA/DE
-81.18749,-4.64361,375,VII/VI,"Pozo mal abandonado, suelos contaminados con efluente o derrame",2014,Medio,Medio,Medio,Intercuenca 1391,Región Hidrografica del Pacífico,Piura,Talara,La Brea,00002-2015-OEFA/DE
-81.12955,-4.6527,344,III,"Pozo mal abandonado, suelos contaminados con efluente o derrame, emisiones",2016,Medio,Medio,Medio,Intercuenca 1391,Región Hidrografica del Pacífico,Piura,Talara,La Brea,298-2016-OEFA/DE
-81.22424,-4.61236,345,I,"Pozo mal abandonado, suelos contaminados con efluente o derrame, emisiones",2016,Medio,Medio,Medio,Intercuenca 1391,Región Hidrografica del Pacífico,Piura,Talara,La Brea,298-2016-OEFA/DE
-81.22339,-4.63384,346,VII/VI,"Pozo mal abandonado, suelos contaminados con efluente o derrame, emisiones",2016,Medio,Medio,Medio,Intercuenca 1391,Región Hidrografica del Pacífico,Piura,Talara,La Brea,298-2016-OEFA/DE
-81.22207,-4.63262,347,VII/VI,"Pozo mal abandonado, emisiones",2016,Medio,Medio,Medio,Intercuenca 1391,Región Hidrografica del Pacífico,Piura,Talara,La Brea,298-2016-OEFA/DE
-81.20965,-4.6293,348,VII/VI,"Pozo mal abandonado, suelos contaminados con efluente o derrame, emisiones",2016,Medio,Medio,Medio,Intercuenca 1391,Región Hidrografica del Pacífico,Piura,Talara,La Brea,298-2016-OEFA/DE
-81.19131,-4.65806,349,VII/VI,"Pozo mal abandonado, suelos contaminados con efluente o derrame",2014,Medio,Medio,Medio,Intercuenca 1391,Región Hidrografica del Pacífico,Piura,Talara,La Brea,15-2015-OEFA/DE
-81.16499,-4.55332,350,IX,Pozo mal abandonado,2014,Bajo,Bajo,Bajo,Intercuenca 1391,Región Hidrografica del Pacífico,Piura,Talara,Pariñas,231-2014-OEFA/DE
-81.25327,-4.44381,351,VII/VI,"Pozo mal abandonado, suelos contaminados con efluente o derrame",2014,Medio,Medio,Medio,Intercuenca 13931,Región Hidrografica del Pacífico,Piura,Talara,Lobitos,00002-2015-OEFA/DE
-81.23982,-4.44101,352,VII/VI,"Pozo mal abandonado, restos o depósitos de residuos",2014,Bajo,Bajo,Bajo,Intercuenca 13931,Región Hidrografica del Pacífico,Piura,Talara,Lobitos,00002-2015-OEFA/DE
-81.12652,-4.66504,353,III,"Pozo mal abandonado, suelos contaminados con efluente o derrame",2014,Medio,Medio,Medio,Intercuenca 1391,Región Hidrografica del Pacífico,Piura,Talara,La Brea,00002-2015-OEFA/DE
-81.22012,-4.65965,354,VII/VI,"Pozo mal abandonado, suelos contaminados con efluente o derrame",2013,Medio,Medio,Medio,Intercuenca 1391,Región Hidrografica del Pacífico,Piura,Talara,La Brea,165-2014-OEFA/DE
-81.12168,-4.66458,355,III,Pozo mal abandonado,2014,Bajo,Bajo,Bajo,Intercuenca 1391,Región Hidrografica del Pacífico,Piura,Talara,La Brea,00002-2015-OEFA/DE
-81.21857,-4.65907,356,VII/VI,"Pozo mal abandonado, suelos contaminados con efluente o derrame, restos o depósitos de residuos",2013,Bajo,Medio,Medio,Intercuenca 1391,Región Hidrografica del Pacífico,Piura,Talara,La Brea,165-2014-OEFA/DE
-81.12764,-4.65959,357,III,"Pozo mal abandonado, suelos contaminados con efluente o derrame",2014,Medio,Medio,Medio,Intercuenca 1391,Región Hidrografica del Pacífico,Piura,Talara,La Brea,00002-2015-OEFA/DE
-81.23507,-4.60722,358,I,Pozo mal abandonado,2014,Bajo,Bajo,Bajo,Intercuenca 1391,Región Hidrografica del Pacífico,Piura,Talara,Pariñas,00002-2015-OEFA/DE
-81.21737,-4.50682,359,VII/VI,"Pozo mal abandonado, suelos contaminados con efluente o derrame",2016,Medio,Medio,Medio,Cuenca Pariñas,Región Hidrografica del Pacífico,Piura,Talara,Pariñas,298-2016-OEFA/DE
-81.23725,-4.61261,360,I,"Pozo mal abandonado, suelos contaminados con efluente o derrame",2014,Medio,Medio,Medio,Intercuenca 1391,Región Hidrografica del Pacífico,Piura,Talara,La Brea,00002-2015-OEFA/DE
-81.23084,-4.59298,361,I,"Pozo mal abandonado, suelos contaminados con efluente o derrame, emisiones",2014,Medio,Medio,Medio,Intercuenca 1391,Región Hidrografica del Pacífico,Piura,Talara,Pariñas,00002-2015-OEFA/DE
-81.23422,-4.59954,362,I,"Pozo mal abandonado, suelos contaminados con efluente o derrame, emisiones",2014,Medio,Medio,Medio,Intercuenca 1391,Región Hidrografica del Pacífico,Piura,Talara,Pariñas,00002-2015-OEFA/DE
-81.1785,-4.55119,363,IX,Suelos contaminados con efluente o derrame,2014,Medio,Medio,Medio,Intercuenca 1391,Región Hidrografica del Pacífico,Piura,Talara,Pariñas,00002-2015-OEFA/DE
-81.18785,-4.6569,364,VII/VI,"Pozo mal abandonado, suelos contaminados con efluente o derrame",2014,Medio,Medio,Medio,Intercuenca 1391,Región Hidrografica del Pacífico,Piura,Talara,La Brea,15-2015-OEFA/DE
-81.17752,-4.53355,365,IX,Pozo mal abandonado,2014,Bajo,Bajo,Bajo,Cuenca Pariñas,Región Hidrografica del Pacífico,Piura,Talara,Pariñas,231-2014-OEFA/DE
-81.24854,-4.656,366,VII/VI,"Pozo mal abandonado, emisiones",2014,Medio,Medio,Medio,Intercuenca 1391,Región Hidrografica del Pacífico,Piura,Talara,La Brea,00002-2015-OEFA/DE
-81.19074,-4.66069,367,VII/VI,Pozo mal abandonado,2014,Bajo,Bajo,Bajo,Intercuenca 1391,Región Hidrografica del Pacífico,Piura,Talara,La Brea,00002-2015-OEFA/DE
-81.23968,-4.51574,396,VII/VI,"Pozo mal abandonado, emisiones",2014,Medio,Medio,Medio,Cuenca Pariñas,Región Hidrografica del Pacífico,Piura,Talara,Pariñas,00002-2015-OEFA/DE
-81.21727,-4.51782,397,VII/VI,Pozo mal abandonado que presenta emisiones gaseosas fugitivas y suelo contaminado con bario y plomo en su área circundante,2013,Bajo,Bajo,Alto,Cuenca Pariñas,Región Hidrografica del Pacífico,Piura,Talara,Pariñas,"154-2014-OEFA/DE,00360-2024-OEFA/DEAM"
-81.21871,-4.51792,398,VII/VI,"Pozo mal abandonado, suelos contaminados con efluente o derrame",2013,Medio,Medio,Medio,Cuenca Pariñas,Región Hidrografica del Pacífico,Piura,Talara,Pariñas,154-2014-OEFA/DE
-81.2476,-4.67059,399,VII/VI,"Pozo mal abandonado, emisiones",2014,Medio,Medio,Medio,Intercuenca 1391,Región Hidrografica del Pacífico,Piura,Talara,La Brea,15-2015-OEFA/DE
-80.66118,-3.67646,400,XX (ex Lote XIV),Pozo mal abandonado,2013,Bajo,Bajo,Bajo,Intercuenca 13939,Región Hidrografica del Pacífico,Tumbes,Contralmirante Villar,Zorritos,154-2014-OEFA/DE
-81.29368,-4.63735,401,I,"Pozo mal abandonado, restos o depósitos de residuos",2014,Bajo,Bajo,Bajo,Intercuenca 1391,Región Hidrografica del Pacífico,Piura,Talara,La Brea,00002-2015-OEFA/DE
-81.29426,-4.63874,402,I,Pozo mal abandonado,2014,Bajo,Bajo,Bajo,Intercuenca 1391,Región Hidrografica del Pacífico,Piura,Talara,La Brea,00002-2015-OEFA/DE
-81.22612,-4.5222,403,VII/VI,"Pozo mal abandonado, suelos contaminados con efluente o derrame",2013,Medio,Medio,Medio,Cuenca Pariñas,Región Hidrografica del Pacífico,Piura,Talara,Pariñas,154-2014-OEFA/DE
-81.24417,-4.67682,376,VII/VI,"Pozo mal abandonado, suelos contaminados con efluente o derrame",2014,Medio,Medio,Medio,Intercuenca 1391,Región Hidrografica del Pacífico,Piura,Talara,La Brea,15-2015-OEFA/DE
-81.1898,-4.47839,377,IV,"Pozo mal abandonado, restos o depósitos de residuos",2014,Bajo,Bajo,Bajo,Cuenca Pariñas,Región Hidrografica del Pacífico,Piura,Talara,Pariñas,231-2014-OEFA/DE
-81.18759,-4.65191,378,VII/VI,Pozo mal abandonado,2014,Bajo,Bajo,Bajo,Intercuenca 1391,Región Hidrografica del Pacífico,Piura,Talara,La Brea,00002-2015-OEFA/DE
-81.18464,-4.65566,379,VII/VI,Pozo mal abandonado,2014,Bajo,Bajo,Bajo,Intercuenca 1391,Región Hidrografica del Pacífico,Piura,Talara,La Brea,00002-2015-OEFA/DE
-81.18483,-4.65439,380,VII/VI,Pozo mal abandonado,2014,Bajo,Bajo,Bajo,Intercuenca 1391,Región Hidrografica del Pacífico,Piura,Talara,La Brea,00002-2015-OEFA/DE
-81.17776,-4.65338,381,VII/VI,"Pozo mal abandonado, suelos contaminados con efluente o derrame",2014,Medio,Medio,Medio,Intercuenca 1391,Región Hidrografica del Pacífico,Piura,Talara,La Brea,00002-2015-OEFA/DE
-81.18271,-4.65265,382,VII/VI,Pozo mal abandonado,2014,Bajo,Bajo,Bajo,Intercuenca 1391,Región Hidrografica del Pacífico,Piura,Talara,La Brea,00002-2015-OEFA/DE
-81.18098,-4.65593,383,VII/VI,"Pozo mal abandonado, suelos contaminados con efluente o derrame",2014,Medio,Medio,Medio,Intercuenca 1391,Región Hidrografica del Pacífico,Piura,Talara,La Brea,00002-2015-OEFA/DE
-81.18075,-4.65723,384,VII/VI,Pozo mal abandonado,2014,Bajo,Bajo,Bajo,Intercuenca 1391,Región Hidrografica del Pacífico,Piura,Talara,La Brea,00002-2015-OEFA/DE
-81.18031,-4.65233,385,VII/VI,"Pozo mal abandonado, suelos contaminados con efluente o derrame, emisiones",2014,Medio,Medio,Medio,Intercuenca 1391,Región Hidrografica del Pacífico,Piura,Talara,La Brea,00002-2015-OEFA/DE
-81.17864,-4.65555,386,VII/VI,"Pozo mal abandonado, emisiones",2014,Medio,Medio,Medio,Intercuenca 1391,Región Hidrografica del Pacífico,Piura,Talara,La Brea,00002-2015-OEFA/DE
-81.24184,-4.49477,387,VII/VI,"Pozo mal abandonado, suelos contaminados con efluente o derrame, emisiones",2016,Medio,Medio,Medio,Cuenca Pariñas,Región Hidrografica del Pacífico,Piura,Talara,Pariñas,298-2016-OEFA/DE
-81.17884,-4.65416,388,VII/VI,Pozo mal abandonado,2014,Bajo,Bajo,Bajo,Intercuenca 1391,Región Hidrografica del Pacífico,Piura,Talara,La Brea,00002-2015-OEFA/DE
-81.17722,-4.65745,389,VII/VI,Pozo mal abandonado,2014,Bajo,Bajo,Bajo,Intercuenca 1391,Región Hidrografica del Pacífico,Piura,Talara,La Brea,00002-2015-OEFA/DE
-81.24391,-4.67513,390,VII/VI,Pozo mal abandonado y suelo contaminado,,Bajo,Bajo,Bajo,Intercuenca 1391,Región Hidrografica del Pacífico,Piura,Talara,La Brea,135-2014-OEFA/DE
-81.17761,-4.65479,391,VII/VI,"Pozo mal abandonado, emisiones",2014,Medio,Medio,Medio,Intercuenca 1391,Región Hidrografica del Pacífico,Piura,Talara,La Brea,00002-2015-OEFA/DE
-81.22539,-4.52697,392,VII/VI,"Pozo mal abandonado, suelos contaminados con efluente o derrame",2013,Medio,Medio,Medio,Cuenca Pariñas,Región Hidrografica del Pacífico,Piura,Talara,Pariñas,154-2014-OEFA/DE
-81.15021,-4.64753,393,III,"Pozo mal abandonado, presenta suelo contaminado circundante al area y emisiones fugitivas",2015,Medio,Medio,Medio,Intercuenca 1391,Región Hidrografica del Pacífico,Piura,Talara,La Brea,Oficio circular N° 047-2016-OEFA/DE
-81.22735,-4.52075,394,VII/VI,"Pozo mal abandonado, suelos contaminados con efluente o derrame",2013,Medio,Medio,Medio,Cuenca Pariñas,Región Hidrografica del Pacífico,Piura,Talara,Pariñas,154-2014-OEFA/DE
-81.2291,-4.51838,395,VII/VI,"Pozo mal abandonado, suelos contaminados con efluente o derrame",2013,Medio,Medio,Medio,Cuenca Pariñas,Región Hidrografica del Pacífico,Piura,Talara,Pariñas,154-2014-OEFA/DE
-81.0415,-4.23095,428,X,Pozo mal abandonado,2016,Bajo,Bajo,Bajo,Intercuenca 13931,Región Hidrografica del Pacífico,Piura,Talara,El Alto,282-2016-OEFA/DE
-81.28281,-4.63446,429,I,Pozo mal abandonado,2014,Bajo,Bajo,Bajo,Intercuenca 1391,Región Hidrografica del Pacífico,Piura,Talara,La Brea,00002-2015-OEFA/DE
-81.28112,-4.66606,430,VII/VI,"Pozo mal abandonado, suelos contaminados con efluente o derrame",2014,Medio,Medio,Medio,Intercuenca 1391,Región Hidrografica del Pacífico,Piura,Talara,La Brea,00002-2015-OEFA/DE
-81.29599,-4.65437,431,VII/VI,"Pozo mal abandonado, suelos contaminados con efluente o derrame",2014,Medio,Medio,Medio,Intercuenca 1391,Región Hidrografica del Pacífico,Piura,Talara,La Brea,00002-2015-OEFA/DE
-81.06331,-4.21318,432,X,Pozo mal abandonado,2016,Bajo,Bajo,Bajo,Intercuenca 13931,Región Hidrografica del Pacífico,Piura,Talara,Los Órganos,282-2016-OEFA/DE
-81.27949,-4.64303,433,VII/VI,"Pozo mal abandonado, suelos contaminados con efluente o derrame",2014,Medio,Medio,Medio,Intercuenca 1391,Región Hidrografica del Pacífico,Piura,Talara,La Brea,00002-2015-OEFA/DE
-81.27972,-4.64362,434,VII/VI,"Pozo mal abandonado, suelos contaminados con efluente o derrame",2014,Medio,Medio,Medio,Intercuenca 1391,Región Hidrografica del Pacífico,Piura,Talara,La Brea,00002-2015-OEFA/DE
-81.29169,-4.64505,435,VII/VI,Pozo mal abandonado,2014,Bajo,Bajo,Bajo,Intercuenca 1391,Región Hidrografica del Pacífico,Piura,Talara,La Brea,00002-2015-OEFA/DE
-81.20631,-4.51668,404,VII/VI,"Pozo mal abandonado, suelos contaminados con efluente o derrame, emisiones",2014,Medio,Medio,Medio,Cuenca Pariñas,Región Hidrografica del Pacífico,Piura,Talara,Pariñas,00002-2015-OEFA/DE
-81.22013,-4.50794,405,VII/VI,"Pozo mal abandonado, suelos contaminados con efluente o derrame",2014,Medio,Medio,Medio,Cuenca Pariñas,Región Hidrografica del Pacífico,Piura,Talara,Pariñas,00002-2015-OEFA/DE
-81.19168,-4.5049,406,VII/VI,"Pozo mal abandonado, suelos contaminados con efluente o derrame",2014,Medio,Medio,Medio,Cuenca Pariñas,Región Hidrografica del Pacífico,Piura,Talara,Pariñas,00002-2015-OEFA/DE
-81.25136,-4.65196,407,VII/VI,"Pozo mal abandonado, emisiones, restos o depósitos de residuos",2014,Medio,Medio,Medio,Intercuenca 1391,Región Hidrografica del Pacífico,Piura,Talara,La Brea,15-2015-OEFA/DE
-81.19431,-4.5053,408,VII/VI,"Pozo mal abandonado, suelos contaminados con efluente o derrame",2014,Medio,Medio,Medio,Cuenca Pariñas,Región Hidrografica del Pacífico,Piura,Talara,Pariñas,00002-2015-OEFA/DE
-81.26867,-4.62615,409,I,Pozo mal abandonado,2014,Bajo,Bajo,Bajo,Intercuenca 1391,Región Hidrografica del Pacífico,Piura,Talara,La Brea,00002-2015-OEFA/DE
-81.28911,-4.64034,410,I,"Pozo mal abandonado, suelos contaminados con efluente o derrame",2014,Medio,Medio,Medio,Intercuenca 1391,Región Hidrografica del Pacífico,Piura,Talara,La Brea,00002-2015-OEFA/DE
-81.29215,-4.63858,411,I,"Pozo mal abandonado, suelos contaminados con efluente o derrame",2014,Medio,Medio,Medio,Intercuenca 1391,Región Hidrografica del Pacífico,Piura,Talara,La Brea,00002-2015-OEFA/DE
-81.29322,-4.63949,412,I,Pozo mal abandonado,2014,Bajo,Bajo,Bajo,Intercuenca 1391,Región Hidrografica del Pacífico,Piura,Talara,La Brea,00002-2015-OEFA/DE
-81.27468,-4.63823,413,I,"Pozo mal abandonado, suelos contaminados con efluente o derrame",2014,Medio,Medio,Medio,Intercuenca 1391,Región Hidrografica del Pacífico,Piura,Talara,La Brea,00002-2015-OEFA/DE
-81.22598,-4.61492,414,I,"Pozo mal abandonado, suelos contaminados con efluente o derrame",2014,Medio,Medio,Medio,Intercuenca 1391,Región Hidrografica del Pacífico,Piura,Talara,La Brea,00002-2015-OEFA/DE
-81.27908,-4.61953,415,I,"Pozo mal abandonado, suelos contaminados con efluente o derrame",2014,Medio,Medio,Medio,Intercuenca 1391,Región Hidrografica del Pacífico,Piura,Talara,La Brea,00002-2015-OEFA/DE
-81.29857,-4.62808,416,I,Pozo mal abandonado,2014,Bajo,Bajo,Bajo,Intercuenca 1391,Región Hidrografica del Pacífico,Piura,Talara,La Brea,"00002-2015-OEFA/DE,53-2020-OEFA/DEAM"
-81.29772,-4.63714,417,I,"Pozo mal abandonado, suelos contaminados con efluente o derrame",2014,Medio,Medio,Medio,Intercuenca 1391,Región Hidrografica del Pacífico,Piura,Talara,La Brea,00002-2015-OEFA/DE
-81.2648,-4.70371,418,VII/VI,"Pozo mal abandonado, suelos contaminados con efluente o derrame, restos o depósitos de residuos",2014,Medio,Medio,Medio,Intercuenca 1391,Región Hidrografica del Pacífico,Piura,Talara,La Brea,15-2015-OEFA/DE
-81.2931,-4.63994,419,I,Pozo mal abandonado,2014,Bajo,Bajo,Bajo,Intercuenca 1391,Región Hidrografica del Pacífico,Piura,Talara,La Brea,00002-2015-OEFA/DE
-81.26308,-4.44494,420,VII/VI,Pozo mal abandonado,2014,Bajo,Bajo,Bajo,Intercuenca 13931,Región Hidrografica del Pacífico,Piura,Talara,Lobitos,00002-2015-OEFA/DE
-81.27088,-4.4397,421,VII/VI,Pozo mal abandonado,2014,Bajo,Bajo,Bajo,Intercuenca 13931,Región Hidrografica del Pacífico,Piura,Talara,Lobitos,00002-2015-OEFA/DE
-81.17754,-4.29049,422,X,Pozo mal abandonado,2016,Bajo,Bajo,Bajo,Cuenca Pariñas,Región Hidrografica del Pacífico,Piura,Talara,El Alto,282-2016-OEFA/DE
-81.26529,-4.43502,423,VII/VI,"Pozo mal abandonado, suelos contaminados con efluente o derrame",2014,Medio,Medio,Medio,Intercuenca 13931,Región Hidrografica del Pacífico,Piura,Talara,Lobitos,00002-2015-OEFA/DE
-81.02419,-4.23527,424,X,Pozo mal abandonado,2016,Bajo,Bajo,Bajo,Intercuenca 13931,Región Hidrografica del Pacífico,Piura,Talara,El Alto,282-2016-OEFA/DE
-81.27163,-4.45365,425,VII/VI,"Pozo mal abandonado, suelos contaminados con efluente o derrame",2014,Medio,Medio,Medio,Intercuenca 13931,Región Hidrografica del Pacífico,Piura,Talara,Lobitos,00002-2015-OEFA/DE
-81.0429,-4.23437,426,X,Pozo mal abandonado,2016,Bajo,Bajo,Bajo,Intercuenca 13931,Región Hidrografica del Pacífico,Piura,Talara,El Alto,282-2016-OEFA/DE
-81.28264,-4.63352,427,I,"Pozo mal abandonado, suelos contaminados con efluente o derrame",2014,Medio,Medio,Medio,Intercuenca 1391,Región Hidrografica del Pacífico,Piura,Talara,La Brea,00002-2015-OEFA/DE
-81.28736,-4.63236,907,I,"Pozo mal abandonado, suelos contaminados con efluente o derrame, restos o depósitos de residuos",2014,Medio,Medio,Medio,Intercuenca 1391,Región Hidrografica del Pacífico,Piura,Talara,La Brea,231-2014-OEFA/DE
-81.16279,-4.52252,908,IV,"Pozo mal abandonado, suelos contaminados con efluente o derrame",2014,Medio,Medio,Medio,Cuenca Pariñas,Región Hidrografica del Pacífico,Piura,Talara,Pariñas,47-2015-OEFA/DE
-81.2212,-4.52456,909,VII/VI,Pozo mal abandonado,2014,Bajo,Bajo,Bajo,Cuenca Pariñas,Región Hidrografica del Pacífico,Piura,Talara,Pariñas,001-2015-OEFA/DE
-81.29091,-4.63097,910,I,"Pozo mal abandonado, suelos contaminados con efluente o derrame",2014,Medio,Medio,Medio,Intercuenca 1391,Región Hidrografica del Pacífico,Piura,Talara,La Brea,47-2015-OEFA/DE
-81.23341,-4.49844,719,VII/VI,"Pozo mal abandonado, emisiones",2014,Bajo,Medio,Bajo,Cuenca Pariñas,Región Hidrografica del Pacífico,Piura,Talara,Pariñas,081-2015-OEFA/DE
-81.2863,-4.64403,720,VII/VI,"Pozo mal abandonado, suelos contaminados con efluente o derrame",2013,Medio,Medio,Medio,Intercuenca 1391,Región Hidrografica del Pacífico,Piura,Talara,La Brea,136-2014-OEFA/DE
-81.25159,-4.70029,722,VII/VI,"Pozo mal abandonado, suelos contaminados con efluente o derrame",2014,Medio,Medio,Medio,Intercuenca 1391,Región Hidrografica del Pacífico,Piura,Talara,La Brea,001-2015-OEFA/DE
-81.28659,-4.64193,723,VII/VI,"Pozo mal abandonado, suelos contaminados con efluente o derrame",2013,Medio,Medio,Medio,Intercuenca 1391,Región Hidrografica del Pacífico,Piura,Talara,La Brea,136-2014-OEFA/DE
-81.23108,-4.59418,785,I,"Pozo mal abandonado, suelos contaminados con efluente o derrame",2014,Medio,Medio,Medio,Intercuenca 1391,Región Hidrografica del Pacífico,Piura,Talara,Pariñas,081-2015-OEFA/DE
-81.27699,-4.63239,786,I,"Pozo mal abandonado, emisiones, restos o depósitos de residuos",2014,Bajo,Medio,Bajo,Intercuenca 1391,Región Hidrografica del Pacífico,Piura,Talara,La Brea,00001-2015-OEFA-DE
-81.27576,-4.69155,787,VII/VI,Pozo mal abandonado,2013,Bajo,Bajo,Bajo,Intercuenca 1391,Región Hidrografica del Pacífico,Piura,Talara,La Brea,221-2013-OEFA/DE
-81.2458,-4.63025,788,VII/VI,Pozo mal abandonado,2016,Bajo,Bajo,Bajo,Intercuenca 1391,Región Hidrografica del Pacífico,Piura,Talara,La Brea,276-2016-OEFA/DE
-81.23739,-4.66488,845,VII/VI,"Pozo mal abandonado, suelos contaminados con efluente o derrame, emisiones",2013,Medio,Medio,Medio,Intercuenca 1391,Región Hidrografica del Pacífico,Piura,Talara,La Brea,081-2015-OEFA/DE
-81.23169,-4.49761,846,VII/VI,"Pozo mal abandonado, suelos contaminados con efluente o derrame, emisiones",2014,Medio,Medio,Medio,Cuenca Pariñas,Región Hidrografica del Pacífico,Piura,Talara,Pariñas,001-2015-OEFA/DE
-81.21637,-4.63239,847,VII/VI,"Pozo mal abandonado, suelos contaminados con efluente o derrame",2016,Medio,Medio,Medio,Intercuenca 1391,Región Hidrografica del Pacífico,Piura,Talara,La Brea,276-2016-OEFA/DE
-81.23001,-4.66131,848,VII/VI,"Pozo mal abandonado, suelos contaminados con efluente o derrame",2013,Medio,Medio,Medio,Intercuenca 1391,Región Hidrografica del Pacífico,Piura,Talara,La Brea,081-2015-OEFA/DE
-81.2313,-4.51108,911,VII/VI,Pozo mal abandonado,2014,Bajo,Bajo,Bajo,Cuenca Pariñas,Región Hidrografica del Pacífico,Piura,Talara,Pariñas,001-2015-OEFA/DE
-81.21817,-4.5197,912,VII/VI,"Pozo mal abandonado, suelos contaminados con efluente o derrame",2014,Medio,Medio,Medio,Cuenca Pariñas,Región Hidrografica del Pacífico,Piura,Talara,Pariñas,001-2015-OEFA/DE
-81.21853,-4.52158,913,VII/VI,"Pozo mal abandonado, suelos contaminados con efluente o derrame",2014,Medio,Medio,Medio,Cuenca Pariñas,Región Hidrografica del Pacífico,Piura,Talara,Pariñas,001-2015-OEFA/DE
-81.2207,-4.51508,914,VII/VI,"Pozo mal abandonado, suelos contaminados con efluente o derrame",2014,Medio,Medio,Medio,Cuenca Pariñas,Región Hidrografica del Pacífico,Piura,Talara,Pariñas,001-2015-OEFA/DE
-81.18475,-4.79991,724,III,"Pozo mal abandonado, emisiones",2014,Medio,Medio,Medio,Intercuenca 1391,Región Hidrografica del Pacífico,Piura,Talara,La Brea,081-2015-OEFA/DE
-81.25528,-4.69952,725,VII/VI,"Pozo mal abandonado, suelos contaminados con efluente o derrame",2014,Medio,Medio,Medio,Intercuenca 1391,Región Hidrografica del Pacífico,Piura,Talara,La Brea,001-2015-OEFA/DE
-81.24415,-4.68101,726,VII/VI,Pozo mal abandonado,2013,Bajo,Bajo,Bajo,Intercuenca 1391,Región Hidrografica del Pacífico,Piura,Talara,La Brea,135-2014-OEFA/DE
-81.13147,-4.65607,727,III,Suelos contaminados con efluente o derrame,2014,Medio,Medio,Medio,Intercuenca 1391,Región Hidrografica del Pacífico,Piura,Talara,La Brea,081-2015-OEFA/DE
-81.23358,-4.60233,789,I,Pozo mal abandonado,2014,Bajo,Bajo,Bajo,Intercuenca 1391,Región Hidrografica del Pacífico,Piura,Talara,Pariñas,081-2015-OEFA/DE
-81.26745,-4.62768,790,I,"Pozo mal abandonado, suelos contaminados con efluente o derrame",2014,Medio,Medio,Medio,Intercuenca 1391,Región Hidrografica del Pacífico,Piura,Talara,La Brea,00001-2015-OEFA-DE
-81.19245,-4.6512,791,VII/VI,Pozo mal abandonado,2013,Bajo,Bajo,Bajo,Intercuenca 1391,Región Hidrografica del Pacífico,Piura,Talara,La Brea,221-2013-OEFA/DE
-81.22588,-4.59614,792,I,Pozo mal abandonado,2014,Bajo,Bajo,Bajo,Intercuenca 1391,Región Hidrografica del Pacífico,Piura,Talara,Pariñas,081-2015-OEFA/DE
-81.30007,-4.45919,849,VII/VI,Pozo mal abandonado,2014,Bajo,Bajo,Bajo,Intercuenca 13931,Región Hidrografica del Pacífico,Piura,Talara,Lobitos,001-2015-OEFA/DE
-81.24497,-4.64125,850,VII/VI,Pozo mal abandonado,2016,Bajo,Bajo,Bajo,Intercuenca 1391,Región Hidrografica del Pacífico,Piura,Talara,La Brea,276-2016-OEFA/DE
-81.22528,-4.65914,851,VII/VI,"Pozo mal abandonado, suelos contaminados con efluente o derrame",2013,Medio,Medio,Medio,Intercuenca 1391,Región Hidrografica del Pacífico,Piura,Talara,La Brea,081-2015-OEFA/DE
-81.25805,-4.43821,852,VII/VI,"Pozo mal abandonado, suelos contaminados con efluente o derrame",2014,Medio,Medio,Medio,Intercuenca 13931,Región Hidrografica del Pacífico,Piura,Talara,Lobitos,001-2015-OEFA/DE
-81.23376,-4.51465,915,VII/VI,Pozo mal abandonado,2014,Bajo,Bajo,Bajo,Cuenca Pariñas,Región Hidrografica del Pacífico,Piura,Talara,Pariñas,001-2015-OEFA/DE
-81.22678,-4.49899,916,VII/VI,"Pozo mal abandonado, suelos contaminados con efluente o derrame, emisiones",2014,Bajo,Medio,Medio,Cuenca Pariñas,Región Hidrografica del Pacífico,Piura,Talara,Pariñas,001-2015-OEFA/DE
-81.23591,-4.67221,917,VII/VI,"Pozo mal abandonado, suelos contaminados con efluente o derrame, emisiones",2013,Medio,Medio,Medio,Intercuenca 1391,Región Hidrografica del Pacífico,Piura,Talara,La Brea,001-2015-OEFA/DE
-81.27752,-4.6356,918,I,"Pozo mal abandonado, suelos contaminados con efluente o derrame",2014,Medio,Medio,Medio,Intercuenca 1391,Región Hidrografica del Pacífico,Piura,Talara,La Brea,47-2015-OEFA/DE
-81.24957,-4.69294,728,VII/VI,"Pozo mal abandonado, suelos contaminados con efluente o derrame",2014,Medio,Medio,Medio,Intercuenca 1391,Región Hidrografica del Pacífico,Piura,Talara,La Brea,001-2015-OEFA/DE
-81.2475,-4.65312,729,VII/VI,"Pozo mal abandonado, suelos contaminados con efluente o derrame, emisiones, restos o depósitos de residuos",2014,Medio,Medio,Medio,Intercuenca 1391,Región Hidrografica del Pacífico,Piura,Talara,La Brea,15-2015-OEFA/DE
-81.25462,-4.70268,731,VII/VI,"Pozo mal abandonado, suelos contaminados con efluente o derrame",2014,Medio,Medio,Medio,Intercuenca 1391,Región Hidrografica del Pacífico,Piura,Talara,La Brea,001-2015-OEFA/DE
-81.24036,-4.6703,732,VII/VI,Pozo mal abandonado,2013,Bajo,Bajo,Bajo,Intercuenca 1391,Región Hidrografica del Pacífico,Piura,Talara,La Brea,135-2014-OEFA/DE
-81.1935,-4.6521,793,VII/VI,Pozo mal abandonado,2013,Bajo,Bajo,Bajo,Intercuenca 1391,Región Hidrografica del Pacífico,Piura,Talara,La Brea,221-2013-OEFA/DE
-81.19559,-4.65545,794,VII/VI,"Pozo mal abandonado, suelos contaminados con efluente o derrame",2016,Medio,Medio,Medio,Intercuenca 1391,Región Hidrografica del Pacífico,Piura,Talara,La Brea,276-2016-OEFA/DE
-81.23458,-4.6065,795,I,"Pozo mal abandonado, suelos contaminados con efluente o derrame, restos o depósitos de residuos",2014,Medio,Medio,Medio,Intercuenca 1391,Región Hidrografica del Pacífico,Piura,Talara,Pariñas,081-2015-OEFA/DE
-81.28143,-4.63499,796,I,Pozo mal abandonado,2014,Bajo,Bajo,Bajo,Intercuenca 1391,Región Hidrografica del Pacífico,Piura,Talara,La Brea,00001-2015-OEFA-DE
-81.21683,-4.65592,853,VII/VI,"Pozo mal abandonado, suelos contaminados con efluente o derrame",2016,Medio,Medio,Medio,Intercuenca 1391,Región Hidrografica del Pacífico,Piura,Talara,La Brea,276-2016-OEFA/DE
-81.22799,-4.65338,854,VII/VI,"Pozo mal abandonado, emisiones",2013,Medio,Medio,Medio,Intercuenca 1391,Región Hidrografica del Pacífico,Piura,Talara,La Brea,081-2015-OEFA/DE
-81.25905,-4.43634,855,VII/VI,"Pozo mal abandonado, suelos contaminados con efluente o derrame, restos o depósitos de residuos",2014,Medio,Medio,Medio,Intercuenca 13931,Región Hidrografica del Pacífico,Piura,Talara,Lobitos,001-2015-OEFA/DE
-81.22457,-4.65758,856,VII/VI,"Pozo mal abandonado, suelos contaminados con efluente o derrame",2013,Medio,Medio,Medio,Intercuenca 1391,Región Hidrografica del Pacífico,Piura,Talara,La Brea,081-2015-OEFA/DE
-81.22313,-4.658,919,VII/VI,"Pozo mal abandonado, restos o depósitos de residuos",2013,Bajo,Bajo,Bajo,Intercuenca 1391,Región Hidrografica del Pacífico,Piura,Talara,La Brea,001-2015-OEFA/DE
-81.24341,-4.61914,920,VII/VI,Pozo mal abandonado,2014,Bajo,Bajo,Bajo,Intercuenca 1391,Región Hidrografica del Pacífico,Piura,Talara,La Brea,001-2015-OEFA/DE
-81.28819,-4.63783,921,I,"Pozo mal abandonado, suelos contaminados con efluente o derrame, restos o depósitos de residuos",2014,Medio,Medio,Medio,Intercuenca 1391,Región Hidrografica del Pacífico,Piura,Talara,La Brea,231-2014-OEFA/DE
-81.2428,-4.62066,922,VII/VI,Pozo mal abandonado,2014,Bajo,Bajo,Bajo,Intercuenca 1391,Región Hidrografica del Pacífico,Piura,Talara,La Brea,001-2015-OEFA/DE
-81.13334,-4.65476,733,III,Suelos contaminados con efluente o derrame,2014,Medio,Medio,Medio,Intercuenca 1391,Región Hidrografica del Pacífico,Piura,Talara,La Brea,081-2015-OEFA/DE
-81.25603,-4.70275,734,VII/VI,Pozo mal abandonado,2014,Bajo,Bajo,Bajo,Intercuenca 1391,Región Hidrografica del Pacífico,Piura,Talara,La Brea,001-2015-OEFA/DE
-81.21976,-4.63009,735,VII/VI,Pozo mal abandonado,2013,Bajo,Bajo,Bajo,Intercuenca 1391,Región Hidrografica del Pacífico,Piura,Talara,La Brea,135-2014-OEFA/DE
-81.13212,-4.65352,736,III,"Pozo mal abandonado, suelos contaminados con efluente o derrame, emisiones",2014,Medio,Medio,Medio,Intercuenca 1391,Región Hidrografica del Pacífico,Piura,Talara,La Brea,081-2015-OEFA/DE
-81.26972,-4.69911,797,VII/VI,"Pozo mal abandonado, suelos contaminados con efluente o derrame",2014,Medio,Medio,Medio,Intercuenca 1391,Región Hidrografica del Pacífico,Piura,Talara,La Brea,15-2015-OEFA/DE
-81.19086,-4.6604,798,VII/VI,Pozo mal abandonado,2016,Bajo,Bajo,Bajo,Intercuenca 1391,Región Hidrografica del Pacífico,Piura,Talara,La Brea,276-2016-OEFA/DE
-81.23527,-4.60704,799,I,Pozo mal abandonado,2014,Bajo,Bajo,Bajo,Intercuenca 1391,Región Hidrografica del Pacífico,Piura,Talara,Pariñas,081-2015-OEFA/DE
-81.29416,-4.63358,800,I,Pozo mal abandonado,2014,Bajo,Bajo,Bajo,Intercuenca 1391,Región Hidrografica del Pacífico,Piura,Talara,La Brea,00001-2015-OEFA-DE
-81.25047,-4.43374,857,VII/VI,Pozo mal abandonado,2014,Bajo,Bajo,Bajo,Intercuenca 13931,Región Hidrografica del Pacífico,Piura,Talara,Lobitos,001-2015-OEFA/DE
-81.21518,-4.66511,858,VII/VI,"Pozo mal abandonado, suelos contaminados con efluente o derrame, emisiones",2016,Medio,Medio,Medio,Intercuenca 1391,Región Hidrografica del Pacífico,Piura,Talara,La Brea,276-2016-OEFA/DE
-81.25362,-4.43696,859,VII/VI,Pozo mal abandonado,2014,Bajo,Bajo,Bajo,Intercuenca 13931,Región Hidrografica del Pacífico,Piura,Talara,Lobitos,001-2015-OEFA/DE
-81.24765,-4.66875,860,VII/VI,"Pozo mal abandonado, suelos contaminados con efluente o derrame, emisiones",2014,Medio,Medio,Medio,Intercuenca 1391,Región Hidrografica del Pacífico,Piura,Talara,La Brea,15-2015-OEFA/DE
-81.24872,-4.61286,939,VII/VI,"Pozo mal abandonado, emisiones",2016,Medio,Medio,Medio,Intercuenca 1391,Región Hidrografica del Pacífico,Piura,Talara,La Brea,239-2016-OEFA/DE
-81.29008,-4.63535,940,I,Pozo mal abandonado,2014,Bajo,Bajo,Bajo,Intercuenca 1391,Región Hidrografica del Pacífico,Piura,Talara,La Brea,47-2015-OEFA/DE
-81.24527,-4.61775,941,VII/VI,"Pozo mal abandonado, suelos contaminados con efluente o derrame",2016,Medio,Medio,Medio,Intercuenca 1391,Región Hidrografica del Pacífico,Piura,Talara,La Brea,239-2016-OEFA/DE
-81.15043,-4.59156,942,IV,"Pozo mal abandonado, suelos contaminados con efluente o derrame",2014,Medio,Medio,Medio,Intercuenca 1391,Región Hidrografica del Pacífico,Piura,Talara,Pariñas,47-2015-OEFA/DE
-81.24683,-4.69515,737,VII/VI,Pozo mal abandonado,2014,Medio,Medio,Medio,Intercuenca 1391,Región Hidrografica del Pacífico,Piura,Talara,La Brea,00001-2015-OEFA-DE
-81.25786,-4.69657,738,VII/VI,Pozo mal abandonado con presencia de emisiones gaseosas fugitivas,2019,Medio,Medio,Medio,Intercuenca 1391,Región Hidrografica del Pacífico,Piura,Talara,La Brea,Oficio N° 317-2019-OEFA-DEAM
-81.11001,-4.81437,739,III,"Pozo mal abandonado, emisiones",2014,Medio,Medio,Medio,Cuenca Chira,Región Hidrografica del Pacífico,Piura,Paita,Vichayal,081-2015-OEFA/DE
-81.24136,-4.68057,740,VII/VI,"Pozo mal abandonado, suelos contaminados con efluente o derrame",2013,Medio,Medio,Medio,Intercuenca 1391,Región Hidrografica del Pacífico,Piura,Talara,La Brea,001-2015-OEFA/DE
-81.19793,-4.65402,801,VII/VI,Pozo mal abandonado,2013,Bajo,Bajo,Bajo,Intercuenca 1391,Región Hidrografica del Pacífico,Piura,Talara,La Brea,221-2013-OEFA/DE
-81.19231,-4.65889,802,VII/VI,"Pozo mal abandonado, suelos contaminados con efluente o derrame",2016,Medio,Medio,Medio,Intercuenca 1391,Región Hidrografica del Pacífico,Piura,Talara,La Brea,276-2016-OEFA/DE
-81.12333,-4.66121,803,III,"Pozo mal abandonado, suelos contaminados con efluente o derrame",2014,Medio,Medio,Medio,Intercuenca 1391,Región Hidrografica del Pacífico,Piura,Talara,La Brea,081-2015-OEFA/DE
-81.29774,-4.63692,804,I,Pozo mal abandonado,2014,Bajo,Bajo,Bajo,Intercuenca 1391,Región Hidrografica del Pacífico,Piura,Talara,La Brea,00001-2015-OEFA-DE
-81.2581,-4.68928,861,VII/VI,"Pozo mal abandonado, suelos contaminados con efluente o derrame, emisiones",2016,Medio,Medio,Medio,Intercuenca 1391,Región Hidrografica del Pacífico,Piura,Talara,La Brea,276-2016-OEFA/DE
-81.23031,-4.65186,862,VII/VI,"Pozo mal abandonado, emisiones",2013,Medio,Medio,Medio,Intercuenca 1391,Región Hidrografica del Pacífico,Piura,Talara,La Brea,081-2015-OEFA/DE
-81.26981,-4.44999,863,VII/VI,Pozo mal abandonado,2014,Bajo,Bajo,Bajo,Intercuenca 13931,Región Hidrografica del Pacífico,Piura,Talara,Lobitos,001-2015-OEFA/DE
-81.27116,-4.70301,864,VII/VI,"Pozo mal abandonado, suelos contaminados con efluente o derrame, emisiones",2016,Medio,Medio,Medio,Intercuenca 1391,Región Hidrografica del Pacífico,Piura,Talara,La Brea,276-2016-OEFA/DE
-81.29194,-4.63574,923,I,"Pozo mal abandonado, suelos contaminados con efluente o derrame",2014,Medio,Medio,Medio,Intercuenca 1391,Región Hidrografica del Pacífico,Piura,Talara,La Brea,47-2015-OEFA/DE
-81.24424,-4.62056,924,VII/VI,Pozo mal abandonado,2014,Bajo,Bajo,Bajo,Intercuenca 1391,Región Hidrografica del Pacífico,Piura,Talara,La Brea,001-2015-OEFA/DE
-81.29541,-4.63872,925,I,"Pozo mal abandonado, suelos contaminados con efluente o derrame",2014,Medio,Medio,Medio,Intercuenca 1391,Región Hidrografica del Pacífico,Piura,Talara,La Brea,47-2015-OEFA/DE
-81.1756,-4.65161,926,VII/VI,"Pozo mal abandonado, emisiones",2014,Medio,Medio,Medio,Intercuenca 1391,Región Hidrografica del Pacífico,Piura,Talara,La Brea,001-2015-OEFA/DE
-81.29813,-4.66254,741,VII/VI,"Pozo mal abandonado, suelos contaminados con efluente o derrame",2014,Medio,Medio,Medio,Intercuenca 1391,Región Hidrografica del Pacífico,Piura,Talara,La Brea,081-2015-OEFA/DE
-81.14413,-4.64798,742,III,"Pozo mal abandonado, suelos contaminados con efluente o derrame",2014,Medio,Medio,Medio,Intercuenca 1391,Región Hidrografica del Pacífico,Piura,Talara,La Brea,00001-2015-OEFA-DE
-81.29775,-4.65855,743,VII/VI,"Pozo mal abandonado, suelos contaminados con efluente o derrame",2014,Medio,Medio,Medio,Intercuenca 1391,Región Hidrografica del Pacífico,Piura,Talara,La Brea,081-2015-OEFA/DE
-81.29696,-4.64653,744,VII/VI,"Pozo mal abandonado, suelos contaminados con efluente o derrame",2014,Medio,Medio,Medio,Intercuenca 1391,Región Hidrografica del Pacífico,Piura,Talara,La Brea,081-2015-OEFA/DE
-81.19672,-4.65449,805,VII/VI,Pozo mal abandonado,2013,Bajo,Bajo,Bajo,Intercuenca 1391,Región Hidrografica del Pacífico,Piura,Talara,La Brea,221-2013-OEFA/DE
-81.20882,-4.66928,806,VII/VI,"Pozo mal abandonado, suelos contaminados con efluente o derrame, emisiones",2016,Medio,Medio,Medio,Intercuenca 1391,Región Hidrografica del Pacífico,Piura,Talara,La Brea,276-2016-OEFA/DE
-81.12492,-4.65795,807,III,Pozo mal abandonado,2014,Bajo,Bajo,Bajo,Intercuenca 1391,Región Hidrografica del Pacífico,Piura,Talara,La Brea,081-2015-OEFA/DE
-81.21883,-4.60812,808,I,"Pozo mal abandonado, suelos contaminados con efluente o derrame, restos o depósitos de residuos",2014,Medio,Medio,Medio,Intercuenca 1391,Región Hidrografica del Pacífico,Piura,Talara,La Brea,00001-2015-OEFA-DE
-81.22887,-4.65257,865,VII/VI,"Pozo mal abandonado, emisiones",2013,Bajo,Medio,Bajo,Intercuenca 1391,Región Hidrografica del Pacífico,Piura,Talara,La Brea,081-2015-OEFA/DE
-81.26819,-4.43737,866,VII/VI,Pozo mal abandonado,2014,Bajo,Bajo,Bajo,Intercuenca 13931,Región Hidrografica del Pacífico,Piura,Talara,Lobitos,001-2015-OEFA/DE
-81.29895,-4.67917,867,VII/VI,"Pozo mal abandonado, suelos contaminados con efluente o derrame",2013,Medio,Medio,Medio,Intercuenca 1391,Región Hidrografica del Pacífico,Piura,Talara,La Brea,081-2015-OEFA/DE
-81.26236,-4.44309,868,VII/VI,"Pozo mal abandonado, suelos contaminados con efluente o derrame",2014,Medio,Medio,Medio,Intercuenca 13931,Región Hidrografica del Pacífico,Piura,Talara,Lobitos,001-2015-OEFA/DE
-81.28694,-4.63727,931,I,"Pozo mal abandonado, restos o depósitos de residuos",2014,Bajo,Bajo,Bajo,Intercuenca 1391,Región Hidrografica del Pacífico,Piura,Talara,La Brea,231-2014-OEFA/DE
-81.25455,-4.62727,932,I,"Pozo mal abandonado, suelos contaminados con efluente o derrame",2014,Medio,Medio,Medio,Intercuenca 1391,Región Hidrografica del Pacífico,Piura,Talara,La Brea,47-2015-OEFA/DE
-81.17076,-4.44569,933,IV,"Pozo mal abandonado, suelos contaminados con efluente o derrame",2016,Medio,Medio,Medio,Cuenca Pariñas,Región Hidrografica del Pacífico,Piura,Talara,Pariñas,239-2016-OEFA/DE
-81.17753,-4.45344,934,IV,"Pozo mal abandonado, suelos contaminados con efluente o derrame, emisiones",2016,Medio,Medio,Medio,Cuenca Pariñas,Región Hidrografica del Pacífico,Piura,Talara,Pariñas,239-2016-OEFA/DE
-81.19058,-4.64245,745,VII/VI,"Pozo mal abandonado, emisiones",2014,Bajo,Medio,Bajo,Intercuenca 1391,Región Hidrografica del Pacífico,Piura,Talara,La Brea,001-2015-OEFA/DE
-81.20444,-4.28163,746,X,Instalación mal abandonada vinculada al pozo A_154,2019,Bajo,Medio,Bajo,Intercuenca 13931,Región Hidrografica del Pacífico,Piura,Talara,El Alto,Oficio N° 317-2019-OEFA-DEAM
-81.24185,-4.44493,747,VII/VI,"Pozo mal abandonado, suelos contaminados con efluente o derrame, restos o depósitos de residuos",2014,Medio,Medio,Medio,Intercuenca 13931,Región Hidrografica del Pacífico,Piura,Talara,Lobitos,081-2015-OEFA/DE
-81.2056,-4.51806,1734,VII/VI,"Pozo mal abandonado, suelos contaminados con efluente o derrame, emisiones",2014,Medio,Medio,Medio,Cuenca Pariñas,Región Hidrografica del Pacífico,Piura,Talara,Pariñas,225-2015-OEFA/DE
-81.24689,-4.69743,1795,VII/VI,"Pozo mal abandonado, emisiones",2015,Bajo,Medio,Bajo,Intercuenca 1391,Región Hidrografica del Pacífico,Piura,Talara,La Brea,225-2015-OEFA/DE
-81.25299,-4.69898,1796,VII/VI,Pozo mal abandonado,2015,Bajo,Bajo,Bajo,Intercuenca 1391,Región Hidrografica del Pacífico,Piura,Talara,La Brea,225-2015-OEFA/DE
-81.25812,-4.6933,1797,VII/VI,"Pozo mal abandonado, suelos contaminados con efluente o derrame",2015,Medio,Medio,Medio,Intercuenca 1391,Región Hidrografica del Pacífico,Piura,Talara,La Brea,225-2015-OEFA/DE
-81.28025,-4.7053,1798,VII/VI,"Instalaciones mal abandonadas, suelos contaminados con efluente o derrame",2016,Medio,Medio,Medio,Intercuenca 1391,Región Hidrografica del Pacífico,Piura,Talara,La Brea,199-2016-OEFA/DE
-81.24277,-4.48595,1548,VII/VI,"Pozo mal abandonado, presenta emisiones fugitivas",2015,Bajo,Medio,Bajo,Cuenca Pariñas,Región Hidrografica del Pacífico,Piura,Talara,Pariñas,017-2016-OEFA/DE
-81.24966,-4.65349,1549,VII/VI,"Pozo mal abandonado, suelos contaminados con efluente o derrame, emisiones",2015,Medio,Medio,Medio,Intercuenca 1391,Región Hidrografica del Pacífico,Piura,Talara,La Brea,017-2016-OEFA/DE
-81.25236,-4.28809,1550,X,Pozo mal abandonado,2014,Bajo,Bajo,Bajo,Intercuenca 13931,Región Hidrografica del Pacífico,Piura,Talara,El Alto,199-2016-OEFA/DE
-81.1829,-4.64983,1551,VII/VI,"Pozo mal abandonado, suelos contaminados con efluente o derrame, emisiones",2014,Medio,Medio,Medio,Intercuenca 1391,Región Hidrografica del Pacífico,Piura,Talara,La Brea,231-2014-OEFA/DE
-81.2906,-4.66932,1614,VII/VI,"Pozo mal abandonado, suelos contaminados con efluente o derrame",2015,Medio,Medio,Medio,Intercuenca 1391,Región Hidrografica del Pacífico,Piura,Talara,La Brea,246-2015-OEFA/DE
-81.29416,-4.66651,1615,VII/VI,"Pozo mal abandonado, suelos contaminados con efluente o derrame",2015,Medio,Medio,Medio,Intercuenca 1391,Región Hidrografica del Pacífico,Piura,Talara,La Brea,246-2015-OEFA/DE
-81.297,-4.64739,1616,VII/VI,"Pozo mal abandonado, suelos contaminados con efluente o derrame",2015,Medio,Medio,Medio,Intercuenca 1391,Región Hidrografica del Pacífico,Piura,Talara,La Brea,246-2015-OEFA/DE
-81.29363,-4.65393,1617,VII/VI,Pozo mal abandonado,2015,Bajo,Bajo,Bajo,Intercuenca 1391,Región Hidrografica del Pacífico,Piura,Talara,La Brea,246-2015-OEFA/DE
-81.12426,-4.83752,1678,III,Suelos contaminados con efluente o derrame,2016,Medio,Medio,medio,Cuenca Chira,Región Hidrografica del Pacífico,Piura,Paita,Vichayal,199-2016-OEFA/DE
-81.18489,-4.66195,1679,VII/VI,Pozo mal abandonado,2014,Bajo,Bajo,Bajo,Intercuenca 1391,Región Hidrografica del Pacífico,Piura,Talara,La Brea,20-2015-OEFA/DE
-81.27511,-4.63609,1680,I,"Pozo mal abandonado, suelos contaminados con efluente o derrame, restos o depósitos de residuos",2014,Medio,Medio,Medio,Intercuenca 1391,Región Hidrografica del Pacífico,Piura,Talara,La Brea,231-2014-OEFA/DE
-81.27828,-4.69088,1681,VII/VI,"Pozo mal abandonado, suelos contaminados con efluente o derrame",2015,Medio,Medio,Medio,Intercuenca 1391,Región Hidrografica del Pacífico,Piura,Talara,La Brea,246-2015-OEFA/DE
-81.25366,-4.68813,1483,VII/VI,"Pozo mal abandonado, suelos contaminados con efluente o derrame, emisiones",2015,Medio,Medio,Medio,Intercuenca 1391,Región Hidrografica del Pacífico,Piura,Talara,La Brea,017-2016-OEFA/DE
-81.29134,-4.64234,1484,VII/VI,Pozo mal abandonado,2015,Bajo,Bajo,Bajo,Intercuenca 1391,Región Hidrografica del Pacífico,Piura,Talara,La Brea,017-2016-OEFA/DE
-81.28321,-4.64173,1485,VII/VI,"Pozo mal abandonado, suelos contaminados con efluente o derrame",2015,Medio,Medio,Medio,Intercuenca 1391,Región Hidrografica del Pacífico,Piura,Talara,La Brea,017-2016-OEFA/DE
-81.21,-4.64982,1486,VII/VI,"Pozo mal abandonado, suelos contaminados con efluente o derrame, emisiones",2015,Medio,Medio,Medio,Intercuenca 1391,Región Hidrografica del Pacífico,Piura,Talara,La Brea,017-2016-OEFA/DE
-81.2396,-4.45941,1552,VII/VI,"Pozo mal abandonado, suelos contaminados con efluente o derrame",2015,Medio,Medio,Medio,Cuenca Pariñas,Región Hidrografica del Pacífico,Piura,Talara,Lobitos,017-2016-OEFA/DE
-81.14802,-4.64651,1553,III,"Pozo mal abandonado, suelos contaminados con efluente o derrame, emisiones",2014,Medio,Medio,Medio,Intercuenca 1391,Región Hidrografica del Pacífico,Piura,Talara,La Brea,0009-2015-OEFA/DE
-81.23015,-4.47063,1554,VII/VI,Pozo mal abandonado,2015,Bajo,Bajo,Bajo,Cuenca Pariñas,Región Hidrografica del Pacífico,Piura,Talara,Lobitos,017-2016-OEFA/DE
-81.18714,-4.65465,1555,VII/VI,"Pozo mal abandonado, suelos contaminados con efluente o derrame",2015,Medio,Medio,Medio,Intercuenca 1391,Región Hidrografica del Pacífico,Piura,Talara,La Brea,017-2016-OEFA/DE
-81.28958,-4.64796,1618,VII/VI,Pozo mal abandonado,2015,Bajo,Bajo,Bajo,Intercuenca 1391,Región Hidrografica del Pacífico,Piura,Talara,La Brea,246-2015-OEFA/DE
-81.27681,-4.70676,1619,VII/VI,"Pozo mal abandonado, suelos contaminados con efluente o derrame",2015,Medio,Medio,Medio,Intercuenca 1391,Región Hidrografica del Pacífico,Piura,Talara,La Brea,246-2015-OEFA/DE
-81.27963,-4.708,1620,VII/VI,"Pozo mal abandonado, suelos contaminados con efluente o derrame",2015,Medio,Medio,Medio,Intercuenca 1391,Región Hidrografica del Pacífico,Piura,Talara,La Brea,246-2015-OEFA/DE
-81.25078,-4.67143,1621,VII/VI,"Pozo mal abandonado, suelos contaminados con efluente o derrame",2014,Medio,Medio,Medio,Intercuenca 1391,Región Hidrografica del Pacífico,Piura,Talara,La Brea,20-2015-OEFA/DE
-81.27821,-4.68742,1682,VII/VI,"Pozo mal abandonado, suelos contaminados con efluente o derrame",2015,Medio,Medio,Medio,Intercuenca 1391,Región Hidrografica del Pacífico,Piura,Talara,La Brea,246-2015-OEFA/DE
-81.24053,-4.44993,1683,VII/VI,"Pozo mal abandonado, suelos contaminados con efluente o derrame",2015,Medio,Medio,Medio,Intercuenca 13931,Región Hidrografica del Pacífico,Piura,Talara,Lobitos,246-2015-OEFA/DE
-81.25456,-4.45924,1684,VII/VI,"Pozo mal abandonado, suelos contaminados con efluente o derrame, emisiones",2015,Medio,Medio,Medio,Cuenca Pariñas,Región Hidrografica del Pacífico,Piura,Talara,Lobitos,246-2015-OEFA/DE
-81.19893,-4.51587,1685,VII/VI,"Pozo mal abandonado, emisiones",2015,Medio,Medio,Medio,Cuenca Pariñas,Región Hidrografica del Pacífico,Piura,Talara,Pariñas,246-2015-OEFA/DE
-81.14293,-4.85276,1487,III,Estructura mal abandonada,2014,Bajo,Bajo,Bajo,Intercuenca 1391,Región Hidrografica del Pacífico,Piura,Paita,Vichayal,199-2016-OEFA/DE
-81.18121,-4.66219,1488,VII/VI,"Pozo mal abandonado, suelos contaminados con efluente o derrame",2014,Medio,Medio,Medio,Intercuenca 1391,Región Hidrografica del Pacífico,Piura,Talara,La Brea,20-2015-OEFA/DE
-81.2357,-4.66789,1489,VII/VI,"Pozo mal abandonado, suelos contaminados con efluente o derrame",2013,Medio,Medio,Medio,Intercuenca 1391,Región Hidrografica del Pacífico,Piura,Talara,La Brea,231-2014-OEFA/DE
-81.24313,-4.61239,1490,VII/VI,"Pozo mal abandonado, suelos contaminados con efluente o derrame, emisiones",2015,Medio,Medio,Medio,Intercuenca 1391,Región Hidrografica del Pacífico,Piura,Talara,La Brea,017-2016-OEFA/DE
-81.26358,-4.70615,1556,VII/VI,Pozo mal abandonado,2015,Bajo,Bajo,Bajo,Intercuenca 1391,Región Hidrografica del Pacífico,Piura,Talara,La Brea,017-2016-OEFA/DE
-81.27253,-4.44499,1557,VII/VI,Pozo mal abandonado,2015,Bajo,Bajo,Bajo,Intercuenca 13931,Región Hidrografica del Pacífico,Piura,Talara,Lobitos,017-2016-OEFA/DE
-81.21171,-4.49335,1558,VII/VI,"Pozo mal abandonado, emisiones",2015,Bajo,Medio,Bajo,Cuenca Pariñas,Región Hidrografica del Pacífico,Piura,Talara,Pariñas,017-2016-OEFA/DE
-81.25314,-4.29086,1559,X,Pozo mal abandonado,2014,Bajo,Bajo,Bajo,Intercuenca 13931,Región Hidrografica del Pacífico,Piura,Talara,El Alto,199-2016-OEFA/DE
-81.22067,-4.60864,1622,I,Pozo mal abandonado,2014,Bajo,Bajo,Bajo,Intercuenca 1391,Región Hidrografica del Pacífico,Piura,Talara,La Brea,231-2014-OEFA/DE
-81.29339,-4.70752,1623,VII/VI,Pozo mal abandonado,2015,Bajo,Bajo,Bajo,Intercuenca 1391,Región Hidrografica del Pacífico,Piura,Talara,La Brea,246-2015-OEFA/DE
-81.29812,-4.71204,1624,VII/VI,"Pozo mal abandonado, suelos contaminados con efluente o derrame, emisiones",2015,Medio,Medio,Medio,Intercuenca 1391,Región Hidrografica del Pacífico,Piura,Talara,La Brea,246-2015-OEFA/DE
-81.29853,-4.71386,1625,VII/VI,"Pozo mal abandonado, suelos contaminados con efluente o derrame, emisiones",2015,Medio,Medio,Medio,Intercuenca 1391,Región Hidrografica del Pacífico,Piura,Talara,La Brea,246-2015-OEFA/DE
-81.3086,-4.6794,1686,VII/VI,"Pozo mal abandonado, suelos contaminados con efluente o derrame, emisiones",2015,Medio,Medio,Medio,Intercuenca 1391,Región Hidrografica del Pacífico,Piura,Talara,La Brea,246-2015-OEFA/DE
-81.25763,-4.69284,1687,VII/VI,"Pozo mal abandonado, suelos contaminados con efluente o derrame, emisiones",2015,Medio,Medio,Medio,Intercuenca 1391,Región Hidrografica del Pacífico,Piura,Talara,La Brea,246-2015-OEFA/DE
-81.18881,-4.65136,1688,VII/VI,"Pozo mal abandonado, suelos contaminados con efluente o derrame",2015,Medio,Medio,Medio,Intercuenca 1391,Región Hidrografica del Pacífico,Piura,Talara,La Brea,246-2015-OEFA/DE
-81.27114,-4.71098,1689,VII/VI,"Pozo mal abandonado, suelos contaminados con efluente o derrame, emisiones",2015,Medio,Medio,Medio,Intercuenca 1391,Región Hidrografica del Pacífico,Piura,Talara,La Brea,246-2015-OEFA/DE
-81.24207,-4.61497,1491,VII/VI,"Pozo mal abandonado, suelos contaminados con efluente o derrame, emisiones",2015,Medio,Medio,Medio,Intercuenca 1391,Región Hidrografica del Pacífico,Piura,Talara,La Brea,017-2016-OEFA/DE
-81.2424,-4.61784,1492,VII/VI,"Pozo mal abandonado, suelos contaminados con efluente o derrame, emisiones",2015,Medio,Medio,Medio,Intercuenca 1391,Región Hidrografica del Pacífico,Piura,Talara,La Brea,017-2016-OEFA/DE
-81.15221,-4.20838,1493,X,Pozo mal abandonado,2014,Bajo,Bajo,Bajo,Intercuenca 13931,Región Hidrografica del Pacífico,Piura,Talara,Los Órganos,199-2016-OEFA/DE
-81.18393,-4.65973,1494,VII/VI,Pozo mal abandonado,2014,Bajo,Medio,Bajo,Intercuenca 1391,Región Hidrografica del Pacífico,Piura,Talara,La Brea,20-2015-OEFA/DE
-81.29076,-4.66817,1560,VII/VI,"Pozo mal abandonado, suelos contaminados con efluente o derrame, restos o depósitos de residuos",2014,Medio,Medio,Medio,Intercuenca 1391,Región Hidrografica del Pacífico,Piura,Talara,La Brea,20-2015-OEFA/DE
-81.18563,-4.64878,1561,VII/VI,"Pozo mal abandonado, emisiones",2014,Medio,Medio,Medio,Intercuenca 1391,Región Hidrografica del Pacífico,Piura,Talara,La Brea,231-2014-OEFA/DE
-81.25378,-4.27646,1562,X,Pozo mal abandonado,2015,Bajo,Bajo,Bajo,Intercuenca 13931,Región Hidrografica del Pacífico,Piura,Talara,El Alto,017-2016-OEFA/DE
-81.23074,-4.52619,1563,VII/VI,Suelos contaminados con efluente o derrame,2015,Medio,Medio,Medio,Cuenca Pariñas,Región Hidrografica del Pacífico,Piura,Talara,Pariñas,017-2016-OEFA/DE
-81.30884,-4.70293,1626,VII/VI,"Pozo mal abandonado, suelos contaminados con efluente o derrame, emisiones",2015,Medio,Medio,Medio,Intercuenca 1391,Región Hidrografica del Pacífico,Piura,Talara,La Brea,246-2015-OEFA/DE
-81.31285,-4.70103,1627,VII/VI,"Pozo mal abandonado, suelos contaminados con efluente o derrame, emisiones",2015,Medio,Medio,Medio,Intercuenca 1391,Región Hidrografica del Pacífico,Piura,Talara,La Brea,246-2015-OEFA/DE
-81.31353,-4.69749,1628,VII/VI,"Pozo mal abandonado, emisiones",2015,Bajo,Medio,Bajo,Intercuenca 1391,Región Hidrografica del Pacífico,Piura,Talara,La Brea,246-2015-OEFA/DE
-81.31465,-4.69893,1629,VII/VI,"Pozo mal abandonado, el afloramiento de líquidos con hidrocarburos, las emisiones gaseosas fugitivas provenientes del mismo y el suelo contaminado en el área circundante al pozo",2015,Alto,Alto,Alto,Intercuenca 1391,Región Hidrografica del Pacífico,Piura,Talara,La Brea,Oficio N° 246-2015-OEFA/DE
-81.11234,-4.83487,1690,III,Suelos contaminados con efluente o derrame,2016,Medio,Medio,Medio,Cuenca Chira,Región Hidrografica del Pacífico,Piura,Paita,Vichayal,199-2016-OEFA/DE
-81.19307,-4.6638,1691,VII/VI,"Pozo mal abandonado, suelos contaminados con efluente o derrame",2014,Medio,Medio,Medio,Intercuenca 1391,Región Hidrografica del Pacífico,Piura,Talara,La Brea,20-2015-OEFA/DE
-81.24487,-4.57177,1692,I,"Pozo mal abandonado, suelos contaminados con efluente o derrame, restos o depósitos de residuos",2014,Medio,Medio,Medio,Intercuenca 1391,Región Hidrografica del Pacífico,Piura,Talara,Pariñas,231-2014-OEFA/DE
-81.27848,-4.70269,1693,VII/VI,Pozo mal abandonado,2015,Bajo,Bajo,Bajo,Intercuenca 1391,Región Hidrografica del Pacífico,Piura,Talara,La Brea,246-2015-OEFA/DE
-81.27079,-4.44727,1495,VII/VI,Pozo mal abandonado,2014,Bajo,Bajo,Bajo,Intercuenca 13931,Región Hidrografica del Pacífico,Piura,Talara,Lobitos,231-2014-OEFA/DE
-81.3042,-4.66709,1496,VII/VI,Pozo mal abandonado,2015,Bajo,Bajo,Bajo,Intercuenca 1391,Región Hidrografica del Pacífico,Piura,Talara,La Brea,017-2016-OEFA/DE
-81.23723,-4.62351,1497,VII/VI,"Pozo mal abandonado, suelos contaminados con efluente o derrame",2015,Medio,Medio,Medio,Intercuenca 1391,Región Hidrografica del Pacífico,Piura,Talara,La Brea,017-2016-OEFA/DE
-81.30031,-4.67558,1498,VII/VI,"Pozo mal abandonado, suelos contaminados con efluente o derrame",2015,Medio,Medio,Medio,Intercuenca 1391,Región Hidrografica del Pacífico,Piura,Talara,La Brea,017-2016-OEFA/DE
-81.23411,-4.4535,1564,VII/VI,"Pozo mal abandonado, suelos contaminados con efluente o derrame, emisiones",2015,Medio,Medio,Medio,Cuenca Pariñas,Región Hidrografica del Pacífico,Piura,Talara,Lobitos,017-2016-OEFA/DE
-81.23957,-4.51388,1565,VII/VI,Pozo mal abandonado,2015,Bajo,Bajo,Bajo,Cuenca Pariñas,Región Hidrografica del Pacífico,Piura,Talara,Pariñas,017-2016-OEFA/DE
-81.26599,-4.45474,1566,VII/VI,Suelos contaminados con efluente o derrame,2015,Medio,Medio,Medio,Intercuenca 13931,Región Hidrografica del Pacífico,Piura,Talara,Lobitos,017-2016-OEFA/DE
-81.23106,-4.62908,1567,VII/VI,"Suelos contaminados con efluente o derrame, emisiones",2015,Medio,Medio,Medio,Intercuenca 1391,Región Hidrografica del Pacífico,Piura,Talara,La Brea,017-2016-OEFA/DE
-81.28601,-4.64868,1630,VII/VI,"Pozo mal abandonado, suelos contaminados con efluente o derrame, emisiones",2015,Medio,Medio,Medio,Intercuenca 1391,Región Hidrografica del Pacífico,Piura,Talara,La Brea,246-2015-OEFA/DE
-81.28561,-4.64732,1631,VII/VI,Pozo mal abandonado,2015,Bajo,Bajo,Bajo,Intercuenca 1391,Región Hidrografica del Pacífico,Piura,Talara,La Brea,246-2015-OEFA/DE
-81.29229,-4.6536,1632,VII/VI,"Pozo mal abandonado, suelos contaminados con efluente o derrame",2015,Medio,Medio,Medio,Intercuenca 1391,Región Hidrografica del Pacífico,Piura,Talara,La Brea,246-2015-OEFA/DE
-81.18347,-4.66251,1633,VII/VI,Pozo mal abandonado,2014,Bajo,Bajo,Bajo,Intercuenca 1391,Región Hidrografica del Pacífico,Piura,Talara,La Brea,20-2015-OEFA/DE
-81.2493,-4.45837,1702,VII/VI,"Suelos contaminados con efluente o derrame, restos o depósitos de residuos",2015,Medio,Medio,Medio,Cuenca Pariñas,Región Hidrografica del Pacífico,Piura,Talara,Lobitos,246-2015-OEFA/DE
-81.25984,-4.53282,1703,VII/VI,Suelos contaminados con efluente o derrame,2015,Medio,Medio,Medio,Cuenca Pariñas,Región Hidrografica del Pacífico,Piura,Talara,Pariñas,246-2015-OEFA/DE
-81.24779,-4.47017,1704,VII/VI,"Pozo mal abandonado, emisiones",2015,Bajo,Medio,Bajo,Cuenca Pariñas,Región Hidrografica del Pacífico,Piura,Talara,Lobitos,246-2015-OEFA/DE
-81.16322,-4.66166,1705,VII/VI,Pozo mal abandonado,2014,Bajo,Bajo,Bajo,Intercuenca 1391,Región Hidrografica del Pacífico,Piura,Talara,La Brea,246-2015-OEFA/DE
-81.30121,-4.67414,1499,VII/VI,Pozo mal abandonado,2015,Bajo,Bajo,Bajo,Intercuenca 1391,Región Hidrografica del Pacífico,Piura,Talara,La Brea,017-2016-OEFA/DE
-81.16879,-4.65531,1500,VII/VI,"Pozo mal abandonado, suelos contaminados con efluente o derrame",2015,Medio,Medio,Medio,Intercuenca 1391,Región Hidrografica del Pacífico,Piura,Talara,La Brea,017-2016-OEFA/DE
-81.15281,-4.20537,1501,X,Pozo mal abandonado,2014,Bajo,Bajo,Bajo,Intercuenca 13931,Región Hidrografica del Pacífico,Piura,Talara,Los Órganos,199-2016-OEFA/DE
-81.17411,-4.65357,1502,VII/VI,"Pozo mal abandonado, suelos contaminados con efluente o derrame, emisiones",2014,Medio,Medio,Medio,Intercuenca 1391,Región Hidrografica del Pacífico,Piura,Talara,La Brea,20-2015-OEFA/DE
-81.30205,-4.67066,1568,VII/VI,"Pozo mal abandonado, suelos contaminados con efluente o derrame",2014,Medio,Medio,Medio,Intercuenca 1391,Región Hidrografica del Pacífico,Piura,Talara,La Brea,20-2015-OEFA/DE
-81.187,-4.64813,1569,VII/VI,"Pozo mal abandonado, suelos contaminados con efluente o derrame, emisiones",2014,Medio,Medio,Medio,Intercuenca 1391,Región Hidrografica del Pacífico,Piura,Talara,La Brea,231-2014-OEFA/DE
-81.25902,-4.69538,1570,VII/VI,"Pozo mal abandonado, suelos contaminados con efluente o derrame",2014,Medio,Medio,Medio,Intercuenca 1391,Región Hidrografica del Pacífico,Piura,Talara,La Brea,20-2015-OEFA/DE
-81.25651,-4.67261,1571,VII/VI,Pozo mal abandonado,2014,Bajo,Bajo,Bajo,Intercuenca 1391,Región Hidrografica del Pacífico,Piura,Talara,La Brea,20-2015-OEFA/DE
-81.22899,-4.6172,1634,I,Pozo mal abandonado,2014,Bajo,Bajo,Bajo,Intercuenca 1391,Región Hidrografica del Pacífico,Piura,Talara,La Brea,231-2014-OEFA/DE
-81.29077,-4.65525,1635,VII/VI,Pozo mal abandonado,2015,Bajo,Bajo,Bajo,Intercuenca 1391,Región Hidrografica del Pacífico,Piura,Talara,La Brea,246-2015-OEFA/DE
-81.29013,-4.64355,1636,VII/VI,Pozo mal abandonado,2015,Bajo,Bajo,Bajo,Intercuenca 1391,Región Hidrografica del Pacífico,Piura,Talara,La Brea,246-2015-OEFA/DE
-81.28852,-4.64441,1637,VII/VI,"Pozo mal abandonado, suelos contaminados con efluente o derrame, emisiones",2015,Medio,Medio,Medio,Intercuenca 1391,Región Hidrografica del Pacífico,Piura,Talara,La Brea,246-2015-OEFA/DE
-81.30034,-4.48757,1694,VII/VI,"Pozo mal abandonado, emisiones",2015,Bajo,Medio,Bajo,Intercuenca 13931,Región Hidrografica del Pacífico,Piura,Talara,Lobitos,246-2015-OEFA/DE
-81.26816,-4.4575,1695,VII/VI,Pozo mal abandonado,2015,Bajo,Bajo,Bajo,Intercuenca 13931,Región Hidrografica del Pacífico,Piura,Talara,Lobitos,246-2015-OEFA/DE
-81.29855,-4.46041,1696,VII/VI,"Pozo mal abandonado, emisiones",2015,Bajo,Medio,Bajo,Intercuenca 13931,Región Hidrografica del Pacífico,Piura,Talara,Lobitos,246-2015-OEFA/DE
-81.27528,-4.48442,1697,VII/VI,"Pozo mal abandonado, emisiones",2015,Bajo,Medio,Bajo,Cuenca Pariñas,Región Hidrografica del Pacífico,Piura,Talara,Lobitos,246-2015-OEFA/DE
-81.26939,-4.43663,1503,VII/VI,Pozo mal abandonado,2014,Bajo,Bajo,Bajo,Intercuenca 13931,Región Hidrografica del Pacífico,Piura,Talara,Lobitos,231-2014-OEFA/DE
-81.21124,-4.6492,1504,VII/VI,"Pozo mal abandonado, suelos contaminados con efluente o derrame, emisiones",2015,Medio,Medio,Medio,Intercuenca 1391,Región Hidrografica del Pacífico,Piura,Talara,La Brea,017-2016-OEFA/DE
-81.29088,-4.65172,1505,VII/VI,"Pozo mal abandonado, suelos contaminados con efluente o derrame",2015,Medio,Medio,Medio,Intercuenca 1391,Región Hidrografica del Pacífico,Piura,Talara,La Brea,017-2016-OEFA/DE
-81.29594,-4.65528,1506,VII/VI,"Pozo mal abandonado, suelos contaminados con efluente o derrame",2015,Medio,Medio,Medio,Intercuenca 1391,Región Hidrografica del Pacífico,Piura,Talara,La Brea,017-2016-OEFA/DE
-81.25985,-4.66797,1573,VII/VI,"Pozo mal abandonado, suelos contaminados con efluente o derrame",2014,Medio,Medio,Medio,Intercuenca 1391,Región Hidrografica del Pacífico,Piura,Talara,La Brea,20-2015-OEFA/DE
-81.2785,-4.61446,1574,I,"Pozo mal abandonado, restos o depósitos de residuos",2014,Bajo,Bajo,Bajo,Intercuenca 1391,Región Hidrografica del Pacífico,Piura,Talara,La Brea,231-2014-OEFA/DE
-81.17658,-4.28351,1575,X,Pozo mal abandonado,2018,Bajo,Bajo,Bajo,Cuenca Pariñas,Región Hidrografica del Pacífico,Piura,Talara,El Alto,Oficio N° 257-2018-OEFA/DEAM
-81.2806,-4.67878,1577,VII/VI,"Pozo mal abandonado, suelos contaminados con efluente o derrame, restos o depósitos de residuos",2014,Medio,Medio,Medio,Intercuenca 1391,Región Hidrografica del Pacífico,Piura,Talara,La Brea,20-2015-OEFA/DE
-81.28914,-4.64525,1638,VII/VI,"Pozo mal abandonado, suelos contaminados con efluente o derrame",2015,Medio,Medio,Medio,Intercuenca 1391,Región Hidrografica del Pacífico,Piura,Talara,La Brea,246-2015-OEFA/DE
-81.29037,-4.64583,1639,VII/VI,"Pozo mal abandonado, suelos contaminados con efluente o derrame",2015,Medio,Medio,Medio,Intercuenca 1391,Región Hidrografica del Pacífico,Piura,Talara,La Brea,246-2015-OEFA/DE
-81.29249,-4.64277,1640,VII/VI,"Pozo mal abandonado, suelos contaminados con efluente o derrame",2015,Medio,Medio,Medio,Intercuenca 1391,Región Hidrografica del Pacífico,Piura,Talara,La Brea,246-2015-OEFA/DE
-81.29498,-4.6524,1641,VII/VI,Pozo mal abandonado,2015,Bajo,Bajo,Bajo,Intercuenca 1391,Región Hidrografica del Pacífico,Piura,Talara,La Brea,246-2015-OEFA/DE
-81.27699,-4.5017,1698,VII/VI,Pozo mal abandonado,2015,Bajo,Bajo,Bajo,Cuenca Pariñas,Región Hidrografica del Pacífico,Piura,Talara,Lobitos,246-2015-OEFA/DE
-81.22047,-4.52722,1699,VII/VI,"Pozo mal abandonado, emisiones",2015,Bajo,Medio,Bajo,Cuenca Pariñas,Región Hidrografica del Pacífico,Piura,Talara,Pariñas,246-2015-OEFA/DE
-81.21956,-4.52586,1700,VII/VI,"Pozo mal abandonado, emisiones",2015,Bajo,Medio,Bajo,Cuenca Pariñas,Región Hidrografica del Pacífico,Piura,Talara,Pariñas,246-2015-OEFA/DE
-81.14019,-4.81481,1701,III,"Instalaciones mal abandonadas, suelos contaminados con efluente o derrame",2016,Medio,Medio,Medio,Intercuenca 1391,Región Hidrografica del Pacífico,Piura,Paita,Vichayal,199-2016-OEFA/DE
-81.29313,-4.65514,1507,VII/VI,"Pozo mal abandonado, suelos contaminados con efluente o derrame",2015,Medio,Medio,Medio,Intercuenca 1391,Región Hidrografica del Pacífico,Piura,Talara,La Brea,017-2016-OEFA/DE
-81.16962,-4.66173,1508,VII/VI,"Pozo mal abandonado, suelos contaminados con efluente o derrame",2015,Medio,Medio,Medio,Intercuenca 1391,Región Hidrografica del Pacífico,Piura,Talara,La Brea,017-2016-OEFA/DE
-81.19888,-4.67278,1509,VII/VI,"Pozo mal abandonado, suelos contaminados con efluente o derrame",2015,Medio,Medio,Medio,Intercuenca 1391,Región Hidrografica del Pacífico,Piura,Talara,La Brea,017-2016-OEFA/DE
-81.24643,-4.68792,1510,VII/VI,Pozo mal abandonado,2015,Bajo,Bajo,Bajo,Intercuenca 1391,Región Hidrografica del Pacífico,Piura,Talara,La Brea,017-2016-OEFA/DE
-81.29724,-4.67652,1578,VII/VI,"Pozo mal abandonado, suelos contaminados con efluente o derrame",2014,Medio,Medio,Medio,Intercuenca 1391,Región Hidrografica del Pacífico,Piura,Talara,La Brea,20-2015-OEFA/DE
-81.25258,-4.61909,1579,I,"Pozo mal abandonado, restos o depósitos de residuos",2014,Bajo,Bajo,Bajo,Intercuenca 1391,Región Hidrografica del Pacífico,Piura,Talara,La Brea,231-2014-OEFA/DE
-81.15539,-4.66387,1580,VII/VI,"Pozo mal abandonado, suelos contaminados con efluente o derrame",2015,Medio,Medio,Medio,Intercuenca 1391,Región Hidrografica del Pacífico,Piura,Talara,La Brea,246-2015-OEFA/DE
-81.18615,-4.66004,1581,VII/VI,"Pozo mal abandonado, suelos contaminados con efluente o derrame, emisiones",2015,Medio,Medio,Medio,Intercuenca 1391,Región Hidrografica del Pacífico,Piura,Talara,La Brea,246-2015-OEFA/DE
-81.23392,-4.51295,1642,VII/VI,Pozo mal abandonado,2015,Bajo,Bajo,Bajo,Cuenca Pariñas,Región Hidrografica del Pacífico,Piura,Talara,Pariñas,246-2015-OEFA/DE
-81.25031,-4.46021,1643,VII/VI,Pozo mal abandonado,2015,Bajo,Bajo,Bajo,Cuenca Pariñas,Región Hidrografica del Pacífico,Piura,Talara,Lobitos,246-2015-OEFA/DE
-81.18228,-4.663,1644,VII/VI,"Pozo mal abandonado, suelos contaminados con efluente o derrame",2014,Medio,Medio,Medio,Intercuenca 1391,Región Hidrografica del Pacífico,Piura,Talara,La Brea,20-2015-OEFA/DE
-81.23478,-4.60986,1645,I,"Pozo mal abandonado, suelos contaminados con efluente o derrame, emisiones",2014,Medio,Medio,Medio,Intercuenca 1391,Región Hidrografica del Pacífico,Piura,Talara,La Brea,231-2014-OEFA/DE
-81.1846,-4.47197,1706,IV,"Pozo mal abandonado, suelos contaminados con efluente o derrame, restos o depósitos de residuos",2014,Medio,Medio,Medio,Cuenca Pariñas,Región Hidrografica del Pacífico,Piura,Talara,Pariñas,246-2015-OEFA/DE
-81.12194,-4.84713,1707,III,Suelos contaminados con efluente o derrame,2016,Medio,Medio,Medio,Cuenca Chira,Región Hidrografica del Pacífico,Piura,Paita,Vichayal,199-2016-OEFA/DE
-81.28847,-4.61314,1708,I,"Pozo mal abandonado, suelos contaminados con efluente o derrame, restos o depósitos de residuos",2014,Medio,Medio,Medio,Intercuenca 1391,Región Hidrografica del Pacífico,Piura,Talara,La Brea,231-2014-OEFA/DE
-81.12235,-4.65757,1709,III,"Suelos contaminados con efluente o derrame, restos o depósitos de residuos",2014,Medio,Medio,Medio,Intercuenca 1391,Región Hidrografica del Pacífico,Piura,Talara,La Brea,246-2015-OEFA/DE
-81.24576,-4.68893,1511,VII/VI,"Pozo mal abandonado, suelos contaminados con efluente o derrame",2015,Medio,Medio,Medio,Intercuenca 1391,Región Hidrografica del Pacífico,Piura,Talara,La Brea,017-2016-OEFA/DE
-81.24933,-4.67479,1512,VII/VI,"Pozo mal abandonado, suelos contaminados con efluente o derrame",2015,Medio,Medio,Medio,Intercuenca 1391,Región Hidrografica del Pacífico,Piura,Talara,La Brea,017-2016-OEFA/DE
-81.25316,-4.67191,1513,VII/VI,"Pozo mal abandonado, suelos contaminados con efluente o derrame, emisiones",2015,Bajo,Bajo,Bajo,Intercuenca 1391,Región Hidrografica del Pacífico,Piura,Talara,La Brea,017-2016-OEFA/DE
-81.11278,-4.18139,1514,X,"Suelos contaminados con efluente o derrame, restos o depósitos de residuos",2014,Medio,Medio,Medio,Intercuenca 13931,Región Hidrografica del Pacífico,Piura,Talara,Los Órganos,199-2016-OEFA/DE
-81.18841,-4.66042,1582,VII/VI,"Pozo mal abandonado, suelos contaminados con efluente o derrame, emisiones",2015,Medio,Medio,Medio,Intercuenca 1391,Región Hidrografica del Pacífico,Piura,Talara,La Brea,246-2015-OEFA/DE
-81.25996,-4.68331,1583,VII/VI,"Pozo mal abandonado, suelos contaminados con efluente o derrame",2015,Medio,Medio,Medio,Intercuenca 1391,Región Hidrografica del Pacífico,Piura,Talara,La Brea,246-2015-OEFA/DE
-81.20331,-4.64585,1584,VII/VI,"Pozo mal abandonado, suelos contaminados con efluente o derrame",2015,Medio,Medio,Medio,Intercuenca 1391,Región Hidrografica del Pacífico,Piura,Talara,La Brea,246-2015-OEFA/DE
-81.20701,-4.64318,1585,VII/VI,"Pozo mal abandonado, emisiones",2015,Bajo,Medio,Bajo,Intercuenca 1391,Región Hidrografica del Pacífico,Piura,Talara,La Brea,246-2015-OEFA/DE
-81.28271,-4.46178,1646,VII/VI,Suelos contaminados con efluente o derrame,2015,Medio,Medio,Medio,Intercuenca 13931,Región Hidrografica del Pacífico,Piura,Talara,Lobitos,246-2015-OEFA/DE
-81.22972,-4.51177,1647,VII/VI,"Pozo mal abandonado, emisiones",2015,Bajo,Medio,Bajo,Cuenca Pariñas,Región Hidrografica del Pacífico,Piura,Talara,Pariñas,246-2015-OEFA/DE
-81.23209,-4.52684,1648,VII/VI,Pozo mal abandonado,2015,Bajo,Bajo,Bajo,Cuenca Pariñas,Región Hidrografica del Pacífico,Piura,Talara,Pariñas,246-2015-OEFA/DE
-81.24933,-4.64147,1649,VII/VI,"Pozo mal abandonado, suelos contaminados con efluente o derrame, emisiones",2015,Medio,Medio,Medio,Intercuenca 1391,Región Hidrografica del Pacífico,Piura,Talara,La Brea,246-2015-OEFA/DE
-81.27775,-4.70022,1451,VII/VI,"Pozo mal abandonado, suelos contaminados con efluente o derrame, emisiones",2015,Medio,Medio,Medio,Intercuenca 1391,Región Hidrografica del Pacífico,Piura,Talara,La Brea,017-2016-OEFA/DE
-81.28545,-4.65532,1452,VII/VI,"Pozo mal abandonado, suelos contaminados con efluente o derrame",2014,Medio,Medio,Medio,Intercuenca 1391,Región Hidrografica del Pacífico,Piura,Talara,La Brea,20-2015-OEFA/DE
-81.28101,-4.70255,1453,VII/VI,"Pozo mal abandonado, suelos contaminados con efluente o derrame, emisiones",2015,Medio,Medio,Medio,Intercuenca 1391,Región Hidrografica del Pacífico,Piura,Talara,La Brea,017-2016-OEFA/DE
-81.26572,-4.70247,1454,VII/VI,"Pozo mal abandonado, suelos contaminados con efluente o derrame, emisiones",2015,Medio,Medio,Medio,Intercuenca 1391,Región Hidrografica del Pacífico,Piura,Talara,La Brea,017-2016-OEFA/DE
-81.17924,-4.6592,1515,VII/VI,Pozo mal abandonado,2014,Bajo,Bajo,Bajo,Intercuenca 1391,Región Hidrografica del Pacífico,Piura,Talara,La Brea,20-2015-OEFA/DE
-81.22165,-4.64727,1516,VII/VI,"Pozo mal abandonado, suelos contaminados con efluente o derrame",2013,Medio,Medio,Medio,Intercuenca 1391,Región Hidrografica del Pacífico,Piura,Talara,La Brea,231-2014-OEFA/DE
-81.25707,-4.7121,1517,VII/VI,Pozo mal abandonado,2015,Bajo,Bajo,Bajo,Intercuenca 1391,Región Hidrografica del Pacífico,Piura,Talara,La Brea,017-2016-OEFA/DE
-81.2567,-4.71664,1518,VII/VI,Pozo mal abandonado,2015,Bajo,Bajo,Bajo,Intercuenca 1391,Región Hidrografica del Pacífico,Piura,Talara,La Brea,017-2016-OEFA/DE
-81.28374,-4.70722,1586,VII/VI,"Pozo mal abandonado, suelos contaminados con efluente o derrame",2015,Medio,Medio,Medio,Intercuenca 1391,Región Hidrografica del Pacífico,Piura,Talara,La Brea,246-2015-OEFA/DE
-81.29111,-4.63546,1587,I,"Pozo mal abandonado, suelos contaminados con efluente o derrame",2014,Medio,Medio,Medio,Intercuenca 1391,Región Hidrografica del Pacífico,Piura,Talara,La Brea,199-2016-OEFA/DE
-81.29634,-4.67733,1588,VII/VI,"Pozo mal abandonado, suelos contaminados con efluente o derrame",2014,Medio,Medio,Medio,Intercuenca 1391,Región Hidrografica del Pacífico,Piura,Talara,La Brea,20-2015-OEFA/DE
-81.28523,-4.63456,1589,I,Pozo mal abandonado,2014,Bajo,Bajo,Bajo,Intercuenca 1391,Región Hidrografica del Pacífico,Piura,Talara,La Brea,231-2014-OEFA/DE
-81.24795,-4.63215,1650,VII/VI,"Pozo mal abandonado, suelos contaminados con efluente o derrame, emisiones",2015,Medio,Medio,Medio,Intercuenca 1391,Región Hidrografica del Pacífico,Piura,Talara,La Brea,246-2015-OEFA/DE
-81.2274,-4.67209,1651,VII/VI,Pozo mal abandonado,2015,Bajo,Bajo,Bajo,Intercuenca 1391,Región Hidrografica del Pacífico,Piura,Talara,La Brea,246-2015-OEFA/DE
-81.27516,-4.66703,1652,VII/VI,"Pozo mal abandonado, emisiones",2015,Medio,Medio,Medio,Intercuenca 1391,Región Hidrografica del Pacífico,Piura,Talara,La Brea,246-2015-OEFA/DE
-81.27682,-4.66456,1653,VII/VI,"Pozo mal abandonado, suelos contaminados con efluente o derrame, emisiones",2015,Medio,Medio,Medio,Intercuenca 1391,Región Hidrografica del Pacífico,Piura,Talara,La Brea,246-2015-OEFA/DE
-81.26813,-4.70163,1455,VII/VI,"Pozo mal abandonado, suelos contaminados con efluente o derrame",2015,Medio,Medio,Medio,Intercuenca 1391,Región Hidrografica del Pacífico,Piura,Talara,La Brea,017-2016-OEFA/DE
-81.28262,-4.69063,1456,VII/VI,"Pozo mal abandonado, suelos contaminados con efluente o derrame, emisiones",2015,Medio,Medio,Medio,Intercuenca 1391,Región Hidrografica del Pacífico,Piura,Talara,La Brea,017-2016-OEFA/DE
-81.26329,-4.68435,1457,VII/VI,Pozo mal abandonado,2015,Bajo,Bajo,Bajo,Intercuenca 1391,Región Hidrografica del Pacífico,Piura,Talara,La Brea,017-2016-OEFA/DE
-81.27264,-4.6827,1458,VII/VI,Pozo mal abandonado,2015,Bajo,Bajo,Bajo,Intercuenca 1391,Región Hidrografica del Pacífico,Piura,Talara,La Brea,017-2016-OEFA/DE
-81.29626,-4.67201,1519,VII/VI,"Pozo mal abandonado, suelos contaminados con efluente o derrame",2015,Medio,Medio,Medio,Intercuenca 1391,Región Hidrografica del Pacífico,Piura,Talara,La Brea,017-2016-OEFA/DE
-81.2303,-4.50068,1520,VII/VI,Pozo mal abandonado,2015,Bajo,Bajo,Bajo,Cuenca Pariñas,Región Hidrografica del Pacífico,Piura,Talara,Pariñas,017-2016-OEFA/DE
-81.23889,-4.61941,1521,VII/VI,Pozo mal abandonado,2015,Bajo,Bajo,Bajo,Intercuenca 1391,Región Hidrografica del Pacífico,Piura,Talara,La Brea,017-2016-OEFA/DE
-81.23328,-4.7507,1522,VII/VI,Pozo mal abandonado,2015,Bajo,Bajo,Bajo,Intercuenca 1391,Región Hidrografica del Pacífico,Piura,Talara,La Brea,017-2016-OEFA/DE
-81.28138,-4.7131,1590,VII/VI,"Pozo mal abandonado, suelos contaminados con efluente o derrame, emisiones",2015,Medio,Medio,Medio,Intercuenca 1391,Región Hidrografica del Pacífico,Piura,Talara,La Brea,246-2015-OEFA/DE
-81.26152,-4.68332,1591,VII/VI,"Pozo mal abandonado, suelos contaminados con efluente o derrame, emisiones",2015,Medio,Medio,Medio,Intercuenca 1391,Región Hidrografica del Pacífico,Piura,Talara,La Brea,246-2015-OEFA/DE
-81.26318,-4.69166,1592,VII/VI,"Pozo mal abandonado, suelos contaminados con efluente o derrame",2015,Medio,Medio,Medio,Intercuenca 1391,Región Hidrografica del Pacífico,Piura,Talara,La Brea,246-2015-OEFA/DE
-81.27052,-4.7131,1593,VII/VI,"Pozo mal abandonado, suelos contaminados con efluente o derrame, emisiones",2015,Medio,Medio,Medio,Intercuenca 1391,Región Hidrografica del Pacífico,Piura,Talara,La Brea,246-2015-OEFA/DE
-81.26169,-4.59664,1654,I,Suelos contaminados con efluente o derrame,2015,Medio,Medio,Medio,Intercuenca 1391,Región Hidrografica del Pacífico,Piura,Talara,Pariñas,246-2015-OEFA/DE
-81.29416,-4.72005,1655,VII/VI,"Pozo mal abandonado, suelos contaminados con efluente o derrame",2015,Medio,Medio,Medio,Intercuenca 1391,Región Hidrografica del Pacífico,Piura,Talara,La Brea,246-2015-OEFA/DE
-81.27454,-4.61892,1656,I,Pozo mal abandonado,2014,Bajo,Bajo,Bajo,Intercuenca 1391,Región Hidrografica del Pacífico,Piura,Talara,La Brea,231-2014-OEFA/DE
-81.26887,-4.70665,1657,VII/VI,"Pozo mal abandonado, suelos contaminados con efluente o derrame",2015,Medio,Medio,Medio,Intercuenca 1391,Región Hidrografica del Pacífico,Piura,Talara,La Brea,246-2015-OEFA/DE
-81.27357,-4.68402,1459,VII/VI,Pozo mal abandonado,2015,Bajo,Bajo,Bajo,Intercuenca 1391,Región Hidrografica del Pacífico,Piura,Talara,La Brea,017-2016-OEFA/DE
-81.22666,-4.64401,1460,VII/VI,"Pozo mal abandonado, emisiones",2013,Medio,Medio,Medio,Intercuenca 1391,Región Hidrografica del Pacífico,Piura,Talara,La Brea,020-2015-OEFA/DE
-81.24511,-4.52575,1461,VII/VI,"Pozo mal abandonado, emisiones",2014,Medio,Medio,Medio,Cuenca Pariñas,Región Hidrografica del Pacífico,Piura,Talara,Pariñas,231-2014-OEFA/DE
-81.26858,-4.68724,1462,VII/VI,"Pozo mal abandonado, suelos contaminados con efluente o derrame, emisiones",2015,Medio,Medio,Medio,Intercuenca 1391,Región Hidrografica del Pacífico,Piura,Talara,La Brea,017-2016-OEFA/DE
-81.22052,-4.75347,1523,VII/VI,Pozo mal abandonado,2015,Bajo,Bajo,Bajo,Intercuenca 1391,Región Hidrografica del Pacífico,Piura,Talara,La Brea,017-2016-OEFA/DE
-81.24379,-4.64033,1524,VII/VI,Pozo mal abandonado,2015,Bajo,Bajo,Bajo,Intercuenca 1391,Región Hidrografica del Pacífico,Piura,Talara,La Brea,017-2016-OEFA/DE
-81.2447,-4.63945,1525,VII/VI,"Pozo mal abandonado, suelos contaminados con efluente o derrame",2015,Bajo,Medio,Medio,Intercuenca 1391,Región Hidrografica del Pacífico,Piura,Talara,La Brea,017-2016-OEFA/DE
-81.22351,-4.65645,1526,VII/VI,"Pozo mal abandonado, suelos contaminados con efluente o derrame, emisiones",2015,Medio,Medio,Medio,Intercuenca 1391,Región Hidrografica del Pacífico,Piura,Talara,La Brea,017-2016-OEFA/DE
-81.26208,-4.69799,1594,VII/VI,"Pozo mal abandonado, suelos contaminados con efluente o derrame",2015,Medio,Medio,Medio,Intercuenca 1391,Región Hidrografica del Pacífico,Piura,Talara,La Brea,246-2015-OEFA/DE
-81.25815,-4.69296,1595,VII/VI,"Pozo mal abandonado, suelos contaminados con efluente o derrame",2015,Medio,Medio,Medio,Intercuenca 1391,Región Hidrografica del Pacífico,Piura,Talara,La Brea,246-2015-OEFA/DE
-81.26445,-4.69468,1596,VII/VI,"Pozo mal abandonado, suelos contaminados con efluente o derrame, emisiones",2015,Medio,Medio,Medio,Intercuenca 1391,Región Hidrografica del Pacífico,Piura,Talara,La Brea,246-2015-OEFA/DE
-81.2625,-4.68331,1597,VII/VI,"Pozo mal abandonado, suelos contaminados con efluente o derrame, emisiones",2015,Medio,Medio,Medio,Intercuenca 1391,Región Hidrografica del Pacífico,Piura,Talara,La Brea,246-2015-OEFA/DE
-81.27404,-4.71278,1658,VII/VI,"Pozo mal abandonado, emisiones",2015,Medio,Medio,Medio,Intercuenca 1391,Región Hidrografica del Pacífico,Piura,Talara,La Brea,246-2015-OEFA/DE
-81.27892,-4.65925,1659,VII/VI,"Pozo mal abandonado, suelos contaminados con efluente o derrame",2015,Medio,Medio,Medio,Intercuenca 1391,Región Hidrografica del Pacífico,Piura,Talara,La Brea,246-2015-OEFA/DE
-81.24105,-4.69186,1660,VII/VI,"Pozo mal abandonado, suelos contaminados con efluente o derrame, emisiones",2015,Medio,Medio,Medio,Intercuenca 1391,Región Hidrografica del Pacífico,Piura,Talara,La Brea,246-2015-OEFA/DE
-81.24577,-4.62317,1661,VII/VI,"Pozo mal abandonado, emisiones",2015,Bajo,Medio,Bajo,Intercuenca 1391,Región Hidrografica del Pacífico,Piura,Talara,La Brea,246-2015-OEFA/DE
-81.12525,-4.64945,1463,III,"Pozo mal abandonado, suelos contaminados con efluente o derrame, restos o depósitos de residuos",2014,Medio,Medio,Medio,Intercuenca 1391,Región Hidrografica del Pacífico,Piura,Talara,La Brea,0009-2015-OEFA/DE
-81.27598,-4.69001,1464,VII/VI,Pozo mal abandonado,2015,Bajo,Bajo,Bajo,Intercuenca 1391,Región Hidrografica del Pacífico,Piura,Talara,La Brea,017-2016-OEFA/DE
-81.2781,-4.68477,1465,VII/VI,Pozo mal abandonado,2015,Bajo,Bajo,Bajo,Intercuenca 1391,Región Hidrografica del Pacífico,Piura,Talara,La Brea,017-2016-OEFA/DE
-81.29449,-4.66173,1466,VII/VI,"Pozo mal abandonado, suelos contaminados con efluente o derrame",2015,Medio,Medio,Medio,Intercuenca 1391,Región Hidrografica del Pacífico,Piura,Talara,La Brea,017-2016-OEFA/DE
-81.32144,-4.68698,1527,VII/VI,"Pozo mal abandonado, suelos contaminados con efluente o derrame",2014,Medio,Medio,Medio,Intercuenca 1391,Región Hidrografica del Pacífico,Piura,Talara,La Brea,199-2016-OEFA/DE
-81.24448,-4.67132,1528,VII/VI,"Pozo mal abandonado, suelos contaminados con efluente o derrame, emisiones",2013,Medio,Medio,Medio,Intercuenca 1391,Región Hidrografica del Pacífico,Piura,Talara,La Brea,231-2014-OEFA/DE
-81.22151,-4.62781,1529,VII/VI,"Pozo mal abandonado, suelos contaminados con efluente o derrame, emisiones",2015,Medio,Medio,Medio,Intercuenca 1391,Región Hidrografica del Pacífico,Piura,Talara,La Brea,017-2016-OEFA/DE
-81.28181,-4.64101,1530,VII/VI,Pozo mal abandonado,2015,Bajo,Bajo,Bajo,Intercuenca 1391,Región Hidrografica del Pacífico,Piura,Talara,La Brea,017-2016-OEFA/DE
-81.29621,-4.66234,1598,VII/VI,"Pozo mal abandonado, suelos contaminados con efluente o derrame",2014,Medio,Medio,Medio,Intercuenca 1391,Región Hidrografica del Pacífico,Piura,Talara,La Brea,20-2015-OEFA/DE
-81.27448,-4.60186,1599,I,"Pozo mal abandonado, suelos contaminados con efluente o derrame",2014,Medio,Medio,Medio,Intercuenca 1391,Región Hidrografica del Pacífico,Piura,Talara,Pariñas,231-2014-OEFA/DE
-81.26165,-4.68605,1600,VII/VI,"Pozo mal abandonado, suelos contaminados con efluente o derrame",2015,Medio,Medio,Medio,Intercuenca 1391,Región Hidrografica del Pacífico,Piura,Talara,La Brea,246-2015-OEFA/DE
-81.26195,-4.69012,1601,VII/VI,"Pozo mal abandonado, suelos contaminados con efluente o derrame, emisiones",2015,Medio,Medio,Medio,Intercuenca 1391,Región Hidrografica del Pacífico,Piura,Talara,La Brea,246-2015-OEFA/DE
-81.24152,-4.62351,1662,VII/VI,"Pozo mal abandonado, emisiones",2015,Medio,Medio,Medio,Intercuenca 1391,Región Hidrografica del Pacífico,Piura,Talara,La Brea,246-2015-OEFA/DE
-81.24537,-4.63458,1663,VII/VI,Pozo mal abandonado,2015,Bajo,Bajo,Bajo,Intercuenca 1391,Región Hidrografica del Pacífico,Piura,Talara,La Brea,246-2015-OEFA/DE
-81.2422,-4.63462,1664,VII/VI,"Pozo mal abandonado, suelos contaminados con efluente o derrame, emisiones",2015,Medio,Medio,Medio,Intercuenca 1391,Región Hidrografica del Pacífico,Piura,Talara,La Brea,246-2015-OEFA/DE
-81.2416,-4.636,1665,VII/VI,"Pozo mal abandonado, suelos contaminados con efluente o derrame, emisiones",2015,Bajo,Medio,Medio,Intercuenca 1391,Región Hidrografica del Pacífico,Piura,Talara,La Brea,246-2015-OEFA/DE
-81.2468,-4.68557,1467,VII/VI,Pozo mal abandonado,2013,Bajo,Bajo,Bajo,Intercuenca 1391,Región Hidrografica del Pacífico,Piura,Talara,La Brea,020-2015-OEFA/DE
-81.29165,-4.48071,1468,VII/VI,"Pozo mal abandonado, suelos contaminados con efluente o derrame",2014,Medio,Medio,Medio,Intercuenca 13931,Región Hidrografica del Pacífico,Piura,Talara,Lobitos,231-2014-OEFA/DE
-81.24181,-4.64027,1469,VII/VI,Pozo mal abandonado,2015,Bajo,Bajo,Bajo,Intercuenca 1391,Región Hidrografica del Pacífico,Piura,Talara,La Brea,017-2016-OEFA/DE
-81.28733,-4.65051,1470,VII/VI,"Pozo mal abandonado, suelos contaminados con efluente o derrame, emisiones",2015,Medio,Medio,Medio,Intercuenca 1391,Región Hidrografica del Pacífico,Piura,Talara,La Brea,017-2016-OEFA/DE
-81.23971,-4.62047,1531,VII/VI,Pozo mal abandonado,2015,Bajo,Bajo,Bajo,Intercuenca 1391,Región Hidrografica del Pacífico,Piura,Talara,La Brea,017-2016-OEFA/DE
-81.24555,-4.62011,1532,VII/VI,"Pozo mal abandonado, suelos contaminados con efluente o derrame",2015,Medio,Medio,Medio,Intercuenca 1391,Región Hidrografica del Pacífico,Piura,Talara,La Brea,017-2016-OEFA/DE
-81.24693,-4.61996,1533,VII/VI,"Pozo mal abandonado, suelos contaminados con efluente o derrame",2015,Bajo,Medio,Medio,Intercuenca 1391,Región Hidrografica del Pacífico,Piura,Talara,La Brea,017-2016-OEFA/DE
-81.24885,-4.61517,1534,VII/VI,"Pozo mal abandonado, emisiones",2015,Medio,Medio,Medio,Intercuenca 1391,Región Hidrografica del Pacífico,Piura,Talara,La Brea,017-2016-OEFA/DE
-81.26103,-4.69249,1602,VII/VI,"Pozo mal abandonado, suelos contaminados con efluente o derrame",2015,Medio,Medio,Medio,Intercuenca 1391,Región Hidrografica del Pacífico,Piura,Talara,La Brea,246-2015-OEFA/DE
-81.22417,-4.63067,1603,VII/VI,"Pozo mal abandonado, suelos contaminados con efluente o derrame",2015,Medio,Medio,Medio,Intercuenca 1391,Región Hidrografica del Pacífico,Piura,Talara,La Brea,246-2015-OEFA/DE
-81.20763,-4.65115,1604,VII/VI,"Pozo mal abandonado, suelos contaminados con efluente o derrame",2015,Medio,Medio,Medio,Intercuenca 1391,Región Hidrografica del Pacífico,Piura,Talara,La Brea,246-2015-OEFA/DE
-81.23362,-4.62974,1605,VII/VI,Pozo mal abandonado,2015,Bajo,Bajo,Bajo,Intercuenca 1391,Región Hidrografica del Pacífico,Piura,Talara,La Brea,246-2015-OEFA/DE
-81.18456,-4.66341,1666,VII/VI,"Pozo mal abandonado, suelos contaminados con efluente o derrame",2014,Medio,Medio,Medio,Intercuenca 1391,Región Hidrografica del Pacífico,Piura,Talara,La Brea,20-2015-OEFA/DE
-81.26084,-4.69471,1667,VII/VI,Pozo mal abandonado,2015,Bajo,Bajo,Bajo,Intercuenca 1391,Región Hidrografica del Pacífico,Piura,Talara,La Brea,246-2015-OEFA/DE
-81.26461,-4.70187,1668,VII/VI,"Pozo mal abandonado, suelos contaminados con efluente o derrame, emisiones",2015,Medio,Medio,Medio,Intercuenca 1391,Región Hidrografica del Pacífico,Piura,Talara,La Brea,246-2015-OEFA/DE
-81.26394,-4.7004,1669,VII/VI,"Pozo mal abandonado, emisiones",2015,Bajo,Medio,bajo,Intercuenca 1391,Región Hidrografica del Pacífico,Piura,Talara,La Brea,246-2015-OEFA/DE
-81.2846,-4.65051,1471,VII/VI,Pozo mal abandonado,2015,Bajo,Bajo,Bajo,Intercuenca 1391,Región Hidrografica del Pacífico,Piura,Talara,La Brea,017-2016-OEFA/DE
-81.24626,-4.68081,1472,VII/VI,Pozo mal abandonado,2013,Bajo,Bajo,Bajo,Intercuenca 1391,Región Hidrografica del Pacífico,Piura,Talara,La Brea,020-2015-OEFA/DE
-81.26531,-4.43656,1473,VII/VI,Pozo mal abandonado,2014,Bajo,Bajo,Bajo,Intercuenca 13931,Región Hidrografica del Pacífico,Piura,Talara,Lobitos,231-2014-OEFA/DE
-81.31073,-4.67286,1474,VII/VI,"Pozo mal abandonado, suelos contaminados con efluente o derrame",2015,Medio,Medio,Medio,Intercuenca 1391,Región Hidrografica del Pacífico,Piura,Talara,La Brea,017-2016-OEFA/DE
-81.29678,-4.71338,1535,VII/VI,"Pozo mal abandonado, suelos contaminados con efluente o derrame, emisiones",2015,Medio,Medio,Medio,Intercuenca 1391,Región Hidrografica del Pacífico,Piura,Talara,La Brea,017-2016-OEFA/DE
-81.29281,-4.6704,1536,VII/VI,"Pozo mal abandonado, suelos contaminados con efluente o derrame",2015,Medio,Medio,Medio,Intercuenca 1391,Región Hidrografica del Pacífico,Piura,Talara,La Brea,017-2016-OEFA/DE
-81.29507,-4.64707,1537,VII/VI,"Pozo mal abandonado, suelos contaminados con efluente o derrame",2015,Medio,Medio,Medio,Intercuenca 1391,Región Hidrografica del Pacífico,Piura,Talara,La Brea,017-2016-OEFA/DE
-81.20967,-4.38921,1538,X,Pozo mal abandonado,2014,Bajo,Bajo,Bajo,Cuenca Pariñas,Región Hidrografica del Pacífico,Piura,Talara,Lobitos,199-2016-OEFA/DE
-81.23954,-4.62951,1606,VII/VI,"Pozo mal abandonado, emisiones",2015,Bajo,Medio,Bajo,Intercuenca 1391,Región Hidrografica del Pacífico,Piura,Talara,La Brea,246-2015-OEFA/DE
-81.24657,-4.63159,1607,VII/VI,"Pozo mal abandonado, emisiones",2015,Bajo,Medio,Bajo,Intercuenca 1391,Región Hidrografica del Pacífico,Piura,Talara,La Brea,246-2015-OEFA/DE
-81.3228,-4.68628,1608,VII/VI,Pozo mal abandonado,2015,Bajo,Bajo,Bajo,Intercuenca 1391,Región Hidrografica del Pacífico,Piura,Talara,La Brea,246-2015-OEFA/DE
-81.26706,-4.69844,1609,VII/VI,"Pozo mal abandonado, suelos contaminados con efluente o derrame",2014,Medio,Medio,Medio,Intercuenca 1391,Región Hidrografica del Pacífico,Piura,Talara,La Brea,20-2015-OEFA/DE
-81.25779,-4.68737,1670,VII/VI,"Pozo mal abandonado, suelos contaminados con efluente o derrame, emisiones",2015,Medio,Medio,Medio,Intercuenca 1391,Región Hidrografica del Pacífico,Piura,Talara,La Brea,246-2015-OEFA/DE
-81.25753,-4.68765,1671,VII/VI,"Pozo mal abandonado, suelos contaminados con efluente o derrame, emisiones",2015,Medio,Medio,Medio,Intercuenca 1391,Región Hidrografica del Pacífico,Piura,Talara,La Brea,246-2015-OEFA/DE
-81.26216,-4.6947,1672,VII/VI,"Pozo mal abandonado, suelos contaminados con efluente o derrame, emisiones",2015,Medio,Medio,Medio,Intercuenca 1391,Región Hidrografica del Pacífico,Piura,Talara,La Brea,246-2015-OEFA/DE
-81.27993,-4.68799,1673,VII/VI,"Pozo mal abandonado, suelos contaminados con efluente o derrame",2015,Medio,Medio,Medio,Intercuenca 1391,Región Hidrografica del Pacífico,Piura,Talara,La Brea,246-2015-OEFA/DE
-81.30947,-4.67674,1475,VII/VI,"Pozo mal abandonado, suelos contaminados con efluente o derrame",2015,Medio,Medio,Medio,Intercuenca 1391,Región Hidrografica del Pacífico,Piura,Talara,La Brea,017-2016-OEFA/DE
-81.30863,-4.67651,1476,VII/VI,"Pozo mal abandonado, suelos contaminados con efluente o derrame",2015,Medio,Medio,Medio,Intercuenca 1391,Región Hidrografica del Pacífico,Piura,Talara,La Brea,017-2016-OEFA/DE
-81.31263,-4.67755,1477,VII/VI,Pozo mal abandonado,2015,Bajo,Bajo,Bajo,Intercuenca 1391,Región Hidrografica del Pacífico,Piura,Talara,La Brea,017-2016-OEFA/DE
-81.31425,-4.67703,1478,VII/VI,"Pozo mal abandonado, suelos contaminados con efluente o derrame",2015,Medio,Medio,Medio,Intercuenca 1391,Región Hidrografica del Pacífico,Piura,Talara,La Brea,017-2016-OEFA/DE
-81.2846,-4.68825,1539,VII/VI,"Pozo mal abandonado, suelos contaminados con efluente o derrame, emisiones, restos o depósitos de residuos",2014,Medio,Medio,Medio,Intercuenca 1391,Región Hidrografica del Pacífico,Piura,Talara,La Brea,20-2015-OEFA/DE
-81.28025,-4.69295,1540,VII/VI,"Pozo mal abandonado, emisiones",2013,Medio,Medio,Medio,Intercuenca 1391,Región Hidrografica del Pacífico,Piura,Talara,La Brea,231-2014-OEFA/DE
-81.28326,-4.70213,1541,VII/VI,"Pozo mal abandonado, suelos contaminados con efluente o derrame",2015,Medio,Medio,Medio,Intercuenca 1391,Región Hidrografica del Pacífico,Piura,Talara,La Brea,017-2016-OEFA/DE
-81.26543,-4.70525,1543,VII/VI,"Pozo mal abandonado, suelos contaminados con efluente o derrame, emisiones",2015,Medio,Medio,Medio,Intercuenca 1391,Región Hidrografica del Pacífico,Piura,Talara,La Brea,017-2016-OEFA/DE
-81.27861,-4.60997,1610,I,"Pozo mal abandonado, suelos contaminados con efluente o derrame",2014,Medio,Medio,Medio,Intercuenca 1391,Región Hidrografica del Pacífico,Piura,Talara,La Brea,231-2014-OEFA/DE
-81.31615,-4.68149,1611,VII/VI,Pozo mal abandonado,2015,Bajo,Bajo,Bajo,Intercuenca 1391,Región Hidrografica del Pacífico,Piura,Talara,La Brea,246-2015-OEFA/DE
-81.29072,-4.67032,1612,VII/VI,Pozo mal abandonado,2015,Bajo,Bajo,Bajo,Intercuenca 1391,Región Hidrografica del Pacífico,Piura,Talara,La Brea,246-2015-OEFA/DE
-81.12719,-4.87552,1613,III,"Pozo mal abandonado, suelos contaminados con efluente o derrame, emisiones",2014,Medio,Medio,Medio,Cuenca Chira,Región Hidrografica del Pacífico,Piura,Paita,Vichayal,0009-2015-OEFA/DE
-81.27592,-4.69456,1674,VII/VI,"Pozo mal abandonado, suelos contaminados con efluente o derrame, emisiones",2015,Medio,Medio,Medio,Intercuenca 1391,Región Hidrografica del Pacífico,Piura,Talara,La Brea,246-2015-OEFA/DE
-81.27413,-4.69389,1675,VII/VI,"Pozo mal abandonado, suelos contaminados con efluente o derrame, emisiones",2015,Medio,Medio,Medio,Intercuenca 1391,Región Hidrografica del Pacífico,Piura,Talara,La Brea,246-2015-OEFA/DE
-81.27793,-4.69612,1676,VII/VI,Pozo mal abandonado,2015,Bajo,Bajo,Bajo,Intercuenca 1391,Región Hidrografica del Pacífico,Piura,Talara,La Brea,246-2015-OEFA/DE
-81.13447,-4.20424,1677,X,Pozo mal abandonado y emisiones fugitivas provenientes del pozo,2018,Bajo,Medio,Bajo,Intercuenca 13931,Región Hidrografica del Pacífico,Piura,Talara,Los Órganos,Oficio N° 257-2018-OEFA/DEAM
-81.28901,-4.67813,1479,VII/VI,"Pozo mal abandonado, emisiones",2015,Bajo,Medio,Bajo,Intercuenca 1391,Región Hidrografica del Pacífico,Piura,Talara,La Brea,017-2016-OEFA/DE
-81.26738,-4.69005,1480,VII/VI,Pozo mal abandonado,2015,Bajo,Bajo,Bajo,Intercuenca 1391,Región Hidrografica del Pacífico,Piura,Talara,La Brea,017-2016-OEFA/DE
-81.24689,-4.68686,1481,VII/VI,Pozo mal abandonado,2013,Bajo,Bajo,Bajo,Intercuenca 1391,Región Hidrografica del Pacífico,Piura,Talara,La Brea,020-2015-OEFA/DE
-81.26749,-4.45429,1482,VII/VI,"Pozo mal abandonado, suelos contaminados con efluente o derrame",2014,Medio,Medio,Medio,Intercuenca 13931,Región Hidrografica del Pacífico,Piura,Talara,Lobitos,231-2014-OEFA/DE
-81.26962,-4.72037,1544,VII/VI,Pozo mal abandonado,2015,Bajo,Bajo,Bajo,Intercuenca 1391,Región Hidrografica del Pacífico,Piura,Talara,La Brea,017-2016-OEFA/DE
-81.27413,-4.70183,1545,VII/VI,Pozo mal abandonado,2015,Bajo,Bajo,Bajo,Intercuenca 1391,Región Hidrografica del Pacífico,Piura,Talara,La Brea,017-2016-OEFA/DE
-81.27452,-4.6957,1546,VII/VI,Pozo mal abandonado,2015,Bajo,Bajo,Bajo,Intercuenca 1391,Región Hidrografica del Pacífico,Piura,Talara,La Brea,017-2016-OEFA/DE
-81.27453,-4.69556,1547,VII/VI,Pozo mal abandonado,2015,Bajo,Bajo,Bajo,Intercuenca 1391,Región Hidrografica del Pacífico,Piura,Talara,La Brea,017-2016-OEFA/DE
-80.6661,-3.67665,2427,XX (ex Lote XIV),Pozo mal abandonado,2016,Bajo,Bajo,Bajo,Intercuenca 13939,Región Hidrografica del Pacífico,Tumbes,Contralmirante Villar,Zorritos,347-2016-OEFA/DE
-81.23939,-4.62496,2428,VII/VI,Pozo mal abandonado,2014,------,Alto,------,Intercuenca 1391,Región Hidrografica del Pacífico,Piura,Talara,La Brea,206-2014-OEFA/DE
-81.24172,-4.62676,2429,VII/VI,Pozo mal abandonado,2014,Bajo,Bajo,Bajo,Intercuenca 1391,Región Hidrografica del Pacífico,Piura,Talara,La Brea,206-2014-OEFA/DE
-81.24408,-4.62607,2430,VII/VI,Pozo mal abandonado,2014,Bajo,Bajo,Bajo,Intercuenca 1391,Región Hidrografica del Pacífico,Piura,Talara,La Brea,206-2014-OEFA/DE
-81.24443,-4.54078,2241,VII/VI,"Pozo mal abandonado, restos o depósitos de residuos",2014,Bajo,Bajo,Bajo,Cuenca Pariñas,Región Hidrografica del Pacífico,Piura,Talara,Pariñas,223-2014-OEFA/DE
-81.25006,-4.48954,2242,VII/VI,Pozo mal abandonado,2014,Bajo,Bajo,Bajo,Cuenca Pariñas,Región Hidrografica del Pacífico,Piura,Talara,Pariñas,223-2014-OEFA/DE
-81.26695,-4.69246,2243,VII/VI,"Pozo mal abandonado, suelos contaminados con efluente o derrame, restos o depósitos de residuos",2014,Medio,Medio,Medio,Intercuenca 1391,Región Hidrografica del Pacífico,Piura,Talara,La Brea,223-2014-OEFA/DE
-81.29109,-4.68122,2244,VII/VI,"Pozo mal abandonado, suelos contaminados con efluente o derrame, restos o depósitos de residuos",2014,Medio,Medio,Medio,Intercuenca 1391,Región Hidrografica del Pacífico,Piura,Talara,La Brea,223-2014-OEFA/DE
-81.23648,-4.48826,2305,VII/VI,"Pozo mal abandonado, suelos contaminados con efluente o derrame, restos o depósitos de residuos",2014,Medio,Medio,Medio,Cuenca Pariñas,Región Hidrografica del Pacífico,Piura,Talara,Pariñas,214-2014-OEFA/DE
-81.18738,-4.6533,2306,VII/VI,"Pozo mal abandonado, suelos contaminados con efluente o derrame",2014,Medio,Medio,Medio,Intercuenca 1391,Región Hidrografica del Pacífico,Piura,Talara,La Brea,214-2014-OEFA/DE
-81.18667,-4.65128,2307,VII/VI,Pozo mal abandonado,2014,Bajo,Bajo,Bajo,Intercuenca 1391,Región Hidrografica del Pacífico,Piura,Talara,La Brea,214-2014-OEFA/DE
-81.30025,-4.48344,2308,VII/VI,"Pozo mal abandonado, suelos contaminados con efluente o derrame",2014,Medio,Medio,Medio,Intercuenca 13931,Región Hidrografica del Pacífico,Piura,Talara,Lobitos,214-2014-OEFA/DE
-81.2385,-4.55263,2365,VII/VI,"Pozo mal abandonado, suelos contaminados con efluente o derrame",2014,Medio,Medio,Medio,Intercuenca 1391,Región Hidrografica del Pacífico,Piura,Talara,Pariñas,213-2014-OEFA/DE
-81.16743,-4.67593,2366,III,"Pozo mal abandonado, suelos contaminados con efluente o derrame",2014,Medio,Medio,Medio,Intercuenca 1391,Región Hidrografica del Pacífico,Piura,Talara,La Brea,015-2015-OEFA/DE
-81.32,-4.67969,2367,VII/VI,"Pozo mal abandonado, suelos contaminados con efluente o derrame, emisiones",2014,Medio,Medio,Medio,Intercuenca 1391,Región Hidrografica del Pacífico,Piura,Talara,La Brea,231-2014-OEFA/DE
-81.23519,-4.56784,2368,I,"Pozo mal abandonado, suelos contaminados con efluente o derrame",2014,Bajo,Medio,Medio,Intercuenca 1391,Región Hidrografica del Pacífico,Piura,Talara,Pariñas,213-2014-OEFA/DE
-81.24041,-4.3006,2431,X,Pozo mal abandonado,2016,Bajo,Bajo,Bajo,Intercuenca 13931,Región Hidrografica del Pacífico,Piura,Talara,El Alto,347-2016-OEFA/DE
-81.19879,-4.48594,2432,VII/VI,"Pozo mal abandonado, suelos contaminados con efluente o derrame",2014,Medio,Medio,Medio,Cuenca Pariñas,Región Hidrografica del Pacífico,Piura,Talara,Pariñas,206-2014-OEFA/DE
-81.23121,-4.28162,2433,X,"Pozo mal abandonado, suelos contaminados con efluente o derrame",2016,Medio,Medio,Medio,Intercuenca 13931,Región Hidrografica del Pacífico,Piura,Talara,El Alto,347-2016-OEFA/DE
-81.18323,-4.47841,2434,IV,Pozo mal abandonado,2014,Bajo,Bajo,Bajo,Cuenca Pariñas,Región Hidrografica del Pacífico,Piura,Talara,Pariñas,206-2014-OEFA/DE
-81.30514,-4.67516,2245,VII/VI,"Pozo mal abandonado, suelos contaminados con efluente o derrame, restos o depósitos de residuos",2014,Medio,Medio,Medio,Intercuenca 1391,Región Hidrografica del Pacífico,Piura,Talara,La Brea,223-2014-OEFA/DE
-81.24684,-4.63517,2246,VII/VI,Pozo mal abandonado,2014,Bajo,Bajo,Bajo,Intercuenca 1391,Región Hidrografica del Pacífico,Piura,Talara,La Brea,223-2014-OEFA/DE
-81.24607,-4.63328,2247,VII/VI,Pozo mal abandonado,2014,Bajo,Bajo,Bajo,Intercuenca 1391,Región Hidrografica del Pacífico,Piura,Talara,La Brea,223-2014-OEFA/DE
-81.27824,-4.45368,2248,VII/VI,Pozo mal abandonado,2014,Bajo,Bajo,Bajo,Intercuenca 13931,Región Hidrografica del Pacífico,Piura,Talara,Lobitos,223-2014-OEFA/DE
-81.18667,-4.64972,2309,VII/VI,"Pozo mal abandonado, suelos contaminados con efluente o derrame, restos o depósitos de residuos",2014,Medio,Medio,Medio,Intercuenca 1391,Región Hidrografica del Pacífico,Piura,Talara,La Brea,214-2014-OEFA/DE
-81.18771,-4.6505,2310,VII/VI,Pozo mal abandonado,2014,Bajo,Bajo,Bajo,Intercuenca 1391,Región Hidrografica del Pacífico,Piura,Talara,La Brea,214-2014-OEFA/DE
-81.29612,-4.63783,2311,I,Suelos contaminados con efluente o derrame,2014,Medio,Medio,Medio,Intercuenca 1391,Región Hidrografica del Pacífico,Piura,Talara,La Brea,124-2016-OEFA/DE
-81.12551,-4.65398,2312,III,"Pozo mal abandonado, suelos contaminados con efluente o derrame, restos o depósitos de residuos",2014,Medio,Medio,Medio,Intercuenca 1391,Región Hidrografica del Pacífico,Piura,Talara,La Brea,015-2015-OEFA/DE
-81.28911,-4.63466,2369,I,"Pozo mal abandonado, suelos contaminados con efluente o derrame",2014,Medio,Medio,Medio,Intercuenca 1391,Región Hidrografica del Pacífico,Piura,Talara,La Brea,213-2014-OEFA/DE
-81.23399,-4.50426,2370,VII/VI,"Pozo mal abandonado, suelos contaminados con efluente o derrame",2014,Medio,Medio,Medio,Cuenca Pariñas,Región Hidrografica del Pacífico,Piura,Talara,Pariñas,213-2014-OEFA/DE
-81.23227,-4.51535,2371,VII/VI,"Pozo mal abandonado, instalaciones mal abandonadas, suelos contaminados con efluente o derrame",2013,Bajo,Medio,Medio,Cuenca Pariñas,Región Hidrografica del Pacífico,Piura,Talara,Pariñas,213-2014-OEFA/DE
-81.20572,-4.48608,2372,VII/VI,"Pozo mal abandonado, suelos contaminados con efluente o derrame",2014,Medio,Medio,Medio,Cuenca Pariñas,Región Hidrografica del Pacífico,Piura,Talara,Pariñas,213-2014-OEFA/DE
-81.23289,-4.28525,2435,X,Pozo mal abandonado,2016,Bajo,Bajo,Bajo,Intercuenca 13931,Región Hidrografica del Pacífico,Piura,Talara,El Alto,347-2016-OEFA/DE
-81.23068,-4.28312,2436,X,"Pozo mal abandonado, suelos contaminados con efluente o derrame",2016,Medio,Medio,Medio,Intercuenca 13931,Región Hidrografica del Pacífico,Piura,Talara,El Alto,347-2016-OEFA/DE
-81.20908,-4.57491,2437,IV,Pozo mal abandonado,2014,Bajo,Bajo,Bajo,Intercuenca 1391,Región Hidrografica del Pacífico,Piura,Talara,Pariñas,206-2014-OEFA/DE
-80.99837,-4.01799,2438,XX (ex Lote XIV),Pozo mal abandonado,2013,Bajo,Bajo,Bajo,Intercuenca 13935,Región Hidrografica del Pacífico,Tumbes,Contralmirante Villar,Canoas de Punta Sal,015-2015-OEFA/DE
-81.31998,-4.46829,2249,Z-2B,Pozo mal abandonado,2020,Bajo,Bajo,Bajo,,,Piura,Talara,Lobitos,Oficio N° 134-2020-OEFA-DEAM
-81.24392,-4.69351,2250,VII/VI,"Pozo mal abandonado, suelos contaminados con efluente o derrame, emisiones",2015,Medio,Medio,Medio,Intercuenca 1391,Región Hidrografica del Pacífico,Piura,Talara,La Brea,124-2016-OEFA/DE
-81.23966,-4.63745,2251,VII/VI,"Pozo mal abandonado, suelos contaminados con efluente o derrame, restos o depósitos de residuos",2014,Medio,Medio,Medio,Intercuenca 1391,Región Hidrografica del Pacífico,Piura,Talara,La Brea,15-2015-OEFA/DE
-81.21088,-4.63928,2252,VII/VI,"Pozo mal abandonado, emisiones",2013,Medio,Medio,Medio,Intercuenca 1391,Región Hidrografica del Pacífico,Piura,Talara,La Brea,231-2014-OEFA/DE
-81.23383,-4.64753,2313,VII/VI,Pozo mal abandonado,2014,Bajo,Bajo,Bajo,Intercuenca 1391,Región Hidrografica del Pacífico,Piura,Talara,La Brea,231-2014-OEFA/DE
-81.2232,-4.53122,2314,VII/VI,"Pozo mal abandonado, suelos contaminados con efluente o derrame",2014,Medio,Medio,Medio,Cuenca Pariñas,Región Hidrografica del Pacífico,Piura,Talara,Pariñas,214-2014-OEFA/DE
-81.22564,-4.53277,2315,VII/VI,"Pozo mal abandonado, suelos contaminados con efluente o derrame",2014,Medio,Medio,Medio,Cuenca Pariñas,Región Hidrografica del Pacífico,Piura,Talara,Pariñas,214-2014-OEFA/DE
-81.22238,-4.53289,2316,VII/VI,"Pozo mal abandonado, suelos contaminados con efluente o derrame",2014,Bajo,Medio,Medio,Cuenca Pariñas,Región Hidrografica del Pacífico,Piura,Talara,Pariñas,214-2014-OEFA/DE
-81.27334,-4.47697,2373,VII/VI,"Pozo mal abandonado, suelos contaminados con efluente o derrame",2014,Medio,Medio,Medio,Cuenca Pariñas,Región Hidrografica del Pacífico,Piura,Talara,Lobitos,213-2014-OEFA/DE
-81.22921,-4.59259,2374,I,"Pozo mal abandonado, suelos contaminados con efluente o derrame",2014,Medio,Medio,Medio,Intercuenca 1391,Región Hidrografica del Pacífico,Piura,Talara,Pariñas,213-2014-OEFA/DE
-81.19864,-4.49135,2375,VII/VI,Pozo mal abandonado,2014,Bajo,Bajo,Bajo,Cuenca Pariñas,Región Hidrografica del Pacífico,Piura,Talara,Pariñas,213-2014-OEFA/DE
-81.12857,-4.86568,2377,III,"Pozo mal abandonado, suelos contaminados con efluente o derrame",2014,Medio,Medio,Medio,Intercuenca 1391,Región Hidrografica del Pacífico,Piura,Paita,Vichayal,015-2015-OEFA/DE
-81.27638,-4.47352,2439,VII/VI,"Pozo mal abandonado, suelos contaminados con efluente o derrame, emisiones",2014,Medio,Medio,Medio,Cuenca Pariñas,Región Hidrografica del Pacífico,Piura,Talara,Lobitos,231-2014-OEFA/DE
-81.15909,-4.44696,2440,IV,"Pozo mal abandonado, suelos contaminados con efluente o derrame",2014,Medio,Medio,Medio,Cuenca Pariñas,Región Hidrografica del Pacífico,Piura,Talara,Pariñas,206-2014-OEFA/DE
-81.2551,-4.30098,2441,X,Pozo mal abandonado,2016,Bajo,Bajo,Bajo,Intercuenca 13931,Región Hidrografica del Pacífico,Piura,Talara,El Alto,347-2016-OEFA/DE
-81.16772,-4.4497,2442,IV,Pozo mal abandonado,2014,Bajo,Bajo,Bajo,Cuenca Pariñas,Región Hidrografica del Pacífico,Piura,Talara,Pariñas,206-2014-OEFA/DE
-81.28882,-4.45462,2253,VII/VI,Pozo mal abandonado,2014,Bajo,Bajo,Bajo,Intercuenca 13931,Región Hidrografica del Pacífico,Piura,Talara,Lobitos,223-2014-OEFA/DE
-81.18735,-4.64657,2254,VII/VI,"Pozo mal abandonado, suelos contaminados con efluente o derrame",2014,Medio,Medio,Medio,Intercuenca 1391,Región Hidrografica del Pacífico,Piura,Talara,La Brea,223-2014-OEFA/DE
-81.18515,-4.6516,2255,VII/VI,Pozo mal abandonado,2014,Bajo,Bajo,Bajo,Intercuenca 1391,Región Hidrografica del Pacífico,Piura,Talara,La Brea,223-2014-OEFA/DE
-81.18763,-4.65832,2256,VII/VI,"Pozo mal abandonado, suelos contaminados con efluente o derrame",2014,Medio,Medio,Medio,Intercuenca 1391,Región Hidrografica del Pacífico,Piura,Talara,La Brea,223-2014-OEFA/DE
-81.2301,-4.48781,2317,VII/VI,"Pozo mal abandonado, suelos contaminados con efluente o derrame",2014,Medio,Medio,Medio,Cuenca Pariñas,Región Hidrografica del Pacífico,Piura,Talara,Pariñas,214-2014-OEFA/DE
-81.19646,-4.60317,2318,IV,Pozo mal abandonado,2014,Bajo,Bajo,Bajo,Intercuenca 1391,Región Hidrografica del Pacífico,Piura,Talara,La Brea,214-2014-OEFA/DE
-81.18839,-4.48305,2319,IV,"Pozo mal abandonado, suelos contaminados con efluente o derrame",2014,Medio,Medio,Medio,Cuenca Pariñas,Región Hidrografica del Pacífico,Piura,Talara,Pariñas,214-2014-OEFA/DE
-81.23425,-4.48877,2320,VII/VI,"Pozo mal abandonado, suelos contaminados con efluente o derrame",2014,Medio,Medio,Medio,Cuenca Pariñas,Región Hidrografica del Pacífico,Piura,Talara,Pariñas,214-2014-OEFA/DE
-81.21335,-4.48937,2378,VII/VI,Pozo mal abandonado,2014,Bajo,Bajo,Bajo,Cuenca Pariñas,Región Hidrografica del Pacífico,Piura,Talara,Pariñas,213-2014-OEFA/DE
-81.21678,-4.47866,2379,VII/VI,"Pozo mal abandonado, suelos contaminados con efluente o derrame",2014,Medio,Medio,Medio,Cuenca Pariñas,Región Hidrografica del Pacífico,Piura,Talara,Pariñas,213-2014-OEFA/DE
-81.23204,-4.51698,2380,VII/VI,"Pozo mal abandonado, instalaciones mal abandonadas",2013,Bajo,Medio,Bajo,Cuenca Pariñas,Región Hidrografica del Pacífico,Piura,Talara,Pariñas,213-2014-OEFA/DE
-81.18309,-4.65756,2381,VII/VI,"Pozo mal abandonado, suelos contaminados con efluente o derrame",2014,Medio,Medio,Medio,Intercuenca 1391,Región Hidrografica del Pacífico,Piura,Talara,La Brea,213-2014-OEFA/DE
-81.28333,-4.46143,2459,VII/VI,"Pozo mal abandonado, suelos contaminados con efluente o derrame",2014,Medio,Medio,Medio,Intercuenca 13931,Región Hidrografica del Pacífico,Piura,Talara,Lobitos,206-2014-OEFA/DE
-81.07246,-4.41286,2460,XV,"Pozo mal abandonado, restos o depósitos de residuos",2014,Bajo,Bajo,Bajo,Cuenca Pariñas,Región Hidrografica del Pacífico,Piura,Talara,Pariñas,206-2014-OEFA/DE
-81.0576,-4.39135,2461,XV,"Pozo mal abandonado, restos o depósitos de residuos",2014,Bajo,Bajo,Bajo,Cuenca Pariñas,Región Hidrografica del Pacífico,Piura,Talara,Pariñas,206-2014-OEFA/DE
-81.11703,-4.28071,2462,X,Suelos contaminados con efluente o derrame,2016,Medio,Medio,Medio,Cuenca Pariñas,Región Hidrografica del Pacífico,Piura,Talara,El Alto,347-2016-OEFA/DE
-81.22507,-4.64421,2257,VII/VI,"Pozo mal abandonado, suelos contaminados con efluente o derrame",2013,Medio,Medio,Medio,Intercuenca 1391,Región Hidrografica del Pacífico,Piura,Talara,La Brea,223-2014-OEFA/DE
-81.2255,-4.64283,2258,VII/VI,"Pozo mal abandonado, emisiones",2013,Medio,Medio,Medio,Intercuenca 1391,Región Hidrografica del Pacífico,Piura,Talara,La Brea,223-2014-OEFA/DE
-81.22393,-4.64303,2259,VII/VI,"Pozo mal abandonado, suelos contaminados con efluente o derrame",2013,Medio,Medio,Medio,Intercuenca 1391,Región Hidrografica del Pacífico,Piura,Talara,La Brea,223-2014-OEFA/DE
-81.27884,-4.60259,2260,I,"Pozo mal abandonado, suelos contaminados con efluente o derrame, restos o depósitos de residuos",2014,Medio,Medio,Medio,Intercuenca 1391,Región Hidrografica del Pacífico,Piura,Talara,Pariñas,223-2014-OEFA/DE
-81.26243,-4.69236,2321,VII/VI,Pozo mal abandonado,2013,Bajo,Bajo,Bajo,Intercuenca 1391,Región Hidrografica del Pacífico,Piura,Talara,La Brea,214-2014-OEFA/DE
-81.20438,-4.5356,2322,VII/VI,"Pozo mal abandonado, suelos contaminados con efluente o derrame",2014,Medio,Medio,Medio,Cuenca Pariñas,Región Hidrografica del Pacífico,Piura,Talara,Pariñas,214-2014-OEFA/DE
-81.13103,-4.65295,2323,III,Pozo mal abandonado y suelo contaminado en el área circundante al mismo,2014,Medio,Alto,Medio,Intercuenca 1391,Región Hidrografica del Pacífico,Piura,Talara,La Brea,015-2015-OEFA/DE
-81.26651,-4.68574,2324,VII/VI,"Pozo mal abandonado, suelos contaminados con efluente o derrame, emisiones",2013,Medio,Medio,Medio,Intercuenca 1391,Región Hidrografica del Pacífico,Piura,Talara,La Brea,231-2014-OEFA/DE
-81.18917,-4.65629,2382,VII/VI,Pozo mal abandonado,2014,Bajo,Bajo,Bajo,Intercuenca 1391,Región Hidrografica del Pacífico,Piura,Talara,La Brea,213-2014-OEFA/DE
-81.18814,-4.65544,2383,VII/VI,"Pozo mal abandonado, suelos contaminados con efluente o derrame",2014,Medio,Medio,Medio,Intercuenca 1391,Región Hidrografica del Pacífico,Piura,Talara,La Brea,213-2014-OEFA/DE
-81.22987,-4.59936,2384,I,"Pozo mal abandonado, suelos contaminados con efluente o derrame, restos o depósitos de residuos",2014,Medio,Medio,Medio,Intercuenca 1391,Región Hidrografica del Pacífico,Piura,Talara,Pariñas,15-2015-OEFA/DE
-81.2313,-4.64589,2385,VII/VI,"Pozo mal abandonado, emisiones",2013,Medio,Medio,Medio,Intercuenca 1391,Región Hidrografica del Pacífico,Piura,Talara,La Brea,206-2014-OEFA/DE
-81.30962,-4.66281,2443,VII/VI,Pozo mal abandonado y suelo contaminado en el área circundante al mismo,2013,Alto,Medio,Medio,Intercuenca 1391,Región Hidrografica del Pacífico,Piura,Talara,La Brea,0006-2015-OEFA/DE
-81.21845,-4.63479,2444,VII/VI,"Pozo mal abandonado, suelos contaminados con efluente o derrame, restos o depósitos de residuos",2014,Medio,Medio,Medio,Intercuenca 1391,Región Hidrografica del Pacífico,Piura,Talara,La Brea,231-2014-OEFA/DE
-81.16331,-4.45568,2445,IV,"Pozo mal abandonado, suelos contaminados con efluente o derrame",2014,Medio,Medio,Medio,Cuenca Pariñas,Región Hidrografica del Pacífico,Piura,Talara,Pariñas,206-2014-OEFA/DE
-81.16787,-4.31673,2446,X,Pozo mal abandonado,2016,Bajo,Bajo,Bajo,Cuenca Pariñas,Región Hidrografica del Pacífico,Piura,Talara,El Alto,347-2016-OEFA/DE
-81.26776,-4.47259,2261,VII/VI,"Pozo mal abandonado, suelos contaminados con efluente o derrame, emisiones",2014,Medio,Medio,Medio,Cuenca Pariñas,Región Hidrografica del Pacífico,Piura,Talara,Lobitos,15-2015-OEFA/DE
-81.2405,-4.6795,2262,VII/VI,"Pozo mal abandonado, suelos contaminados con efluente o derrame",2013,Medio,Medio,Medio,Intercuenca 1391,Región Hidrografica del Pacífico,Piura,Talara,La Brea,231-2014-OEFA/DE
-81.24701,-4.45918,2263,VII/VI,"Pozo mal abandonado, suelos contaminados con efluente o derrame",2014,Medio,Medio,Medio,Cuenca Pariñas,Región Hidrografica del Pacífico,Piura,Talara,Lobitos,223-2014-OEFA/DE
-81.24351,-4.68974,2264,VII/VI,"Pozo mal abandonado, suelos contaminados con efluente o derrame, restos o depósitos de residuos",2014,Medio,Medio,Medio,Intercuenca 1391,Región Hidrografica del Pacífico,Piura,Talara,La Brea,223-2014-OEFA/DE
-81.23764,-4.48088,2325,VII/VI,Pozo mal abandonado,2014,Bajo,Bajo,Bajo,Cuenca Pariñas,Región Hidrografica del Pacífico,Piura,Talara,Pariñas,214-2014-OEFA/DE
-81.28341,-4.46029,2326,VII/VI,Pozo mal abandonado,2014,Bajo,Bajo,Bajo,Intercuenca 13931,Región Hidrografica del Pacífico,Piura,Talara,Lobitos,214-2014-OEFA/DE
-81.30246,-4.65315,2327,VII/VI,"Pozo mal abandonado, el cual presenta emisiones gaseosas fugitivas",2013,Alto,Alto,Medio,Intercuenca 1391,Región Hidrografica del Pacífico,Piura,Talara,La Brea,006-2015-OEFA/DE
-81.18542,-4.65785,2328,VII/VI,"Pozo mal abandonado, suelos contaminados con efluente o derrame",2014,Medio,Medio,Medio,Intercuenca 1391,Región Hidrografica del Pacífico,Piura,Talara,La Brea,214-2014-OEFA/DE
-81.22417,-4.63665,2386,VII/VI,"Pozo mal abandonado, suelos contaminados con efluente o derrame, emisiones",2013,Medio,Medio,Medio,Intercuenca 1391,Región Hidrografica del Pacífico,Piura,Talara,La Brea,206-2014-OEFA/DE
-81.23335,-4.66062,2387,VII/VI,Pozo mal abandonado,2013,Bajo,Bajo,Bajo,Intercuenca 1391,Región Hidrografica del Pacífico,Piura,Talara,La Brea,206-2014-OEFA/DE
-81.26712,-4.60903,2388,I,Suelos contaminados con efluente o derrame,2014,Medio,Medio,Medio,Intercuenca 1391,Región Hidrografica del Pacífico,Piura,Talara,Pariñas,206-2014-OEFA/DE
-81.23433,-4.6608,2389,VII/VI,Pozo mal abandonado,2013,Bajo,Bajo,Bajo,Intercuenca 1391,Región Hidrografica del Pacífico,Piura,Talara,La Brea,206-2014-OEFA/DE
-81.12549,-4.33028,2451,X,Pozo mal abandonado,2016,Bajo,Bajo,Bajo,Cuenca Pariñas,Región Hidrografica del Pacífico,Piura,Talara,El Alto,347-2016-OEFA/DE
-81.18603,-4.46228,2452,IV,Pozo mal abandonado,2014,Bajo,Bajo,Bajo,Cuenca Pariñas,Región Hidrografica del Pacífico,Piura,Talara,Pariñas,206-2014-OEFA/DE
-81.14828,-4.38772,2453,X,Pozo mal abandonado,2016,Bajo,Bajo,Bajo,Cuenca Pariñas,Región Hidrografica del Pacífico,Piura,Talara,Lobitos,347-2016-OEFA/DE
-81.21742,-4.42423,2454,XV,"Pozo mal abandonado, restos o depósitos de residuos",2014,Bajo,Bajo,Bajo,Intercuenca 13931,Región Hidrografica del Pacífico,Piura,Talara,Lobitos,206-2014-OEFA/DE
-80.66798,-3.6786,2265,XX (ex Lote XIV),"Pozo mal abandonado, el cual presenta emisiones gaseosas fugitivas",2013,Medio,Alto,Medio,Intercuenca 13939,Región Hidrografica del Pacífico,Tumbes,Contralmirante Villar,Zorritos,218-2014-OEFA/DE
-81.26625,-4.44864,2266,VII/VI,"Pozo mal abandonado, que presenta emisiones gaseosas fugitivas",2014,Medio,Alto,Medio,Intercuenca 13931,Región Hidrografica del Pacífico,Piura,Talara,Lobitos,218-2014-OEFA/DE
-81.2857,-4.45434,2267,VII/VI,"Pozo mal abandonado, que presenta emisiones gaseosas fugitivas",2014,Medio,Alto,Medio,Intercuenca 13931,Región Hidrografica del Pacífico,Piura,Talara,Lobitos,218-2014-OEFA/DE
-81.18564,-4.27659,2268,X,Pozo mal abandonado,2019,Bajo,Bajo,Bajo,Cuenca Pariñas,Región Hidrografica del Pacífico,Piura,Talara,El Alto,Oficio N° 134-2020-OEFA-DEAM
-81.18668,-4.65728,2329,VII/VI,Pozo mal abandonado,2014,Bajo,Bajo,Bajo,Intercuenca 1391,Región Hidrografica del Pacífico,Piura,Talara,La Brea,214-2014-OEFA/DE
-81.23467,-4.48621,2330,VII/VI,Pozo mal abandonado,2014,Bajo,Bajo,Bajo,Cuenca Pariñas,Región Hidrografica del Pacífico,Piura,Talara,Pariñas,214-2014-OEFA/DE
-81.24145,-4.49636,2331,VII/VI,"Pozo mal abandonado, suelos contaminados con efluente o derrame, restos o depósitos de residuos",2014,Medio,Medio,Medio,Cuenca Pariñas,Región Hidrografica del Pacífico,Piura,Talara,Pariñas,214-2014-OEFA/DE
-81.23193,-4.49488,2332,VII/VI,"Pozo mal abandonado, suelos contaminados con efluente o derrame, restos o depósitos de residuos",2014,Medio,Medio,Medio,Cuenca Pariñas,Región Hidrografica del Pacífico,Piura,Talara,Pariñas,214-2014-OEFA/DE
-81.22058,-4.64606,2390,VII/VI,"Pozo mal abandonado, suelos contaminados con efluente o derrame",2013,Medio,Medio,Medio,Intercuenca 1391,Región Hidrografica del Pacífico,Piura,Talara,La Brea,206-2014-OEFA/DE
-81.2713,-4.47513,2391,VII/VI,"Pozo mal abandonado, suelos contaminados con efluente o derrame",2014,Medio,Medio,Medio,Cuenca Pariñas,Región Hidrografica del Pacífico,Piura,Talara,Lobitos,206-2014-OEFA/DE
-81.27871,-4.68881,2392,VII/VI,"Pozo mal abandonado, suelos contaminados con efluente o derrame, emisiones",2013,Medio,Medio,Medio,Intercuenca 1391,Región Hidrografica del Pacífico,Piura,Talara,La Brea,206-2014-OEFA/DE
-81.28005,-4.47006,2393,VII/VI,"Pozo mal abandonado, suelos contaminados con efluente o derrame",2014,Medio,Medio,Medio,Intercuenca 13931,Región Hidrografica del Pacífico,Piura,Talara,Lobitos,206-2014-OEFA/DE
-81.11908,-4.41658,2463,XV,"Pozo mal abandonado, restos o depósitos de residuos",2014,Bajo,Bajo,Bajo,Cuenca Pariñas,Región Hidrografica del Pacífico,Piura,Talara,Pariñas,206-2014-OEFA/DE
-81.12517,-4.28189,2464,X,Suelos contaminados con efluente o derrame,2016,Medio,Medio,Medio,Cuenca Pariñas,Región Hidrografica del Pacífico,Piura,Talara,El Alto,347-2016-OEFA/DE
-81.23944,-4.51187,2465,VII/VI,"Pozo mal abandonado, suelos contaminados con efluente o derrame, restos o depósitos de residuos",2014,Medio,Medio,Medio,Cuenca Pariñas,Región Hidrografica del Pacífico,Piura,Talara,Pariñas,206-2014-OEFA/DE
-81.11397,-4.27866,2466,X,"Pozo mal abandonado, suelos contaminados con efluente o derrame",2016,Medio,Medio,Medio,Cuenca Pariñas,Región Hidrografica del Pacífico,Piura,Talara,El Alto,347-2016-OEFA/DE
-81.23371,-4.60672,2269,I,"Pozo mal abandonado, suelos contaminados con efluente o derrame, restos o depósitos de residuos",2014,Medio,Medio,Medio,Intercuenca 1391,Región Hidrografica del Pacífico,Piura,Talara,Pariñas,015-2015-OEFA/DE
-81.23783,-4.67957,2270,VII/VI,"Pozo mal abandonado, suelos contaminados con efluente o derrame, restos o depósitos de residuos",2013,Medio,Medio,Medio,Intercuenca 1391,Región Hidrografica del Pacífico,Piura,Talara,La Brea,231-2014-OEFA/DE
-81.29215,-4.63815,2271,I,"Pozo mal abandonado, suelos contaminados con efluente o derrame",2014,Medio,Medio,Medio,Intercuenca 1391,Región Hidrografica del Pacífico,Piura,Talara,La Brea,015-2015-OEFA/DE
-81.23699,-4.67827,2272,VII/VI,"Pozo mal abandonado, suelos contaminados con efluente o derrame, restos o depósitos de residuos",2013,Medio,Medio,Medio,Intercuenca 1391,Región Hidrografica del Pacífico,Piura,Talara,La Brea,231-2014-OEFA/DE
-81.2439,-4.49564,2333,VII/VI,"Pozo mal abandonado, suelos contaminados con efluente o derrame, restos o depósitos de residuos",2014,Medio,Medio,Medio,Cuenca Pariñas,Región Hidrografica del Pacífico,Piura,Talara,Pariñas,214-2014-OEFA/DE
-80.66559,-3.6776,2334,XX (ex Lote XIV),"Pozo mal abandonado, el cual presenta emisiones gaseosas fugitivas",2013,Medio,Alto,Medio,Intercuenca 13939,Región Hidrografica del Pacífico,Tumbes,Contralmirante Villar,Zorritos,077-2015-OEFA/DE
-81.12893,-4.65358,2335,III,"Pozo mal abandonado, que presenta emisiones gaseosas fugitivas y suelo contaminado en el área circundante al mismo",2014,Medio,Alto,Medio,Intercuenca 1391,Región Hidrografica del Pacífico,Piura,Talara,La Brea,00012-2015-OEFA/DE
-81.25391,-4.6776,2336,VII/VI,"Pozo mal abandonado, emisiones",2013,Medio,Medio,Medio,Intercuenca 1391,Región Hidrografica del Pacífico,Piura,Talara,La Brea,231-2014-OEFA/DE
-80.6467,-3.66717,2394,XX (ex Lote XIV),Pozo mal abandonado,2013,Bajo,Bajo,Bajo,Intercuenca 13939,Región Hidrografica del Pacífico,Tumbes,Contralmirante Villar,Zorritos,206-2014-OEFA/DE
-81.21614,-4.59104,2396,I,"Pozo mal abandonado, restos o depósitos de residuos",2014,Bajo,Bajo,Bajo,Intercuenca 1391,Región Hidrografica del Pacífico,Piura,Talara,Pariñas,015-2015-OEFA/DE
-81.1816,-4.28063,2397,X,Pozo mal abandonado,2016,Medio,Medio,Medio,Cuenca Pariñas,Región Hidrografica del Pacífico,Piura,Talara,El Alto,348-2016-OEFA/DE
-81.21581,-4.50706,2398,VII/VI,"Pozo mal abandonado, suelos contaminados con efluente o derrame",2014,Medio,Medio,Medio,Cuenca Pariñas,Región Hidrografica del Pacífico,Piura,Talara,Pariñas,206-2014-OEFA/DE
-81.18283,-4.47563,2447,IV,Pozo mal abandonado,2014,Bajo,Bajo,Bajo,Cuenca Pariñas,Región Hidrografica del Pacífico,Piura,Talara,Pariñas,206-2014-OEFA/DE
-81.18446,-4.45528,2448,IV,Pozo mal abandonado,2014,Bajo,Bajo,Bajo,Cuenca Pariñas,Región Hidrografica del Pacífico,Piura,Talara,Pariñas,206-2014-OEFA/DE
-81.13593,-4.36144,2449,X,Pozo mal abandonado,2016,Bajo,Bajo,Bajo,Cuenca Pariñas,Región Hidrografica del Pacífico,Piura,Talara,Lobitos,347-2016-OEFA/DE
-81.17111,-4.57306,2450,IV,Pozo mal abandonado,2014,Bajo,Bajo,Bajo,Intercuenca 1391,Región Hidrografica del Pacífico,Piura,Talara,Pariñas,206-2014-OEFA/DE
-81.28114,-4.47048,2273,VII/VI,"Pozo mal abandonado, suelos contaminados con efluente o derrame",2014,Medio,Medio,Medio,Intercuenca 13931,Región Hidrografica del Pacífico,Piura,Talara,Lobitos,214-2014-OEFA/DE
-81.28163,-4.46116,2274,VII/VI,Pozo mal abandonado,,Bajo,Bajo,Bajo,Intercuenca 13931,Región Hidrografica del Pacífico,Piura,Talara,Lobitos,"214-2014-OEFA/DE, 206-2014-OEFA/DE"
-81.28456,-4.4664,2275,VII/VI,Pozo mal abandonado y suelo contaminado,,Medio,Medio,Medio,Intercuenca 13931,Región Hidrografica del Pacífico,Piura,Talara,Lobitos,214-2014-OEFA/DE
-81.28796,-4.45585,2276,VII/VI,"Pozo mal abandonado, suelos contaminados con efluente o derrame",2014,Medio,Medio,Medio,Intercuenca 13931,Región Hidrografica del Pacífico,Piura,Talara,Lobitos,214-2014-OEFA/DE
-81.22362,-4.57846,2337,VII/VI,"Pozo mal abandonado, suelos contaminados con efluente o derrame",2014,Medio,Medio,Medio,Intercuenca 1391,Región Hidrografica del Pacífico,Piura,Talara,Pariñas,213-2014-OEFA/DE
-81.23053,-4.51934,2338,VII/VI,"Pozo mal abandonado, instalaciones mal abandonadas, suelos contaminados con efluente o derrame",2013,Medio,Medio,Medio,Cuenca Pariñas,Región Hidrografica del Pacífico,Piura,Talara,Pariñas,213-2014-OEFA/DE
-81.2268,-4.56378,2339,I,"Pozo mal abandonado, suelos contaminados con efluente o derrame",2014,Medio,Medio,Medio,Intercuenca 1391,Región Hidrografica del Pacífico,Piura,Talara,Pariñas,213-2014-OEFA/DE
-81.22475,-4.53133,2340,VII/VI,"Pozo mal abandonado, suelos contaminados con efluente o derrame",2014,Medio,Medio,Medio,Cuenca Pariñas,Región Hidrografica del Pacífico,Piura,Talara,Pariñas,213-2014-OEFA/DE
-81.22424,-4.51302,2399,VII/VI,Pozo mal abandonado,2014,Bajo,Bajo,Bajo,Cuenca Pariñas,Región Hidrografica del Pacífico,Piura,Talara,Pariñas,206-2014-OEFA/DE
-81.19913,-4.52749,2400,VII/VI,Pozo mal abandonado,2014,Bajo,Bajo,Bajo,Cuenca Pariñas,Región Hidrografica del Pacífico,Piura,Talara,Pariñas,206-2014-OEFA/DE
-81.22288,-4.3761,2401,X,Pozo mal abandonado,2016,Bajo,Bajo,Bajo,Cuenca Pariñas,Región Hidrografica del Pacífico,Piura,Talara,Lobitos,347-2016-OEFA/DE
-81.27944,-4.46223,2402,VII/VI,"Pozo mal abandonado, suelos contaminados con efluente o derrame",2014,Alto,Medio,Medio,Intercuenca 13931,Región Hidrografica del Pacífico,Piura,Talara,Lobitos,205-2014-OEFA-DE
-81.1671,-4.54189,2455,IX,"Pozo mal abandonado, suelos contaminados con efluente o derrame",2014,Medio,Medio,Medio,Cuenca Pariñas,Región Hidrografica del Pacífico,Piura,Talara,Pariñas,206-2014-OEFA/DE
-81.28419,-4.45894,2456,VII/VI,"Pozo mal abandonado, restos o depósitos de residuos",2014,Bajo,Bajo,Bajo,Intercuenca 13931,Región Hidrografica del Pacífico,Piura,Talara,Lobitos,206-2014-OEFA/DE
-80.99594,-4.01814,2457,XX (ex Lote XIV),Pozo mal abandonado,2013,Bajo,Bajo,Bajo,Intercuenca 13935,Región Hidrografica del Pacífico,Tumbes,Contralmirante Villar,Canoas de Punta Sal,015-2015-OEFA/DE
-81.27572,-4.47564,2458,VII/VI,"Pozo mal abandonado, emisiones",2014,Medio,Medio,Medio,Cuenca Pariñas,Región Hidrografica del Pacífico,Piura,Talara,Lobitos,231-2014-OEFA/DE
-81.29721,-4.67444,2277,VII/VI,"Pozo mal abandonado, suelos contaminados con efluente o derrame",2014,Medio,Medio,Medio,Intercuenca 1391,Región Hidrografica del Pacífico,Piura,Talara,La Brea,214-2014-OEFA/DE
-81.30777,-4.67586,2278,VII/VI,"Pozo mal abandonado, suelos contaminados con efluente o derrame",2014,Medio,Medio,Medio,Intercuenca 1391,Región Hidrografica del Pacífico,Piura,Talara,La Brea,214-2014-OEFA/DE
-81.29499,-4.67563,2279,VII/VI,"Pozo mal abandonado, suelos contaminados con efluente o derrame",2014,Medio,Medio,Medio,Intercuenca 1391,Región Hidrografica del Pacífico,Piura,Talara,La Brea,214-2014-OEFA/DE
-81.22066,-4.65711,2280,VII/VI,"Pozo mal abandonado, suelos contaminados con efluente o derrame",2013,Medio,Medio,Medio,Intercuenca 1391,Región Hidrografica del Pacífico,Piura,Talara,La Brea,214-2014-OEFA/DE
-81.25384,-4.49575,2341,VII/VI,"Pozo mal abandonado, suelos contaminados con efluente o derrame",2014,Medio,Medio,Medio,Cuenca Pariñas,Región Hidrografica del Pacífico,Piura,Talara,Pariñas,213-2014-OEFA/DE
-81.22806,-4.53118,2342,VII/VI,Pozo mal abandonado,2014,Bajo,Bajo,Bajo,Cuenca Pariñas,Región Hidrografica del Pacífico,Piura,Talara,Pariñas,213-2014-OEFA/DE
-81.31031,-4.68073,2343,VII/VI,"Pozo mal abandonado, suelos contaminados con efluente o derrame",2014,Medio,Medio,Medio,Intercuenca 1391,Región Hidrografica del Pacífico,Piura,Talara,La Brea,213-2014-OEFA/DE
-81.28015,-4.62073,2344,I,Pozo mal abandonado,2014,Bajo,Bajo,Bajo,Intercuenca 1391,Región Hidrografica del Pacífico,Piura,Talara,La Brea,213-2014-OEFA/DE
-81.27994,-4.46384,2403,VII/VI,Pozo mal abandonado y suelo contaminado en el área circundante al mismo,2014,Alto,Medio,Medio,Intercuenca 13931,Región Hidrografica del Pacífico,Piura,Talara,Lobitos,205-2014-OEFA/DE
-81.14082,-4.39772,2404,X,Pozo mal abandonado,2016,Bajo,Bajo,Bajo,Cuenca Pariñas,Región Hidrografica del Pacífico,Piura,Talara,Lobitos,347-2016-OEFA/DE
-81.22097,-4.51318,2405,VII/VI,"Pozo mal abandonado, suelos contaminados con efluente o derrame",2014,Medio,Medio,Medio,Cuenca Pariñas,Región Hidrografica del Pacífico,Piura,Talara,Pariñas,206-2014-OEFA/DE
-81.22622,-4.58917,2406,I,"Pozo mal abandonado, suelos contaminados con efluente o derrame",2014,Medio,Medio,Medio,Intercuenca 1391,Región Hidrografica del Pacífico,Piura,Talara,Pariñas,015-2015-OEFA/DE
-81.23642,-4.64929,2217,VII/VI,"Pozo mal abandonado, suelos contaminados con efluente o derrame, restos o depósitos de residuos",2014,Medio,Medio,Medio,Intercuenca 1391,Región Hidrografica del Pacífico,Piura,Talara,La Brea,15-2015-OEFA/DE
-81.30098,-4.64728,2218,VII/VI,"Pozo mal abandonado, el cual presenta emisiones gaseosas fugitivas y suelo contaminado en el área circundante al mismo",2013,Alto,Alto,Medio,Intercuenca 1391,Región Hidrografica del Pacífico,Piura,Talara,La Brea,Oficio circular N° 023-2016-OEFA/DE
-81.2667,-4.50113,2219,VII/VI,Pozo mal abandonado,2014,Bajo,Bajo,Bajo,Cuenca Pariñas,Región Hidrografica del Pacífico,Piura,Talara,Pariñas,231-2014-OEFA/DE
-81.28223,-4.46244,2220,VII/VI,"Pozo mal abandonado, que presenta emisiones gaseosas fugitivas",2014,Medio,Alto,Medio,Intercuenca 13931,Región Hidrografica del Pacífico,Piura,Talara,Lobitos,226-2014-OEFA/DE
-81.22875,-4.67448,2281,VII/VI,"Pozo mal abandonado, suelos contaminados con efluente o derrame",2013,Medio,Medio,Medio,Intercuenca 1391,Región Hidrografica del Pacífico,Piura,Talara,La Brea,214-2014-OEFA/DE
-81.17475,-4.28982,2282,X,Pozo mal abandonado,0,Bajo,Bajo,Bajo,Cuenca Pariñas,Región Hidrografica del Pacífico,Piura,Talara,El Alto,Oficio N° 134-2020-OEFA-DEAM
-81.23088,-4.65452,2283,VII/VI,"Pozo mal abandonado, emisiones",2013,Medio,Medio,Medio,Intercuenca 1391,Región Hidrografica del Pacífico,Piura,Talara,La Brea,231-2014-OEFA/DE
-81.20397,-4.51849,2284,VII/VI,"Pozo mal abandonado, suelos contaminados con efluente o derrame",2014,Medio,Medio,Medio,Cuenca Pariñas,Región Hidrografica del Pacífico,Piura,Talara,Pariñas,214-2014-OEFA/DE
-81.29065,-4.47634,2345,VII/VI,"Pozo mal abandonado, suelos contaminados con efluente o derrame",2014,Medio,Medio,Medio,Intercuenca 13931,Región Hidrografica del Pacífico,Piura,Talara,Lobitos,213-2014-OEFA/DE
-81.12115,-4.66593,2346,III,"Pozo mal abandonado, suelos contaminados con efluente o derrame",2014,Medio,Medio,Medio,Intercuenca 1391,Región Hidrografica del Pacífico,Piura,Talara,La Brea,015-2015-OEFA/DE
-81.24895,-4.68902,2347,VII/VI,"Pozo mal abandonado, restos o depósitos de residuos",2014,Bajo,Bajo,Bajo,Intercuenca 1391,Región Hidrografica del Pacífico,Piura,Talara,La Brea,231-2014-OEFA/DE
-81.29816,-4.47443,2348,VII/VI,"Pozo mal abandonado, suelos contaminados con efluente o derrame",2014,Medio,Medio,Medio,Intercuenca 13931,Región Hidrografica del Pacífico,Piura,Talara,Lobitos,213-2014-OEFA/DE
-81.26884,-4.49379,2407,VII/VI,"Pozo mal abandonado, suelos contaminados con efluente o derrame, restos o depósitos de residuos",2014,Medio,Medio,Medio,Cuenca Pariñas,Región Hidrografica del Pacífico,Piura,Talara,Lobitos,231-2014-OEFA/DE
-81.19941,-4.52495,2408,VII/VI,"Pozo mal abandonado, suelos contaminados con efluente o derrame",2014,Medio,Medio,Medio,Cuenca Pariñas,Región Hidrografica del Pacífico,Piura,Talara,Pariñas,206-2014-OEFA/DE
-81.18463,-4.29164,2409,X,Pozo mal abandonado,2016,Bajo,Bajo,Bajo,Cuenca Pariñas,Región Hidrografica del Pacífico,Piura,Talara,El Alto,347-2016-OEFA/DE
-81.18385,-4.2889,2410,X,Pozo mal abandonado,2016,Bajo,Bajo,Bajo,Cuenca Pariñas,Región Hidrografica del Pacífico,Piura,Talara,El Alto,347-2016-OEFA/DE
-81.19535,-4.47466,2221,IV,"Pozo mal abandonado, suelo contaminado en el área circundante al mismo y emisiones fugitivas provenientes del pozo",2014,Medio,Alto,Alto,Cuenca Pariñas,Región Hidrografica del Pacífico,Piura,Talara,Pariñas,226-2014-OEFA/DE
-81.26662,-4.51088,2222,VII/VI,Pozo mal abandonado,2014,Bajo,Bajo,Bajo,Cuenca Pariñas,Región Hidrografica del Pacífico,Piura,Talara,Pariñas,223-2014-OEFA/DE
-81.22169,-4.6474,2223,VII/VI,"Pozo mal abandonado, suelos contaminados con efluente o derrame, emisiones",2013,Medio,Medio,Medio,Intercuenca 1391,Región Hidrografica del Pacífico,Piura,Talara,La Brea,223-2014-OEFA/DE
-81.26507,-4.69419,2224,VII/VI,Pozo mal abandonado,2015,Bajo,Bajo,Bajo,Intercuenca 1391,Región Hidrografica del Pacífico,Piura,Talara,La Brea,124-2016-OEFA/DE
-81.22034,-4.55777,2285,VII/VI,"Pozo mal abandonado, suelos contaminados con efluente o derrame",2014,Medio,Medio,Medio,Intercuenca 1391,Región Hidrografica del Pacífico,Piura,Talara,Pariñas,214-2014-OEFA/DE
-81.26333,-4.69326,2286,VII/VI,Pozo mal abandonado,2013,Bajo,Bajo,Bajo,Intercuenca 1391,Región Hidrografica del Pacífico,Piura,Talara,La Brea,214-2014-OEFA/DE
-81.23963,-4.49681,2287,VII/VI,Pozo mal abandonado,2014,Bajo,Bajo,Bajo,Cuenca Pariñas,Región Hidrografica del Pacífico,Piura,Talara,Pariñas,214-2014-OEFA/DE
-81.24264,-4.49756,2288,VII/VI,Pozo mal abandonado,2014,Bajo,Bajo,Bajo,Cuenca Pariñas,Región Hidrografica del Pacífico,Piura,Talara,Pariñas,214-2014-OEFA/DE
-81.30038,-4.67349,2349,VII/VI,Pozo mal abandonado,2014,Bajo,Bajo,Bajo,Intercuenca 1391,Región Hidrografica del Pacífico,Piura,Talara,La Brea,213-2014-OEFA/DE
-81.30535,-4.67886,2350,VII/VI,"Pozo mal abandonado, suelos contaminados con efluente o derrame",2014,Medio,Medio,Medio,Intercuenca 1391,Región Hidrografica del Pacífico,Piura,Talara,La Brea,213-2014-OEFA/DE
-81.23181,-4.52182,2351,VII/VI,"Pozo mal abandonado, instalaciones mal abandonadas, suelos contaminados con efluente o derrame",2013,Medio,Medio,Medio,Cuenca Pariñas,Región Hidrografica del Pacífico,Piura,Talara,Pariñas,213-2014-OEFA/DE
-81.18849,-4.65412,2352,VII/VI,"Pozo mal abandonado, suelos contaminados con efluente o derrame",2014,Medio,Medio,Medio,Intercuenca 1391,Región Hidrografica del Pacífico,Piura,Talara,La Brea,213-2014-OEFA/DE
-81.19137,-4.28841,2411,X,"Pozo mal abandonado, suelos contaminados con efluente o derrame",2016,Medio,Medio,Medio,Intercuenca 13931,Región Hidrografica del Pacífico,Piura,Talara,El Alto,347-2016-OEFA/DE
-81.13187,-4.42467,2412,XV,"Pozo mal abandonado, restos o depósitos de residuos",2014,Bajo,Bajo,Bajo,Cuenca Pariñas,Región Hidrografica del Pacífico,Piura,Talara,Pariñas,206-2014-OEFA/DE
-81.20627,-4.50551,2413,VII/VI,Pozo mal abandonado,2014,Bajo,Bajo,Bajo,Cuenca Pariñas,Región Hidrografica del Pacífico,Piura,Talara,Pariñas,206-2014-OEFA/DE
-81.04479,-4.38578,2414,XV,"Pozo mal abandonado, restos o depósitos de residuos",2014,Bajo,Bajo,Bajo,Cuenca Pariñas,Región Hidrografica del Pacífico,Piura,Talara,Lobitos,206-2014-OEFA/DE
-81.23518,-4.64982,2225,VII/VI,"Pozo mal abandonado, suelos contaminados con efluente o derrame, restos o depósitos de residuos",2014,Medio,Medio,Medio,Intercuenca 1391,Región Hidrografica del Pacífico,Piura,Talara,La Brea,15-2015-OEFA/DE
-81.23811,-4.62966,2226,VII/VI,"Pozo mal abandonado, suelos contaminados con efluente o derrame",2014,Medio,Medio,Bajo,Intercuenca 1391,Región Hidrografica del Pacífico,Piura,Talara,La Brea,223-2014-OEFA/DE
-81.23843,-4.62641,2227,VII/VI,Pozo mal abandonado,2014,Bajo,Bajo,Bajo,Intercuenca 1391,Región Hidrografica del Pacífico,Piura,Talara,La Brea,223-2014-OEFA/DE
-81.3028,-4.65426,2228,VII/VI,"Pozo mal abandonado, el cual presenta emisiones gaseosas fugitivas",2013,Alto,Alto,Medio,Intercuenca 1391,Región Hidrografica del Pacífico,Piura,Talara,La Brea,0006-2015-OEFA/DE
-81.18977,-4.64693,2289,VII/VI,"Pozo mal abandonado, suelos contaminados con efluente o derrame",2014,Medio,Medio,Medio,Intercuenca 1391,Región Hidrografica del Pacífico,Piura,Talara,La Brea,214-2014-OEFA/DE
-81.28289,-4.46648,2290,VII/VI,"Pozo mal abandonado, suelos contaminados con efluente o derrame",2014,Medio,Medio,Medio,Intercuenca 13931,Región Hidrografica del Pacífico,Piura,Talara,Lobitos,214-2014-OEFA/DE
-81.28655,-4.59339,2291,I,"Pozo mal abandonado, restos o depósitos de residuos",2014,Bajo,Bajo,Bajo,Intercuenca 1391,Región Hidrografica del Pacífico,Piura,Talara,Pariñas,015-2015-OEFA/DE
-81.23315,-4.65287,2292,VII/VI,"Pozo mal abandonado, emisiones",2013,Medio,Medio,Medio,Intercuenca 1391,Región Hidrografica del Pacífico,Piura,Talara,La Brea,231-2014-OEFA/DE
-81.18974,-4.65361,2353,VII/VI,"Pozo mal abandonado, suelos contaminados con efluente o derrame",2014,Medio,Medio,Medio,Intercuenca 1391,Región Hidrografica del Pacífico,Piura,Talara,La Brea,213-2014-OEFA/DE
-81.185,-4.65296,2354,VII/VI,Pozo mal abandonado,2014,Bajo,Bajo,Bajo,Intercuenca 1391,Región Hidrografica del Pacífico,Piura,Talara,La Brea,213-2014-OEFA/DE
-81.30634,-4.67525,2355,VII/VI,"Pozo mal abandonado, suelos contaminados con efluente o derrame",2014,Medio,Medio,Medio,Intercuenca 1391,Región Hidrografica del Pacífico,Piura,Talara,La Brea,213-2014-OEFA/DE
-81.1197,-4.66559,2356,III,"Pozo mal abandonado, suelos contaminados con efluente o derrame",2014,Medio,Medio,Medio,Intercuenca 1391,Región Hidrografica del Pacífico,Piura,Talara,La Brea,015-2015-OEFA/DE
-81.20026,-4.30433,2415,X,Pozo mal abandonado,2016,Bajo,Bajo,Bajo,Cuenca Pariñas,Región Hidrografica del Pacífico,Piura,Talara,El Alto,347-2016-OEFA/DE
-81.04902,-4.37369,2416,II,"Pozo mal abandonado, restos o depósitos de residuos",2014,Bajo,Bajo,Bajo,Cuenca Pariñas,Región Hidrografica del Pacífico,Piura,Talara,El Alto,206-2014-OEFA/DE
-81.21433,-4.49679,2417,VII/VI,Pozo mal abandonado,2014,Bajo,Bajo,Bajo,Cuenca Pariñas,Región Hidrografica del Pacífico,Piura,Talara,Pariñas,206-2014-OEFA/DE
-81.03877,-4.2202,2418,X,"Pozo mal abandonado, emisiones",2016,Medio,Medio,Medio,Intercuenca 13931,Región Hidrografica del Pacífico,Piura,Talara,Los Órganos,347-2016-OEFA/DE
-81.30619,-4.68037,2229,VII/VI,"Pozo mal abandonado, suelos contaminados con efluente o derrame",2014,Medio,Medio,Medio,Intercuenca 1391,Región Hidrografica del Pacífico,Piura,Talara,La Brea,231-2014-OEFA/DE
-81.17658,-4.5508,2230,IX,"Pozo mal abandonado, suelos contaminados con efluente o derrame",2014,Medio,Medio,Medio,Intercuenca 1391,Región Hidrografica del Pacífico,Piura,Talara,Pariñas,223-2014-OEFA/DE
-81.28802,-4.46543,2231,VII/VI,Pozo mal abandonado,2014,Bajo,Bajo,Bajo,Intercuenca 13931,Región Hidrografica del Pacífico,Piura,Talara,Lobitos,223-2014-OEFA/DE
-81.12764,-4.66127,2232,III,Pozo mal abandonado,2014,Bajo,Bajo,Bajo,Intercuenca 1391,Región Hidrografica del Pacífico,Piura,Talara,La Brea,223-2014-OEFA/DE
-81.28223,-4.46503,2293,VII/VI,Pozo mal abandonado y suelo contaminado,,Medio,Medio,Medio,Intercuenca 13931,Región Hidrografica del Pacífico,Piura,Talara,Lobitos,214-2014-OEFA/DE
-81.18431,-4.64789,2294,VII/VI,"Pozo mal abandonado, suelos contaminados con efluente o derrame",2014,Medio,Medio,Medio,Intercuenca 1391,Región Hidrografica del Pacífico,Piura,Talara,La Brea,214-2014-OEFA/DE
-81.18315,-4.64858,2295,VII/VI,Pozo mal abandonado,2014,Bajo,Bajo,Bajo,Intercuenca 1391,Región Hidrografica del Pacífico,Piura,Talara,La Brea,214-2014-OEFA/DE
-81.22151,-4.53154,2296,VII/VI,"Suelos contaminados con efluente o derrame, restos o depósitos de residuos",2013,Medio,Medio,Medio,Cuenca Pariñas,Región Hidrografica del Pacífico,Piura,Talara,Pariñas,214-2014-OEFA/DE
-81.18863,-4.65278,2357,VII/VI,"Pozo mal abandonado, suelos contaminados con efluente o derrame",2014,Medio,Medio,Medio,Intercuenca 1391,Región Hidrografica del Pacífico,Piura,Talara,La Brea,213-2014-OEFA/DE
-81.18991,-4.65227,2358,VII/VI,"Pozo mal abandonado, suelos contaminados con efluente o derrame",2014,Medio,Medio,Medio,Intercuenca 1391,Región Hidrografica del Pacífico,Piura,Talara,La Brea,213-2014-OEFA/DE
-81.21864,-4.61523,2359,I,Pozo mal abandonado,2014,Bajo,Bajo,Bajo,Intercuenca 1391,Región Hidrografica del Pacífico,Piura,Talara,La Brea,213-2014-OEFA/DE
-81.28283,-4.68872,2360,VII/VI,"Pozo mal abandonado, suelos contaminados con efluente o derrame",2014,Medio,Medio,Medio,Intercuenca 1391,Región Hidrografica del Pacífico,Piura,Talara,La Brea,213-2014-OEFA/DE
-81.17221,-4.5454,2419,IX,Pozo mal abandonado,2014,Bajo,Bajo,Bajo,Cuenca Pariñas,Región Hidrografica del Pacífico,Piura,Talara,Pariñas,206-2014-OEFA/DE
-81.11306,-4.39223,2420,X,Pozo mal abandonado,2016,Bajo,Bajo,Bajo,Cuenca Pariñas,Región Hidrografica del Pacífico,Piura,Talara,Lobitos,347-2016-OEFA/DE
-81.19975,-4.45554,2421,VII/VI,Pozo mal abandonado,2014,Bajo,Bajo,Bajo,Cuenca Pariñas,Región Hidrografica del Pacífico,Piura,Talara,Pariñas,206-2014-OEFA/DE
-81.17076,-4.53191,2422,IX,Pozo mal abandonado,2014,Bajo,Bajo,Bajo,Cuenca Pariñas,Región Hidrografica del Pacífico,Piura,Talara,Pariñas,15-2015-OEFA/DE
-81.12634,-4.65995,2233,III,Pozo mal abandonado,2014,Bajo,Bajo,Bajo,Intercuenca 1391,Región Hidrografica del Pacífico,Piura,Talara,La Brea,223-2014-OEFA/DE
-81.12394,-4.65868,2234,III,Pozo mal abandonado,2014,Bajo,Bajo,Bajo,Intercuenca 1391,Región Hidrografica del Pacífico,Piura,Talara,La Brea,223-2014-OEFA/DE
-81.23195,-4.67232,2235,VII/VI,"Pozo mal abandonado, suelos contaminados con efluente o derrame",2013,Medio,Medio,Medio,Intercuenca 1391,Región Hidrografica del Pacífico,Piura,Talara,La Brea,223-2014-OEFA/DE
-81.25987,-4.69369,2236,VII/VI,"Pozo mal abandonado, suelos contaminados con efluente o derrame",2013,Medio,Medio,Medio,Intercuenca 1391,Región Hidrografica del Pacífico,Piura,Talara,La Brea,223-2014-OEFA/DE
-81.22323,-4.52137,2297,VII/VI,Pozo mal abandonado,2014,Bajo,Bajo,Bajo,Cuenca Pariñas,Región Hidrografica del Pacífico,Piura,Talara,Pariñas,214-2014-OEFA/DE
-81.18647,-4.6587,2298,VII/VI,"Pozo mal abandonado, suelos contaminados con efluente o derrame",2014,Medio,Medio,Medio,Intercuenca 1391,Región Hidrografica del Pacífico,Piura,Talara,La Brea,214-2014-OEFA/DE
-81.18522,-4.65922,2299,VII/VI,"Pozo mal abandonado, suelos contaminados con efluente o derrame",2014,Medio,Medio,Medio,Intercuenca 1391,Región Hidrografica del Pacífico,Piura,Talara,La Brea,214-2014-OEFA/DE
-81.26862,-4.56822,2300,I,Pozo mal abandonado,2014,Bajo,Bajo,Bajo,Intercuenca 1391,Región Hidrografica del Pacífico,Piura,Talara,Pariñas,124-2016-OEFA/DE
-80.5472,-3.59377,2361,XXIII,Pozo mal abandonado y suelos contaminados circundante al pozo,2014,Medio,Medio,Medio,Intercuenca 13939,Región Hidrografica del Pacífico,Tumbes,Tumbes,Corrales,213-2014-OEFA/DE
-81.21344,-4.54102,2362,VII/VI,"Pozo mal abandonado, suelos contaminados con efluente o derrame",2014,Medio,Medio,Medio,Cuenca Pariñas,Región Hidrografica del Pacífico,Piura,Talara,Pariñas,213-2014-OEFA/DE
-81.26668,-4.45007,2363,VII/VI,"Pozo mal abandonado, suelos contaminados con efluente o derrame",2014,Medio,Medio,Medio,Intercuenca 13931,Región Hidrografica del Pacífico,Piura,Talara,Lobitos,213-2014-OEFA/DE
-81.28968,-4.64623,2364,VII/VI,"Pozo mal abandonado, suelos contaminados con efluente o derrame, emisiones",2013,Medio,Medio,Medio,Intercuenca 1391,Región Hidrografica del Pacífico,Piura,Talara,La Brea,213-2014-OEFA/DE
-81.23568,-4.48064,2423,VII/VI,Pozo mal abandonado,2014,Bajo,Bajo,Bajo,Cuenca Pariñas,Región Hidrografica del Pacífico,Piura,Talara,Pariñas,231-2014-OEFA/DE
-81.10833,-4.37954,2424,X,"Pozo mal abandonado, emisiones",2016,Medio,Medio,Medio,Cuenca Pariñas,Región Hidrografica del Pacífico,Piura,Talara,Lobitos,347-2016-OEFA/DE
-81.24,-4.62654,2425,VII/VI,Pozo mal abandonado,2014,Bajo,Bajo,Bajo,Intercuenca 1391,Región Hidrografica del Pacífico,Piura,Talara,La Brea,206-2014-OEFA/DE
-81.20182,-4.46428,2426,VII/VI,Pozo mal abandonado,2014,Bajo,Bajo,Bajo,Cuenca Pariñas,Región Hidrografica del Pacífico,Piura,Talara,Pariñas,206-2014-OEFA/DE
-81.27453,-4.45112,2237,VII/VI,"Pozo mal abandonado, emisiones",2014,Medio,Medio,Medio,Intercuenca 13931,Región Hidrografica del Pacífico,Piura,Talara,Lobitos,223-2014-OEFA/DE
-81.29847,-4.28219,2238,Z-2B,Pozo mal abandonado con presencia de emisiones gaseosas fugitivas,2020,Medio,Medio,Medio,,,Piura,Talara,El Alto,Oficio N° 134-2020-OEFA-DEAM
-81.24559,-4.69045,2239,VII/VI,"Pozo mal abandonado, suelos contaminados con efluente o derrame",2014,Medio,Medio,Medio,Intercuenca 1391,Región Hidrografica del Pacífico,Piura,Talara,La Brea,15-2015-OEFA/DE
-81.23351,-4.5179,2240,VII/VI,"Pozo mal abandonado, suelos contaminados con efluente o derrame, emisiones",2013,Medio,Medio,Medio,Cuenca Pariñas,Región Hidrografica del Pacífico,Piura,Talara,Pariñas,231-2014-OEFA/DE
-81.23266,-4.60474,2301,I,"Pozo mal abandonado, suelos contaminados con efluente o derrame, restos o depósitos de residuos",2014,Medio,Medio,Medio,Intercuenca 1391,Región Hidrografica del Pacífico,Piura,Talara,Pariñas,15-2015-OEFA/DE
-81.22983,-4.65339,2302,VII/VI,"Pozo mal abandonado, emisiones",2013,Bajo,Bajo,Bajo,Intercuenca 1391,Región Hidrografica del Pacífico,Piura,Talara,La Brea,231-2014-OEFA/DE
-81.18437,-4.65701,2303,VII/VI,Pozo mal abandonado,2014,Bajo,Bajo,Bajo,Intercuenca 1391,Región Hidrografica del Pacífico,Piura,Talara,La Brea,214-2014-OEFA/DE
-81.24137,-4.51668,2304,VII/VI,"Pozo mal abandonado, suelos contaminados con efluente o derrame, restos o depósitos de residuos",2014,Medio,Medio,Medio,Cuenca Pariñas,Región Hidrografica del Pacífico,Piura,Talara,Pariñas,214-2014-OEFA/DE
-81.27037,-4.45285,2054,VII/VI,Suelos contaminados con efluente o derrame,2015,Medio,Medio,Medio,Intercuenca 13931,Región Hidrografica del Pacífico,Piura,Talara,Lobitos,161-2015-OEFA/DE
-81.26681,-4.43828,2055,VII/VI,Suelos contaminados con efluente o derrame,2015,Medio,Medio,Medio,Intercuenca 13931,Región Hidrografica del Pacífico,Piura,Talara,Lobitos,161-2015-OEFA/DE
-81.30511,-4.6496,2056,VII/VI,Suelos contaminados con efluente o derrame,2015,Medio,Medio,Medio,Intercuenca 1391,Región Hidrografica del Pacífico,Piura,Talara,La Brea,161-2015-OEFA/DE
-81.25314,-4.66675,2057,VII/VI,"Pozo mal abandonado, suelos contaminados con efluente o derrame, emisiones",2015,Medio,Medio,Medio,Intercuenca 1391,Región Hidrografica del Pacífico,Piura,Talara,La Brea,161-2015-OEFA/DE
-81.28562,-4.63705,2119,I,Suelos contaminados con efluente o derrame,2014,Medio,Medio,Medio,Intercuenca 1391,Región Hidrografica del Pacífico,Piura,Talara,La Brea,161-2015-OEFA/DE
-81.23812,-4.66949,2120,VII/VI,Instalaciones mal abandonadas,2013,Bajo,Bajo,Bajo,Intercuenca 1391,Región Hidrografica del Pacífico,Piura,Talara,La Brea,161-2015-OEFA/DE
-81.26379,-4.68533,2121,VII/VI,Instalaciones mal abandonadas,2013,Bajo,Bajo,Bajo,Intercuenca 1391,Región Hidrografica del Pacífico,Piura,Talara,La Brea,161-2015-OEFA/DE
-81.26797,-4.69225,2122,VII/VI,Pozo mal abandonado,2013,Bajo,Bajo,Bajo,Intercuenca 1391,Región Hidrografica del Pacífico,Piura,Talara,La Brea,161-2015-OEFA/DE
-81.12592,-4.66811,2184,III,"Pozo mal abandonado, emisiones",2015,Bajo,Medio,Bajo,Intercuenca 1391,Región Hidrografica del Pacífico,Piura,Talara,La Brea,161-2015-OEFA/DE
-81.14878,-4.85102,2185,III,"Pozo mal abandonado, suelos contaminados con efluente o derrame, emisiones",2015,Medio,Medio,Medio,Intercuenca 1391,Región Hidrografica del Pacífico,Piura,Paita,Vichayal,161-2015-OEFA/DE
-81.18778,-4.64194,2187,VII/VI,"Pozo mal abandonado, emisiones",2014,Medio,Medio,Medio,Intercuenca 1391,Región Hidrografica del Pacífico,Piura,Talara,La Brea,231-2014-OEFA/DE
-81.14676,-4.84797,2188,III,"Pozo mal abandonado, suelos contaminados con efluente o derrame",2015,Medio,Medio,Medio,Intercuenca 1391,Región Hidrografica del Pacífico,Piura,Paita,Vichayal,161-2015-OEFA/DE
-81.25316,-4.45001,1990,VII/VI,"Pozo mal abandonado, emisiones",2015,Bajo,Medio,Bajo,Intercuenca 13931,Región Hidrografica del Pacífico,Piura,Talara,Lobitos,210-2015-OEFA/DE
-81.23516,-4.46193,1991,VII/VI,"Pozo mal abandonado, emisiones",2015,Medio,Bajo,Bajo,Cuenca Pariñas,Región Hidrografica del Pacífico,Piura,Talara,Lobitos,210-2015-OEFA/DE
-81.31822,-4.67217,1992,VII/VI,"Pozo mal abandonado, suelos contaminados con efluente o derrame, emisiones",2015,Medio,Medio,Medio,Intercuenca 1391,Región Hidrografica del Pacífico,Piura,Talara,La Brea,210-2015-OEFA/DE
-81.20305,-4.47695,1993,VII/VI,"Pozo mal abandonado, emisiones",2015,Bajo,Medio,Bajo,Cuenca Pariñas,Región Hidrografica del Pacífico,Piura,Talara,Pariñas,210-2015-OEFA/DE
-81.25853,-4.66096,2058,VII/VI,"Pozo mal abandonado, suelos contaminados con efluente o derrame, emisiones",2015,Medio,Medio,Medio,Intercuenca 1391,Región Hidrografica del Pacífico,Piura,Talara,La Brea,161-2015-OEFA/DE
-81.25263,-4.66526,2059,VII/VI,"Pozo mal abandonado, suelos contaminados con efluente o derrame, emisiones",2015,Medio,Medio,Medio,Intercuenca 1391,Región Hidrografica del Pacífico,Piura,Talara,La Brea,161-2015-OEFA/DE
-81.25333,-4.66388,2060,VII/VI,"Pozo mal abandonado, suelos contaminados con efluente o derrame, emisiones",2015,Medio,Medio,Medio,Intercuenca 1391,Región Hidrografica del Pacífico,Piura,Talara,La Brea,161-2015-OEFA/DE
-81.25436,-4.66261,2061,VII/VI,Pozo mal abandonado,2015,Bajo,Bajo,Bajo,Intercuenca 1391,Región Hidrografica del Pacífico,Piura,Talara,La Brea,161-2015-OEFA/DE
-81.24668,-4.66581,2123,VII/VI,"Pozo mal abandonado, emisiones",2014,Medio,Medio,Medio,Intercuenca 1391,Región Hidrografica del Pacífico,Piura,Talara,La Brea,231-2014-OEFA/DE
-81.30794,-4.65716,2124,VII/VI,Pozo mal abandonado,2013,Bajo,Bajo,Bajo,Intercuenca 1391,Región Hidrografica del Pacífico,Piura,Talara,La Brea,161-2015-OEFA/DE
-81.30291,-4.67409,2125,VII/VI,Pozo mal abandonado,2013,Bajo,Bajo,Bajo,Intercuenca 1391,Región Hidrografica del Pacífico,Piura,Talara,La Brea,161-2015-OEFA/DE
-81.30158,-4.6523,2126,VII/VI,Pozo mal abandonado y suelo contaminado con hidrocarburos (fracción de hidrocarburos F2 y fracción de hidrocarburos F3) en su área circundante,2013,Medio,Medio,Bajo,Intercuenca 1391,Región Hidrografica del Pacífico,Piura,Talara,La Brea,161-2015-OEFA/DE
-81.15164,-4.84665,2189,III,Pozo mal abandonado,2015,Bajo,Bajo,Bajo,Intercuenca 1391,Región Hidrografica del Pacífico,Piura,Paita,Vichayal,161-2015-OEFA/DE
-81.1527,-4.83798,2190,III,"Pozo mal abandonado, suelos contaminados con efluente o derrame",2015,Medio,Medio,Medio,Intercuenca 1391,Región Hidrografica del Pacífico,Piura,Paita,Vichayal,161-2015-OEFA/DE
-81.15521,-4.85354,2191,III,"Pozo mal abandonado, suelos contaminados con efluente o derrame, emisiones",2015,Medio,Medio,Medio,Intercuenca 1391,Región Hidrografica del Pacífico,Piura,Paita,Vichayal,161-2015-OEFA/DE
-81.17635,-4.84768,2192,III,"Pozo mal abandonado, suelos contaminados con efluente o derrame, emisiones",2015,Medio,Medio,Medio,Intercuenca 1391,Región Hidrografica del Pacífico,Piura,Paita,Vichayal,161-2015-OEFA/DE
-81.28321,-4.46838,1994,VII/VI,Suelos contaminados con efluente o derrame,2015,Medio,Medio,Medio,Intercuenca 13931,Región Hidrografica del Pacífico,Piura,Talara,Lobitos,210-2015-OEFA/DE
-81.27198,-4.45351,1995,VII/VI,Suelos contaminados con efluente o derrame,2015,Medio,Medio,Medio,Intercuenca 13931,Región Hidrografica del Pacífico,Piura,Talara,Lobitos,210-2015-OEFA/DE
-81.27225,-4.45125,1996,VII/VI,Suelos contaminados con efluente o derrame,2015,Medio,Medio,Medio,Intercuenca 13931,Región Hidrografica del Pacífico,Piura,Talara,Lobitos,210-2015-OEFA/DE
-81.22941,-4.59422,1997,I,"Pozo mal abandonado, suelos contaminados con efluente o derrame",2014,Medio,Medio,Medio,Intercuenca 1391,Región Hidrografica del Pacífico,Piura,Talara,Pariñas,165-2016-OEFA/DE
-81.25502,-4.65864,2062,VII/VI,"Pozo mal abandonado, emisiones",2015,Medio,Medio,Medio,Intercuenca 1391,Región Hidrografica del Pacífico,Piura,Talara,La Brea,161-2015-OEFA/DE
-81.25619,-4.65771,2063,VII/VI,"Pozo mal abandonado, emisiones",2015,Medio,Medio,Medio,Intercuenca 1391,Región Hidrografica del Pacífico,Piura,Talara,La Brea,161-2015-OEFA/DE
-81.1994,-4.65214,2064,VII/VI,"Pozo mal abandonado, emisiones",2015,Medio,Medio,Medio,Intercuenca 1391,Región Hidrografica del Pacífico,Piura,Talara,La Brea,161-2015-OEFA/DE
-81.2429,-4.51364,2065,VII/VI,"Pozo mal abandonado, emisiones",2014,Medio,Medio,Medio,Cuenca Pariñas,Región Hidrografica del Pacífico,Piura,Talara,Pariñas,20-2015-OEFA/DE
-81.29937,-4.65778,2127,VII/VI,Pozo mal abandonado,2013,Bajo,Bajo,Bajo,Intercuenca 1391,Región Hidrografica del Pacífico,Piura,Talara,La Brea,161-2015-OEFA/DE
-81.21542,-4.50278,2128,VII/VI,"Pozo mal abandonado, suelos contaminados con efluente o derrame",2015,Medio,Medio,Medio,Cuenca Pariñas,Región Hidrografica del Pacífico,Piura,Talara,Pariñas,161-2015-OEFA/DE
-81.20945,-4.47617,2129,VII/VI,Pozo mal abandonado,2015,Bajo,Bajo,Bajo,Cuenca Pariñas,Región Hidrografica del Pacífico,Piura,Talara,Pariñas,161-2015-OEFA/DE
-81.20949,-4.47424,2130,VII/VI,"Pozo mal abandonado, suelos contaminados con efluente o derrame",2015,Medio,Medio,Medio,Cuenca Pariñas,Región Hidrografica del Pacífico,Piura,Talara,Pariñas,161-2015-OEFA/DE
-81.16985,-4.847,2193,III,"Pozo mal abandonado, suelos contaminados con efluente o derrame, emisiones",2015,Medio,Medio,Medio,Intercuenca 1391,Región Hidrografica del Pacífico,Piura,Paita,Vichayal,161-2015-OEFA/DE
-81.16306,-4.84722,2194,III,"Pozo mal abandonado, emisiones",2015,Medio,Medio,Medio,Intercuenca 1391,Región Hidrografica del Pacífico,Piura,Paita,Vichayal,161-2015-OEFA/DE
-81.16155,-4.83864,2195,III,"Pozo mal abandonado, suelos contaminados con efluente o derrame",2015,Medio,Medio,Medio,Intercuenca 1391,Región Hidrografica del Pacífico,Piura,Paita,Vichayal,161-2015-OEFA/DE
-81.1615,-4.83589,2196,III,"Pozo mal abandonado, emisiones",2015,Medio,Medio,Medio,Intercuenca 1391,Región Hidrografica del Pacífico,Piura,Paita,Vichayal,161-2015-OEFA/DE
-81.13059,-4.19482,1998,X,Pozo mal abandonado,2014,Bajo,Bajo,Bajo,Intercuenca 13931,Región Hidrografica del Pacífico,Piura,Talara,Los Órganos,20-2015-OEFA/DE
-81.2793,-4.61787,1999,I,"Pozo mal abandonado, suelos contaminados con efluente o derrame",2014,Medio,Medio,Medio,Intercuenca 1391,Región Hidrografica del Pacífico,Piura,Talara,La Brea,231-2014-OEFA/DE
-81.26956,-4.43514,2000,VII/VI,Suelos contaminados con efluente o derrame,2015,Medio,Medio,Medio,Intercuenca 13931,Región Hidrografica del Pacífico,Piura,Talara,Lobitos,210-2015-OEFA/DE
-81.24256,-4.65436,2001,VII/VI,"Pozo mal abandonado, emisiones",2015,Medio,Medio,Medio,Intercuenca 1391,Región Hidrografica del Pacífico,Piura,Talara,La Brea,210-2015-OEFA/DE
-81.28956,-4.64972,2066,VII/VI,"Pozo mal abandonado, suelos contaminados con efluente o derrame",2013,Bajo,Medio,Medio,Intercuenca 1391,Región Hidrografica del Pacífico,Piura,Talara,La Brea,231-2014-OEFA/DE
-81.20055,-4.65413,2067,VII/VI,"Pozo mal abandonado, emisiones",2015,Medio,Medio,Medio,Intercuenca 1391,Región Hidrografica del Pacífico,Piura,Talara,La Brea,161-2015-OEFA/DE
-81.19926,-4.65351,2068,VII/VI,"Pozo mal abandonado, emisiones",2015,Bajo,Medio,Bajo,Intercuenca 1391,Región Hidrografica del Pacífico,Piura,Talara,La Brea,161-2015-OEFA/DE
-81.19577,-4.66144,2069,VII/VI,"Pozo mal abandonado, emisiones",2015,Medio,Medio,Medio,Intercuenca 1391,Región Hidrografica del Pacífico,Piura,Talara,La Brea,161-2015-OEFA/DE
-80.64567,-3.66644,2131,XX (ex Lote XIV),Pozo mal abandonado,2013,Alto,Medio,Alto,Intercuenca 13939,Región Hidrografica del Pacífico,Tumbes,Contralmirante Villar,Zorritos,14-2015-OEFA/DE
-81.17469,-4.64947,2132,VII/VI,Pozo mal abandonado,2014,Bajo,Bajo,Bajo,Intercuenca 1391,Región Hidrografica del Pacífico,Piura,Talara,La Brea,231-2014-OEFA/DE
-81.20475,-4.517,2133,VII/VI,"Pozo mal abandonado, suelos contaminados con efluente o derrame",2015,Medio,Medio,Medio,Cuenca Pariñas,Región Hidrografica del Pacífico,Piura,Talara,Pariñas,161-2015-OEFA/DE
-81.2214,-4.48101,2134,VII/VI,"Pozo mal abandonado, emisiones",2015,Bajo,Medio,Bajo,Cuenca Pariñas,Región Hidrografica del Pacífico,Piura,Talara,Pariñas,161-2015-OEFA/DE
-81.15894,-4.83115,2197,III,"Pozo mal abandonado, suelos contaminados con efluente o derrame, emisiones",2015,Medio,Medio,Medio,Intercuenca 1391,Región Hidrografica del Pacífico,Piura,Paita,Vichayal,161-2015-OEFA/DE
-81.2394,-4.63314,2198,VII/VI,"Pozo mal abandonado, restos o depósitos de residuos",2014,Bajo,Bajo,Bajo,Intercuenca 1391,Región Hidrografica del Pacífico,Piura,Talara,La Brea,15-2015-OEFA/DE
-81.27091,-4.45097,2199,VII/VI,Pozo mal abandonado,2014,Bajo,Bajo,Bajo,Intercuenca 13931,Región Hidrografica del Pacífico,Piura,Talara,Lobitos,231-2014-OEFA/DE
-81.17015,-4.81769,2200,III,Pozo mal abandonado,2015,Bajo,Bajo,Bajo,Intercuenca 1391,Región Hidrografica del Pacífico,Piura,Paita,Vichayal,161-2015-OEFA/DE
-81.23977,-4.65431,2002,VII/VI,"Pozo mal abandonado, suelos contaminados con efluente o derrame, emisiones",2015,Medio,Medio,Medio,Intercuenca 1391,Región Hidrografica del Pacífico,Piura,Talara,La Brea,210-2015-OEFA/DE
-81.22007,-4.47857,2003,VII/VI,"Pozo mal abandonado, emisiones",2015,Bajo,Medio,Bajo,Cuenca Pariñas,Región Hidrografica del Pacífico,Piura,Talara,Pariñas,210-2015-OEFA/DE
-81.31057,-4.67363,2004,VII/VI,Pozo mal abandonado,2015,Bajo,Bajo,Bajo,Intercuenca 1391,Región Hidrografica del Pacífico,Piura,Talara,La Brea,210-2015-OEFA/DE
-81.27611,-4.44722,2005,VII/VI,Suelos contaminados con efluente o derrame,2015,Medio,Medio,Medio,Intercuenca 13931,Región Hidrografica del Pacífico,Piura,Talara,Lobitos,210-2015-OEFA/DE
-81.19556,-4.66283,2070,VII/VI,"Pozo mal abandonado, emisiones",2015,Bajo,Medio,Bajo,Intercuenca 1391,Región Hidrografica del Pacífico,Piura,Talara,La Brea,161-2015-OEFA/DE
-81.19665,-4.66362,2071,VII/VI,"Pozo mal abandonado, emisiones",2015,Bajo,Medio,Bajo,Intercuenca 1391,Región Hidrografica del Pacífico,Piura,Talara,La Brea,161-2015-OEFA/DE
-81.23907,-4.67133,2072,VII/VI,"Pozo mal abandonado, suelos contaminados con efluente o derrame",2015,Medio,Medio,Medio,Intercuenca 1391,Región Hidrografica del Pacífico,Piura,Talara,La Brea,161-2015-OEFA/DE
-81.23254,-4.66345,2073,VII/VI,Pozo mal abandonado,2015,Bajo,Bajo,Bajo,Intercuenca 1391,Región Hidrografica del Pacífico,Piura,Talara,La Brea,161-2015-OEFA/DE
-81.21405,-4.47957,2135,VII/VI,Pozo mal abandonado,2015,Bajo,Bajo,Bajo,Cuenca Pariñas,Región Hidrografica del Pacífico,Piura,Talara,Pariñas,161-2015-OEFA/DE
-81.2114,-4.47199,2136,VII/VI,Pozo mal abandonado,2015,Bajo,Bajo,Bajo,Cuenca Pariñas,Región Hidrografica del Pacífico,Piura,Talara,Pariñas,161-2015-OEFA/DE
-81.22447,-4.48862,2137,VII/VI,"Pozo mal abandonado, emisiones",2015,Medio,Medio,Medio,Cuenca Pariñas,Región Hidrografica del Pacífico,Piura,Talara,Pariñas,161-2015-OEFA/DE
-81.22115,-4.48645,2138,VII/VI,"Pozo mal abandonado, suelos contaminados con efluente o derrame, emisiones",2015,Medio,Medio,Medio,Cuenca Pariñas,Región Hidrografica del Pacífico,Piura,Talara,Pariñas,161-2015-OEFA/DE
-81.30444,-4.68019,2209,VII/VI,"Pozo mal abandonado, suelos contaminados con efluente o derrame",2015,Medio,Medio,Medio,Intercuenca 1391,Región Hidrografica del Pacífico,Piura,Talara,La Brea,161-2015-OEFA/DE
-81.19293,-4.63698,2210,VII/VI,"Pozo mal abandonado, suelos contaminados con efluente o derrame",2014,Medio,Medio,Medio,Intercuenca 1391,Región Hidrografica del Pacífico,Piura,Talara,La Brea,15-2015-OEFA/DE
-81.30459,-4.68172,2211,VII/VI,"Pozo mal abandonado, suelos contaminados con efluente o derrame, restos o depósitos de residuos",2015,Medio,Medio,Medio,Intercuenca 1391,Región Hidrografica del Pacífico,Piura,Talara,La Brea,161-2015-OEFA/DE
-81.31246,-4.66663,2212,VII/VI,Suelos contaminados con efluente o derrame,2015,Medio,Medio,Medio,Intercuenca 1391,Región Hidrografica del Pacífico,Piura,Talara,La Brea,161-2015-OEFA/DE
-81.27766,-4.45076,2006,VII/VI,Pozo mal abandonado,2015,Bajo,Bajo,Bajo,Intercuenca 13931,Región Hidrografica del Pacífico,Piura,Talara,Lobitos,210-2015-OEFA/DE
-81.27986,-4.69371,2007,VII/VI,Instalaciones mal abandonadas,2013,Bajo,Bajo,Bajo,Intercuenca 1391,Región Hidrografica del Pacífico,Piura,Talara,La Brea,210-2015-OEFA/DE
-81.27449,-4.69094,2008,VII/VI,Instalaciones mal abandonadas,2013,Bajo,Bajo,Bajo,Intercuenca 1391,Región Hidrografica del Pacífico,Piura,Talara,La Brea,210-2015-OEFA/DE
-81.28261,-4.63252,2009,I,"Pozo mal abandonado, emisiones",2014,Bajo,Medio,Bajo,Intercuenca 1391,Región Hidrografica del Pacífico,Piura,Talara,La Brea,165-2016-OEFA/DE
-81.20023,-4.64277,2074,VII/VI,"Pozo mal abandonado, emisiones",2015,Medio,Medio,Medio,Intercuenca 1391,Región Hidrografica del Pacífico,Piura,Talara,La Brea,161-2015-OEFA/DE
-81.26723,-4.50357,2075,VII/VI,Pozo mal abandonado,2015,Bajo,Bajo,Bajo,Cuenca Pariñas,Región Hidrografica del Pacífico,Piura,Talara,Pariñas,161-2015-OEFA/DE
-81.22271,-4.52281,2076,VII/VI,Pozo mal abandonado,2014,Bajo,Bajo,Bajo,Cuenca Pariñas,Región Hidrografica del Pacífico,Piura,Talara,Pariñas,20-2015-OEFA/DE
-81.25519,-4.68997,2077,VII/VI,"Pozo mal abandonado, suelos contaminados con efluente o derrame",2013,Medio,Medio,Medio,Intercuenca 1391,Región Hidrografica del Pacífico,Piura,Talara,La Brea,231-2014-OEFA/DE
-81.2676,-4.43931,2139,VII/VI,"Pozo mal abandonado, suelos contaminados con efluente o derrame",2015,Medio,Medio,Medio,Intercuenca 13931,Región Hidrografica del Pacífico,Piura,Talara,Lobitos,161-2015-OEFA/DE
-81.25681,-4.66758,2140,VII/VI,"Pozo mal abandonado, suelos contaminados con efluente o derrame, emisiones",2015,Medio,Medio,Medio,Intercuenca 1391,Región Hidrografica del Pacífico,Piura,Talara,La Brea,161-2015-OEFA/DE
-81.25206,-4.66371,2141,VII/VI,"Pozo mal abandonado, emisiones",2015,Medio,Medio,Medio,Intercuenca 1391,Región Hidrografica del Pacífico,Piura,Talara,La Brea,161-2015-OEFA/DE
-81.25398,-4.66158,2142,VII/VI,"Pozo mal abandonado, suelos contaminados con efluente o derrame",2015,Medio,Medio,Medio,Intercuenca 1391,Región Hidrografica del Pacífico,Piura,Talara,La Brea,161-2015-OEFA/DE
-81.16444,-4.68005,2201,III,"Pozo mal abandonado, emisiones",2015,Bajo,Medio,Bajo,Intercuenca 1391,Región Hidrografica del Pacífico,Piura,Talara,La Brea,161-2015-OEFA/DE
-81.13127,-4.66676,2202,III,"Pozo mal abandonado, emisiones",2015,Bajo,Medio,Bajo,Intercuenca 1391,Región Hidrografica del Pacífico,Piura,Talara,La Brea,161-2015-OEFA/DE
-81.13497,-4.66295,2203,III,"Pozo mal abandonado, emisiones",2015,Bajo,Medio,Bajo,Intercuenca 1391,Región Hidrografica del Pacífico,Piura,Talara,La Brea,161-2015-OEFA/DE
-81.13059,-4.66526,2204,III,"Pozo mal abandonado, suelos contaminados con efluente o derrame, emisiones",2015,Medio,Medio,Medio,Intercuenca 1391,Región Hidrografica del Pacífico,Piura,Talara,La Brea,161-2015-OEFA/DE
-81.12655,-4.19167,2010,X,"Pozo mal abandonado, suelos contaminados con efluente o derrame",2014,Medio,Medio,Medio,Intercuenca 13931,Región Hidrografica del Pacífico,Piura,Talara,Los Órganos,20-2015-OEFA/DE
-81.24099,-4.60892,2011,I,Pozo mal abandonado,2014,Bajo,Bajo,Bajo,Intercuenca 1391,Región Hidrografica del Pacífico,Piura,Talara,La Brea,231-2014-OEFA/DE
-81.22138,-4.66182,2012,VII/VI,Suelos contaminados con efluente o derrame,2014,Medio,Medio,Medio,Intercuenca 1391,Región Hidrografica del Pacífico,Piura,Talara,La Brea,210-2015-OEFA/DE
-81.23207,-4.4725,2014,VII/VI,"Pozo mal abandonado, restos o depósitos de residuos",2014,Bajo,Bajo,Bajo,Cuenca Pariñas,Región Hidrografica del Pacífico,Piura,Talara,Lobitos,210-2015-OEFA/DE
-81.22302,-4.66305,2078,VII/VI,Pozo mal abandonado,2015,Bajo,Bajo,Bajo,Intercuenca 1391,Región Hidrografica del Pacífico,Piura,Talara,La Brea,161-2015-OEFA/DE
-81.22575,-4.64559,2079,VII/VI,Pozo mal abandonado,2015,Bajo,Bajo,Bajo,Intercuenca 1391,Región Hidrografica del Pacífico,Piura,Talara,La Brea,161-2015-OEFA/DE
-80.66152,-3.67332,2080,XX (ex Lote XIV),"Pozo mal abandonado, el cual presenta emisiones gaseosas fugitivas",2013,Alto,Alto,Medio,Intercuenca 13939,Región Hidrografica del Pacífico,Tumbes,Contralmirante Villar,Zorritos,0006-2015-OEFA/DE
-81.2247,-4.64726,2081,VII/VI,"Pozo mal abandonado, emisiones",2015,Medio,Medio,Medio,Intercuenca 1391,Región Hidrografica del Pacífico,Piura,Talara,La Brea,161-2015-OEFA/DE
-81.12778,-4.65135,2143,III,Pozo mal abandonado y suelo contaminado en el área circundante al mismo,2014,Medio,Alto,Medio,Intercuenca 1391,Región Hidrografica del Pacífico,Piura,Talara,La Brea,00012-2015-OEFA/DE
-81.24931,-4.65066,2144,VII/VI,"Pozo mal abandonado, suelos contaminados con efluente o derrame",2015,Medio,Medio,Medio,Intercuenca 1391,Región Hidrografica del Pacífico,Piura,Talara,La Brea,161-2015-OEFA/DE
-81.25699,-4.6554,2145,VII/VI,"Pozo mal abandonado, emisiones",2015,Medio,Medio,Medio,Intercuenca 1391,Región Hidrografica del Pacífico,Piura,Talara,La Brea,161-2015-OEFA/DE
-80.6615,-3.67332,2146,XX (ex Lote XIV),"Pozo mal abandonado, el cual presenta emisiones gaseosas fugitivas",2013,Alto,Alto,Medio,Intercuenca 13939,Región Hidrografica del Pacífico,Tumbes,Contralmirante Villar,Zorritos,0006-2015-OEFA/DE
-81.14822,-4.64939,2205,III,"Pozo mal abandonado, emisiones",2015,Bajo,Medio,Bajo,Intercuenca 1391,Región Hidrografica del Pacífico,Piura,Talara,La Brea,161-2015-OEFA/DE
-81.13652,-4.65209,2206,III,Suelos contaminados con efluente o derrame,2015,Medio,Medio,Medio,Intercuenca 1391,Región Hidrografica del Pacífico,Piura,Talara,La Brea,161-2015-OEFA/DE
-81.133,-4.6524,2207,III,"Pozo mal abandonado que presenta emisiones gaseosas fugitivas y afloramiento de hidrocarburos líquidos provenientes del mismo, y presenta suelo contaminado en su área circundante",2015,Alto,Alto,Alto,Intercuenca 1391,Región Hidrografica del Pacífico,Piura,Talara,La Brea,161-2015-OEFA/DE
-81.30667,-4.67847,2208,VII/VI,"Pozo mal abandonado, suelos contaminados con efluente o derrame",2015,Medio,Medio,Medio,Intercuenca 1391,Región Hidrografica del Pacífico,Piura,Talara,La Brea,161-2015-OEFA/DE
-81.1176,-4.51686,2015,IV,"Pozo mal abandonado, suelos contaminados con efluente o derrame",2014,Medio,Medio,Medio,Cuenca Pariñas,Región Hidrografica del Pacífico,Piura,Talara,Pariñas,210-2015-OEFA/DE
-81.22171,-4.6241,2016,I,"Pozo mal abandonado, suelos contaminados con efluente o derrame, emisiones",2014,Medio,Medio,Medio,Intercuenca 1391,Región Hidrografica del Pacífico,Piura,Talara,La Brea,210-2015-OEFA/DE
-81.2662,-4.43931,2017,VII/VI,Pozo mal abandonado,2014,Bajo,Bajo,Bajo,Intercuenca 13931,Región Hidrografica del Pacífico,Piura,Talara,Lobitos,210-2015-OEFA/DE
-81.25638,-4.6023,2018,I,"Suelos contaminados con efluente o derrame, restos o depósitos de residuos",2014,Medio,Medio,Medio,Intercuenca 1391,Región Hidrografica del Pacífico,Piura,Talara,Pariñas,210-2015-OEFA/DE
-81.22467,-4.64716,2082,VII/VI,"Pozo mal abandonado, emisiones",2015,Medio,Medio,Medio,Intercuenca 1391,Región Hidrografica del Pacífico,Piura,Talara,La Brea,161-2015-OEFA/DE
-81.22406,-4.64547,2083,VII/VI,Suelos contaminados con efluente o derrame,2015,Medio,Medio,Medio,Intercuenca 1391,Región Hidrografica del Pacífico,Piura,Talara,La Brea,161-2015-OEFA/DE
-81.22232,-4.64567,2084,VII/VI,Pozo mal abandonado,2015,Bajo,Bajo,Bajo,Intercuenca 1391,Región Hidrografica del Pacífico,Piura,Talara,La Brea,161-2015-OEFA/DE
-81.23341,-4.52422,2085,VII/VI,Pozo mal abandonado,2015,Bajo,Bajo,Bajo,Cuenca Pariñas,Región Hidrografica del Pacífico,Piura,Talara,Pariñas,161-2015-OEFA/DE
-81.2548,-4.65387,2147,VII/VI,"Pozo mal abandonado, suelos contaminados con efluente o derrame, emisiones",2015,Medio,Medio,Medio,Intercuenca 1391,Región Hidrografica del Pacífico,Piura,Talara,La Brea,161-2015-OEFA/DE
-81.25313,-4.65333,2148,VII/VI,"Pozo mal abandonado, emisiones",2015,Medio,Medio,Medio,Intercuenca 1391,Región Hidrografica del Pacífico,Piura,Talara,La Brea,161-2015-OEFA/DE
-81.23224,-4.66776,2149,VII/VI,"Pozo mal abandonado, emisiones",2015,Medio,Medio,Medio,Intercuenca 1391,Región Hidrografica del Pacífico,Piura,Talara,La Brea,161-2015-OEFA/DE
-81.23404,-4.66607,2150,VII/VI,"Pozo mal abandonado, emisiones",2015,Bajo,Medio,Bajo,Intercuenca 1391,Región Hidrografica del Pacífico,Piura,Talara,La Brea,161-2015-OEFA/DE
-81.2375,-4.65335,2213,VII/VI,"Pozo mal abandonado, suelos contaminados con efluente o derrame, emisiones",2015,Medio,Medio,Medio,Intercuenca 1391,Región Hidrografica del Pacífico,Piura,Talara,La Brea,161-2015-OEFA/DE
-81.17922,-4.65145,2214,VII/VI,"Pozo mal abandonado, suelos contaminados con efluente o derrame",2015,Medio,Medio,Medio,Intercuenca 1391,Región Hidrografica del Pacífico,Piura,Talara,La Brea,161-2015-OEFA/DE
-81.31999,-4.46821,2215,Z-2B,Pozos mal abandonados con presencia de emisiones gaseosas fugitivas,2020,Medio,Medio,Medio,,,Piura,Talara,Lobitos,Oficio N° 134-2020-OEFA-DEAM
-81.26891,-4.49901,2216,VII/VI,Pozo mal abandonado,2014,Bajo,Bajo,Bajo,Cuenca Pariñas,Región Hidrografica del Pacífico,Piura,Talara,Lobitos,231-2014-OEFA/DE
-80.63438,-3.69709,2019,XX (ex Lote XIV),Estructura mal abandonada,2014,Bajo,Bajo,Bajo,Intercuenca 13939,Región Hidrografica del Pacífico,Tumbes,Contralmirante Villar,Zorritos,210-2015-OEFA/DE
-81.28538,-4.63724,2020,I,"Pozo mal abandonado, suelos contaminados con efluente o derrame",2014,Medio,Medio,Medio,Intercuenca 1391,Región Hidrografica del Pacífico,Piura,Talara,La Brea,165-2016-OEFA/DE
-81.13381,-4.19463,2021,X,Pozo mal abandonado,2014,Bajo,Bajo,Bajo,Intercuenca 13931,Región Hidrografica del Pacífico,Piura,Talara,Los Órganos,20-2015-OEFA/DE
-81.28611,-4.63588,2022,I,Pozo mal abandonado,2014,Bajo,Bajo,Bajo,Intercuenca 1391,Región Hidrografica del Pacífico,Piura,Talara,La Brea,165-2016-OEFA/DE
-81.22629,-4.5284,2086,VII/VI,Pozo mal abandonado,2015,Bajo,Bajo,Bajo,Cuenca Pariñas,Región Hidrografica del Pacífico,Piura,Talara,Pariñas,161-2015-OEFA/DE
-81.22923,-4.52541,2087,VII/VI,Pozo mal abandonado,2015,Bajo,Bajo,Bajo,Cuenca Pariñas,Región Hidrografica del Pacífico,Piura,Talara,Pariñas,161-2015-OEFA/DE
-81.23058,-4.5245,2088,VII/VI,Pozo mal abandonado,2015,Bajo,Bajo,Bajo,Cuenca Pariñas,Región Hidrografica del Pacífico,Piura,Talara,Pariñas,161-2015-OEFA/DE
-81.26932,-4.69791,2089,VII/VI,"Pozo mal abandonado, suelos contaminados con efluente o derrame",2014,Medio,Medio,Medio,Intercuenca 1391,Región Hidrografica del Pacífico,Piura,Talara,La Brea,20-2015-OEFA/DE
-81.27409,-4.52722,2151,VII/VI,"Pozo mal abandonado, suelos contaminados con efluente o derrame",2015,Medio,Medio,Medio,Cuenca Pariñas,Región Hidrografica del Pacífico,Piura,Talara,Pariñas,161-2015-OEFA/DE
-81.26733,-4.50533,2152,VII/VI,Pozo mal abandonado,2015,Bajo,Bajo,Bajo,Cuenca Pariñas,Región Hidrografica del Pacífico,Piura,Talara,Pariñas,161-2015-OEFA/DE
-81.22406,-4.53246,2153,VII/VI,Pozo mal abandonado,2015,Bajo,Bajo,Bajo,Cuenca Pariñas,Región Hidrografica del Pacífico,Piura,Talara,Pariñas,161-2015-OEFA/DE
-81.18105,-4.64679,2154,VII/VI,"Pozo mal abandonado, suelos contaminados con efluente o derrame",2014,Bajo,Medio,Medio,Intercuenca 1391,Región Hidrografica del Pacífico,Piura,Talara,La Brea,231-2014-OEFA/DE
-81.26094,-4.69824,1958,VII/VI,"Pozo mal abandonado, suelos contaminados con efluente o derrame, emisiones",2015,Medio,Medio,Medio,Intercuenca 1391,Región Hidrografica del Pacífico,Piura,Talara,La Brea,210-2015-OEFA/DE
-81.26197,-4.70353,1959,VII/VI,Pozo mal abandonado,2015,Bajo,Bajo,Bajo,Intercuenca 1391,Región Hidrografica del Pacífico,Piura,Talara,La Brea,210-2015-OEFA/DE
-81.25337,-4.70381,1960,VII/VI,"Pozo mal abandonado, emisiones",2015,Bajo,Medio,Bajo,Intercuenca 1391,Región Hidrografica del Pacífico,Piura,Talara,La Brea,210-2015-OEFA/DE
-81.11464,-4.275,1961,X,Suelos contaminados con efluente o derrame,2014,Medio,Medio,Medio,Cuenca Pariñas,Región Hidrografica del Pacífico,Piura,Talara,El Alto,165-2016-OEFA/DE
-81.13363,-4.19632,2023,X,"Pozo mal abandonado, suelos contaminados con efluente o derrame",2014,Medio,Medio,Medio,Intercuenca 13931,Región Hidrografica del Pacífico,Piura,Talara,Los Órganos,20-2015-OEFA/DE
-81.27765,-4.61827,2024,I,Pozo mal abandonado,2014,Bajo,Bajo,Bajo,Intercuenca 1391,Región Hidrografica del Pacífico,Piura,Talara,La Brea,231-2014-OEFA/DE
-80.64336,-3.66577,2025,XX (ex Lote XIV),"Pozo mal abandonado, mar adentro, con oeliculas con coloración iridiscente, olor a hidrocarburo",2013,Bajo,Medio,Bajo,Intercuenca 13939,Región Hidrografica del Pacífico,Tumbes,Contralmirante Villar,Zorritos,165-2016-OEFA/DE
-81.28766,-4.6347,2026,I,Pozo mal abandonado,2014,Bajo,Bajo,Bajo,Intercuenca 1391,Región Hidrografica del Pacífico,Piura,Talara,La Brea,231-2014-OEFA/DE
-81.23201,-4.52522,2090,VII/VI,"Pozo mal abandonado, emisiones",2015,Medio,Bajo,Bajo,Cuenca Pariñas,Región Hidrografica del Pacífico,Piura,Talara,Pariñas,161-2015-OEFA/DE
-81.22402,-4.53083,2091,VII/VI,Pozo mal abandonado,2015,Bajo,Bajo,Bajo,Cuenca Pariñas,Región Hidrografica del Pacífico,Piura,Talara,Pariñas,161-2015-OEFA/DE
-81.25522,-4.46258,2092,VII/VI,Suelos contaminados con efluente o derrame,2015,Medio,Medio,Medio,Cuenca Pariñas,Región Hidrografica del Pacífico,Piura,Talara,Lobitos,161-2015-OEFA/DE
-81.23492,-4.51703,2093,VII/VI,Suelos contaminados con efluente o derrame,2015,Medio,Medio,Medio,Cuenca Pariñas,Región Hidrografica del Pacífico,Piura,Talara,Pariñas,161-2015-OEFA/DE
-81.23345,-4.5227,2155,VII/VI,Pozo mal abandonado,2015,Bajo,Bajo,Bajo,Cuenca Pariñas,Región Hidrografica del Pacífico,Piura,Talara,Pariñas,161-2015-OEFA/DE
-81.23974,-4.51762,2156,VII/VI,Pozo mal abandonado,2015,Bajo,Medio,Bajo,Cuenca Pariñas,Región Hidrografica del Pacífico,Piura,Talara,Pariñas,161-2015-OEFA/DE
-81.24003,-4.52776,2157,VII/VI,Pozo mal abandonado,2015,Bajo,Medio,Bajo,Cuenca Pariñas,Región Hidrografica del Pacífico,Piura,Talara,Pariñas,161-2015-OEFA/DE
-81.23015,-4.49877,2158,VII/VI,Pozo mal abandonado,2015,Bajo,Bajo,Bajo,Cuenca Pariñas,Región Hidrografica del Pacífico,Piura,Talara,Pariñas,161-2015-OEFA/DE
-81.13059,-4.20168,1962,X,Pozo mal abandonado,2014,Bajo,Bajo,Bajo,Intercuenca 13931,Región Hidrografica del Pacífico,Piura,Talara,Los Órganos,20-2015-OEFA/DE
-81.1614,-4.53493,1963,IX,Pozo mal abandonado,2014,Bajo,Bajo,Bajo,Cuenca Pariñas,Región Hidrografica del Pacífico,Piura,Talara,Pariñas,231-2014-OEFA/DE
-81.28095,-4.71515,1964,VII/VI,Pozo mal abandonado,2015,Bajo,Bajo,Bajo,Intercuenca 1391,Región Hidrografica del Pacífico,Piura,Talara,La Brea,210-2015-OEFA/DE
-81.28029,-4.71405,1965,VII/VI,"Pozo mal abandonado, suelos contaminados con efluente o derrame, emisiones",2015,Medio,Medio,Medio,Intercuenca 1391,Región Hidrografica del Pacífico,Piura,Talara,La Brea,210-2015-OEFA/DE
-81.22997,-4.51006,2027,VII/VI,"Pozo mal abandonado, suelos contaminados con efluente o derrame",2014,Medio,Medio,Medio,Cuenca Pariñas,Región Hidrografica del Pacífico,Piura,Talara,Pariñas,20-2015-OEFA/DE
-81.26484,-4.62564,2028,I,"Pozo mal abandonado, suelos contaminados con efluente o derrame",2014,Medio,Medio,Medio,Intercuenca 1391,Región Hidrografica del Pacífico,Piura,Talara,La Brea,231-2014-OEFA/DE
-81.25047,-4.67781,2029,VII/VI,Pozo mal abandonado,2013,Bajo,Bajo,Bajo,Intercuenca 1391,Región Hidrografica del Pacífico,Piura,Talara,La Brea,020-2015-OEFA/DE
-81.24735,-4.6821,2030,VII/VI,Pozo mal abandonado,2013,Bajo,Bajo,Bajo,Intercuenca 1391,Región Hidrografica del Pacífico,Piura,Talara,La Brea,020-2015-OEFA/DE
-81.30175,-4.47916,2094,VII/VI,Suelos contaminados con efluente o derrame,2015,Medio,Medio,Medio,Intercuenca 13931,Región Hidrografica del Pacífico,Piura,Talara,Lobitos,161-2015-OEFA/DE
-81.22511,-4.50013,2095,VII/VI,Suelos contaminados con efluente o derrame,2015,Medio,Medio,Medio,Cuenca Pariñas,Región Hidrografica del Pacífico,Piura,Talara,Pariñas,161-2015-OEFA/DE
-81.28393,-4.46557,2096,VII/VI,Suelos contaminados con efluente o derrame,2015,Medio,Medio,Medio,Intercuenca 13931,Región Hidrografica del Pacífico,Piura,Talara,Lobitos,161-2015-OEFA/DE
-81.25135,-4.4635,2097,VII/VI,"Pozo mal abandonado, suelos contaminados con efluente o derrame",2015,Medio,Medio,Medio,Cuenca Pariñas,Región Hidrografica del Pacífico,Piura,Talara,Lobitos,161-2015-OEFA/DE
-81.23351,-4.52592,2159,VII/VI,Pozo mal abandonado,2015,Bajo,Bajo,Bajo,Cuenca Pariñas,Región Hidrografica del Pacífico,Piura,Talara,Pariñas,161-2015-OEFA/DE
-81.22972,-4.53108,2160,VII/VI,"Pozo mal abandonado, suelos contaminados con efluente o derrame, emisiones",2015,Medio,Medio,Medio,Cuenca Pariñas,Región Hidrografica del Pacífico,Piura,Talara,Pariñas,161-2015-OEFA/DE
-81.2671,-4.55158,2161,VII/VI,"Pozo mal abandonado, suelos contaminados con efluente o derrame, restos o depósitos de residuos",2016,Medio,Medio,Medio,Intercuenca 1391,Región Hidrografica del Pacífico,Piura,Talara,Pariñas,161-2015-OEFA/DE
-81.26615,-4.45787,2162,VII/VI,Pozo mal abandonado,2015,Bajo,Bajo,Bajo,Intercuenca 13931,Región Hidrografica del Pacífico,Piura,Talara,Lobitos,161-2015-OEFA/DE
-81.2757,-4.70675,1966,VII/VI,"Pozo mal abandonado, suelos contaminados con efluente o derrame",2015,Medio,Medio,Medio,Intercuenca 1391,Región Hidrografica del Pacífico,Piura,Talara,La Brea,210-2015-OEFA/DE
-81.27608,-4.70546,1967,VII/VI,"Pozo mal abandonado, suelos contaminados con efluente o derrame, emisiones",2015,Medio,Medio,Medio,Intercuenca 1391,Región Hidrografica del Pacífico,Piura,Talara,La Brea,210-2015-OEFA/DE
-81.27547,-4.71487,1968,VII/VI,"Pozo mal abandonado, emisiones",2015,Medio,Medio,Medio,Intercuenca 1391,Región Hidrografica del Pacífico,Piura,Talara,La Brea,210-2015-OEFA/DE
-81.27613,-4.70888,1969,VII/VI,"Pozo mal abandonado, suelos contaminados con efluente o derrame",2015,Medio,Medio,Medio,Intercuenca 1391,Región Hidrografica del Pacífico,Piura,Talara,La Brea,210-2015-OEFA/DE
-81.23255,-4.63593,2031,VII/VI,"Pozo mal abandonado, suelos contaminados con efluente o derrame, restos o depósitos de residuos",2014,Medio,Medio,Medio,Intercuenca 1391,Región Hidrografica del Pacífico,Piura,Talara,La Brea,20-2015-OEFA/DE
-81.27776,-4.61745,2032,I,"Pozo mal abandonado, suelos contaminados con efluente o derrame",2014,Medio,Medio,Medio,Intercuenca 1391,Región Hidrografica del Pacífico,Piura,Talara,La Brea,231-2014-OEFA/DE
-81.29726,-4.67755,2033,VII/VI,"Pozo mal abandonado, suelos contaminados con efluente o derrame, emisiones",2014,Medio,Medio,Medio,Intercuenca 1391,Región Hidrografica del Pacífico,Piura,Talara,La Brea,20-2015-OEFA/DE
-81.26603,-4.62409,2034,I,Pozo mal abandonado,2014,Bajo,Bajo,Bajo,Intercuenca 1391,Región Hidrografica del Pacífico,Piura,Talara,La Brea,231-2014-OEFA/DE
-81.22157,-4.4493,2098,VII/VI,Suelos contaminados con efluente o derrame,2015,Medio,Medio,Medio,Cuenca Pariñas,Región Hidrografica del Pacífico,Piura,Talara,Lobitos,161-2015-OEFA/DE
-81.26342,-4.44183,2099,VII/VI,Suelos contaminados con efluente o derrame,2015,Medio,Medio,Medio,Intercuenca 13931,Región Hidrografica del Pacífico,Piura,Talara,Lobitos,161-2015-OEFA/DE
-81.2207,-4.6517,2100,VII/VI,"Pozo mal abandonado, suelos contaminados con efluente o derrame",2013,Medio,Medio,Medio,Intercuenca 1391,Región Hidrografica del Pacífico,Piura,Talara,La Brea,231-2014-OEFA/DE
-81.26893,-4.45379,2101,VII/VI,Suelos contaminados con efluente o derrame,2015,Medio,Medio,Medio,Intercuenca 13931,Región Hidrografica del Pacífico,Piura,Talara,Lobitos,161-2015-OEFA/DE
-81.25167,-4.48097,2163,VII/VI,Pozo mal abandonado,2015,Bajo,Bajo,Bajo,Cuenca Pariñas,Región Hidrografica del Pacífico,Piura,Talara,Lobitos,161-2015-OEFA/DE
-81.24127,-4.51471,2164,VII/VI,"Pozo mal abandonado, emisiones",2015,Medio,Medio,Medio,Cuenca Pariñas,Región Hidrografica del Pacífico,Piura,Talara,Pariñas,161-2015-OEFA/DE
-81.1406,-4.62403,2165,IV,"Pozo mal abandonado, suelo contaminado en el área circundante al mismo y emisiones fugitivas provenientes del pozo",2014,Medio,Alto,Medio,Intercuenca 1391,Región Hidrografica del Pacífico,Piura,Talara,La Brea,00012-2015-OEFA/DE
-81.17816,-4.65056,2166,VII/VI,"Pozo mal abandonado, suelos contaminados con efluente o derrame",2014,Medio,Medio,Medio,Intercuenca 1391,Región Hidrografica del Pacífico,Piura,Talara,La Brea,231-2014-OEFA/DE
-81.276,-4.70887,1970,VII/VI,"Pozo mal abandonado, suelos contaminados con efluente o derrame",2015,Medio,Medio,Medio,Intercuenca 1391,Región Hidrografica del Pacífico,Piura,Talara,La Brea,210-2015-OEFA/DE
-81.27563,-4.70805,1971,VII/VI,"Pozo mal abandonado, suelos contaminados con efluente o derrame, emisiones",2015,Medio,Medio,Medio,Intercuenca 1391,Región Hidrografica del Pacífico,Piura,Talara,La Brea,210-2015-OEFA/DE
-81.27367,-4.70687,1972,VII/VI,"Pozo mal abandonado, suelos contaminados con efluente o derrame, emisiones",2015,Medio,Medio,Medio,Intercuenca 1391,Región Hidrografica del Pacífico,Piura,Talara,La Brea,210-2015-OEFA/DE
-81.27303,-4.70807,1973,VII/VI,"Pozo mal abandonado, suelos contaminados con efluente o derrame, emisiones",2015,Medio,Medio,Medio,Intercuenca 1391,Región Hidrografica del Pacífico,Piura,Talara,La Brea,210-2015-OEFA/DE
-81.27571,-4.66833,2035,VII/VI,"Pozo mal abandonado, suelos contaminados con efluente o derrame, emisiones, restos o depósitos de residuos",2014,Medio,Medio,Medio,Intercuenca 1391,Región Hidrografica del Pacífico,Piura,Talara,La Brea,20-2015-OEFA/DE
-81.25676,-4.604,2036,I,"Pozo mal abandonado, suelos contaminados con efluente o derrame",2014,Medio,Medio,Medio,Intercuenca 1391,Región Hidrografica del Pacífico,Piura,Talara,Pariñas,231-2014-OEFA/DE
-81.28404,-4.68696,2037,VII/VI,"Pozo mal abandonado, suelos contaminados con efluente o derrame, emisiones, restos o depósitos de residuos",2014,Medio,Medio,Medio,Intercuenca 1391,Región Hidrografica del Pacífico,Piura,Talara,La Brea,20-2015-OEFA/DE
-81.28728,-4.63513,2038,I,Pozo mal abandonado,2014,Bajo,Bajo,Bajo,Intercuenca 1391,Región Hidrografica del Pacífico,Piura,Talara,La Brea,231-2014-OEFA/DE
-81.29468,-4.472,2102,VII/VI,Suelos contaminados con efluente o derrame,2015,Medio,Medio,Medio,Intercuenca 13931,Región Hidrografica del Pacífico,Piura,Talara,Lobitos,161-2015-OEFA/DE
-81.26242,-4.45171,2103,VII/VI,"Pozo mal abandonado, suelos contaminados con efluente o derrame",2015,Medio,Medio,Medio,Intercuenca 13931,Región Hidrografica del Pacífico,Piura,Talara,Lobitos,161-2015-OEFA/DE
-81.24106,-4.51084,2104,VII/VI,"Pozo mal abandonado, suelos contaminados con efluente o derrame, emisiones",2015,Medio,Medio,Medio,Cuenca Pariñas,Región Hidrografica del Pacífico,Piura,Talara,Pariñas,161-2015-OEFA/DE
-81.23859,-4.64144,2105,VII/VI,Pozo mal abandonado,2015,Bajo,Bajo,Bajo,Intercuenca 1391,Región Hidrografica del Pacífico,Piura,Talara,La Brea,161-2015-OEFA/DE
-81.24685,-4.53117,2167,VII/VI,Pozo mal abandonado,2015,Bajo,Bajo,Bajo,Cuenca Pariñas,Región Hidrografica del Pacífico,Piura,Talara,Pariñas,161-2015-OEFA/DE
-81.24259,-4.50778,2168,VII/VI,"Pozo mal abandonado, suelos contaminados con efluente o derrame",2015,Medio,Medio,Medio,Cuenca Pariñas,Región Hidrografica del Pacífico,Piura,Talara,Pariñas,161-2015-OEFA/DE
-81.30773,-4.67429,2169,VII/VI,"Pozo mal abandonado, suelos contaminados con efluente o derrame",2015,Medio,Medio,Medio,Intercuenca 1391,Región Hidrografica del Pacífico,Piura,Talara,La Brea,161-2015-OEFA/DE
-81.30352,-4.67275,2170,VII/VI,"Pozo mal abandonado, emisiones",2015,Medio,Medio,Bajo,Intercuenca 1391,Región Hidrografica del Pacífico,Piura,Talara,La Brea,161-2015-OEFA/DE
-81.13422,-4.20288,1974,X,Pozo mal abandonado,2014,Bajo,Bajo,Bajo,Intercuenca 13931,Región Hidrografica del Pacífico,Piura,Talara,Los Órganos,20-2015-OEFA/DE
-81.28063,-4.68598,1975,VII/VI,"Pozo mal abandonado, suelos contaminados con efluente o derrame, emisiones",2015,Medio,Medio,Medio,Intercuenca 1391,Región Hidrografica del Pacífico,Piura,Talara,La Brea,210-2015-OEFA/DE
-81.12446,-4.65616,1976,III,"Pozo mal abandonado, que presenta emisiones gaseosas fugitivas y  suelo contaminado en el área circundante al mismo",2014,Medio,Alto,Medio,Intercuenca 1391,Región Hidrografica del Pacífico,Piura,Talara,La Brea,0006-2015-OEFA/DE
-81.22029,-4.66487,1977,VII/VI,"Pozo mal abandonado, suelos contaminados con efluente o derrame, restos o depósitos de residuos",2014,Medio,Medio,Medio,Intercuenca 1391,Región Hidrografica del Pacífico,Piura,Talara,La Brea,231-2014-OEFA/DE
-81.27712,-4.66709,2039,VII/VI,"Pozo mal abandonado, suelos contaminados con efluente o derrame, emisiones",2014,Medio,Medio,Medio,Intercuenca 1391,Región Hidrografica del Pacífico,Piura,Talara,La Brea,20-2015-OEFA/DE
-81.2316,-4.61912,2040,I,"Pozo mal abandonado, suelos contaminados con efluente o derrame",2014,Medio,Medio,Medio,Intercuenca 1391,Región Hidrografica del Pacífico,Piura,Talara,La Brea,231-2014-OEFA/DE
-81.30961,-4.66666,2041,VII/VI,"Pozo mal abandonado, que presenta emisiones gaseosas fugitivas y  suelo contaminado en el área circundante al mismo",2015,Alto,Alto,Medio,Intercuenca 1391,Región Hidrografica del Pacífico,Piura,Talara,La Brea,Oficio Circular N° 01-2015-OEFA/DE
-81.23699,-4.63965,2106,VII/VI,"Pozo mal abandonado, suelos contaminados con efluente o derrame",2015,Bajo,Medio,Medio,Intercuenca 1391,Región Hidrografica del Pacífico,Piura,Talara,La Brea,161-2015-OEFA/DE
-81.25758,-4.69418,2107,VII/VI,"Pozo mal abandonado, suelos contaminados con efluente o derrame, emisiones",2015,Medio,Medio,Medio,Intercuenca 1391,Región Hidrografica del Pacífico,Piura,Talara,La Brea,161-2015-OEFA/DE
-81.16125,-4.85698,2108,III,"Pozo mal abandonado, suelos contaminados con efluente o derrame",2015,Bajo,Bajo,Bajo,Intercuenca 1391,Región Hidrografica del Pacífico,Piura,Paita,Vichayal,161-2015-OEFA/DE
-81.16541,-4.67925,2109,III,"Pozo mal abandonado, emisiones",2015,Bajo,Medio,Bajo,Intercuenca 1391,Región Hidrografica del Pacífico,Piura,Talara,La Brea,161-2015-OEFA/DE
-81.31144,-4.6809,2171,VII/VI,"Pozo mal abandonado, suelos contaminados con efluente o derrame",2015,Medio,Medio,Medio,Intercuenca 1391,Región Hidrografica del Pacífico,Piura,Talara,La Brea,161-2015-OEFA/DE
-81.31211,-4.68001,2172,VII/VI,Pozo mal abandonado con presencia de suelo contaminado,2015,Medio,Medio,Medio,Intercuenca 1391,Región Hidrografica del Pacífico,Piura,Talara,La Brea,161-2015-OEFA/DE
-81.25876,-4.69424,2173,VII/VI,"Pozo mal abandonado, suelos contaminados con efluente o derrame",2015,Bajo,Bajo,Bajo,Intercuenca 1391,Región Hidrografica del Pacífico,Piura,Talara,La Brea,161-2015-OEFA/DE
-81.17875,-4.64649,2175,VII/VI,Pozo mal abandonado,2014,Bajo,Bajo,Bajo,Intercuenca 1391,Región Hidrografica del Pacífico,Piura,Talara,La Brea,231-2014-OEFA/DE
-81.28256,-4.66228,1978,VII/VI,"Pozo mal abandonado, emisiones",2015,Bajo,Medio,Bajo,Intercuenca 1391,Región Hidrografica del Pacífico,Piura,Talara,La Brea,210-2015-OEFA/DE
-81.28278,-4.66007,1979,VII/VI,"Pozo mal abandonado, emisiones",2015,Bajo,Medio,Bajo,Intercuenca 1391,Región Hidrografica del Pacífico,Piura,Talara,La Brea,210-2015-OEFA/DE
-81.28437,-4.66348,1980,VII/VI,Pozo mal abandonado,2015,Bajo,Bajo,Bajo,Intercuenca 1391,Región Hidrografica del Pacífico,Piura,Talara,La Brea,210-2015-OEFA/DE
-81.2865,-4.6636,1981,VII/VI,"Pozo mal abandonado, emisiones",2015,Bajo,Medio,Bajo,Intercuenca 1391,Región Hidrografica del Pacífico,Piura,Talara,La Brea,210-2015-OEFA/DE
-81.27234,-4.45744,2042,VII/VI,"Pozo mal abandonado, que presenta emisiones gaseosas fugitivas y  suelo contaminado en el área circundante al mismo",2015,Medio,Alto,Medio,Intercuenca 13931,Región Hidrografica del Pacífico,Piura,Talara,Lobitos,Oficio Circular N° 01-2015-OEFA/DE
-81.24877,-4.51218,2043,VII/VI,Pozo mal abandonado,2015,Bajo,Bajo,Bajo,Cuenca Pariñas,Región Hidrografica del Pacífico,Piura,Talara,Pariñas,161-2015-OEFA/DE
-81.19785,-4.52809,2044,VII/VI,Suelos contaminados con efluente o derrame,2015,Medio,Medio,Medio,Cuenca Pariñas,Región Hidrografica del Pacífico,Piura,Talara,Pariñas,161-2015-OEFA/DE
-81.21285,-4.47431,2045,VII/VI,Pozo mal abandonado,2015,Bajo,Bajo,Bajo,Cuenca Pariñas,Región Hidrografica del Pacífico,Piura,Talara,Pariñas,161-2015-OEFA/DE
-81.2477,-4.65748,2110,VII/VI,"Pozo mal abandonado, emisiones, restos o depósitos de residuos",2014,Medio,Medio,Medio,Intercuenca 1391,Región Hidrografica del Pacífico,Piura,Talara,La Brea,20-2015-OEFA/DE
-81.126,-4.67087,2111,III,"Pozo mal abandonado, suelos contaminados con efluente o derrame",2015,Medio,Medio,Medio,Intercuenca 1391,Región Hidrografica del Pacífico,Piura,Talara,La Brea,161-2015-OEFA/DE
-81.303,-4.68252,2112,VII/VI,"Pozo mal abandonado, suelos contaminados con efluente o derrame, restos o depósitos de residuos",2014,Medio,Medio,Medio,Intercuenca 1391,Región Hidrografica del Pacífico,Piura,Talara,La Brea,231-2014-OEFA/DE
-81.30624,-4.68208,2113,VII/VI,"Pozo mal abandonado, suelos contaminados con efluente o derrame, restos o depósitos de residuos",2014,Medio,Medio,Medio,Intercuenca 1391,Región Hidrografica del Pacífico,Piura,Talara,La Brea,231-2014-OEFA/DE
-81.25781,-4.68991,2176,VII/VI,"Pozo mal abandonado, suelos contaminados con efluente o derrame, emisiones",2015,Medio,Medio,Medio,Intercuenca 1391,Región Hidrografica del Pacífico,Piura,Talara,La Brea,161-2015-OEFA/DE
-81.25631,-4.6904,2177,VII/VI,"Pozo mal abandonado, emisiones",2015,Medio,Medio,Medio,Intercuenca 1391,Región Hidrografica del Pacífico,Piura,Talara,La Brea,161-2015-OEFA/DE
-81.2285,-4.69121,2178,VII/VI,"Pozo mal abandonado, suelos contaminados con efluente o derrame",2015,Medio,Medio,Medio,Intercuenca 1391,Región Hidrografica del Pacífico,Piura,Talara,La Brea,161-2015-OEFA/DE
-81.22735,-4.68309,2179,VII/VI,"Pozo mal abandonado, suelos contaminados con efluente o derrame, emisiones",2015,Medio,Medio,Medio,Intercuenca 1391,Región Hidrografica del Pacífico,Piura,Talara,La Brea,161-2015-OEFA/DE
-81.28092,-4.65634,1982,VII/VI,"Pozo mal abandonado, emisiones",2015,Bajo,Medio,Bajo,Intercuenca 1391,Región Hidrografica del Pacífico,Piura,Talara,La Brea,210-2015-OEFA/DE
-81.19587,-4.65238,1983,VII/VI,"Pozo mal abandonado, suelos contaminados con efluente o derrame, emisiones",2015,Medio,Medio,Medio,Intercuenca 1391,Región Hidrografica del Pacífico,Piura,Talara,La Brea,210-2015-OEFA/DE
-81.18703,-4.66368,1984,VII/VI,"Pozo mal abandonado, emisiones",2015,Bajo,Medio,Bajo,Intercuenca 1391,Región Hidrografica del Pacífico,Piura,Talara,La Brea,210-2015-OEFA/DE
-81.23003,-4.59144,1985,I,Pozo mal abandonado,2014,Bajo,Bajo,Bajo,Intercuenca 1391,Región Hidrografica del Pacífico,Piura,Talara,Pariñas,165-2016-OEFA/DE
-81.2258,-4.47909,2046,VII/VI,Pozo mal abandonado,2015,Bajo,Bajo,Bajo,Cuenca Pariñas,Región Hidrografica del Pacífico,Piura,Talara,Lobitos,161-2015-OEFA/DE
-81.20487,-4.47647,2047,VII/VI,"Pozo mal abandonado, suelos contaminados con efluente o derrame, emisiones",2015,Medio,Medio,Medio,Cuenca Pariñas,Región Hidrografica del Pacífico,Piura,Talara,Pariñas,161-2015-OEFA/DE
-81.24491,-4.51331,2048,VII/VI,"Pozo mal abandonado, emisiones",2014,Medio,Medio,Medio,Cuenca Pariñas,Región Hidrografica del Pacífico,Piura,Talara,Pariñas,20-2015-OEFA/DE
-81.28265,-4.46584,2049,VII/VI,Suelos contaminados con efluente o derrame,2015,Medio,Medio,Medio,Intercuenca 13931,Región Hidrografica del Pacífico,Piura,Talara,Lobitos,161-2015-OEFA/DE
-81.1554,-4.22354,2114,X,"Pozo mal abandonado, suelos contaminados con efluente o derrame",2014,Medio,Medio,Medio,Intercuenca 13931,Región Hidrografica del Pacífico,Piura,Talara,Los Órganos,20-2015-OEFA/DE
-81.1216,-4.6019,2115,IV,"Pozo mal abandonado, suelos contaminados con efluente o derrame",2014,Medio,Medio,Medio,Intercuenca 1391,Región Hidrografica del Pacífico,Piura,Talara,La Brea,161-2015-OEFA/DE
-81.02967,-4.22756,2116,X,"Pozo mal abandonado, suelos contaminados con efluente o derrame",2014,Medio,Medio,Medio,Intercuenca 13931,Región Hidrografica del Pacífico,Piura,Talara,El Alto,20-2015-OEFA/DE
-81.22986,-4.64652,2117,VII/VI,"Pozo mal abandonado, suelos contaminados con efluente o derrame",2013,Medio,Medio,Medio,Intercuenca 1391,Región Hidrografica del Pacífico,Piura,Talara,La Brea,231-2014-OEFA/DE
-81.23078,-4.68302,2180,VII/VI,"Pozo mal abandonado, suelos contaminados con efluente o derrame, emisiones",2015,Medio,Medio,Medio,Intercuenca 1391,Región Hidrografica del Pacífico,Piura,Talara,La Brea,161-2015-OEFA/DE
-81.18906,-4.66683,2181,VII/VI,"Pozo mal abandonado, emisiones",2015,Bajo,Medio,Bajo,Intercuenca 1391,Región Hidrografica del Pacífico,Piura,Talara,La Brea,161-2015-OEFA/DE
-81.13401,-4.67159,2182,III,"Pozo mal abandonado, suelos contaminados con efluente o derrame, emisiones",2015,Medio,Medio,Medio,Intercuenca 1391,Región Hidrografica del Pacífico,Piura,Talara,La Brea,161-2015-OEFA/DE
-81.13257,-4.67002,2183,III,"Pozo mal abandonado, suelos contaminados con efluente o derrame, emisiones",2015,Medio,Medio,Medio,Intercuenca 1391,Región Hidrografica del Pacífico,Piura,Talara,La Brea,161-2015-OEFA/DE
-81.28842,-4.6405,1986,I,"Pozo mal abandonado, suelos contaminados con efluente o derrame",2014,Medio,Medio,Medio,Intercuenca 1391,Región Hidrografica del Pacífico,Piura,Talara,La Brea,231-2014-OEFA/DE
-81.25097,-4.65328,1987,VII/VI,"Pozo mal abandonado, emisiones",2015,Bajo,Medio,Bajo,Intercuenca 1391,Región Hidrografica del Pacífico,Piura,Talara,La Brea,210-2015-OEFA/DE
-81.26225,-4.46854,1988,VII/VI,"Pozo mal abandonado, emisiones",2015,Bajo,Medio,Bajo,Cuenca Pariñas,Región Hidrografica del Pacífico,Piura,Talara,Lobitos,210-2015-OEFA/DE
-81.26261,-4.44434,1989,VII/VI,"Pozo mal abandonado, emisiones",2015,Bajo,Medio,Bajo,Intercuenca 13931,Región Hidrografica del Pacífico,Piura,Talara,Lobitos,210-2015-OEFA/DE
-81.28216,-4.46992,2050,VII/VI,Suelos contaminados con efluente o derrame,2015,Medio,Medio,Medio,Intercuenca 13931,Región Hidrografica del Pacífico,Piura,Talara,Lobitos,161-2015-OEFA/DE
-81.2744,-4.4523,2051,VII/VI,"Pozo mal abandonado, suelos contaminados con efluente o derrame, emisiones",2015,Medio,Medio,Medio,Intercuenca 13931,Región Hidrografica del Pacífico,Piura,Talara,Lobitos,161-2015-OEFA/DE
-81.27305,-4.45329,2052,VII/VI,Suelos contaminados con efluente o derrame,2015,Medio,Medio,Medio,Intercuenca 13931,Región Hidrografica del Pacífico,Piura,Talara,Lobitos,161-2015-OEFA/DE
-81.27175,-4.45193,2053,VII/VI,Suelos contaminados con efluente o derrame,2015,Medio,Medio,Medio,Intercuenca 13931,Región Hidrografica del Pacífico,Piura,Talara,Lobitos,161-2015-OEFA/DE
-81.12301,-4.83468,2938,III,"Pozo mal abandonado, suelos contaminados con efluente o derrame, emisiones",2017,Medio,Medio,Medio,Cuenca Chira,Región Hidrografica del Pacífico,Piura,Paita,Vichayal,114-2017-OEFA/DE
-81.34147,-4.43694,2939,Z-2B,Pozo mal abandonado,2021,Medio,Bajo,Medio,,,Piura,Talara,Lobitos,Oficio N° 057-2021-OEFA/DEAM
-81.11491,-4.8404,2940,III,"Pozo mal abandonado, suelos contaminados con efluente o derrame",2017,Medio,Medio,Medio,Cuenca Chira,Región Hidrografica del Pacífico,Piura,Paita,Vichayal,114-2017-OEFA/DE
-81.29781,-4.30907,2941,Z-2B,Pozo mal abandonado,2021,Bajo,Bajo,Bajo,,,Piura,Talara,El Alto,Oficio N° 057-2021-OEFA/DEAM
-81.31358,-4.70055,2749,Z-2B,Pozo mal abandonado (ZONA DE PLAYA),2017,Bajo,Bajo,Bajo,Intercuenca 1391,Región Hidrografica del Pacífico,Piura,Talara,La Brea,239-2017-OEFA/DE
-81.26402,-4.6835,2750,VII/VI,Pozo mal abandonado y suelo contaminado con hidrocarburos en el área circundante al mismo,2017,Medio,Medio,Medio,Intercuenca 1391,Región Hidrografica del Pacífico,Piura,Talara,La Brea,239-2017-OEFA/DE
-81.22093,-4.65566,2751,VII/VI,"Pozo mal abandonado, suelo contaminado en el área circundante al mismo y emisiones gaseosas fugitivas provenientes del pozo",2017,Medio,Medio,Medio,Intercuenca 1391,Región Hidrografica del Pacífico,Piura,Talara,La Brea,239-2017-OEFA/DE
-81.22061,-4.65692,2752,VII/VI,Pozo mal abandonado,2017,Bajo,Bajo,Bajo,Intercuenca 1391,Región Hidrografica del Pacífico,Piura,Talara,La Brea,239-2017-OEFA/DE
-81.21007,-4.2809,2813,X,Pozo mal abandonado con presencia de emisiones gaseosas fugitivas provenientes del mismo,2017,Bajo,Medio,Bajo,Intercuenca 13931,Región Hidrografica del Pacífico,Piura,Talara,El Alto,224-2017-OEFA/DE
-81.20363,-4.27822,2814,X,Pozo mal abandonado,2017,Medio,Medio,Medio,Intercuenca 13931,Región Hidrografica del Pacífico,Piura,Talara,El Alto,224-2017-OEFA/DE
-81.17459,-4.64225,2815,VII/VI,Pozo mal abandonado que presenta suelo contaminado,2017,Medio,Medio,Medio,Intercuenca 1391,Región Hidrografica del Pacífico,Piura,Talara,La Brea,224-2017-OEFA/DE
-81.22789,-4.65778,2816,VII/VI,"Pozo mal abandonado, suelos contaminados con efluente o derrame",2013,Medio,Medio,Medio,Intercuenca 1391,Región Hidrografica del Pacífico,Piura,Talara,La Brea,070-2016-OEFA/DE
-81.13524,-4.85585,2874,III,Pozo mal abandonado,2017,Bajo,Bajo,Bajo,Intercuenca 1391,Región Hidrografica del Pacífico,Piura,Paita,Vichayal,114-2017-OEFA/DE
-81.30851,-4.60989,2875,Z-2B,Pozo mal abandonado,2021,Bajo,Bajo,Bajo,,,Piura,Talara,La Brea,Oficio N° 0079-2021-OEFA/DEAM
-81.12984,-4.83889,2876,III,"Pozo mal abandonado, suelos contaminados con efluente o derrame, emisiones",2017,Medio,Medio,Medio,Intercuenca 1391,Región Hidrografica del Pacífico,Piura,Paita,Vichayal,114-2017-OEFA/DE
-81.31781,-4.71583,2877,Z-2B,Pozo mal abandonado con presencia de emisiones gaseosas fugitivas provenientes del pozo,2021,Medio,Medio,Medio,,,Piura,Talara,La Brea,Oficio N° 0079-2021-OEFA/DEAM
-81.15734,-4.85151,2942,III,"Pozo mal abandonado, suelos contaminados con efluente o derrame, emisiones",2017,Medio,Medio,Medio,Intercuenca 1391,Región Hidrografica del Pacífico,Piura,Paita,Vichayal,114-2017-OEFA/DE
-81.31863,-4.68613,2943,VII/VI,"Pozo mal abandonado con presencia de emisiones gaseosas fugitivas, afloramiento de hidrocarburos y agua; y suelo contaminado con hidrocarburos en su área circundante",2013,Alto,Medio,Alto,Intercuenca 1391,Región Hidrografica del Pacífico,Piura,Talara,La Brea,Oficio circular N° 008-2016-OEFA/DE
-81.2288,-4.52163,2944,VII/VI,Pozo mal abandonado que presenta emisiones gaseosas fugitivas y suelo contaminado con fracción de hidrocarburos F2 y fracción de hidrocarburos F3 en su área circundante,2013,Bajo,Medio,Medio,Cuenca Pariñas,Región Hidrografica del Pacífico,Piura,Talara,Pariñas,"004-2014-OEFA/DE, 00360-2024-OEFA/DEAM"
-81.17795,-4.28894,2945,X,Pozo mal abandonado,2019,Medio,Medio,Medio,Cuenca Pariñas,Región Hidrografica del Pacífico,Piura,Talara,El Alto,Oficio N° 00144-2019-OEFA-DEAM
-81.25049,-4.69367,2753,VII/VI,"Pozo mal abandonado, suelos contaminados con efluente o derrame, emisiones",2014,Medio,Medio,Medio,Intercuenca 1391,Región Hidrografica del Pacífico,Piura,Talara,La Brea,070-2016-OEFA/DE
-81.17747,-4.64701,2754,VII/VI,"Pozo mal abandonado, restos o depósitos de residuos",2014,Bajo,Bajo,Bajo,Intercuenca 1391,Región Hidrografica del Pacífico,Piura,Talara,La Brea,231-2014-OEFA/DE
-81.22719,-4.64294,2755,VII/VI,Pozo mal abandonado y suelo contaminado con hidrocarburos en el área circundante al mismo,2017,Medio,Medio,Medio,Intercuenca 1391,Región Hidrografica del Pacífico,Piura,Talara,La Brea,239-2017-OEFA/DE
-81.25287,-4.69585,2756,VII/VI,Pozo mal abandonado y suelo contaminado con hidrocarburos en el área circundante al mismo,2017,Bajo,Medio,Medio,Intercuenca 1391,Región Hidrografica del Pacífico,Piura,Talara,La Brea,239-2017-OEFA/DE
-81.19779,-4.65535,2817,VII/VI,Pozo mal abandonado,2014,Bajo,Bajo,Bajo,Intercuenca 1391,Región Hidrografica del Pacífico,Piura,Talara,La Brea,231-2014-OEFA/DE
-81.20627,-4.64742,2818,VII/VI,Pozo mal abandonado y suelo contaminado con hidrocarburos en el área circundante al mismo,2017,Medio,Medio,Medio,Intercuenca 1391,Región Hidrografica del Pacífico,Piura,Talara,La Brea,224-2017-OEFA/DE
-81.19299,-4.65472,2819,VII/VI,Suelo contaminado en el área circundante al pozo T3146,2017,Medio,Medio,Medio,Intercuenca 1391,Región Hidrografica del Pacífico,Piura,Talara,La Brea,224-2017-OEFA/DE
-81.23005,-4.65652,2820,VII/VI,Suelos contaminados con efluente o derrame,2013,Medio,Medio,Medio,Intercuenca 1391,Región Hidrografica del Pacífico,Piura,Talara,La Brea,070-2016-OEFA/DE
-81.14136,-4.84954,2878,III,"Pozo mal abandonado, suelos contaminados con efluente o derrame, emisiones",2017,Medio,Medio,Medio,Intercuenca 1391,Región Hidrografica del Pacífico,Piura,Paita,Vichayal,114-2017-OEFA/DE
-81.31785,-4.71583,2879,Z-2B,Pozo mal abandonado,2021,Bajo,Bajo,Bajo,,,Piura,Talara,La Brea,Oficio N° 0079-2021-OEFA/DEAM
-81.12769,-4.83836,2880,III,"Pozo mal abandonado, suelos contaminados con efluente o derrame, emisiones",2017,Medio,Medio,Medio,Intercuenca 1391,Región Hidrografica del Pacífico,Piura,Paita,Vichayal,114-2017-OEFA/DE
-81.31784,-4.71587,2881,Z-2B,Pozo mal abandonado,2021,Bajo,Bajo,Bajo,,,Piura,Talara,La Brea,Oficio N° 0079-2021-OEFA/DEAM
-81.2958,-4.42616,2946,Z-2B,Pozo petrolero mal abandonado ubicado en la plataforma marina LO12,2021,Bajo,Bajo,Bajo,,,Piura,Talara,Lobitos,Oficio N° 00098-2022-OEFA/DEAM
-81.29573,-4.42617,2947,Z-2B,Pozo petrolero mal abandonado ubicado en la plataforma marina LO12,2021,Bajo,Bajo,Bajo,,,Piura,Talara,Lobitos,Oficio N° 00098-2022-OEFA/DEAM
-81.29576,-4.42618,2948,Z-2B,Pozo petrolero mal abandonado ubicado en la plataforma marina LO12,2021,Bajo,Bajo,Bajo,,,Piura,Talara,Lobitos,Oficio N° 00098-2022-OEFA/DEAM
-81.30515,-4.6554,2949,VII/VI,Suelo contaminado vinculado al pozo T__20,2019,Alto,Alto,Alto,Intercuenca 1391,Región Hidrografica del Pacífico,Piura,Talara,La Brea,Oficio Circular N° 00025-2019-OEFA-DEAM
-81.30678,-4.65439,2950,VII/VI,Suelo contaminado vinculado al pozo T_247,2019,Alto,Alto,Medio,Intercuenca 1391,Región Hidrografica del Pacífico,Piura,Talara,La Brea,Oficio Circular N° 00025-2019-OEFA-DEAM
-81.30622,-4.70583,2757,VII/VI,"Pozo mal abandonado, suelo contaminado en el área circundante al mismo y emisiones gaseosas fugitivas provenientes del pozo",2017,Medio,Medio,Medio,Intercuenca 1391,Región Hidrografica del Pacífico,Piura,Talara,La Brea,239-2017-OEFA/DE
-81.18046,-4.65097,2758,VII/VI,Pozo mal abandonado,2017,Bajo,Bajo,Bajo,Intercuenca 1391,Región Hidrografica del Pacífico,Piura,Talara,La Brea,239-2017-OEFA/DE
-81.30941,-4.67497,2759,VII/VI,Pozo mal abandonado y suelo contaminado con hidrocarburos en el área circundante al mismo,2017,Medio,Medio,Medio,Intercuenca 1391,Región Hidrografica del Pacífico,Piura,Talara,La Brea,239-2017-OEFA/DE
-81.21956,-4.64487,2760,VII/VI,Pozo mal abandonado y suelo contaminado con hidrocarburos en el área circundante al mismo,2017,Medio,Medio,Medio,Intercuenca 1391,Región Hidrografica del Pacífico,Piura,Talara,La Brea,239-2017-OEFA/DE
-81.19099,-4.65309,2821,VII/VI,"Pozo mal abandonado, suelos contaminados con efluente o derrame, emisiones",2014,Medio,Medio,Medio,Intercuenca 1391,Región Hidrografica del Pacífico,Piura,Talara,La Brea,231-2014-OEFA/DE
-81.21893,-4.51089,2822,VII/VI,Pozo mal abandonado,2013,Bajo,Bajo,Bajo,Cuenca Pariñas,Región Hidrografica del Pacífico,Piura,Talara,Pariñas,070-2016-OEFA/DE
-81.11763,-4.8417,2823,III,Pozo mal abandonado,2017,Bajo,Bajo,Bajo,Cuenca Chira,Región Hidrografica del Pacífico,Piura,Paita,Vichayal,177-2017-OEFA/DE
-81.21958,-4.51235,2824,VII/VI,"Pozo mal abandonado, suelos contaminados con efluente o derrame",2013,Medio,Medio,Medio,Cuenca Pariñas,Región Hidrografica del Pacífico,Piura,Talara,Pariñas,070-2016-OEFA/DE
-81.16227,-4.853,2882,III,"Pozo mal abandonado, suelos contaminados con efluente o derrame, emisiones",2017,Medio,Medio,Medio,Intercuenca 1391,Región Hidrografica del Pacífico,Piura,Paita,Vichayal,114-2017-OEFA/DE
-81.36926,-4.44513,2883,Z-2B,Pozo mal abandonado,2021,Medio,Medio,Medio,,,Piura,Talara,Lobitos,Oficio N° 0079-2021-OEFA/DEAM
-81.24162,-4.62222,2884,VII/VI,"Pozo mal abandonado,  presenta emisiones gaseosas fugitivas",2015,Medio,Alto,Medio,Intercuenca 1391,Región Hidrografica del Pacífico,Piura,Talara,La Brea,Oficio circular N° 008-2016-OEFA/DE
-81.26184,-4.68443,2885,VII/VI,"Pozo mal abandonado, suelos contaminados con efluente o derrame, restos o depósitos de residuos",2013,Medio,Medio,Medio,Intercuenca 1391,Región Hidrografica del Pacífico,Piura,Talara,La Brea,231-2014-OEFA/DE
-81.30564,-4.6531,2951,VII/VI,"Suelo contaminado, producto del almacenamiento de hidrocarburos en tanques (retirados en 1936)",2019,Alto,Alto,Medio,Intercuenca 1391,Región Hidrografica del Pacífico,Piura,Talara,La Brea,Oficio Circular N° 00025-2019-OEFA-DEAM
-81.30629,-4.65356,2952,VII/VI,Contenedor de hidrocarburos y suelos contaminados vinculados al mismo,2019,Alto,Alto,Alto,Intercuenca 1391,Región Hidrografica del Pacífico,Piura,Talara,La Brea,Oficio Circular N° 00025-2019-OEFA-DEAM
-81.30645,-4.65296,2953,VII/VI,Suelos contaminados vinculados al pozo T_212,0,Alto,Alto,Alto,Intercuenca 1391,Región Hidrografica del Pacífico,Piura,Talara,La Brea,Oficio Circular N° 00025-2019-OEFA-DEAM
-81.30576,-4.65597,2954,VII/VI,Afloramiento de hidrocarburos y suelos contaminados vinculados al pozo T__20 y T__2H,2013,Alto,Alto,Alto,Intercuenca 1391,Región Hidrografica del Pacífico,Piura,Talara,La Brea,Oficio Circular N° 00025-2019-OEFA-DEAM
-81.22394,-4.63851,2761,VII/VI,Pozo mal abandonado y suelo contaminado con hidrocarburos en el área circundante al mismo,2017,Medio,Medio,Medio,Intercuenca 1391,Región Hidrografica del Pacífico,Piura,Talara,La Brea,239-2017-OEFA/DE
-81.19459,-4.66594,2762,VII/VI,Pozo mal abandonado y emisiones gaseosas fugitivas provenientes del pozo,2017,Bajo,Medio,Bajo,Intercuenca 1391,Región Hidrografica del Pacífico,Piura,Talara,La Brea,239-2017-OEFA/DE
-81.28357,-4.72289,2763,VII/VI,Pozo mal abandonado y emisiones gaseosas fugitivas provenientes del pozo,2017,Bajo,Medio,Bajo,Intercuenca 1391,Región Hidrografica del Pacífico,Piura,Talara,La Brea,239-2017-OEFA/DE
-80.66126,-3.6745,2764,XX (ex Lote XIV),Pozo mal abandonado,2013,Bajo,Bajo,Bajo,Intercuenca 13939,Región Hidrografica del Pacífico,Tumbes,Contralmirante Villar,Zorritos,070-2016-OEFA/DE
-81.00174,-4.02352,2825,XX (ex Lote XIV),"Pozo mal abandonado, el cual presenta emisiones gaseosas fugitivas",2013,Medio,Alto,Medio,Intercuenca 13935,Región Hidrografica del Pacífico,Tumbes,Contralmirante Villar,Canoas de Punta Sal,0006-2015-OEFA/DE
-81.24491,-4.64623,2826,VII/VI,"Pozo mal abandonado, suelos contaminados con efluente o derrame",2014,Bajo,Medio,Medio,Intercuenca 1391,Región Hidrografica del Pacífico,Piura,Talara,La Brea,231-2014-OEFA/DE
-81.00266,-4.02867,2827,XX (ex Lote XIV),Pozo mal abandonado,2013,Bajo,Bajo,Bajo,Intercuenca 13935,Región Hidrografica del Pacífico,Tumbes,Contralmirante Villar,Canoas De Punta Sal,006-2014-OEFA/DE
-81.22622,-4.52383,2828,VII/VI,"Pozo mal abandonado, suelos contaminados con efluente o derrame",2013,Medio,Medio,Medio,Cuenca Pariñas,Región Hidrografica del Pacífico,Piura,Talara,Pariñas,070-2016-OEFA/DE
-81.23025,-4.67046,2886,VII/VI,Pozo mal abandonado,2013,Bajo,Bajo,Bajo,Intercuenca 1391,Región Hidrografica del Pacífico,Piura,Talara,La Brea,004-2014-OEFA/DE
-81.25039,-4.67778,2887,VII/VI,Pozo mal abandonado,2017,Bajo,Bajo,Bajo,Intercuenca 1391,Región Hidrografica del Pacífico,Piura,Talara,La Brea,114-2017-OEFA/DE
-81.35184,-4.48042,2888,Z-2B,Pozo mal abandonado,2021,Bajo,Bajo,Bajo,,,Piura,Talara,Lobitos,Oficio N° 0079-2021-OEFA/DEAM
-81.34946,-4.46517,2889,Z-2B,Pozo mal abandonado,2021,Bajo,Bajo,Bajo,,,Piura,Talara,Lobitos,Oficio N° 0079-2021-OEFA/DEAM
-81.27759,-4.69451,2890,VII/VI,"Pozo mal abandonado, suelos contaminados con efluente o derrame",2017,Medio,Medio,Medio,Intercuenca 1391,Región Hidrografica del Pacífico,Piura,Talara,La Brea,114-2017-OEFA/DE
-81.17274,-4.45332,2973,IV,"Pozo mal abandonado y suelo contaminado con hidrocarburos, naftaleno y metales (plomo y bario) en su área circundante",2022,Medio,Medio,Alto,Cuenca Pariñas,Región Hidrografica del Pacífico,Piura,Talara,Pariñas,Oficio N° 00301-2022-OEFA/DEAM
-81.1355,-4.8968,2974,III,Pozo mal abandonado,2022,Bajo,Bajo,Bajo,Cuenca Chira,Región Hidrografica del Pacífico,Piura,Paita,Vichayal,Oficio N° 00302-2022-OEFA/DEAM
-81.30419,-4.644,2975,Z2B,Pozo mal abandonado con suelo contaminado con cromo hexavalente en su área circundante,2023,Alto,Medio,Alto,Intercuenca 1391,Región Hidrografica del Pacífico,Piura,Talara,La Brea,Oficio Nº00197-2023-OEFA/DEAM
-81.30425,-4.64408,2976,Z2B,Pozo mal abandonado que presenta emisiones gaseosas fugitivas y suelo contaminado con hidrocarburos (fracción de hidrocarburos F2) y cromo hexavalente en su área circundante,2023,Alto,Alto,Alto,Intercuenca 1391,Región Hidrografica del Pacífico,Piura,Talara,La Brea,Oficio Nº00197-2023-OEFA/DEAM
-81.17984,-4.64729,2765,VII/VI,"Pozo mal abandonado, suelos contaminados con efluente o derrame, restos o depósitos de residuos",2014,Medio,Medio,Medio,Intercuenca 1391,Región Hidrografica del Pacífico,Piura,Talara,La Brea,231-2014-OEFA/DE
-81.30651,-4.67426,2766,VII/VI,Pozo mal abandonado y suelo contaminado en el área circundante al mismo,2017,Medio,Medio,Medio,Intercuenca 1391,Región Hidrografica del Pacífico,Piura,Talara,La Brea,239-2017-OEFA/DE
-81.25408,-4.64856,2767,VII/VI,"Pozo mal abandonado, suelo contaminado en el área circundante al mismo y emisiones gaseosas fugitivas provenientes del pozo",2017,Medio,Medio,Medio,Intercuenca 1391,Región Hidrografica del Pacífico,Piura,Talara,La Brea,239-2017-OEFA/DE
-81.26658,-4.70429,2768,VII/VI,Pozo mal abandonado y suelo contaminado en el área circundante al mismo,2017,Medio,Medio,Medio,Intercuenca 1391,Región Hidrografica del Pacífico,Piura,Talara,La Brea,239-2017-OEFA/DE
-81.23044,-4.64906,2829,VII/VI,"Pozo mal abandonado, suelos contaminados con efluente o derrame",2014,Medio,Medio,Medio,Intercuenca 1391,Región Hidrografica del Pacífico,Piura,Talara,La Brea,231-2014-OEFA/DE
-81.23363,-4.51623,2830,VII/VI,Pozo mal abandonado,2013,Bajo,Bajo,Bajo,Cuenca Pariñas,Región Hidrografica del Pacífico,Piura,Talara,Pariñas,006-2014-OEFA/DE
-81.10156,-4.32217,2831,II,Pozo mal abandonado,2017,Bajo,Bajo,Bajo,Cuenca Pariñas,Región Hidrografica del Pacífico,Piura,Talara,El Alto,140-2017-OEFA/DE
-81.1913,-4.40338,2832,X,Suelos contaminados con efluente o derrame,2017,Medio,Medio,Medio,Cuenca Pariñas,Región Hidrografica del Pacífico,Piura,Talara,Lobitos,140-2017-OEFA/DE
-81.34952,-4.46515,2891,Z-2B,Pozo mal abandonado,2021,Bajo,Bajo,Bajo,,,Piura,Talara,Lobitos,Oficio N° 0079-2021-OEFA/DEAM
-81.29785,-4.30901,2892,Z-2B,Pozo mal abandonado,2021,Bajo,Bajo,Bajo,,,Piura,Talara,El Alto,Oficio N° 0079-2021-OEFA/DEAM
-81.2979,-4.30901,2893,Z-2B,Pozos petroleros sidetrack mal abandonados con presencia de emisiones gaseosas fugitivas,2021,Medio,Medio,Medio,,,Piura,Talara,El Alto,Oficio N° 0079-2021-OEFA/DEAM
-81.28117,-4.45754,2894,VII/VI,"Pozo mal abandonado, suelos contaminados con efluente o derrame",2017,Medio,Medio,Medio,Intercuenca 13931,Región Hidrografica del Pacífico,Piura,Talara,Lobitos,114-2017-OEFA/DE
-81.14973,-4.8271,2895,III,"Pozo mal abandonado, emisiones",2017,Medio,Medio,Medio,Intercuenca 1391,Región Hidrografica del Pacífico,Piura,Paita,Vichayal,114-2017-OEFA/DE
-81.29582,-4.42615,2955,Z-2B,Pozo petrolero mal abandonado ubicado en la plataforma marina LO12,2021,Bajo,Bajo,Bajo,,,Piura,Talara,Lobitos,Oficio N° 00098-2022-OEFA/DEAM
-81.22806,-4.51412,2956,VI,Pozo petrolero mal abandonado,,Bajo,Medio,Bajo,Cuenca Pariñas,Región Hidrografica del Pacífico,Piura,Talara,Pariñas,OFICIO N° 00359-2024-OEFA/DEAM
-81.31765,-4.68707,2957,VII/VI,"Pozo mal abandonado con presencia de emisiones gaseosas fugitivas, afloramiento de hidrocarburos y agua; y suelo contaminado con hidrocarburos en su área circundante",2013,Alto,Medio,Alto,Intercuenca 1391,Región Hidrografica del Pacífico,Piura,Talara,La Brea,Oficio circular N° 008-2016-OEFA/DE
-81.26438,-4.69142,2958,VII/VI,"Pozo mal abandonado, suelos contaminados con efluente o derrame, restos o depósitos de residuos",2013,Medio,Medio,Medio,Intercuenca 1391,Región Hidrografica del Pacífico,Piura,Talara,La Brea,231-2014-OEFA/DE
-81.27244,-4.73404,2769,VII/VI,Pozo mal abandonado,2017,Bajo,Bajo,Bajo,Intercuenca 1391,Región Hidrografica del Pacífico,Piura,Talara,La Brea,239-2017-OEFA/DE
-81.29312,-4.71795,2770,VII/VI,Pozo mal abandonado,2017,Bajo,Bajo,Bajo,Intercuenca 1391,Región Hidrografica del Pacífico,Piura,Talara,La Brea,239-2017-OEFA/DE
-81.29496,-4.71699,2771,VII/VI,Pozo mal abandonado,2017,Bajo,Bajo,Bajo,Intercuenca 1391,Región Hidrografica del Pacífico,Piura,Talara,La Brea,239-2017-OEFA/DE
-81.2622,-4.7046,2772,VII/VI,Pozo mal abandonado,2017,Bajo,Bajo,Bajo,Intercuenca 1391,Región Hidrografica del Pacífico,Piura,Talara,La Brea,239-2017-OEFA/DE
-81.22107,-4.28178,2833,X,Pozo mal abandonado,2017,Bajo,Bajo,Bajo,Intercuenca 13931,Región Hidrografica del Pacífico,Piura,Talara,El Alto,140-2017-OEFA/DE
-81.21624,-4.28165,2834,X,"Pozo mal abandonado, suelos contaminados con efluente o derrame",2017,Medio,Medio,Medio,Intercuenca 13931,Región Hidrografica del Pacífico,Piura,Talara,El Alto,140-2017-OEFA/DE
-81.22241,-4.28016,2835,X,Pozo mal abandonado,2017,Bajo,Bajo,Bajo,Intercuenca 13931,Región Hidrografica del Pacífico,Piura,Talara,El Alto,140-2017-OEFA/DE
-81.21944,-4.52297,2836,VII/VI,"Pozo mal abandonado, suelos contaminados con efluente o derrame, emisiones",2013,Medio,Medio,Medio,Cuenca Pariñas,Región Hidrografica del Pacífico,Piura,Talara,Pariñas,070-2016-OEFA/DE
-81.15806,-4.83371,2896,III,"Pozo mal abandonado, suelos contaminados con efluente o derrame, emisiones",2017,Medio,Medio,Medio,Intercuenca 1391,Región Hidrografica del Pacífico,Piura,Paita,Vichayal,114-2017-OEFA/DE
-81.13827,-4.83609,2897,III,"Pozo mal abandonado, suelos contaminados con efluente o derrame",2017,Medio,Medio,Medio,Intercuenca 1391,Región Hidrografica del Pacífico,Piura,Paita,Vichayal,114-2017-OEFA/DE
-81.12144,-4.8513,2898,III,"Pozo mal abandonado, suelos contaminados con efluente o derrame",2017,Medio,Medio,Medio,Cuenca Chira,Región Hidrografica del Pacífico,Piura,Paita,Vichayal,114-2017-OEFA/DE
-81.26441,-4.68615,2899,VII/VI,"Pozo mal abandonado, suelos contaminados con efluente o derrame, restos o depósitos de residuos",2013,Medio,Medio,Medio,Intercuenca 1391,Región Hidrografica del Pacífico,Piura,Talara,La Brea,231-2014-OEFA/DE
-81.32105,-4.611,2964,Z2B,Pozo mal abandonado,2023,Medio,Bajo,Medio,,,Piura,Talara,La Brea,Oficio Nº00290-2023-OEFA/DEAM
-81.18362,-4.4563,2965,IV,Pozo mal abandonado,2022,Bajo,Bajo,Bajo,Cuenca Pariñas,Región Hidrografica del Pacífico,Piura,Talara,Pariñas,Oficio N° 00312-2022-OEFA/DEAM
-81.30834,-4.66033,2966,VII/VI,"Pozo mal abandonado que presenta fluidos con hidrocarburos en su interior, emisiones gaseosas fugitivas y suelo contaminado con hidrocarburos (fracción de hidrocarburos F1, F2 y F3, etilbenceno y naftaleno) en su área circundante",0,Alto,Alto,Alto,Intercuenca 1391,Región Hidrografica del Pacífico,Piura,Talara,La Brea,Oficio N° 00312-2022-OEFA/DEAM
-81.30887,-4.66133,2967,VII/VI,"Pozo mal abandonado que presenta emisiones gaseosas fugitivas y suelo contaminado con hidrocarburos (fracción de hidrocarburos F1, F2 y F3, benceno, etilbenceno y naftaleno) en su área circundante",0,Alto,Alto,Alto,Intercuenca 1391,Región Hidrografica del Pacífico,Piura,Talara,La Brea,Oficio N° 00312-2022-OEFA/DEAM
-81.2657,-4.68664,2773,VII/VI,Pozo mal abandonado y suelo contaminado en el área circundante al mismo,2017,Bajo,Medio,Medio,Intercuenca 1391,Región Hidrografica del Pacífico,Piura,Talara,La Brea,239-2017-OEFA/DE
-80.66652,-3.67776,2774,XX (ex Lote XIV),Pozo mal abandonado,2013,Bajo,Bajo,Bajo,Intercuenca 13939,Región Hidrografica del Pacífico,Tumbes,Contralmirante Villar,Zorritos,070-2016-OEFA/DE
-81.18214,-4.64763,2775,VII/VI,"Pozo mal abandonado, suelos contaminados con efluente o derrame, emisiones",2014,Medio,Medio,Medio,Intercuenca 1391,Región Hidrografica del Pacífico,Piura,Talara,La Brea,231-2014-OEFA/DE
-81.13869,-4.18792,2776,X,"Pozo mal abandonado, suelo contaminado en el área circundante al mismo y emisiones gaseosas fugitivas provenientes del pozo",2017,Medio,Alto,Medio,Intercuenca 13931,Región Hidrografica del Pacífico,Piura,Talara,Los Órganos,037-2017-OEFA/DE
-81.23803,-4.65007,2837,VII/VI,"Pozo mal abandonado, suelos contaminados con efluente o derrame",2014,Medio,Medio,Medio,Intercuenca 1391,Región Hidrografica del Pacífico,Piura,Talara,La Brea,231-2014-OEFA/DE
-81.21456,-4.28197,2838,X,Pozo mal abandonado,2017,Bajo,Bajo,Bajo,Intercuenca 13931,Región Hidrografica del Pacífico,Piura,Talara,El Alto,140-2017-OEFA/DE
-81.21505,-4.28092,2839,X,Pozo mal abandonado,2017,Bajo,Bajo,Bajo,Intercuenca 13931,Región Hidrografica del Pacífico,Piura,Talara,El Alto,140-2017-OEFA/DE
-81.21285,-4.27664,2840,X,Pozo mal abandonado,2017,Bajo,Bajo,Bajo,Intercuenca 13931,Región Hidrografica del Pacífico,Piura,Talara,El Alto,140-2017-OEFA/DE
-81.26416,-4.68429,2900,VII/VI,Pozo mal abandonado,2013,Bajo,Bajo,Bajo,Intercuenca 1391,Región Hidrografica del Pacífico,Piura,Talara,La Brea,004-2014-OEFA/DE
-81.1446,-4.84898,2901,III,"Pozo mal abandonado, suelos contaminados con efluente o derrame, emisiones",2017,Medio,Medio,Medio,Intercuenca 1391,Región Hidrografica del Pacífico,Piura,Paita,Vichayal,114-2017-OEFA/DE
-81.12211,-4.84754,2902,III,"Pozo mal abandonado, suelos contaminados con efluente o derrame, emisiones",2017,Medio,Medio,Medio,Cuenca Chira,Región Hidrografica del Pacífico,Piura,Paita,Vichayal,114-2017-OEFA/DE
-81.11882,-4.83814,2903,III,"Pozo mal abandonado, suelos contaminados con efluente o derrame, emisiones",2017,Medio,Medio,Medio,Cuenca Chira,Región Hidrografica del Pacífico,Piura,Paita,Vichayal,114-2017-OEFA/DE
-81.15189,-4.52774,2977,IV,Pozo mal abandonado,2022,Bajo,Medio,Bajo,Cuenca Pariñas,Región Hidrografica del Pacífico,Piura,Talara,Pariñas,Oficio N° 00282-2022-OEFA/DEAM
-81.30137,-4.71378,2978,Z2B,"Pozo mal abandonado, presenta emisiones gaseosas fugitivas",2023,Medio,Medio,Medio,Intercuenca 1391,Región Hidrografica del Pacífico,Piura,Talara,La Brea,Oficio N° 00181-2023-OEFA/DEAM
-81.33112,-4.39829,2979,Z2B,Pozo petrolero mal abandonado,2023,Bajo,Bajo,Bajo,,,Piura,Talara,Lobitos,Oficio N° 00181-2023-OEFA/DEAM
-81.33112,-4.39829,2980,Z2B,Pozo petrolero mal abandonado,2021,Bajo,Bajo,Bajo,,,Piura,Talara,Lobitos,Oficio N° 00181-2023-OEFA/DEAM
-81.30866,-4.66088,2981,VII/VI,"Pozo mal abandonado que presenta emisiones gaseosas fugitivas y suelo contaminado con hidrocarburos (fracción de hidrocarburos F1, F2 y F3, benceno, etilbenceno y naftaleno) en su área circundante",2013,Alto,Alto,Alto,Intercuenca 1391,Región Hidrografica del Pacífico,Piura,Talara,La Brea,Oficio Nº00161-2023-OEFA/DEAM
-81.14026,-4.19464,2777,X,Suelo contaminado en el área circundante al pozo P__98,2017,Medio,Medio,Medio,Intercuenca 13931,Región Hidrografica del Pacífico,Piura,Talara,Los Órganos,229-2017-OEFA/DE
-81.13985,-4.19242,2778,X,Suelo contaminado en el área circundante al pozo  P_94 con adecuado abandono permanente,2017,Medio,Medio,Medio,Intercuenca 13931,Región Hidrografica del Pacífico,Piura,Talara,Los Órganos,229-2017-OEFA/DE
-81.14128,-4.18999,2779,X,Pozo mal abandonado,2017,Bajo,Bajo,Bajo,Intercuenca 13931,Región Hidrografica del Pacífico,Piura,Talara,Los Órganos,229-2017-OEFA/DE
-80.65482,-3.67872,2780,XX (ex Lote XIV),Pozo mal abandonado,2013,Bajo,Bajo,Bajo,Intercuenca 13939,Región Hidrografica del Pacífico,Tumbes,Contralmirante Villar,Zorritos,070-2016-OEFA/DE
-81.21368,-4.27754,2841,X,Pozo mal abandonado,2017,Bajo,Bajo,Bajo,Intercuenca 13931,Región Hidrografica del Pacífico,Piura,Talara,El Alto,140-2017-OEFA/DE
-81.2137,-4.27879,2842,X,Pozo mal abandonado,2017,Medio,Medio,Medio,Intercuenca 13931,Región Hidrografica del Pacífico,Piura,Talara,El Alto,140-2017-OEFA/DE
-81.01282,-4.34043,2843,II,"Pozo mal abandonado, suelos contaminados con efluente o derrame",2017,Medio,Medio,Medio,Cuenca Pariñas,Región Hidrografica del Pacífico,Piura,Talara,El Alto,140-2017-OEFA/DE
-81.19242,-4.29554,2844,X,Pozo mal abandonado,2017,Medio,Medio,Medio,Cuenca Pariñas,Región Hidrografica del Pacífico,Piura,Talara,El Alto,140-2017-OEFA/DE
-81.12989,-4.85321,2904,III,"Pozo mal abandonado, suelos contaminados con efluente o derrame, emisiones",2017,Medio,Medio,Medio,Intercuenca 1391,Región Hidrografica del Pacífico,Piura,Paita,Vichayal,114-2017-OEFA/DE
-81.14522,-4.85154,2905,III,Pozo mal abandonado,2017,Bajo,Bajo,Bajo,Intercuenca 1391,Región Hidrografica del Pacífico,Piura,Paita,Vichayal,114-2017-OEFA/DE
-81.14453,-4.84489,2906,III,Pozo mal abandonado,2017,Bajo,Bajo,Bajo,Intercuenca 1391,Región Hidrografica del Pacífico,Piura,Paita,Vichayal,114-2017-OEFA/DE
-81.1462,-4.85821,2907,III,"Pozo mal abandonado, suelos contaminados con efluente o derrame",2017,Medio,Medio,Medio,Intercuenca 1391,Región Hidrografica del Pacífico,Piura,Paita,Vichayal,114-2017-OEFA/DE
-81.18696,-4.27173,2959,X,Pozo mal abandonado,2019,Bajo,Bajo,Bajo,Cuenca Pariñas,Región Hidrografica del Pacífico,Piura,Talara,El Alto,Oficio N° 00109-2019-OEFA-DEAM
-81.30313,-4.48042,2960,VII/VI,Suelo contaminado con hidrocarburos y metales,2021,Medio,Medio,Alto,Intercuenca 13931,Región Hidrografica del Pacífico,Piura,Talara,Lobitos,Oficio N° 0186-2021-OEFA/DEAM
-81.32108,-4.61105,2961,Z2B,Pozo mal abandonado,2023,Bajo,Bajo,Bajo,,,Piura,Talara,La Brea,Oficio Nº00290-2023-OEFA/DEAM
-81.30735,-4.59715,2962,Z2B,Pozo mal abandonado,2023,Bajo,Bajo,Bajo,,,Piura,Talara,La Brea,Oficio Nº00290-2023-OEFA/DEAM
-81.30735,-4.59715,2963,Z2B,"Pozo mal abandonado, presenta emisiones gaseosas fugitivas",2023,Medio,Medio,Medio,,,Piura,Talara,La Brea,Oficio Nº00290-2023-OEFA/DEAM
-81.17382,-4.64717,2781,VII/VI,Pozo mal abandonado,2014,Bajo,Bajo,Bajo,Intercuenca 1391,Región Hidrografica del Pacífico,Piura,Talara,La Brea,231-2014-OEFA/DE
-81.13183,-4.18783,2782,X,Pozo mal abandonado,2017,Bajo,Bajo,Bajo,Intercuenca 13931,Región Hidrografica del Pacífico,Piura,Talara,Los Órganos,229-2017-OEFA/DE
-81.13589,-4.19336,2783,X,Pozo mal abandonado y suelo contaminado en el área circundante al mismo,2017,Medio,Medio,Medio,Intercuenca 13931,Región Hidrografica del Pacífico,Piura,Talara,Los Órganos,229-2017-OEFA/DE
-81.25914,-4.69354,2784,VII/VI,Pozo mal abandonado,2017,Bajo,Bajo,Bajo,Intercuenca 1391,Región Hidrografica del Pacífico,Piura,Talara,La Brea,229-2017-OEFA/DE
-81.29439,-4.50102,2845,VII/VI,Suelo contaminado con hidrocarburos,2021,Medio,Medio,Medio,Intercuenca 13931,Región Hidrografica del Pacífico,Piura,Talara,Pariñas,Oficio N° 0186-2021-OEFA/DEAM
-81.19089,-4.29589,2846,X,"Pozo mal abandonado, suelos contaminados con efluente o derrame",2017,Medio,Medio,Medio,Cuenca Pariñas,Región Hidrografica del Pacífico,Piura,Talara,El Alto,140-2017-OEFA/DE
-81.22788,-4.52457,2847,VII/VI,Suelos contaminados con efluente o derrame,2013,Medio,Medio,Medio,Cuenca Pariñas,Región Hidrografica del Pacífico,Piura,Talara,Pariñas,070-2016-OEFA/DE
-81.30294,-4.47934,2848,VII/VI,Suelo contaminado con hidrocarburos y metales,2021,Alto,Medio,Alto,Intercuenca 13931,Región Hidrografica del Pacífico,Piura,Talara,Lobitos,Oficio N° 0186-2021-OEFA/DEAM
-81.29445,-4.43699,2908,Z-2B,Pozo mal abandonado con presencia de emisiones gaseosas fugitivas,2021,Medio,Medio,Medio,,,Piura,Talara,Lobitos,Oficio N° 057-2021-OEFA/DEAM
-81.14749,-4.85464,2909,III,"Pozo mal abandonado, suelos contaminados con efluente o derrame, emisiones",2017,Medio,Medio,Medio,Intercuenca 1391,Región Hidrografica del Pacífico,Piura,Paita,Vichayal,114-2017-OEFA/DE
-81.2978,-4.3091,2910,Z-2B,Pozo mal abandonado,2021,Bajo,Bajo,Bajo,,,Piura,Talara,El Alto,Oficio N° 057-2021-OEFA/DEAM
-81.14102,-4.84747,2911,III,"Pozo mal abandonado, suelos contaminados con efluente o derrame, emisiones",2017,Medio,Medio,Medio,Intercuenca 1391,Región Hidrografica del Pacífico,Piura,Paita,Vichayal,114-2017-OEFA/DE
-81.20292,-4.62592,2968,IV,"Pozo mal abandonado y suelo contaminado con hidrocarburos y metales (cadmio, plomo y bario) en su área circundante",2022,Alto,Medio,Medio,Intercuenca 1391,Región Hidrografica del Pacífico,Piura,Talara,La Brea,Oficio N° 00312-2022-OEFA/DEAM
-81.21055,-4.62256,2969,IV,Pozo mal abandonado y  suelo contaminado con hidrocarburos y plomo en su área circundante,2022,Alto,Medio,Medio,Intercuenca 1391,Región Hidrografica del Pacífico,Piura,Talara,La Brea,Oficio N° 00312-2022-OEFA/DEAM
-81.13525,-4.89684,2970,III,"Pozo mal abandonado, presenta emisiones gaseosas fugitivas",2022,Medio,Medio,Medio,Cuenca Chira,Región Hidrografica del Pacífico,Piura,Paita,Vichayal,Oficio N° 00312-2022-OEFA/DEAM
-81.16736,-4.44833,2971,IV,Pozo mal abandonado,2022,Bajo,Bajo,Bajo,Cuenca Pariñas,Región Hidrografica del Pacífico,Piura,Talara,Pariñas,Oficio N° 00302-2022-OEFA/DEAM
-81.18044,-4.48307,2972,IV,Pozo mal abandonado,2022,Bajo,Bajo,Bajo,Cuenca Pariñas,Región Hidrografica del Pacífico,Piura,Talara,Pariñas,Oficio N° 00302-2022-OEFA/DEAM
-81.2626,-4.69195,2785,VII/VI,Pozo mal abandonado que presenta suelo contaminado,2017,Medio,Medio,Medio,Intercuenca 1391,Región Hidrografica del Pacífico,Piura,Talara,La Brea,229-2017-OEFA/DE
-81.2581,-4.69352,2786,VII/VI,Pozo mal abandonado y suelo contaminado con hidrocarburos en el área circundante al mismo,2017,Medio,Medio,Medio,Intercuenca 1391,Región Hidrografica del Pacífico,Piura,Talara,La Brea,229-2017-OEFA/DE
-81.2579,-4.68418,2787,VII/VI,Pozo mal abandonado que presenta suelo contaminado y emisiones gaseosas fugitivas,2017,Medio,Medio,Medio,Intercuenca 1391,Región Hidrografica del Pacífico,Piura,Talara,La Brea,229-2017-OEFA/DE
-81.26396,-4.68976,2788,VII/VI,Pozo mal abandonado y suelo contaminado con hidrocarburos en el área circundante al mismo,2017,Medio,Medio,Medio,Intercuenca 1391,Región Hidrografica del Pacífico,Piura,Talara,La Brea,229-2017-OEFA/DE
-81.3202,-4.67596,2849,VII/VI,Suelo contaminado,2021,Medio,Medio,Alto,Intercuenca 1391,Región Hidrografica del Pacífico,Piura,Talara,La Brea,Oficio N° 0186-2021-OEFA/DEAM
-81.26675,-4.44474,2850,VII/VI,"Pozo mal abandonado, que presenta emisiones gaseosas fugitivas",2014,Medio,Alto,Medio,Intercuenca 13931,Región Hidrografica del Pacífico,Piura,Talara,Lobitos,0006-2015-OEFA/DE
-81.1273,-4.82792,2851,III,Pozo mal abandonado con presencia de afloramiento de agua con hidrocarburos; y suelo contaminado con hidrocarburos y metales en su área circundante,2021,Medio,Medio,Alto,Intercuenca 1391,Región Hidrografica del Pacífico,Piura,Paita,Vichayal,Oficio N° 0186-2021-OEFA/DEAM
-81.30774,-4.65738,2852,VII/VI,"Pozo mal abandonado, presenta emisiones gaseosas fugitivas",2021,Alto,Alto,Medio,Intercuenca 1391,Región Hidrografica del Pacífico,Piura,Talara,La Brea,Oficio N° 0186-2021-OEFA/DEAM
-81.32039,-4.67174,2912,VII/VI,"Pozo mal abandonado, que presenta  afloramiento y emisiones gaseosas fugitivas, asicomo  suelo contaminado en el área circundante al mismo",2014,Medio,Alto,Alto,Intercuenca 1391,Región Hidrografica del Pacífico,Piura,Talara,La Brea,Oficio circular N° 008-2016-OEFA/DE
-81.2648,-4.68792,2913,VII/VI,"Pozo mal abandonado, suelos contaminados con efluente o derrame, restos o depósitos de residuos",2013,Medio,Medio,Medio,Intercuenca 1391,Región Hidrografica del Pacífico,Piura,Talara,La Brea,231-2014-OEFA/DE
-81.29584,-4.64098,2914,VII/VI,Pozo mal abandonado,2013,Bajo,Bajo,Bajo,Intercuenca 1391,Región Hidrografica del Pacífico,Piura,Talara,La Brea,004-2014-OEFA/DE
-81.29445,-4.43699,2915,Z-2B,Pozo mal abandonado,2021,Medio,Bajo,Medio,,,Piura,Talara,Lobitos,Oficio N° 057-2021-OEFA/DEAM
-81.21843,-4.28086,2725,X,Pozo mal abandonado,2014,Bajo,Bajo,Bajo,Intercuenca 13931,Región Hidrografica del Pacífico,Piura,Talara,El Alto,32-2013-OEFA/DE-SDCA
-81.17758,-4.26651,2726,X,Pozo mal abandonado,2017,Bajo,Bajo,Bajo,Cuenca Pariñas,Región Hidrografica del Pacífico,Piura,Talara,El Alto,245-2017-OEFA/DE
-81.1576,-4.27717,2727,X,Pozo mal abandonado,2017,Bajo,Bajo,Bajo,Cuenca Pariñas,Región Hidrografica del Pacífico,Piura,Talara,El Alto,245-2017-OEFA/DE
-81.15958,-4.28058,2728,X,Pozo mal abandonado y suelo contaminado en el área circundante al mismo,2017,Medio,Medio,Medio,Cuenca Pariñas,Región Hidrografica del Pacífico,Piura,Talara,El Alto,245-2017-OEFA/DE
-81.18678,-4.28362,2789,X,Pozo mal abandonado,2017,Bajo,Bajo,Bajo,Cuenca Pariñas,Región Hidrografica del Pacífico,Piura,Talara,El Alto,229-2017-OEFA/DE
-80.66945,-3.67928,2790,XX (ex Lote XIV),Pozo mal abandonado,2013,Bajo,Bajo,Bajo,Intercuenca 13939,Región Hidrografica del Pacífico,Tumbes,Contralmirante Villar,Zorritos,070-2016-OEFA/DE
-81.17616,-4.64951,2791,VII/VI,"Pozo mal abandonado, restos o depósitos de residuos",2014,Bajo,Bajo,Bajo,Intercuenca 1391,Región Hidrografica del Pacífico,Piura,Talara,La Brea,231-2014-OEFA/DE
-81.18588,-4.28697,2792,X,Pozo mal abandonado,2017,Bajo,Bajo,Bajo,Cuenca Pariñas,Región Hidrografica del Pacífico,Piura,Talara,El Alto,229-2017-OEFA/DE
-81.25437,-4.29418,2853,X,Pozo mal abandonado,2017,Bajo,Bajo,Bajo,Intercuenca 13931,Región Hidrografica del Pacífico,Piura,Talara,El Alto,140-2017-OEFA/DE
-81.30243,-4.66073,2854,VII/VI,Pozo mal abandonado que presenta emisiones gaseosas fugitivas y suelo contaminado con hidrocarburos y naftaleno en su alrededor,2021,Alto,Alto,Alto,Intercuenca 1391,Región Hidrografica del Pacífico,Piura,Talara,La Brea,Oficio N° 0186-2021-OEFA/DEAM
-81.23366,-4.65055,2855,VII/VI,"Pozo mal abandonado, suelos contaminados con efluente o derrame, emisiones",2017,Medio,Medio,Medio,Intercuenca 1391,Región Hidrografica del Pacífico,Piura,Talara,La Brea,140-2017-OEFA/DE
-81.24596,-4.67662,2856,VII/VI,"Pozo mal abandonado, emisiones",2013,Medio,Medio,Medio,Intercuenca 1391,Región Hidrografica del Pacífico,Piura,Talara,La Brea,231-2014-OEFA/DE
-81.24399,-4.69681,2916,VII/VI,Pozo mal abandonado,2017,Bajo,Bajo,Bajo,Intercuenca 1391,Región Hidrografica del Pacífico,Piura,Talara,La Brea,114-2017-OEFA/DE
-81.30641,-4.30907,2917,Z-2B,Pozo mal abandonado,2021,Bajo,Bajo,Bajo,,,Piura,Talara,El Alto,Oficio N° 057-2021-OEFA/DEAM
-81.23284,-4.642,2918,VII/VI,"Pozo mal abandonado, suelos contaminados con efluente o derrame, emisiones",2017,Medio,Medio,Medio,Intercuenca 1391,Región Hidrografica del Pacífico,Piura,Talara,La Brea,114-2017-OEFA/DE
-81.27697,-4.27843,2919,Z-2B,Pozo mal abandonado,2021,Bajo,Bajo,Bajo,,,Piura,Talara,El Alto,Oficio N° 057-2021-OEFA/DEAM
-81.11437,-4.83242,2920,III,"Pozo mal abandonado, suelos contaminados con efluente o derrame, emisiones",2017,Medio,Medio,Medio,Cuenca Chira,Región Hidrografica del Pacífico,Piura,Paita,Vichayal,114-2017-OEFA/DE
-81.17487,-4.28975,2729,X,Pozo mal abandonado,2017,Bajo,Bajo,Bajo,Cuenca Pariñas,Región Hidrografica del Pacífico,Piura,Talara,El Alto,245-2017-OEFA/DE
-80.87241,-3.96584,2730,XXIII,"Pozo mal abandonado, emisiones, restos o depósitos de residuos",2014,Medio,Medio,Medio,Intercuenca 13935,Región Hidrografica del Pacífico,Tumbes,Contralmirante Villar,Canoas de Punta Sal,070-2016-OEFA/DE
-81.29393,-4.46644,2731,VII/VI,"Pozo mal abandonado, suelos contaminados con efluente o derrame, emisiones",2014,Medio,Medio,Medio,Intercuenca 13931,Región Hidrografica del Pacífico,Piura,Talara,Lobitos,231-2014-OEFA/DE
-81.18109,-4.26584,2732,X,Suelo contaminado en el área circundante al pozo A_937 con adecuado abandono permanente,2017,Medio,Medio,Medio,Cuenca Pariñas,Región Hidrografica del Pacífico,Piura,Talara,El Alto,245-2017-OEFA/DE
-81.18302,-4.29208,2793,X,Pozo mal abandonado,2017,Bajo,Bajo,Bajo,Cuenca Pariñas,Región Hidrografica del Pacífico,Piura,Talara,El Alto,229-2017-OEFA/DE
-81.22853,-4.49986,2794,VII/VI,"Pozo mal abandonado, que presenta emisiones gaseosas fugitivas",2014,Bajo,Alto,Bajo,Cuenca Pariñas,Región Hidrografica del Pacífico,Piura,Talara,Pariñas,0006-2015-OEFA/DE
-81.26515,-4.68939,2795,VII/VI,"Pozo mal abandonado, suelos contaminados con efluente o derrame, restos o depósitos de residuos",2013,Medio,Medio,Medio,Intercuenca 1391,Región Hidrografica del Pacífico,Piura,Talara,La Brea,231-2014-OEFA/DE
-81.18744,-4.28649,2796,X,Pozo mal abandonado y suelo contaminado con hidrocarburos en el área circundante al mismo,2017,Medio,Medio,Medio,Cuenca Pariñas,Región Hidrografica del Pacífico,Piura,Talara,El Alto,229-2017-OEFA/DE
-81.29465,-4.65386,2857,VII/VI,Pozo mal abandonado,2013,Bajo,Bajo,Bajo,Intercuenca 1391,Región Hidrografica del Pacífico,Piura,Talara,La Brea,004-2014-OEFA/DE
-81.13424,-4.8398,2858,III,"Pozo mal abandonado con presencia de emisiones gaseosas fugitivas, afloramiento de hidrocarburos y agua; y suelo contaminado con hidrocarburos en su área circundante",2017,MEDIO,MEDIO,ALTO,Intercuenca 1391,Región Hidrografica del Pacífico,Piura,Paita,Vichayal,140-2017-OEFA/DE
-81.13062,-4.84309,2859,III,"Pozo mal abandonado, suelos contaminados con efluente o derrame",2017,Medio,Medio,Medio,Intercuenca 1391,Región Hidrografica del Pacífico,Piura,Paita,Vichayal,140-2017-OEFA/DE
-81.318,-4.68488,2860,VII/VI,Suelos contaminados con efluente o derrame,2013,Medio,Medio,Medio,Intercuenca 1391,Región Hidrografica del Pacífico,Piura,Talara,La Brea,070-2016-OEFA/DE
-81.36155,-4.4188,2921,Z-2B,Pozo mal abandonado,2021,Medio,Bajo,Medio,,,Piura,Talara,Lobitos,Oficio N° 057-2021-OEFA/DEAM
-81.11609,-4.83542,2922,III,"Pozo mal abandonado, emisiones",2017,Medio,Medio,Medio,Cuenca Chira,Región Hidrografica del Pacífico,Piura,Paita,Vichayal,114-2017-OEFA/DE
-81.3349,-4.46596,2923,Z-2B,Pozo mal abandonado,2021,Bajo,Bajo,Bajo,,,Piura,Talara,Lobitos,Oficio N° 057-2021-OEFA/DEAM
-81.12347,-4.82792,2924,III,"Pozo mal abandonado, suelos contaminados con efluente o derrame, emisiones",2017,Medio,Medio,Medio,Cuenca Chira,Región Hidrografica del Pacífico,Piura,Paita,Vichayal,114-2017-OEFA/DE
-81.35171,-4.48039,2925,Z-2B,Pozo mal abandonado,2021,Bajo,Bajo,Bajo,,,Piura,Talara,Lobitos,Oficio N° 057-2021-OEFA/DEAM
-81.14306,-4.29295,2733,X,Pozo mal abandonado,2017,Bajo,Bajo,Bajo,Cuenca Pariñas,Región Hidrografica del Pacífico,Piura,Talara,El Alto,245-2017-OEFA/DE
-81.18388,-4.283,2734,X,Pozo mal abandonado,2017,Bajo,Bajo,Bajo,Cuenca Pariñas,Región Hidrografica del Pacífico,Piura,Talara,El Alto,245-2017-OEFA/DE
-81.1771,-4.26994,2735,X,Pozo mal abandonado,2017,Bajo,Bajo,Bajo,Cuenca Pariñas,Región Hidrografica del Pacífico,Piura,Talara,El Alto,245-2017-OEFA/DE
-81.17553,-4.28553,2736,X,Pozo mal abandonado,2017,Bajo,Bajo,Bajo,Cuenca Pariñas,Región Hidrografica del Pacífico,Piura,Talara,El Alto,245-2017-OEFA/DE
-81.18902,-4.28602,2797,X,Pozo mal abandonado,2017,Bajo,Bajo,Bajo,Cuenca Pariñas,Región Hidrografica del Pacífico,Piura,Talara,El Alto,229-2017-OEFA/DE
-81.19223,-4.28515,2798,X,Pozo mal abandonado,2017,Bajo,Bajo,Bajo,Intercuenca 13931,Región Hidrografica del Pacífico,Piura,Talara,El Alto,229-2017-OEFA/DE
-81.18832,-4.28332,2799,X,Pozo mal abandonado,2017,Bajo,Bajo,Bajo,Cuenca Pariñas,Región Hidrografica del Pacífico,Piura,Talara,El Alto,229-2017-OEFA/DE
-81.19234,-4.27918,2800,X,Pozo mal abandonado,2017,Bajo,Bajo,Bajo,Cuenca Pariñas,Región Hidrografica del Pacífico,Piura,Talara,El Alto,229-2017-OEFA/DE
-81.308,-4.66281,2861,VII/VI,"Pozo mal abandonado, suelos contaminados con efluente o derrame",2013,Medio,Medio,Medio,Intercuenca 1391,Región Hidrografica del Pacífico,Piura,Talara,La Brea,070-2016-OEFA/DE
-81.27588,-4.68704,2862,VII/VI,"Pozo mal abandonado, suelos contaminados con efluente o derrame, restos o depósitos de residuos",2014,Medio,Medio,Medio,Intercuenca 1391,Región Hidrografica del Pacífico,Piura,Talara,La Brea,231-2014-OEFA/DE
-81.22611,-4.64995,2863,VII/VI,Pozo mal abandonado,2013,Bajo,Bajo,Bajo,Intercuenca 1391,Región Hidrografica del Pacífico,Piura,Talara,La Brea,004-2014-OEFA/DE
-81.31402,-4.68311,2864,VII/VI,"Pozo mal abandonado, suelos contaminados con efluente o derrame",2013,Medio,Medio,Medio,Intercuenca 1391,Región Hidrografica del Pacífico,Piura,Talara,La Brea,070-2016-OEFA/DE
-81.12135,-4.84117,2926,III,"Pozo mal abandonado, suelos contaminados con efluente o derrame, emisiones",2017,Medio,Medio,Medio,Cuenca Chira,Región Hidrografica del Pacífico,Piura,Paita,Vichayal,114-2017-OEFA/DE
-81.35172,-4.48039,2927,Z-2B,Pozo mal abandonado con presencia de emisiones gaseosas fugitivas provenientes del pozo,2021,Medio,Medio,Medio,,,Piura,Talara,Lobitos,Oficio N° 057-2021-OEFA/DEAM
-81.12347,-4.84392,2928,III,"Pozo mal abandonado, suelos contaminados con efluente o derrame, emisiones",2017,Medio,Medio,Medio,Cuenca Chira,Región Hidrografica del Pacífico,Piura,Paita,Vichayal,114-2017-OEFA/DE
-81.3495,-4.46506,2929,Z-2B,Pozo mal abandonado con presencia de emisiones gaseosas fugitivas provenientes del pozo,2021,Medio,Medio,Medio,,,Piura,Talara,Lobitos,Oficio N° 057-2021-OEFA/DEAM
-81.17331,-4.28428,2737,X,Pozo mal abandonado,2017,Bajo,Bajo,Bajo,Cuenca Pariñas,Región Hidrografica del Pacífico,Piura,Talara,El Alto,245-2017-OEFA/DE
-80.6849,-3.84525,2738,XIX,Instalaciones mal abandonadas,2014,Bajo,Bajo,Bajo,Cuenca Bocapán,Región Hidrografica del Pacífico,Tumbes,Contralmirante Villar,Zorritos,070-2016-OEFA/DE
-81.26945,-4.43552,2739,VII/VI,"Pozo mal abandonado, suelos contaminados con efluente o derrame, emisiones",2014,Medio,Medio,Medio,Intercuenca 13931,Región Hidrografica del Pacífico,Piura,Talara,Lobitos,231-2014-OEFA/DE
-81.17465,-4.2796,2740,X,Pozo mal abandonado,2017,Bajo,Bajo,Bajo,Cuenca Pariñas,Región Hidrografica del Pacífico,Piura,Talara,El Alto,245-2017-OEFA/DE
-81.23894,-4.66312,2801,VII/VI,"Pozo mal abandonado, suelos contaminados con efluente o derrame",2013,Bajo,Medio,Medio,Intercuenca 1391,Región Hidrografica del Pacífico,Piura,Talara,La Brea,070-2016-OEFA/DE
-81.19465,-4.64398,2802,VII/VI,Pozo mal abandonado,2014,Bajo,Bajo,Bajo,Intercuenca 1391,Región Hidrografica del Pacífico,Piura,Talara,La Brea,231-2014-OEFA/DE
-81.19935,-4.29025,2803,X,Suelo contaminado con hidrocarburos en el área circundante al pozo A9247 con adecuado abandono permanente,2017,Medio,Medio,Medio,Intercuenca 13931,Región Hidrografica del Pacífico,Piura,Talara,El Alto,224-2017-OEFA/DE
-81.1985,-4.28941,2804,X,Suelo contaminado en el área circundante al pozo A_950 con adecuado abandono permanente,2017,Medio,Medio,Medio,Intercuenca 13931,Región Hidrografica del Pacífico,Piura,Talara,El Alto,224-2017-OEFA/DE
-81.28536,-4.46776,2865,VII/VI,"Pozo mal abandonado, suelos contaminados con efluente o derrame, emisiones",2014,Medio,Medio,Medio,Intercuenca 13931,Región Hidrografica del Pacífico,Piura,Talara,Lobitos,231-2014-OEFA/DE
-81.23027,-4.66395,2866,VII/VI,Pozo mal abandonado,2013,Bajo,Bajo,Bajo,Intercuenca 1391,Región Hidrografica del Pacífico,Piura,Talara,La Brea,004-2014-OEFA/DE
-81.29024,-4.45384,2867,VII/VI,"Pozo mal abandonado,  presenta emisiones gaseosas fugitivas",2017,Medio,Alto,Medio,Intercuenca 13931,Región Hidrografica del Pacífico,Piura,Talara,Lobitos,020-2017-OEFA/DE
-81.30326,-4.65217,2868,VII/VI,"Pozo mal abandonado, que presenta emisiones gaseosas fugitivas",2017,Alto,Alto,Medio,Intercuenca 1391,Región Hidrografica del Pacífico,Piura,Talara,La Brea,020-2017-OEFA/DE
-81.12161,-4.83126,2930,III,"Pozo mal abandonado, suelos contaminados con efluente o derrame",2017,Medio,Medio,Medio,Cuenca Chira,Región Hidrografica del Pacífico,Piura,Paita,Vichayal,114-2017-OEFA/DE
-81.34951,-4.46515,2931,Z-2B,Pozo mal abandonado,2021,Medio,Bajo,Medio,,,Piura,Talara,Lobitos,Oficio N° 057-2021-OEFA/DEAM
-81.12809,-4.84977,2932,III,"Pozo mal abandonado, suelos contaminados con efluente o derrame, emisiones",2017,Medio,Medio,Medio,Intercuenca 1391,Región Hidrografica del Pacífico,Piura,Paita,Vichayal,114-2017-OEFA/DE
-81.36167,-4.41885,2933,Z-2B,Pozo mal abandonado,2021,Bajo,Bajo,Bajo,,,Piura,Talara,Lobitos,Oficio N° 057-2021-OEFA/DEAM
-81.17252,-4.28161,2741,X,"Pozo mal abandonado, suelo contaminado con hidrocarburos en el área circundante al mismo",2017,Medio,Medio,Medio,Cuenca Pariñas,Región Hidrografica del Pacífico,Piura,Talara,El Alto,245-2017-OEFA/DE
-81.18078,-4.28372,2742,X,Pozo mal abandonado,2017,Bajo,Bajo,Bajo,Cuenca Pariñas,Región Hidrografica del Pacífico,Piura,Talara,El Alto,245-2017-OEFA/DE
-81.17889,-4.28594,2743,X,Pozo mal abandonado,2017,Bajo,Bajo,Bajo,Cuenca Pariñas,Región Hidrografica del Pacífico,Piura,Talara,El Alto,245-2017-OEFA/DE
-81.16776,-4.28285,2744,X,Suelo contaminado en el área circundante al pozo A_371,2017,Bajo,Medio,Medio,Cuenca Pariñas,Región Hidrografica del Pacífico,Piura,Talara,El Alto,245-2017-OEFA/DE
-81.19358,-4.29664,2805,X,Pozo mal abandonado,2017,Bajo,Bajo,Bajo,Cuenca Pariñas,Región Hidrografica del Pacífico,Piura,Talara,El Alto,224-2017-OEFA/DE
-81.22843,-4.66196,2806,VII/VI,"Pozo mal abandonado, suelos contaminados con efluente o derrame",2013,Medio,Medio,Medio,Intercuenca 1391,Región Hidrografica del Pacífico,Piura,Talara,La Brea,070-2016-OEFA/DE
-81.20028,-4.65569,2807,VII/VI,"Pozo mal abandonado, suelos contaminados con efluente o derrame",2014,Medio,Medio,Medio,Intercuenca 1391,Región Hidrografica del Pacífico,Piura,Talara,La Brea,231-2014-OEFA/DE
-81.1945,-4.28905,2808,X,Pozo mal abandonado,2017,Bajo,Bajo,Bajo,Intercuenca 13931,Región Hidrografica del Pacífico,Piura,Talara,El Alto,224-2017-OEFA/DE
-81.18453,-4.80124,2869,III,Pozo mal abandonado,2017,Bajo,Bajo,Bajo,Intercuenca 1391,Región Hidrografica del Pacífico,Piura,Talara,La Brea,114-2017-OEFA/DE
-81.25999,-4.68487,2870,VII/VI,"Pozo mal abandonado, suelos contaminados con efluente o derrame",2013,Medio,Medio,Medio,Intercuenca 1391,Región Hidrografica del Pacífico,Piura,Talara,La Brea,231-2014-OEFA/DE
-81.3085,-4.61001,2871,Z-2B,Pozo mal abandonado,2021,Bajo,Bajo,Bajo,,,Piura,Talara,La Brea,Oficio N° 0079-2021-OEFA/DEAM
-81.17641,-4.52213,2872,IV,Pozo mal abandonado,2014,Bajo,Bajo,Bajo,Cuenca Pariñas,Región Hidrografica del Pacífico,Piura,Talara,Piura,Oficio N° 00282-2022-OEFA/DEAM
-81.3086,-4.61037,2873,Z-2B,Pozo mal abandonado,2021,Bajo,Bajo,Bajo,,,Piura,Talara,La Brea,Oficio N° 0079-2021-OEFA/DEAM
-81.1474,-4.86084,2934,III,"Pozo mal abandonado, suelos contaminados con efluente o derrame",2017,Medio,Medio,Medio,Intercuenca 1391,Región Hidrografica del Pacífico,Piura,Paita,Vichayal,114-2017-OEFA/DE
-81.26394,-4.68824,2935,VII/VI,"Pozo mal abandonado, suelos contaminados con efluente o derrame, restos o depósitos de residuos",2013,Medio,Medio,Medio,Intercuenca 1391,Región Hidrografica del Pacífico,Piura,Talara,La Brea,231-2014-OEFA/DE
-81.23041,-4.52289,2936,VII/VI,Pozo mal abandonado,2013,Bajo,Bajo,Bajo,Cuenca Pariñas,Región Hidrografica del Pacífico,Piura,Talara,Pariñas,004-2014-OEFA/DE
-81.27248,-4.28965,2937,Z-2B,Pozo mal abandonado,2021,Medio,Bajo,Medio,,,Piura,Talara,El Alto,Oficio N° 057-2021-OEFA/DEAM
-80.94462,-3.96707,2745,XXIII,Instalación mal abandonada,2014,Bajo,Bajo,Bajo,Intercuenca 13935,Región Hidrografica del Pacífico,Tumbes,Contralmirante Villar,Canoas de Punta Sal,070-2016-OEFA/DE
-81.30685,-4.70805,2746,Z-2B,"Pozo mal abandonado con presencia de fluido de hidrocarburos provenientes del pozo, y suelo contaminado con hidrocarburos en su área circundante",2017,Alto,Alto,Alto,Intercuenca 1391,Región Hidrografica del Pacífico,Piura,Talara,La Brea,047-2017-OEFA/DE
-81.31178,-4.66932,2747,VII/VI,Pozo mal abandonado y suelo contaminado con hidrocarburos en el área circundante al mismo,2017,Alto,Medio,Medio,Intercuenca 1391,Región Hidrografica del Pacífico,Piura,Talara,La Brea,047-2017-OEFA/DE
-81.29537,-4.72047,2748,Z-2B,Pozo mal abandonado y suelo contaminado con hidrocarburos en el área circundante al mismo (ZONA DE PLAYA),2017,Medio,Medio,Medio,Intercuenca 1391,Región Hidrografica del Pacífico,Piura,Talara,La Brea,239-2017-OEFA/DE
-81.19635,-4.28344,2809,X,Suelo contaminado en el área circundante al pozo A_446,2017,Medio,Medio,Medio,Intercuenca 13931,Región Hidrografica del Pacífico,Piura,Talara,El Alto,224-2017-OEFA/DE
-81.20844,-4.27465,2810,X,Pozo mal abandonado,2017,Bajo,Bajo,Bajo,Intercuenca 13931,Región Hidrografica del Pacífico,Piura,Talara,El Alto,224-2017-OEFA/DE
-81.2052,-4.27342,2811,X,Pozo mal abandonado y suelo contaminado con hidrocarburos en el área circundante al mismo,2017,Medio,Medio,Medio,Intercuenca 13931,Región Hidrografica del Pacífico,Piura,Talara,El Alto,224-2017-OEFA/DE
-81.20817,-4.27658,2812,X,Pozo mal abandonado,2017,Bajo,Bajo,Bajo,Intercuenca 13931,Región Hidrografica del Pacífico,Piura,Talara,El Alto,224-2017-OEFA/DE
-81.29778,-4.66868,2564,VII/VI,"Pozo mal abandonado, suelos contaminados con efluente o derrame",2015,Medio,Medio,Medio,Intercuenca 1391,Región Hidrografica del Pacífico,Piura,Talara,La Brea,070-2016-OEFA/DE
-81.1828,-4.65892,2565,VII/VI,"Pozo mal abandonado, suelos contaminados con efluente o derrame",2014,Medio,Medio,Medio,Intercuenca 1391,Región Hidrografica del Pacífico,Piura,Talara,La Brea,47-2015-OEFA/DE
-81.29235,-4.68335,2566,VII/VI,"Pozo mal abandonado, suelos contaminados con efluente o derrame",2014,Medio,Medio,Medio,Intercuenca 1391,Región Hidrografica del Pacífico,Piura,Talara,La Brea,47-2015-OEFA/DE
-81.23828,-4.65448,2567,VII/VI,"Pozo mal abandonado, suelos contaminados con efluente o derrame, emisiones",2013,Medio,Medio,Medio,Intercuenca 1391,Región Hidrografica del Pacífico,Piura,Talara,La Brea,047-2015-OEFA/DE
-81.24808,-4.63652,2629,VII/VI,"Pozo mal abandonado, restos o depósitos de residuos",2014,Bajo,Bajo,Bajo,Intercuenca 1391,Región Hidrografica del Pacífico,Piura,Talara,La Brea,47-2015-OEFA/DE
-81.25727,-4.69289,2630,VII/VI,"Pozo mal abandonado, suelos contaminados con efluente o derrame",2015,Medio,Medio,Medio,Intercuenca 1391,Región Hidrografica del Pacífico,Piura,Talara,La Brea,070-2016-OEFA/DE
-81.23763,-4.44783,2631,VII/VI,"Pozo mal abandonado, emisiones",2014,Medio,Medio,Medio,Intercuenca 13931,Región Hidrografica del Pacífico,Piura,Talara,Lobitos,231-2014-OEFA/DE
-81.19791,-4.65963,2632,VII/VI,"Pozo mal abandonado, emisiones",2014,Medio,Medio,Medio,Intercuenca 1391,Región Hidrografica del Pacífico,Piura,Talara,La Brea,47-2015-OEFA/DE
-81.23195,-4.28428,2693,X,Pozo mal abandonado,2014,Bajo,Bajo,Bajo,Intercuenca 13931,Región Hidrografica del Pacífico,Piura,Talara,El Alto,47-2015-OEFA/DE
-81.2295,-4.28149,2694,X,"Pozo mal abandonado, suelos contaminados con efluente o derrame",2014,Medio,Medio,Medio,Intercuenca 13931,Región Hidrografica del Pacífico,Piura,Talara,El Alto,47-2015-OEFA/DE
-81.25512,-4.67257,2695,VII/VI,"Pozo mal abandonado, suelos contaminados con efluente o derrame",2014,Medio,Medio,Medio,Intercuenca 1391,Región Hidrografica del Pacífico,Piura,Talara,La Brea,47-2015-OEFA/DE
-81.1934,-4.5064,2696,VII/VI,"Pozo mal abandonado, suelos contaminados con efluente o derrame, emisiones",2014,Medio,Medio,Medio,Cuenca Pariñas,Región Hidrografica del Pacífico,Piura,Talara,Pariñas,231-2014-OEFA/DE
-81.23514,-4.5156,2499,VII/VI,Pozo mal abandonado,2014,Bajo,Bajo,Bajo,Cuenca Pariñas,Región Hidrografica del Pacífico,Piura,Talara,Pariñas,231-2014-OEFA/DE
-81.27738,-4.46395,2500,VII/VI,"Pozo mal abandonado, que presenta emisiones gaseosas fugitivas",2014,Alto,Alto,Medio,Intercuenca 13931,Región Hidrografica del Pacífico,Piura,Talara,Lobitos,0006-2015-OEFA/DE
-81.24575,-4.69374,2501,VII/VI,"Pozo mal abandonado, suelos contaminados con efluente o derrame",2015,Medio,Medio,Medio,Intercuenca 1391,Región Hidrografica del Pacífico,Piura,Talara,La Brea,103-2016-OEFA/DE
-81.19751,-4.52674,2502,VII/VI,Pozo mal abandonado,2014,Bajo,Bajo,Bajo,Cuenca Pariñas,Región Hidrografica del Pacífico,Piura,Talara,Pariñas,231-2014-OEFA/DE
-81.24341,-4.31758,2568,X,Pozo mal abandonado,2014,Bajo,Bajo,Bajo,Intercuenca 13931,Región Hidrografica del Pacífico,Piura,Talara,Lobitos,47-2015-OEFA/DE
-81.21387,-4.38677,2569,X,Pozo mal abandonado,2017,Bajo,Bajo,Bajo,Cuenca Pariñas,Región Hidrografica del Pacífico,Piura,Talara,Lobitos,Oficio N° 321-2017-OEFA/DE
-81.25592,-4.66646,2570,VII/VI,"Pozo mal abandonado, suelos contaminados con efluente o derrame, emisiones",2014,Medio,Medio,Medio,Intercuenca 1391,Región Hidrografica del Pacífico,Piura,Talara,La Brea,47-2015-OEFA/DE
-81.2491,-4.68729,2571,VII/VI,Pozo mal abandonado,2014,Bajo,Bajo,Bajo,Intercuenca 1391,Región Hidrografica del Pacífico,Piura,Talara,La Brea,47-2015-OEFA/DE
-81.13649,-4.86214,2633,III,Pozo mal abandonado,2017,Bajo,Bajo,Bajo,Intercuenca 1391,Región Hidrografica del Pacífico,Piura,Paita,Vichayal,290-2017-OEFA/DE
-81.1395,-4.18917,2634,X,Pozo mal abandonado y suelo contaminado con hidrocarburos en el área circundante al mismo,2017,Medio,Medio,Medio,Intercuenca 13931,Región Hidrografica del Pacífico,Piura,Talara,Los Órganos,Oficio N° 290-2017-OEFA/DE
-81.17996,-4.66271,2635,VII/VI,"Pozo mal abandonado, suelos contaminados con efluente o derrame",2014,Medio,Medio,Medio,Intercuenca 1391,Región Hidrografica del Pacífico,Piura,Talara,La Brea,47-2015-OEFA/DE
-81.24588,-4.69689,2636,VII/VI,Pozo mal abandonado,2017,Bajo,Bajo,Bajo,Intercuenca 1391,Región Hidrografica del Pacífico,Piura,Talara,La Brea,Oficio N° 290-2017-OEFA/DE
-81.02622,-4.32309,2697,II,Pozo mal abandonado,2017,Bajo,Bajo,Bajo,Cuenca Pariñas,Región Hidrografica del Pacífico,Piura,Talara,El Alto,Oficio N° 261-2017-OEFA/DE
-81.31636,-4.69676,2698,VII/VI,"Pozo mal abandonado, suelo contaminado en el área circundante a este y presencia de emisiones fugitivas provenientes del pozo",2017,Medio,Medio,Medio,Intercuenca 1391,Región Hidrografica del Pacífico,Piura,Talara,La Brea,Oficio N° 261-2017-OEFA/DE
-81.30646,-4.66706,2699,VII/VI,Pozo mal abandonado,2014,Bajo,Bajo,Bajo,Intercuenca 1391,Región Hidrografica del Pacífico,Piura,Talara,La Brea,47-2015-OEFA/DE
-81.18824,-4.66316,2700,VII/VI,"Pozo mal abandonado, suelos contaminados con efluente o derrame",2014,Medio,Medio,Medio,Intercuenca 1391,Región Hidrografica del Pacífico,Piura,Talara,La Brea,47-2015-OEFA/DE
-81.2449,-4.69518,2503,VII/VI,"Pozo mal abandonado, suelos contaminados con efluente o derrame, emisiones",2015,Medio,Medio,Medio,Intercuenca 1391,Región Hidrografica del Pacífico,Piura,Talara,La Brea,103-2016-OEFA/DE
-81.30728,-4.59721,2504,Z-2B,Pozo mal abandonado (plataforma PQ),2015,Bajo,Bajo,Bajo,,,Piura,Talara,La Brea,103-2016-OEFA/DE
-81.22051,-4.65443,2505,VII/VI,"Pozo mal abandonado, suelos contaminados con efluente o derrame",2014,Medio,Medio,Medio,Intercuenca 1391,Región Hidrografica del Pacífico,Piura,Talara,La Brea,231-2014-OEFA/DE
-81.31862,-4.58792,2506,Z-2B,Instalacion mal abandonada: restos de plataforma EPF-B-8AX,2015,Bajo,Bajo,Bajo,,,Piura,Talara,Pariñas,103-2016-OEFA/DE
-81.29898,-4.67625,2572,VII/VI,"Pozo mal abandonado, suelos contaminados con efluente o derrame",2015,Medio,Medio,Medio,Intercuenca 1391,Región Hidrografica del Pacífico,Piura,Talara,La Brea,070-2016-OEFA/DE
-81.23344,-4.29414,2573,X,"Pozo mal abandonado, suelos contaminados con efluente o derrame, restos o depósitos de residuos",2014,Medio,Medio,Medio,Intercuenca 13931,Región Hidrografica del Pacífico,Piura,Talara,El Alto,47-2015-OEFA/DE
-81.15165,-4.44597,2574,IV,Pozo mal abandonado,2014,Bajo,Bajo,Bajo,Cuenca Pariñas,Región Hidrografica del Pacífico,Piura,Talara,Pariñas,47-2015-OEFA/DE
-81.17675,-4.62585,2575,IV,"Pozo mal abandonado, suelos contaminados con efluente o derrame",2014,Medio,Medio,Medio,Intercuenca 1391,Región Hidrografica del Pacífico,Piura,Talara,La Brea,47-2015-OEFA/DE
-81.28592,-4.65018,2637,VII/VI,Pozo mal abandonado,2014,Bajo,Bajo,Bajo,Intercuenca 1391,Región Hidrografica del Pacífico,Piura,Talara,La Brea,47-2015-OEFA/DE
-81.26656,-4.7378,2638,VII/VI,Pozo mal abandonado,2017,Bajo,Bajo,Bajo,Intercuenca 1391,Región Hidrografica del Pacífico,Piura,Talara,La Brea,Oficio N° 290-2017-OEFA/DE
-81.08645,-4.24881,2639,X,Pozo mal abandonado,2014,Bajo,Bajo,Bajo,Cuenca Pariñas,Región Hidrografica del Pacífico,Piura,Talara,El Alto,47-2015-OEFA/DE
-81.18327,-4.65617,2640,VII/VI,"Pozo mal abandonado, emisiones",2014,Medio,Medio,Medio,Intercuenca 1391,Región Hidrografica del Pacífico,Piura,Talara,La Brea,47-2015-OEFA/DE
-81.23187,-4.52353,2701,VII/VI,"Pozo mal abandonado, emisiones",2014,Bajo,Bajo,Bajo,Cuenca Pariñas,Región Hidrografica del Pacífico,Piura,Talara,Pariñas,47-2015-OEFA/DE
-81.22758,-4.48655,2702,VII/VI,Pozo mal abandonado,2014,Bajo,Bajo,Bajo,Cuenca Pariñas,Región Hidrografica del Pacífico,Piura,Talara,Pariñas,231-2014-OEFA/DE
-81.18701,-4.66228,2703,VII/VI,"Pozo mal abandonado, suelos contaminados con efluente o derrame",2014,Medio,Medio,Medio,Intercuenca 1391,Región Hidrografica del Pacífico,Piura,Talara,La Brea,47-2015-OEFA/DE
-81.18843,-4.29361,2704,X,"Pozo mal abandonado, suelos contaminados con efluente o derrame",2014,Medio,Medio,Medio,Cuenca Pariñas,Región Hidrografica del Pacífico,Piura,Talara,El Alto,47-2015-OEFA/DE
-81.1593,-4.54464,2508,IX,Pozo mal abandonado,2014,Bajo,Bajo,Bajo,Cuenca Pariñas,Región Hidrografica del Pacífico,Piura,Talara,Pariñas,231-2014-OEFA/DE
-81.31862,-4.58792,2509,Z-2B,"Pozo mal abandonado, emisiones (plataforma)",2015,Bajo,Medio,Bajo,,,Piura,Talara,La Brea,103-2016-OEFA/DE
-81.31862,-4.58792,2510,Z-2B,Pozo mal abandonado emisiones fugitivas (plataforma profundidad 15 metros),2015,Bajo,Medio,Bajo,,,Piura,Talara,La Brea,103-2016-OEFA/DE
-81.2667,-4.45181,2511,VII/VI,"Pozo mal abandonado, que presenta emisiones gaseosas fugitivas y  suelo contaminado en el área circundante al mismo",2014,Alto,Medio,Medio,Intercuenca 13931,Región Hidrografica del Pacífico,Piura,Talara,Lobitos,0006-2015-OEFA/DE
-81.18155,-4.65181,2576,VII/VI,"Pozo mal abandonado, emisiones, restos o depósitos de residuos",2014,Bajo,Medio,Bajo,Intercuenca 1391,Región Hidrografica del Pacífico,Piura,Talara,La Brea,47-2015-OEFA/DE
-81.29527,-4.67109,2577,VII/VI,"Pozo mal abandonado, suelos contaminados con efluente o derrame, emisiones",2015,Medio,Medio,Medio,Intercuenca 1391,Región Hidrografica del Pacífico,Piura,Talara,La Brea,070-2016-OEFA/DE
-81.2376,-4.67876,2578,VII/VI,"Pozo mal abandonado, suelos contaminados con efluente o derrame, emisiones, restos o depósitos de residuos",2014,Medio,Medio,Medio,Intercuenca 1391,Región Hidrografica del Pacífico,Piura,Talara,La Brea,47-2015-OEFA/DE
-81.20662,-4.40023,2579,X,Pozo mal abandonado,2017,Bajo,Bajo,Bajo,Cuenca Pariñas,Región Hidrografica del Pacífico,Piura,Talara,Lobitos,Oficio N° 321-2017-OEFA/DE
-81.20851,-4.60626,2641,IV,"Pozo mal abandonado, suelos contaminados con efluente o derrame",2014,Medio,Medio,Medio,Intercuenca 1391,Región Hidrografica del Pacífico,Piura,Talara,La Brea,47-2015-OEFA/DE
-81.17236,-4.61803,2642,IV,"Pozo mal abandonado, suelos contaminados con efluente o derrame",2014,Medio,Medio,Medio,Intercuenca 1391,Región Hidrografica del Pacífico,Piura,Talara,La Brea,47-2015-OEFA/DE
-81.18629,-4.61811,2643,IV,"Pozo mal abandonado, suelos contaminados con efluente o derrame",2014,Medio,Medio,Medio,Intercuenca 1391,Región Hidrografica del Pacífico,Piura,Talara,La Brea,47-2015-OEFA/DE
-81.17591,-4.63401,2644,IV,"Pozo mal abandonado, suelos contaminados con efluente o derrame",2014,Medio,Medio,Medio,Intercuenca 1391,Región Hidrografica del Pacífico,Piura,Talara,La Brea,47-2015-OEFA/DE
-81.24232,-4.68924,2705,VII/VI,Pozo mal abandonado,2014,Bajo,Bajo,Bajo,Intercuenca 1391,Región Hidrografica del Pacífico,Piura,Talara,La Brea,47-2015-OEFA/DE
-81.23373,-4.63346,2706,VII/VI,"Pozo mal abandonado, suelos contaminados con efluente o derrame, restos o depósitos de residuos",2014,Medio,Medio,Medio,Intercuenca 1391,Región Hidrografica del Pacífico,Piura,Talara,La Brea,47-2015-OEFA/DE
-81.24478,-4.4772,2707,VII/VI,"Pozo mal abandonado, suelos contaminados con efluente o derrame",2014,Medio,Medio,Medio,Cuenca Pariñas,Región Hidrografica del Pacífico,Piura,Talara,Lobitos,47-2015-OEFA/DE
-80.66215,-3.67509,2708,XX (ex Lote XIV),Pozo mal abandonado,2013,Bajo,Bajo,Bajo,Intercuenca 13939,Región Hidrografica del Pacífico,Tumbes,Contralmirante Villar,Zorritos,032-2013-OEFA/DE-SDCA
-81.29052,-4.6386,2512,I,Suelos contaminados con efluente o derrame,2014,Medio,Medio,Medio,Intercuenca 1391,Región Hidrografica del Pacífico,Piura,Talara,La Brea,103-2016-OEFA/DE
-81.27494,-4.45543,2513,VII/VI,Pozo mal abandonado,2014,Bajo,Bajo,Bajo,Intercuenca 13931,Región Hidrografica del Pacífico,Piura,Talara,Lobitos,103-2016-OEFA/DE
-81.25027,-4.44736,2514,VII/VI,"Pozo mal abandonado, suelos contaminados con efluente o derrame, restos o depósitos de residuos",2014,Medio,Medio,Medio,Intercuenca 13931,Región Hidrografica del Pacífico,Piura,Talara,Lobitos,231-2014-OEFA/DE
-81.22982,-4.65523,2515,VII/VI,"Pozo mal abandonado, suelos contaminados con efluente o derrame",2013,Bajo,Bajo,Bajo,Intercuenca 1391,Región Hidrografica del Pacífico,Piura,Talara,La Brea,103-2016-OEFA/DE
-81.19588,-4.65996,2580,VII/VI,"Pozo mal abandonado, suelos contaminados con efluente o derrame, emisiones",2014,Bajo,Medio,Medio,Intercuenca 1391,Región Hidrografica del Pacífico,Piura,Talara,La Brea,47-2015-OEFA/DE
-81.17762,-4.66243,2581,VII/VI,"Pozo mal abandonado, suelos contaminados con efluente o derrame",2014,Medio,Medio,Medio,Intercuenca 1391,Región Hidrografica del Pacífico,Piura,Talara,La Brea,47-2015-OEFA/DE
-81.2089,-4.39597,2582,X,Pozo mal abandonado y suelo contaminado en el área circundante al mismo,2017,Medio,Medio,Medio,Cuenca Pariñas,Región Hidrografica del Pacífico,Piura,Talara,Lobitos,Oficio N° 321-2017-OEFA/DE
-80.85739,-5.4061,2583,XIII,Pozo mal abandonado,2014,Bajo,Bajo,Bajo,Cuenca Piura,Región Hidrografica del Pacífico,Piura,Sechura,Vice,47-2015-OEFA/DE
-81.23241,-4.63048,2645,VII/VI,Pozo mal abandonado,2015,Bajo,Bajo,Bajo,Intercuenca 1391,Región Hidrografica del Pacífico,Piura,Talara,La Brea,070-2016-OEFA/DE
-81.23948,-4.44747,2646,VII/VI,"Pozo mal abandonado, suelos contaminados con efluente o derrame",2014,Medio,Medio,Medio,Intercuenca 13931,Región Hidrografica del Pacífico,Piura,Talara,Lobitos,231-2014-OEFA/DE
-81.22903,-4.52368,2647,VII/VI,"Pozo mal abandonado, suelos contaminados con efluente o derrame",2013,Medio,Medio,Medio,Cuenca Pariñas,Región Hidrografica del Pacífico,Piura,Talara,Pariñas,047-2015-OEFA/DE
-81.22642,-4.51649,2648,VII/VI,"Pozo mal abandonado, suelos contaminados con efluente o derrame",2013,Medio,Medio,Medio,Cuenca Pariñas,Región Hidrografica del Pacífico,Piura,Talara,Pariñas,047-2015-OEFA/DE
-81.18082,-4.27784,2717,X,Pozo mal abandonado,2017,Bajo,Bajo,Bajo,Cuenca Pariñas,Región Hidrografica del Pacífico,Piura,Talara,El Alto,Oficio N° 256-2017-OEFA/DE
-81.18021,-4.27503,2718,X,Pozo mal abandonado,2017,Bajo,Bajo,Bajo,Cuenca Pariñas,Región Hidrografica del Pacífico,Piura,Talara,El Alto,Oficio N° 256-2017-OEFA/DE
-81.23947,-4.3968,2719,X,"Pozo mal abandonado, suelos contaminados con efluente o derrame",2014,Medio,Medio,Medio,Intercuenca 13931,Región Hidrografica del Pacífico,Piura,Talara,Lobitos,32-2015-OEFA/DE-SDCA
-81.29835,-4.46383,2720,VII/VI,Pozo mal abandonado que presenta emisiones gaseosas fugitivas provenientes del mismo y el suelo contaminado en el área circundante al pozo,2014,Alto,Alto,Alto,Intercuenca 13931,Región Hidrografica del Pacífico,Piura,Talara,Lobitos,231-2014-OEFA/DE
-81.29,-4.45303,2516,VII/VI,"Pozo mal abandonado, suelos contaminados con efluente o derrame",2014,Medio,Medio,Medio,Intercuenca 13931,Región Hidrografica del Pacífico,Piura,Talara,Lobitos,231-2014-OEFA/DE
-81.23209,-4.65613,2517,VII/VI,Pozo mal abandonado,2013,Bajo,Bajo,Bajo,Intercuenca 1391,Región Hidrografica del Pacífico,Piura,Talara,La Brea,103-2016-OEFA/DE
-81.19818,-4.65261,2518,VII/VI,Pozo mal abandonado,2014,Bajo,Bajo,Bajo,Intercuenca 1391,Región Hidrografica del Pacífico,Piura,Talara,La Brea,231-2014-OEFA/DE
-81.19836,-4.65129,2519,VII/VI,"Pozo mal abandonado, suelos contaminados con efluente o derrame",2014,Medio,Medio,Medio,Intercuenca 1391,Región Hidrografica del Pacífico,Piura,Talara,La Brea,231-2014-OEFA/DE
-80.98144,-5.32328,2584,XIII,Pozo mal abandonado,2014,Bajo,Bajo,Bajo,Intercuenca 1379,Región Hidrografica del Pacífico,Piura,Paita,Paita,47-2015-OEFA/DE
-81.2355,-4.67487,2585,VII/VI,Pozo y suelos contaminados con efluente o derrame,2015,Medio,Medio,Medio,Intercuenca 1391,Región Hidrografica del Pacífico,Piura,Talara,La Brea,070-2016-OEFA/DE
-81.20094,-4.6238,2586,IV,"Pozo mal abandonado, suelos contaminados con efluente o derrame",2014,Medio,Medio,Medio,Intercuenca 1391,Región Hidrografica del Pacífico,Piura,Talara,La Brea,47-2015-OEFA/DE
-81.16145,-4.61002,2587,IV,"Pozo mal abandonado, suelos contaminados con efluente o derrame",2014,Medio,Medio,Medio,Intercuenca 1391,Región Hidrografica del Pacífico,Piura,Talara,La Brea,47-2015-OEFA/DE
-81.22383,-4.51446,2649,VII/VI,"Pozo mal abandonado, suelos contaminados con efluente o derrame",2013,Medio,Medio,Medio,Cuenca Pariñas,Región Hidrografica del Pacífico,Piura,Talara,Pariñas,047-2015-OEFA/DE
-81.21957,-4.51418,2650,VII/VI,"Pozo mal abandonado, suelos contaminados con efluente o derrame",2013,Medio,Medio,Medio,Cuenca Pariñas,Región Hidrografica del Pacífico,Piura,Talara,Pariñas,047-2015-OEFA/DE
-80.66891,-3.67985,2651,XX (ex Lote XIV),Pozo mal abandonado,2013,Bajo,Bajo,Bajo,Intercuenca 13939,Región Hidrografica del Pacífico,Tumbes,Contralmirante Villar,Zorritos,047-2015-OEFA/DE
-80.66914,-3.67952,2652,XX (ex Lote XIV),Pozo mal abandonado,2013,Bajo,Bajo,Bajo,Intercuenca 13939,Región Hidrografica del Pacífico,Tumbes,Contralmirante Villar,Zorritos,047-2015-OEFA/DE
-81.20804,-4.63405,2709,VII/VI,Pozo mal abandonado,2014,Bajo,Bajo,Bajo,Intercuenca 1391,Región Hidrografica del Pacífico,Piura,Talara,La Brea,32-2013-OEFA/DE-SDCA
-81.20858,-4.63249,2710,VII/VI,"Pozo mal abandonado, suelos contaminados con efluente o derrame",2014,Medio,Medio,Medio,Intercuenca 1391,Región Hidrografica del Pacífico,Piura,Talara,La Brea,32-2013-OEFA/DE-SDCA
-81.21021,-4.63218,2711,VII/VI,Pozo mal abandonado,2014,Bajo,Bajo,Bajo,Intercuenca 1391,Región Hidrografica del Pacífico,Piura,Talara,La Brea,32-2013-OEFA/DE-SDCA
-81.18153,-4.28654,2712,X,Pozo mal abandonado,2017,Bajo,Bajo,Bajo,Cuenca Pariñas,Región Hidrografica del Pacífico,Piura,Talara,El Alto,Oficio N° 256-2017-OEFA/DE
-81.31495,-4.6815,2520,VII/VI,"Pozo mal abandonado, suelos contaminados con efluente o derrame",2013,Medio,Medio,Medio,Intercuenca 1391,Región Hidrografica del Pacífico,Piura,Talara,La Brea,Oficio N° 103-2016-OEFA/DE
-81.19906,-4.65487,2521,VII/VI,"Pozo mal abandonado, suelos contaminados con efluente o derrame",2014,Medio,Medio,Medio,Intercuenca 1391,Región Hidrografica del Pacífico,Piura,Talara,La Brea,231-2014-OEFA/DE
-81.19739,-4.65811,2522,VII/VI,Pozo mal abandonado,2014,Bajo,Bajo,Bajo,Intercuenca 1391,Región Hidrografica del Pacífico,Piura,Talara,La Brea,231-2014-OEFA/DE
-81.26363,-4.44949,2523,VII/VI,"Pozo mal abandonado, que presenta emisiones gaseosas fugitivas y  suelo contaminado en el área circundante al mismo",2014,Medio,Alto,Medio,Intercuenca 13931,Región Hidrografica del Pacífico,Piura,Talara,Lobitos,0006-2015-OEFA/DE
-81.17371,-4.65626,2588,VII/VI,"Pozo mal abandonado, suelos contaminados con efluente o derrame, restos o depósitos de residuos",2014,Medio,Medio,Medio,Intercuenca 1391,Región Hidrografica del Pacífico,Piura,Talara,La Brea,47-2015-OEFA/DE
-80.99961,-4.01897,2589,XX (ex Lote XIV),Pozo mal abandonado,2013,Bajo,Bajo,Bajo,Intercuenca 13935,Región Hidrografica del Pacífico,Tumbes,Contralmirante Villar,Canoas de Punta Sal,47-2015-OEFA/DE
-81.26318,-4.45699,2590,VII/VI,"Pozo mal abandonado, suelos contaminados con efluente o derrame",2014,Medio,Medio,Medio,Intercuenca 13931,Región Hidrografica del Pacífico,Piura,Talara,Lobitos,47-2015-OEFA/DE
-81.22724,-4.66657,2591,VII/VI,"Pozo mal abandonado, suelos contaminados con efluente o derrame, emisiones",2014,Medio,Medio,Medio,Intercuenca 1391,Región Hidrografica del Pacífico,Piura,Talara,La Brea,47-2015-OEFA/DE
-80.66161,-3.67466,2653,XX (ex Lote XIV),Pozo mal abandonado,2013,Bajo,Bajo,Bajo,Intercuenca 13939,Región Hidrografica del Pacífico,Tumbes,Contralmirante Villar,Zorritos,47-2015-OEFA/DE
-81.22652,-4.46928,2654,VII/VI,"Pozo mal abandonado, suelos contaminados con efluente o derrame, emisiones",2014,Medio,Medio,Medio,Cuenca Pariñas,Región Hidrografica del Pacífico,Piura,Talara,Lobitos,231-2014-OEFA/DE
-81.28061,-4.645,2655,VII/VI,Pozo mal abandonado,2014,Bajo,Bajo,Bajo,Intercuenca 1391,Región Hidrografica del Pacífico,Piura,Talara,La Brea,47-2015-OEFA/DE
-81.11595,-4.8385,2656,III,"Pozo mal abandonado, con emisiones gaseosas fugitivas y afloramiento de una mezcla de agua con hidrocarburos provenientes del pozo y suelo contaminado en el área circundante al pozo",2017,Medio,Medio,Medio,Cuenca Chira,Región Hidrografica del Pacífico,Piura,Paita,Vichayal, 281-2017-OEFA/DE
-81.27454,-4.487,2713,VII/VI,"Pozo mal abandonado, suelos contaminados con efluente o derrame",2014,Medio,Medio,Medio,Cuenca Pariñas,Región Hidrografica del Pacífico,Piura,Talara,Lobitos,32-2013-OEFA/DE-SDCA
-81.14125,-4.19183,2714,X,Suelo contaminado en el área circundante al pozo P_87 con adecuado abandono permanene,2017,Medio,Medio,Medio,Intercuenca 13931,Región Hidrografica del Pacífico,Piura,Talara,Los Órganos,Oficio N° 256-2017-OEFA/DE
-81.30305,-4.68106,2715,VII/VI,"Pozo mal abandonado, suelos contaminados con efluente o derrame",2014,Medio,Medio,Medio,Intercuenca 1391,Región Hidrografica del Pacífico,Piura,Talara,La Brea,32-2013-OEFA/DE-SDCA
-81.18414,-4.27702,2716,X,Suelo contaminado en el área circundante al pozo A_642 con adecuado abandono permanene,2017,Medio,Medio,Medio,Cuenca Pariñas,Región Hidrografica del Pacífico,Piura,Talara,El Alto,Oficio N° 256-2017-OEFA/DE
-81.19792,-4.66305,2524,VII/VI,Pozo mal abandonado,2014,Bajo,Bajo,Bajo,Intercuenca 1391,Región Hidrografica del Pacífico,Piura,Talara,La Brea,231-2014-OEFA/DE
-80.64311,-3.66615,2525,XX (ex Lote XIV),"Pozo mal abandonado, que presenta emisiones gaseosas fugitivas y  sedimento contaminado en el área circundante al mismo",2015,Alto,Alto,Alto,Intercuenca 13939,Región Hidrografica del Pacífico,Tumbes,Contralmirante Villar,Zorritos,071-2015-OEFA/DE
-81.30041,-4.64191,2526,VII/VI,"Pozo mal abandonado, que presenta suelo contaminado en el área circundante al mismo",2014,Alto,Medio,Medio,Intercuenca 1391,Región Hidrografica del Pacífico,Piura,Talara,La Brea,071-2015-OEFA/DE
-81.19741,-4.29239,2592,X,Pozo mal abandonado,2014,Bajo,Bajo,Bajo,Intercuenca 13931,Región Hidrografica del Pacífico,Piura,Talara,El Alto,47-2015-OEFA/DE
-81.24707,-4.65589,2593,VII/VI,Pozo mal abandonado,2014,Bajo,Bajo,Bajo,Intercuenca 1391,Región Hidrografica del Pacífico,Piura,Talara,La Brea,47-2015-OEFA/DE
-81.2673,-4.70068,2594,VII/VI,"Pozo mal abandonado, suelos contaminados con efluente o derrame, emisiones",2015,Medio,Medio,Medio,Intercuenca 1391,Región Hidrografica del Pacífico,Piura,Talara,La Brea,070-2016-OEFA/DE
-81.22688,-4.64699,2595,VII/VI,"Pozo mal abandonado, emisiones",2013,Medio,Medio,Medio,Intercuenca 1391,Región Hidrografica del Pacífico,Piura,Talara,La Brea,047-2015-OEFA/DE
-81.12586,-4.19974,2657,X,Pozo mal abandonado,2014,Bajo,Bajo,Bajo,Intercuenca 13931,Región Hidrografica del Pacífico,Piura,Talara,Los Órganos,47-2015-OEFA/DE
-81.2725,-4.44998,2658,VII/VI,Suelos contaminados con efluente o derrame,2014,Medio,Medio,Medio,Intercuenca 13931,Región Hidrografica del Pacífico,Piura,Talara,Lobitos,47-2015-OEFA/DE
-81.13211,-4.1841,2659,X,Pozo mal abandonado y suelo contaminado en el área circundante al mismo,2017,Alto,Medio,Medio,Intercuenca 13931,Región Hidrografica del Pacífico,Piura,Talara,Los Órganos,Oficio Múltiple N° 055-2017-OEFA/DE
-81.26717,-4.44877,2660,VII/VI,Suelos contaminados con efluente o derrame,2014,Medio,Medio,Medio,Intercuenca 13931,Región Hidrografica del Pacífico,Piura,Talara,Lobitos,47-2015-OEFA/DE
-81.24072,-4.3225,2721,X,Suelo contaminado en el área circundante al pozo PP_X_NR_7978 con adecuado abandono permanente,2017,Medio,Medio,Medio,Intercuenca 13931,Región Hidrografica del Pacífico,Piura,Talara,Lobitos,245-2017-OEFA/DE
-81.12218,-4.66289,2722,III,"Pozo mal abandonado, suelos contaminados con efluente o derrame",2014,Medio,Medio,Medio,Intercuenca 1391,Región Hidrografica del Pacífico,Piura,Talara,La Brea,032-2015-OEFA/DE
-81.22021,-4.29823,2723,X,"Pozo mal abandonado, suelos contaminados con efluente o derrame",2014,Medio,Medio,Medio,Intercuenca 13931,Región Hidrografica del Pacífico,Piura,Talara,El Alto,32-2013-OEFA/DE-SDCA
-81.17728,-4.3058,2724,X,Pozo mal abandonado y suelo contaminado en el área circundante al mismo,2017,Medio,Medio,Medio,Cuenca Pariñas,Región Hidrografica del Pacífico,Piura,Talara,El Alto,245-2017-OEFA/DE
-81.29734,-4.65002,2527,VII/VI,"Pozo mal abandonado, que presenta emisiones gaseosas fugitivas y  suelo contaminado en el área circundante al mismo",2014,Medio,Alto,Medio,Intercuenca 1391,Región Hidrografica del Pacífico,Piura,Talara,La Brea,071-2015-OEFA/DE
-81.2162,-4.50992,2528,VII/VI,"Pozo mal abandonado, que presenta emisiones gaseosas fugitivas",2014,Bajo,Alto,Bajo,Cuenca Pariñas,Región Hidrografica del Pacífico,Piura,Talara,Pariñas,071-2015-OEFA/DE
-81.22064,-4.51079,2529,VII/VI,"Pozo mal abandonado, que presenta emisiones gaseosas fugitivas",2014,Bajo,Alto,Bajo,Cuenca Pariñas,Región Hidrografica del Pacífico,Piura,Talara,Pariñas,071-2015-OEFA/DE
-81.22114,-4.50926,2530,VII/VI,"Pozo mal abandonado, que presenta emisiones gaseosas fugitivas",2014,Bajo,Alto,Bajo,Cuenca Pariñas,Región Hidrografica del Pacífico,Piura,Talara,Pariñas,071-2015-OEFA/DE
-81.18586,-4.65515,2596,VII/VI,"Pozo mal abandonado, emisiones",2014,Medio,Medio,Medio,Intercuenca 1391,Región Hidrografica del Pacífico,Piura,Talara,La Brea,47-2015-OEFA/DE
-81.27955,-4.4529,2597,VII/VI,Pozo mal abandonado y suelo contaminado en el área circundante al mismo,2017,Alto,Medio,Medio,Intercuenca 13931,Región Hidrografica del Pacífico,Piura,Talara,Lobitos,Oficio Múltiple N° 061-2017-OEFA/DE
-81.24687,-4.69274,2598,VII/VI,Pozo mal abandonado,2014,Bajo,Bajo,Bajo,Intercuenca 1391,Región Hidrografica del Pacífico,Piura,Talara,La Brea,47-2015-OEFA/DE
-81.21854,-4.52029,2599,VII/VI,Pozo mal abandonado,2014,Bajo,Bajo,Bajo,Cuenca Pariñas,Región Hidrografica del Pacífico,Piura,Talara,Pariñas,47-2015-OEFA/DE
-81.23563,-4.63584,2661,VII/VI,Pozo mal abandonado,2017,Bajo,Bajo,Bajo,Intercuenca 1391,Región Hidrografica del Pacífico,Piura,Talara,La Brea,Oficio N° 261-2017-OEFA/DE
-81.22565,-4.65155,2662,VII/VI,"Pozo mal abandonado, emisiones",2013,Bajo,Medio,Bajo,Intercuenca 1391,Región Hidrografica del Pacífico,Piura,Talara,La Brea,047-2015-OEFA/DE
-81.26619,-4.69499,2663,VII/VI,"Pozo mal abandonado, suelos contaminados con efluente o derrame",2014,Medio,Medio,Medio,Intercuenca 1391,Región Hidrografica del Pacífico,Piura,Talara,La Brea,47-2015-OEFA/DE
-81.25517,-4.48425,2664,VII/VI,"Pozo mal abandonado, suelos contaminados con efluente o derrame, emisiones",2014,Medio,Medio,Medio,Cuenca Pariñas,Región Hidrografica del Pacífico,Piura,Talara,Lobitos,47-2015-OEFA/DE
-81.22811,-4.58114,2467,I,"Pozo mal abandonado, suelos contaminados con efluente o derrame, restos o depósitos de residuos",2014,Medio,Medio,Medio,Intercuenca 1391,Región Hidrografica del Pacífico,Piura,Talara,Pariñas,206-2014-OEFA/DE
-81.23749,-4.57283,2468,I,"Pozo mal abandonado, restos o depósitos de residuos",2014,Bajo,Bajo,Bajo,Intercuenca 1391,Región Hidrografica del Pacífico,Piura,Talara,Pariñas,206-2014-OEFA/DE
-81.23075,-4.26618,2469,X,Suelos contaminados con efluente o derrame,2016,Medio,Medio,Medio,Intercuenca 13931,Región Hidrografica del Pacífico,Piura,Talara,El Alto,347-2016-OEFA/DE
-80.66861,-3.67871,2470,XX (ex Lote XIV),Pozo mal abandonado,2013,Bajo,Bajo,Bajo,Intercuenca 13939,Región Hidrografica del Pacífico,Tumbes,Contralmirante Villar,Zorritos,206-2014-OEFA/DE
-81.19623,-4.46952,2531,VII/VI,"Pozo mal abandonado, que presenta emisiones gaseosas fugitivas",2014,Bajo,Alto,Bajo,Cuenca Pariñas,Región Hidrografica del Pacífico,Piura,Talara,Pariñas,071-2015-OEFA/DE
-81.2695,-4.44567,2532,VII/VI,"Pozo mal abandonado, que presenta emisiones gaseosas fugitivas y  suelo contaminado en el área circundante al mismo",2014,Medio,Alto,Medio,Intercuenca 13931,Región Hidrografica del Pacífico,Piura,Talara,Lobitos,071-2015-OEFA/DE
-81.27679,-4.45595,2533,VII/VI,"Pozo mal abandonado, que presenta emisiones gaseosas fugitivas y  suelo contaminado en el área circundante al mismo",2014,Alto,Alto,Alto,Intercuenca 13931,Región Hidrografica del Pacífico,Piura,Talara,Lobitos,071-2015-OEFA/DE
-81.21929,-4.51814,2600,VII/VI,"Pozo mal abandonado, suelos contaminados con efluente o derrame",2014,Medio,Medio,Medio,Cuenca Pariñas,Región Hidrografica del Pacífico,Piura,Talara,Pariñas,47-2015-OEFA/DE
-81.29058,-4.63446,2601,I,"Pozo mal abandonado, suelos contaminados con efluente o derrame",2014,Medio,Medio,Medio,Intercuenca 1391,Región Hidrografica del Pacífico,Piura,Talara,La Brea,47-2015-OEFA/DE
-81.29988,-4.68127,2602,VII/VI,"Pozo mal abandonado, instalaciones mal abandonadas, suelos contaminados con efluente o derrame",2014,Medio,Medio,Medio,Intercuenca 1391,Región Hidrografica del Pacífico,Piura,Talara,La Brea,47-2015-OEFA/DE
-81.26741,-4.70332,2603,VII/VI,Pozo mal abandonado,2015,Bajo,Bajo,Bajo,Intercuenca 1391,Región Hidrografica del Pacífico,Piura,Talara,La Brea,070-2016-OEFA/DE
-81.21002,-4.38743,2665,X,Suelo contaminado con hidrocarburos en el área circundante al pozo L9402 con  adecuado abandono permanente,2017,Medio,Medio,Medio,Cuenca Pariñas,Región Hidrografica del Pacífico,Piura,Talara,Lobitos,Oficio N° 261-2017-OEFA/DE
-81.26438,-4.70547,2666,VII/VI,Pozo mal abandonado,2014,Bajo,Bajo,Bajo,Intercuenca 1391,Región Hidrografica del Pacífico,Piura,Talara,La Brea,47-2015-OEFA/DE
-81.2341,-4.63515,2667,VII/VI,Pozo mal abandonado y emisiones gaseosas fugitivas provenientes del mismo,2017,Bajo,Medio,Bajo,Intercuenca 1391,Región Hidrografica del Pacífico,Piura,Talara,La Brea,Oficio N° 261-2017-OEFA/DE
-81.3097,-4.66783,2668,VII/VI,"Instalaciones mal abandonadas, suelos contaminados con efluente o derrame",2015,Medio,Medio,Medio,Intercuenca 1391,Región Hidrografica del Pacífico,Piura,Talara,La Brea,070-2016-OEFA/DE
-80.66332,-3.67964,2471,XX (ex Lote XIV),Pozo mal abandonado,2013,Bajo,Bajo,Bajo,Intercuenca 13939,Región Hidrografica del Pacífico,Tumbes,Contralmirante Villar,Zorritos,206-2014-OEFA/DE
-81.12187,-4.66039,2472,III,Pozo mal abandonado,2014,Bajo,Bajo,Bajo,Intercuenca 1391,Región Hidrografica del Pacífico,Piura,Talara,La Brea,124-2016-OEFA/DE
-81.24448,-4.51049,2473,VII/VI,"Pozo mal abandonado, suelos contaminados con efluente o derrame, emisiones, restos o depósitos de residuos",2014,Medio,Medio,Medio,Cuenca Pariñas,Región Hidrografica del Pacífico,Piura,Talara,Pariñas,15-2015-OEFA/DE
-81.16861,-4.29588,2474,X,Pozo mal abandonado,2016,Bajo,Bajo,Bajo,Cuenca Pariñas,Región Hidrografica del Pacífico,Piura,Talara,El Alto,347-2016-OEFA/DE
-81.27056,-4.44683,2534,VII/VI,"Pozo mal abandonado, que presenta emisiones gaseosas fugitivas y  suelo contaminado en el área circundante al mismo",2014,Alto,Alto,Alto,Intercuenca 13931,Región Hidrografica del Pacífico,Piura,Talara,Lobitos,071-2015-OEFA/DE
-81.28137,-4.46024,2535,VII/VI,"Pozo mal abandonado, que presenta suelo contaminado en el área circundante al mismo",2014,Alto,Medio,Medio,Intercuenca 13931,Región Hidrografica del Pacífico,Piura,Talara,Lobitos,071-2015-OEFA/DE
-81.19948,-4.66045,2536,VII/VI,Pozo mal abandonado,2014,Bajo,Bajo,Bajo,Intercuenca 1391,Región Hidrografica del Pacífico,Piura,Talara,La Brea,231-2014-OEFA/DE
-81.30958,-4.66527,2538,VII/VI,"Pozo mal abandonado, el cual presenta emisiones gaseosas fugitivas",2013,Medio,Alto,Medio,Intercuenca 1391,Región Hidrografica del Pacífico,Piura,Talara,La Brea,071-2015-OEFA/DE
-81.26321,-4.43882,2604,VII/VI,"Pozo mal abandonado, suelos contaminados con efluente o derrame",2014,Medio,Medio,Medio,Intercuenca 13931,Región Hidrografica del Pacífico,Piura,Talara,Lobitos,47-2015-OEFA/DE
-81.25578,-4.66276,2605,VII/VI,"Pozo mal abandonado, suelos contaminados con efluente o derrame, emisiones",2014,Medio,Medio,Medio,Intercuenca 1391,Región Hidrografica del Pacífico,Piura,Talara,La Brea,47-2015-OEFA/DE
-81.21818,-4.66168,2606,VII/VI,Pozo mal abandonado,2014,Bajo,Bajo,Bajo,Intercuenca 1391,Región Hidrografica del Pacífico,Piura,Talara,La Brea,47-2015-OEFA/DE
-81.12521,-4.23368,2607,X,Suelo contaminado con hidrocarburos en el área circundante al pozo A9474 con adecuado abandono permanente,2017,Medio,Medio,Medio,Intercuenca 13931,Región Hidrografica del Pacífico,Piura,Talara,El Alto,Oficio N° 289-2017-OEFA/DE
-81.22924,-4.62563,2669,VII/VI,Pozo mal abandonado,2017,Bajo,Bajo,Bajo,Intercuenca 1391,Región Hidrografica del Pacífico,Piura,Talara,La Brea,Oficio N° 261-2017-OEFA/DE
-81.18862,-4.63702,2670,VII/VI,Pozo mal abandonado,2017,Bajo,Bajo,Bajo,Intercuenca 1391,Región Hidrografica del Pacífico,Piura,Talara,La Brea,Oficio N° 261-2017-OEFA/DE
-81.29139,-4.67601,2671,VII/VI,Pozo mal abandonado,2014,Bajo,Bajo,Bajo,Intercuenca 1391,Región Hidrografica del Pacífico,Piura,Talara,La Brea,47-2015-OEFA/DE
-81.20562,-4.491,2672,VII/VI,"Pozo mal abandonado, restos o depósitos de residuos",2014,Bajo,Bajo,Bajo,Cuenca Pariñas,Región Hidrografica del Pacífico,Piura,Talara,Pariñas,47-2015-OEFA/DE
-81.22733,-4.66775,2475,VII/VI,"Pozo mal abandonado, suelos contaminados con efluente o derrame, emisiones",2013,Medio,Medio,Medio,Intercuenca 1391,Región Hidrografica del Pacífico,Piura,Talara,La Brea,206-2014-OEFA/DE
-81.2023,-4.51865,2476,VII/VI,Suelos contaminados con efluente o derrame,2014,Medio,Medio,Medio,Cuenca Pariñas,Región Hidrografica del Pacífico,Piura,Talara,Pariñas,206-2014-OEFA/DE
-81.20016,-4.52856,2477,VII/VI,Pozo mal abandonado,2014,Bajo,Bajo,Bajo,Cuenca Pariñas,Región Hidrografica del Pacífico,Piura,Talara,Pariñas,231-2014-OEFA/DE
-81.15594,-4.5474,2478,IX,Pozo mal abandonado,2014,Bajo,Bajo,Bajo,Cuenca Pariñas,Región Hidrografica del Pacífico,Piura,Talara,Pariñas,231-2014-OEFA/DE
-80.66231,-3.67369,2539,XX (ex Lote XIV),"Pozo mal abandonado, suelo contaminado por la presencia de hidrocarburos y las emisiones gaseosas fugitivas",2013,Alto,Alto,Alto,Intercuenca 13939,Región Hidrografica del Pacífico,Tumbes,Contralmirante Villar,Zorritos,71-2015-OEFA/DE
-81.13344,-4.65458,2540,III,"Pozo mal abandonado, suelos contaminados con efluente o derrame",2014,Medio,Medio,Medio,Intercuenca 1391,Región Hidrografica del Pacífico,Piura,Talara,La Brea,084-2015-OEFA/DE
-81.23555,-4.6237,2541,VII/VI,"Pozo mal abandonado, que presenta emisiones gaseosas fugitivas y  suelo contaminado en el área circundante al mismo",2015,Medio,Alto,Alto,Intercuenca 1391,Región Hidrografica del Pacífico,Piura,Talara,La Brea,Oficio circular N° 011-2016-OEFA/DE
-81.19829,-4.66029,2542,VII/VI,"Pozo mal abandonado, suelos contaminados con efluente o derrame",2014,Medio,Medio,Medio,Intercuenca 1391,Región Hidrografica del Pacífico,Piura,Talara,La Brea,231-2014-OEFA/DE
-81.27679,-4.61484,2608,I,"Pozo mal abandonado, suelos contaminados con efluente o derrame",2014,Medio,Medio,Medio,Intercuenca 1391,Región Hidrografica del Pacífico,Piura,Talara,La Brea,47-2015-OEFA/DE
-81.28602,-4.60677,2609,I,"Pozo mal abandonado, suelos contaminados con efluente o derrame",2014,Medio,Medio,Medio,Intercuenca 1391,Región Hidrografica del Pacífico,Piura,Talara,La Brea,47-2015-OEFA/DE
-81.24391,-4.70018,2610,VII/VI,"Pozo mal abandonado, suelos contaminados con efluente o derrame, emisiones",2015,Medio,Medio,Medio,Intercuenca 1391,Región Hidrografica del Pacífico,Piura,Talara,La Brea,070-2016-OEFA/DE
-81.28205,-4.61861,2611,I,"Pozo mal abandonado, suelos contaminados con efluente o derrame",2014,Medio,Medio,Medio,Intercuenca 1391,Región Hidrografica del Pacífico,Piura,Talara,La Brea,47-2015-OEFA/DE
-81.25505,-4.66005,2673,VII/VI,Pozo mal abandonado,2017,Bajo,Bajo,Bajo,Intercuenca 1391,Región Hidrografica del Pacífico,Piura,Talara,La Brea,Oficio N° 261-2017-OEFA/DE
-81.17927,-4.50922,2674,IV,Suelo contaminado con hidrocarburos,2017,Medio,Medio,Medio,Cuenca Pariñas,Región Hidrografica del Pacífico,Piura,Talara,Pariñas,261-2017-OEFA/DE
-81.24099,-4.44147,2675,VII/VI,"Pozo mal abandonado, suelos contaminados con efluente o derrame",2014,Medio,Medio,Medio,Intercuenca 13931,Región Hidrografica del Pacífico,Piura,Talara,Lobitos,47-2015-OEFA/DE
-81.27608,-4.65445,2676,VII/VI,"Pozo mal abandonado, suelos contaminados con efluente o derrame",2014,Medio,Medio,Medio,Intercuenca 1391,Región Hidrografica del Pacífico,Piura,Talara,La Brea,47-2015-OEFA/DE
-81.13542,-4.84838,2479,III,"Pozo mal abandonado, suelos contaminados con efluente o derrame",2014,Medio,Medio,Medio,Intercuenca 1391,Región Hidrografica del Pacífico,Piura,Paita,Vichayal,231-2014-OEFA/DE
-81.10226,-4.84866,2480,III,"Pozo mal abandonado, suelos contaminados con efluente o derrame",2014,Medio,Medio,Medio,Cuenca Chira,Región Hidrografica del Pacífico,Piura,Paita,Vichayal,231-2014-OEFA/DE
-80.66096,-3.67545,2481,XX (ex Lote XIV),Pozo mal abandonado,2013,Bajo,Bajo,Bajo,Intercuenca 13939,Región Hidrografica del Pacífico,Tumbes,Contralmirante Villar,Zorritos,124-2016-OEFA/DE
-81.16888,-4.85438,2482,III,"Pozo mal abandonado, suelos contaminados con efluente o derrame",2014,Medio,Medio,Medio,Intercuenca 1391,Región Hidrografica del Pacífico,Piura,Paita,Vichayal,231-2014-OEFA/DE
-81.24779,-4.66456,2543,VII/VI,"Pozo mal abandonado, suelos contaminados con efluente o derrame",2014,Medio,Medio,Medio,Intercuenca 1391,Región Hidrografica del Pacífico,Piura,Talara,La Brea,231-2014-OEFA/DE
-81.23556,-4.67926,2544,VII/VI,"Pozo mal abandonado, suelos contaminados con efluente o derrame",2015,Medio,Medio,Medio,Intercuenca 1391,Región Hidrografica del Pacífico,Piura,Talara,La Brea,070-2016-OEFA/DE
-81.18572,-4.64712,2545,VII/VI,"Pozo mal abandonado, suelos contaminados con efluente o derrame",2014,Medio,Medio,Medio,Intercuenca 1391,Región Hidrografica del Pacífico,Piura,Talara,La Brea,231-2014-OEFA/DE
-81.17046,-4.28358,2546,X,Pozo mal abandonado,2017,Bajo,Bajo,Bajo,Cuenca Pariñas,Región Hidrografica del Pacífico,Piura,Talara,El Alto,Oficio N° 327-2017-OEFA/DE
-81.27634,-4.61857,2612,I,"Pozo mal abandonado, suelos contaminados con efluente o derrame",2014,Medio,Medio,Medio,Intercuenca 1391,Región Hidrografica del Pacífico,Piura,Talara,La Brea,47-2015-OEFA/DE
-81.27661,-4.62131,2613,I,"Pozo mal abandonado, suelos contaminados con efluente o derrame",2014,Medio,Medio,Medio,Intercuenca 1391,Región Hidrografica del Pacífico,Piura,Talara,La Brea,47-2015-OEFA/DE
-81.12559,-4.22968,2614,X,Pozo mal abandonado,2017,Bajo,Bajo,Bajo,Intercuenca 13931,Región Hidrografica del Pacífico,Piura,Talara,El Alto,Oficio N° 289-2017-OEFA/DE
-81.18002,-4.6613,2615,VII/VI,"Pozo mal abandonado, suelos contaminados con efluente o derrame",2014,Medio,Medio,Medio,Intercuenca 1391,Región Hidrografica del Pacífico,Piura,Talara,La Brea,47-2015-OEFA/DE
-81.30056,-4.6571,2677,VII/VI,Pozo mal abandonado y suelo contaminado en el área circundante al mismo,2017,Medio,Medio,Medio,Intercuenca 1391,Región Hidrografica del Pacífico,Piura,Talara,La Brea,Oficio N° 261-2017-OEFA/DE
-81.29569,-4.65596,2678,VII/VI,Pozo mal abandonado y suelo contaminado en el área circundante al mismo,2017,Medio,Medio,Medio,Intercuenca 1391,Región Hidrografica del Pacífico,Piura,Talara,La Brea,Oficio N° 261-2017-OEFA/DE
-81.27785,-4.64893,2679,VII/VI,"Pozo mal abandonado, suelos contaminados con efluente o derrame, emisiones",2014,Medio,Medio,Medio,Intercuenca 1391,Región Hidrografica del Pacífico,Piura,Talara,La Brea,47-2015-OEFA/DE
-81.29845,-4.65391,2680,VII/VI,Pozo mal abandonado con afloramiento de líquidos,2017,Bajo,Bajo,Bajo,Intercuenca 1391,Región Hidrografica del Pacífico,Piura,Talara,La Brea,Oficio N° 261-2017-OEFA/DE
-81.1658,-4.861,2483,III,"Pozo mal abandonado con presencia de emisiones gaseosas fugitivas y suelo contaminado con hidrocarburos, naftaleno y metales en su área circundante",2014,Medio,Medio,Alto,Intercuenca 1391,Región Hidrografica del Pacífico,Piura,Paita,Vichayal,231-2014-OEFA/DE
-81.22798,-4.65213,2484,VII/VI,"Pozo mal abandonado, suelos contaminados con efluente o derrame, emisiones",2013,Medio,Medio,Medio,Intercuenca 1391,Región Hidrografica del Pacífico,Piura,Talara,La Brea,124-2016-OEFA/DE
-81.12886,-4.87907,2485,III,"Pozo mal abandonado, suelos contaminados con efluente o derrame",2014,Medio,Medio,Medio,Cuenca Chira,Región Hidrografica del Pacífico,Piura,Paita,Vichayal,231-2014-OEFA/DE
-81.14277,-4.8765,2486,III,Pozo mal abandonado,2014,Bajo,Bajo,Bajo,Intercuenca 1391,Región Hidrografica del Pacífico,Piura,Paita,Vichayal,231-2014-OEFA/DE
-81.18845,-4.64751,2547,VII/VI,"Pozo mal abandonado, suelos contaminados con efluente o derrame",2014,Medio,Medio,Medio,Intercuenca 1391,Región Hidrografica del Pacífico,Piura,Talara,La Brea,231-2014-OEFA/DE
-81.24874,-4.69061,2548,VII/VI,Pozo mal abandonado,2014,Bajo,Bajo,Bajo,Intercuenca 1391,Región Hidrografica del Pacífico,Piura,Talara,La Brea,231-2014-OEFA/DE
-81.17844,-4.65691,2549,VII/VI,"Pozo mal abandonado, emisiones",2015,Medio,Medio,Medio,Intercuenca 1391,Región Hidrografica del Pacífico,Piura,Talara,La Brea,070-2016-OEFA/DE
-81.25035,-4.69116,2550,VII/VI,"Pozo mal abandonado, suelos contaminados con efluente o derrame, emisiones",2014,Medio,Medio,Medio,Intercuenca 1391,Región Hidrografica del Pacífico,Piura,Talara,La Brea,231-2014-OEFA/DE
-80.65347,-3.67793,2616,XX (ex Lote XIV),Pozo mal abandonado,2013,Bajo,Bajo,Bajo,Intercuenca 13939,Región Hidrografica del Pacífico,Tumbes,Contralmirante Villar,Zorritos,47-2015-OEFA/DE
-81.20365,-4.27816,2617,X,Pozo mal abandonado y suelo contaminado en el área circundante al mismo,2017,Medio,Medio,Medio,Intercuenca 13931,Región Hidrografica del Pacífico,Piura,Talara,El Alto,Oficio N° 289-2017-OEFA/DE
-81.19011,-4.29314,2618,X,Pozo mal abandonado,2017,Bajo,Bajo,Bajo,Cuenca Pariñas,Región Hidrografica del Pacífico,Piura,Talara,El Alto,Oficio N° 289-2017-OEFA/DE
-81.12561,-4.2481,2620,X,Pozo mal abandonado,2017,Bajo,Bajo,Bajo,Cuenca Pariñas,Región Hidrografica del Pacífico,Piura,Talara,El Alto,Oficio N° 289-2017-OEFA/DE
-81.20381,-4.29219,2681,X,"Pozo mal abandonado, suelos contaminados con efluente o derrame",2014,Medio,Medio,Medio,Intercuenca 13931,Región Hidrografica del Pacífico,Piura,Talara,El Alto,47-2015-OEFA/DE
-81.14169,-4.37444,2682,X,Pozo mal abandonado,2014,Bajo,Bajo,Bajo,Cuenca Pariñas,Región Hidrografica del Pacífico,Piura,Talara,Lobitos,47-2015-OEFA/DE
-81.283,-4.4571,2683,VII/VI,Pozo mal abandonado,2017,Bajo,Bajo,Bajo,Intercuenca 13931,Región Hidrografica del Pacífico,Piura,Talara,Lobitos,261-2017-OEFA/DE
-80.64491,-3.66637,2684,XX (ex Lote XIV),Pozo mal abandonado,2015,Bajo,Bajo,Bajo,Intercuenca 13939,Región Hidrografica del Pacífico,Tumbes,Contralmirante Villar,Zorritos,070-2016-OEFA/DE
-81.23912,-4.64295,2487,VII/VI,"Pozo mal abandonado, suelos contaminados con efluente o derrame",2014,Medio,Medio,Medio,Intercuenca 1391,Región Hidrografica del Pacífico,Piura,Talara,La Brea,231-2014-OEFA/DE
-81.20451,-4.51318,2488,VII/VI,"Pozo mal abandonado, suelos contaminados con efluente o derrame",2014,Medio,Medio,Medio,Cuenca Pariñas,Región Hidrografica del Pacífico,Piura,Talara,Pariñas,231-2014-OEFA/DE
-81.20205,-4.51577,2489,VII/VI,Pozo mal abandonado,2014,Bajo,Bajo,Bajo,Cuenca Pariñas,Región Hidrografica del Pacífico,Piura,Talara,Pariñas,231-2014-OEFA/DE
-81.25902,-4.69261,2490,VII/VI,"Pozo mal abandonado, emisiones",2015,Medio,Medio,Medio,Intercuenca 1391,Región Hidrografica del Pacífico,Piura,Talara,La Brea,103-2016-OEFA/DE
-81.17413,-4.28114,2551,X,Pozo mal abandonado,2017,Bajo,Bajo,Bajo,Cuenca Pariñas,Región Hidrografica del Pacífico,Piura,Talara,El Alto,Oficio N° 327-2017-OEFA/DE
-81.25002,-4.69005,2552,VII/VI,"Pozo mal abandonado, suelos contaminados con efluente o derrame",2014,Medio,Medio,Medio,Intercuenca 1391,Región Hidrografica del Pacífico,Piura,Talara,La Brea,231-2014-OEFA/DE
-81.18996,-4.65867,2553,VII/VI,Pozo mal abandonado,2015,Bajo,Bajo,Bajo,Intercuenca 1391,Región Hidrografica del Pacífico,Piura,Talara,La Brea,070-2016-OEFA/DE
-81.25115,-4.69015,2554,VII/VI,"Pozo mal abandonado, suelos contaminados con efluente o derrame",2014,Medio,Medio,Medio,Intercuenca 1391,Región Hidrografica del Pacífico,Piura,Talara,La Brea,231-2014-OEFA/DE
-81.20068,-4.27038,2621,X,Pozo mal abandonado,2014,Bajo,Bajo,Bajo,Intercuenca 13931,Región Hidrografica del Pacífico,Piura,Talara,El Alto,47-2015-OEFA/DE
-81.25122,-4.45326,2622,VII/VI,Pozo mal abandonado y suelo contaminado en el área circundante al mismo,2017,Medio,Medio,Medio,Cuenca Pariñas,Región Hidrografica del Pacífico,Piura,Talara,Lobitos,ficio N° 290-2017-OEFA/DE
-81.14299,-4.27069,2623,X,Pozo mal abandonado,2014,Bajo,Bajo,Bajo,Cuenca Pariñas,Región Hidrografica del Pacífico,Piura,Talara,El Alto,47-2015-OEFA/DE
-81.22955,-4.51343,2624,VII/VI,Pozo mal abandonado,2017,Bajo,Bajo,Bajo,Cuenca Pariñas,Región Hidrografica del Pacífico,Piura,Talara,Pariñas,Oficio N° 290-2017-OEFA/DE
-81.27984,-4.47446,2685,VII/VI,"Pozo mal abandonado, suelos contaminados con efluente o derrame, emisiones",2014,Medio,Medio,Medio,Cuenca Pariñas,Región Hidrografica del Pacífico,Piura,Talara,Lobitos,231-2014-OEFA/DE
-81.27234,-4.44285,2686,VII/VI,Pozo mal abandonado,2017,Bajo,Bajo,Bajo,Intercuenca 13931,Región Hidrografica del Pacífico,Piura,Talara,Lobitos,Oficio N° 261-2017-OEFA/DE
-81.1445,-4.19331,2687,X,Pozo mal abandonado y suelo contaminado con hidrocarburos en el área circundante al mismo,2017,Medio,Medio,Medio,Intercuenca 13931,Región Hidrografica del Pacífico,Piura,Talara,Los Órganos,Oficio N° 261-2017-OEFA/DE
-81.14297,-4.19255,2688,X,Pozo mal abandonado y suelo contaminado con hidrocarburos en el área circundante al mismo,2017,Medio,Medio,Medio,Intercuenca 13931,Región Hidrografica del Pacífico,Piura,Talara,Los Órganos,Oficio N° 261-2017-OEFA/DE
-81.23142,-4.50943,2491,VII/VI,Pozo mal abandonado,2014,Bajo,Bajo,Bajo,Cuenca Pariñas,Región Hidrografica del Pacífico,Piura,Talara,Pariñas,231-2014-OEFA/DE
-81.25816,-4.69173,2492,VII/VI,"Pozo mal abandonado, suelos contaminados con efluente o derrame",2015,Medio,Medio,Medio,Intercuenca 1391,Región Hidrografica del Pacífico,Piura,Talara,La Brea,103-2016-OEFA/DE
-81.26589,-4.5285,2493,VII/VI,Instalaciones mal abandonadas,2014,Bajo,Bajo,Bajo,Cuenca Pariñas,Región Hidrografica del Pacífico,Piura,Talara,Pariñas,231-2014-OEFA/DE
-81.21772,-4.63214,2494,VII/VI,"Pozo mal abandonado, suelos contaminados con efluente o derrame, emisiones",2015,Bajo,Medio,Medio,Intercuenca 1391,Región Hidrografica del Pacífico,Piura,Talara,La Brea,103-2016-OEFA/DE
-81.29473,-4.60997,2555,Z-2B,Pozo mal abandonado y emisiones gaseosas fugitivas provenientes del mismo (ZONA DE PLAYA),2017,Bajo,Medio,Bajo,Intercuenca 1391,Región Hidrografica del Pacífico,Piura,Talara,La Brea,Oficio N° 327-2017-OEFA/DE
-81.25592,-4.40631,2556,Z-2B,Pozo mal abandonado (ZONA DE PLAYA),2017,Bajo,Bajo,Bajo,Intercuenca 13931,Región Hidrografica del Pacífico,Piura,Talara,Lobitos,Oficio N° 327-2017-OEFA/DE
-81.24355,-4.26029,2557,Z-2B,Pozo mal abandonado (ZONA DE PLAYA),2017,Bajo,Bajo,Bajo,Intercuenca 13931,Región Hidrografica del Pacífico,Piura,Talara,El Alto,Oficio N° 327-2017-OEFA/DE
-81.29734,-4.66975,2558,VII/VI,"Pozo mal abandonado, suelos contaminados con efluente o derrame",2015,Medio,Medio,Medio,Intercuenca 1391,Región Hidrografica del Pacífico,Piura,Talara,La Brea,070-2016-OEFA/DE
-81.18906,-4.53968,2625,VII/VI,Pozo mal abandonado,2017,Bajo,Bajo,Bajo,Cuenca Pariñas,Región Hidrografica del Pacífico,Piura,Talara,Pariñas, 290-2017-OEFA/DE
-81.14583,-4.27102,2626,X,"Pozo mal abandonado, suelos contaminados con efluente o derrame",2014,Medio,Medio,Medio,Cuenca Pariñas,Región Hidrografica del Pacífico,Piura,Talara,El Alto,47-2015-OEFA/DE
-81.22756,-4.67044,2627,VII/VI,"Pozo mal abandonado, suelos contaminados con efluente o derrame",2014,Medio,Medio,Medio,Intercuenca 1391,Región Hidrografica del Pacífico,Piura,Talara,La Brea,47-2015-OEFA/DE
-81.24388,-4.47963,2628,VII/VI,Pozo mal abandonado y emisiones gaseosas fugitivas provenientes del pozo,2017,Medio,Medio,Medio,Cuenca Pariñas,Región Hidrografica del Pacífico,Piura,Talara,Lobitos, 290-2017-OEFA/DE
-81.19332,-4.66394,2689,VII/VI,"Pozo mal abandonado, emisiones",2014,Medio,Medio,Medio,Intercuenca 1391,Región Hidrografica del Pacífico,Piura,Talara,La Brea,47-2015-OEFA/DE
-81.11946,-4.18856,2690,X,Suelo contaminado en el área circundante al pozo P_136 con adecuado abandono permanente,2017,Medio,Medio,Medio,Intercuenca 13931,Región Hidrografica del Pacífico,Piura,Talara,Los Órganos,Oficio N° 261-2017-OEFA/DE
-81.21061,-4.4487,2691,VII/VI,Pozo mal abandonado,2014,Bajo,Bajo,Bajo,Cuenca Pariñas,Región Hidrografica del Pacífico,Piura,Talara,Lobitos,47-2015-OEFA/DE
-81.30678,-4.66281,2692,VII/VI,Pozo mal abandonado,2014,Bajo,Bajo,Bajo,Intercuenca 1391,Región Hidrografica del Pacífico,Piura,Talara,La Brea,47-2015-OEFA/DE
-81.22905,-4.64951,2495,VII/VI,"Pozo mal abandonado, suelos contaminados con efluente o derrame",2014,Medio,Medio,Medio,Intercuenca 1391,Región Hidrografica del Pacífico,Piura,Talara,La Brea,231-2014-OEFA/DE
-81.23233,-4.63754,2496,VII/VI,"Pozo mal abandonado, suelos contaminados con efluente o derrame, emisiones",2015,Medio,Medio,Medio,Intercuenca 1391,Región Hidrografica del Pacífico,Piura,Talara,La Brea,103-2016-OEFA/DE
-81.23042,-4.65047,2497,VII/VI,Pozo mal abandonado,2014,Bajo,Bajo,Bajo,Intercuenca 1391,Región Hidrografica del Pacífico,Piura,Talara,La Brea,231-2014-OEFA/DE
-81.30497,-4.69266,2498,VII/VI,Pozo mal abandonado,2015,Bajo,Bajo,Bajo,Intercuenca 1391,Región Hidrografica del Pacífico,Piura,Talara,La Brea,103-2016-OEFA/DE
-81.195,-4.4057,2559,X,Pozo mal abandonado,2017,Medio,Medio,Medio,Cuenca Pariñas,Región Hidrografica del Pacífico,Piura,Talara,Lobitos,Oficio N° 321-2017-OEFA/DE
-81.28738,-4.66727,2561,VII/VI,"Pozo mal abandonado, suelos contaminados con efluente o derrame",2014,Medio,Medio,Medio,Intercuenca 1391,Región Hidrografica del Pacífico,Piura,Talara,La Brea,47-2015-OEFA/DE
-81.30933,-4.67871,2562,VII/VI,"Pozo mal abandonado, suelos contaminados con efluente o derrame",2014,Medio,Medio,Medio,Intercuenca 1391,Región Hidrografica del Pacífico,Piura,Talara,La Brea,47-2015-OEFA/DE
-81.23819,-4.44548,2563,VII/VI,"Pozo mal abandonado, suelos contaminados con efluente o derrame",2014,Medio,Medio,Medio,Intercuenca 13931,Región Hidrografica del Pacífico,Piura,Talara,Lobitos,47-2015-OEFA/DE
-81.18519,-4.4975,3244,IV,"Pozo mal abandonado, suelos contaminados con efluente o derrame",2014,Medio,Medio,Medio,Cuenca Pariñas,Región Hidrografica del Pacífico,Piura,Talara,Pariñas,124-2016-OEFA/DE
-81.0939,-4.31696,3245,II,"Pozo mal abandonado, suelos contaminados con efluente o derrame",2014,Medio,Medio,Medio,Cuenca Pariñas,Región Hidrografica del Pacífico,Piura,Talara,El Alto,124-2016-OEFA/DE
-81.08835,-4.35146,3246,II,Pozo mal abandonado,2014,Bajo,Bajo,Bajo,Cuenca Pariñas,Región Hidrografica del Pacífico,Piura,Talara,El Alto,124-2016-OEFA/DE
-81.12024,-4.66695,3247,III,Pozo mal abandonado,2014,Bajo,Bajo,Bajo,Intercuenca 1391,Región Hidrografica del Pacífico,Piura,Talara,La Brea,124-2016-OEFA/DE
-81.12404,-4.66667,3248,III,Pozo mal abandonado,2014,Bajo,Bajo,Bajo,Intercuenca 1391,Región Hidrografica del Pacífico,Piura,Talara,La Brea,124-2016-OEFA/DE
-81.12594,-4.66132,3249,III,Pozo mal abandonado,2014,Bajo,Bajo,Bajo,Intercuenca 1391,Región Hidrografica del Pacífico,Piura,Talara,La Brea,124-2016-OEFA/DE
-81.12523,-4.65914,3250,III,Pozo mal abandonado,2014,Bajo,Bajo,Bajo,Intercuenca 1391,Región Hidrografica del Pacífico,Piura,Talara,La Brea,124-2016-OEFA/DE
-81.25962,-4.58359,3251,I,Pozo mal abandonado,2014,Bajo,Bajo,Bajo,Intercuenca 1391,Región Hidrografica del Pacífico,Piura,Talara,Pariñas,124-2016-OEFA/DE
-81.19687,-4.65317,3252,VII/VI,Pozo mal abandonado,2013,Bajo,Bajo,Bajo,Intercuenca 1391,Región Hidrografica del Pacífico,Piura,Talara,La Brea,124-2016-OEFA/DE
-81.31149,-4.66372,3253,VII/VI,Pozo mal abandonado,2013,Bajo,Bajo,Bajo,Intercuenca 1391,Región Hidrografica del Pacífico,Piura,Talara,La Brea,124-2016-OEFA/DE
-81.31862,-4.58792,3254,Z-2B,Restos de plataforma EPF-B-8AX ubicado bajo mar,2015,Bajo,Bajo,Bajo,,,Piura,Talara,La Brea,103-2016-OEFA/DE
-81.31862,-4.58792,3255,Z-2B,Pozo mal abandonado que presenta emisiones fugitivas (plataforma),2015,Bajo,Medio,Bajo,,,Piura,Talara,La Brea,103-2016-OEFA/DE
-81.19735,-4.64437,3256,VII/VI,"Pozo mal abandonado, emisiones",2013,Bajo,Medio,Bajo,Intercuenca 1391,Región Hidrografica del Pacífico,Piura,Talara,La Brea,103-2016-OEFA/DE
-80.66232,-3.72148,3257,XXIII,"Pozo mal abandonado, que presenta emisiones gaseosas fugitivas y  afloramiento de agua de formación",2014,Alto,Medio,Alto,Cuenca Bocapán,Región Hidrografica del Pacífico,Tumbes,Contralmirante Villar,Zorritos,Oficio circular N° 011-2016-OEFA/DE
-81.19984,-4.50775,3258,VII/VI,Pozo mal abandonado,2017,Bajo,Bajo,Bajo,Cuenca Pariñas,Región Hidrografica del Pacífico,Piura,Talara,Pariñas, 261-2017-OEFA/DE
-81.28427,-4.45598,3259,VII/VI,Pozo mal abandonado,2017,Bajo,Bajo,Bajo,Intercuenca 13931,Región Hidrografica del Pacífico,Piura,Talara,Lobitos,261-2017-OEFA/DE
-80.64133,-3.70155,3261,XXIII,Instalación mal abandonada,2014,Bajo,Bajo,Bajo,Intercuenca 13939,Región Hidrografica del Pacífico,Tumbes,Contralmirante Villar,Zorritos,070-2016-OEFA/DE
-80.63168,-3.70229,3262,XXIII,"Suelos contaminados con efluente o derrame, restos o depósitos de residuos",2014,Medio,Medio,Medio,Intercuenca 13939,Región Hidrografica del Pacífico,Tumbes,Contralmirante Villar,Zorritos,070-2016-OEFA/DE
-81.19345,-4.6623,3263,VII/VI,"Pozo mal abandonado, emisiones",2014,Medio,Medio,Medio,Intercuenca 1391,Región Hidrografica del Pacífico,Piura,Talara,La Brea,070-2016-OEFA/DE
-81.21824,-4.51171,3264,VII/VI,"Pozo mal abandonado, suelos contaminados con efluente o derrame",2013,Medio,Medio,Medio,Cuenca Pariñas,Región Hidrografica del Pacífico,Piura,Talara,Pariñas,070-2016-OEFA/DE
-81.24045,-4.61512,3265,VII/VI,"Pozo mal abandonado, que presenta emisiones gaseosas fugitivas y  suelo contaminado en el área circundante al mismo",2015,Medio,Alto,Medio,Intercuenca 1391,Región Hidrografica del Pacífico,Piura,Talara,La Brea,Oficio circular N° 008-2016-OEFA/DE
-81.30007,-4.64536,3266,VII,El pozo petrolero T_932 se encuentra mal abandonado,,No Aplica,Medio,No Aplica,Intercuenca 1391,Región Hidrografica del Pacífico,Piura,Talara,La Brea,Oficio circular N° 028-2025-OEFA/DEAM
-81.21931,-4.63608,3075,VII/VI,"Pozo mal abandonado, suelos contaminados con efluente o derrame, emisiones",2015,Medio,Medio,Medio,Intercuenca 1391,Región Hidrografica del Pacífico,Piura,Talara,La Brea,017-2016-OEFA/DE
-81.27333,-4.67134,3076,VII/VI,"Pozo mal abandonado, suelos contaminados con efluente o derrame",2015,Medio,Medio,Medio,Intercuenca 1391,Región Hidrografica del Pacífico,Piura,Talara,La Brea,017-2016-OEFA/DE
-81.18625,-4.65241,3077,VII/VI,Pozo mal abandonado,2015,Bajo,Bajo,Bajo,Intercuenca 1391,Región Hidrografica del Pacífico,Piura,Talara,La Brea,017-2016-OEFA/DE
-81.20476,-4.6597,3078,VII/VI,Pozo mal abandonado,2015,Bajo,Bajo,Bajo,Intercuenca 1391,Región Hidrografica del Pacífico,Piura,Talara,La Brea,017-2016-OEFA/DE
-81.23198,-4.52023,3141,VII/VI,Pozo mal abandonado,2013,Bajo,Bajo,Bajo,Cuenca Pariñas,Región Hidrografica del Pacífico,Piura,Talara,Pariñas,246-2015-OEFA/DE
-81.234,-4.62424,3142,VII/VI,"Pozo mal abandonado, emisiones",2014,Bajo,Medio,Bajo,Intercuenca 1391,Región Hidrografica del Pacífico,Piura,Talara,La Brea,225-2015-OEFA/DE
-81.26906,-4.64172,3143,VII/VI,"Pozo mal abandonado, suelos contaminados con efluente o derrame, emisiones",2014,Medio,Medio,Medio,Intercuenca 1391,Región Hidrografica del Pacífico,Piura,Talara,La Brea,225-2015-OEFA/DE
-81.2824,-4.64737,3144,VII/VI,Pozo mal abandonado,2014,Bajo,Bajo,Bajo,Intercuenca 1391,Región Hidrografica del Pacífico,Piura,Talara,La Brea,225-2015-OEFA/DE
-81.03838,-4.22916,3209,X,Pozo mal abandonado,2016,Bajo,Bajo,Bajo,Intercuenca 13931,Región Hidrografica del Pacífico,Piura,Talara,EL Alto,Oficio N° 359-2016-OEFA/DE
-81.28903,-4.70496,3210,VII/VI,"Pozo mal abandonado, emisiones",2015,Medio,Medio,Medio,Intercuenca 1391,Región Hidrografica del Pacífico,Piura,Talara,La Brea,124-2016-OEFA/DE
-81.10032,-4.47291,3211,IV,"Pozo mal abandonado, suelos contaminados con efluente o derrame",2014,Medio,Medio,Medio,Cuenca Pariñas,Región Hidrografica del Pacífico,Piura,Talara,Pariñas,124-2016-OEFA/DE
-81.17003,-4.85096,3212,III,"Pozo mal abandonado con presencia de emisiones gaseosas fugitivas y afloramiento de hidrocarburos líquidos, y suelo contaminado por hidrocarburos en su área circundante",2014,Medio,Medio,Alto,Intercuenca 1391,Región Hidrografica del Pacífico,Piura,Paita,Vichayal,124-2016-OEFA/DE
-81.28601,-4.45552,3015,VII/VI,"Pozo mal abandonado, suelos contaminados con efluente o derrame",2014,Medio,Medio,Medio,Intercuenca 13931,Región Hidrografica del Pacífico,Piura,Talara,Lobitos,161-2015-OEFA/DE
-81.21996,-4.65093,3016,VII/VI,"Instalaciones mal abandonadas, suelos contaminados con efluente o derrame, restos o depósitos de residuos",2013,Medio,Medio,Medio,Intercuenca 1391,Región Hidrografica del Pacífico,Piura,Talara,La Brea,161-2015-OEFA/DE
-81.19848,-4.64007,3017,VII/VI,Pozo mal abandonado,2013,Bajo,Bajo,Bajo,Intercuenca 1391,Región Hidrografica del Pacífico,Piura,Talara,La Brea,161-2015-OEFA/DE
-80.65805,-3.66824,3018,XX (ex Lote XIV),Pozo mal abandonado,2013,Bajo,Bajo,Bajo,Intercuenca 13939,Región Hidrografica del Pacífico,Tumbes,Contralmirante Villar,Zorritos,161-2015-OEFA/DE
-81.21151,-4.66504,3079,VII/VI,Pozo mal abandonado,2015,Bajo,Bajo,Bajo,Intercuenca 1391,Región Hidrografica del Pacífico,Piura,Talara,La Brea,017-2016-OEFA/DE
-81.20602,-4.66278,3080,VII/VI,"Pozo mal abandonado, suelos contaminados con efluente o derrame, emisiones",2015,Medio,Medio,Medio,Intercuenca 1391,Región Hidrografica del Pacífico,Piura,Talara,La Brea,017-2016-OEFA/DE
-81.24559,-4.69186,3081,VII/VI,"Pozo mal abandonado, suelos contaminados con efluente o derrame",2015,Medio,Medio,Medio,Intercuenca 1391,Región Hidrografica del Pacífico,Piura,Talara,La Brea,017-2016-OEFA/DE
-81.20399,-4.69197,3082,VII/VI,Pozo mal abandonado,2015,Bajo,Bajo,Bajo,Intercuenca 1391,Región Hidrografica del Pacífico,Piura,Talara,La Brea,017-2016-OEFA/DE
-81.14888,-4.64787,3145,III,"Pozo mal abandonado, suelos contaminados con efluente o derrame, restos o depósitos de residuos",2014,Medio,Medio,Medio,Intercuenca 1391,Región Hidrografica del Pacífico,Piura,Talara,La Brea,225-2015-OEFA/DE
-81.12881,-4.66071,3146,III,"Pozo mal abandonado, suelos contaminados con efluente o derrame, restos o depósitos de residuos",2014,Medio,Medio,Medio,Intercuenca 1391,Región Hidrografica del Pacífico,Piura,Talara,La Brea,225-2015-OEFA/DE
-81.23704,-4.50192,3147,VII/VI,Suelos contaminados con efluente o derrame,2014,Medio,Medio,Medio,Cuenca Pariñas,Región Hidrografica del Pacífico,Piura,Talara,Pariñas,225-2015-OEFA/DE
-81.19636,-4.27512,3148,X,"Pozo mal abandonado, suelos contaminados con efluente o derrame, emisiones",2014,Medio,Medio,Medio,Intercuenca 13931,Región Hidrografica del Pacífico,Piura,Talara,El Alto,225-2015-OEFA/DE
-81.02622,-4.21802,3213,X,Pozo mal abandonado,2016,Bajo,Bajo,Bajo,Intercuenca 13931,Región Hidrografica del Pacífico,Piura,Talara,Los Órganos,Oficio N° 357-2016-OEFA/DE
-81.14158,-4.28281,3214,X,Pozo mal abandonado,2016,Bajo,Bajo,Bajo,Cuenca Pariñas,Región Hidrografica del Pacífico,Piura,Talara,El Alto,Oficio N° 356-2016-OEFA/DE
-81.1341,-4.27745,3215,X,Pozo mal abandonado,2016,Medio,Medio,Medio,Cuenca Pariñas,Región Hidrografica del Pacífico,Piura,Talara,El Alto,Oficio N° 356-2016-OEFA/DE
-81.15132,-4.27839,3216,X,"Pozo mal abandonado, suelos contaminados con efluente o derrame",2016,Bajo,Medio,Medio,Cuenca Pariñas,Región Hidrografica del Pacífico,Piura,Talara,El Alto,Oficio N° 356-2016-OEFA/DE
-81.12792,-4.19282,3019,X,Pozo mal abandonado,2016,Medio,Medio,Medio,Intercuenca 13931,Región Hidrografica del Pacífico,Piura,Talara,Los Órganos,282-2016-OEFA/DE
-81.01891,-4.21695,3020,X,Pozo mal abandonado,2016,Bajo,Bajo,Bajo,Intercuenca 13931,Región Hidrografica del Pacífico,Piura,Talara,Los Órganos,282-2016-OEFA/DE
-81.26531,-4.59064,3021,I,"Suelo contaminado en el area circundante, pozo mal abandonado",2016,Medio,Medio,Medio,Intercuenca 1391,Región Hidrografica del Pacífico,Piura,Talara,Pariñas,282-2016-OEFA/DE
-81.15387,-4.20033,3022,X,Pozo mal abandonado,2016,Bajo,Bajo,Bajo,Intercuenca 13931,Región Hidrografica del Pacífico,Piura,Talara,Los Órganos,280-2016-OEFA/DE
-81.26634,-4.70706,3083,VII/VI,"Pozo mal abandonado, suelos contaminados con efluente o derrame",2015,Medio,Medio,Medio,Intercuenca 1391,Región Hidrografica del Pacífico,Piura,Talara,La Brea,017-2016-OEFA/DE
-81.23332,-4.68588,3084,VII/VI,"Pozo mal abandonado, suelos contaminados con efluente o derrame, emisiones",2015,Medio,Medio,Medio,Intercuenca 1391,Región Hidrografica del Pacífico,Piura,Talara,La Brea,017-2016-OEFA/DE
-81.22778,-4.68553,3085,VII/VI,Pozo mal abandonado,2015,Bajo,Bajo,Bajo,Intercuenca 1391,Región Hidrografica del Pacífico,Piura,Talara,La Brea,017-2016-OEFA/DE
-81.27119,-4.68633,3086,VII/VI,Pozo mal abandonado,2015,Bajo,Bajo,Bajo,Intercuenca 1391,Región Hidrografica del Pacífico,Piura,Talara,La Brea,017-2016-OEFA/DE
-81.27785,-4.5945,3149,I,Pozo mal abandonado,2014,Bajo,Bajo,Bajo,Intercuenca 1391,Región Hidrografica del Pacífico,Piura,Talara,Pariñas,225-2015-OEFA/DE
-81.21434,-4.59267,3150,I,"Suelos contaminados con efluente o derrame, restos o depósitos de residuos",2014,Medio,Medio,Medio,Intercuenca 1391,Región Hidrografica del Pacífico,Piura,Talara,Pariñas,225-2015-OEFA/DE
-81.20621,-4.27991,3151,X,Suelos contaminados con efluente o derrame,2014,Medio,Medio,Medio,Intercuenca 13931,Región Hidrografica del Pacífico,Piura,Talara,El Alto,225-2015-OEFA/DE
-81.20647,-4.27922,3152,X,Suelos contaminados con efluente o derrame,2014,Medio,Medio,Medio,Intercuenca 13931,Región Hidrografica del Pacífico,Piura,Talara,El Alto,225-2015-OEFA/DE
-81.12422,-4.28403,3217,X,Pozo mal abandonado,2016,Medio,Medio,Medio,Cuenca Pariñas,Región Hidrografica del Pacífico,Piura,Talara,El Alto,Oficio N° 356-2016-OEFA/DE
-81.11128,-4.27691,3218,X,Pozo mal abandonado,2016,Bajo,Bajo,Bajo,Cuenca Pariñas,Región Hidrografica del Pacífico,Piura,Talara,El Alto,Oficio N° 356-2016-OEFA/DE
-81.2384,-4.33803,3219,X,Suelos contaminados con efluente o derrame,2014,Medio,Medio,Medio,Intercuenca 13931,Región Hidrografica del Pacífico,Piura,Talara,Lobitos,124-2016-OEFA/DE
-81.13181,-4.28515,3220,X,Pozo mal abandonado,2016,Medio,Medio,Medio,Cuenca Pariñas,Región Hidrografica del Pacífico,Piura,Talara,El Alto,Oficio N° 356-2016-OEFA/DE
-81.0343,-4.20747,3023,X,Pozo mal abandonado,2016,Bajo,Bajo,Bajo,Intercuenca 13931,Región Hidrografica del Pacífico,Piura,Talara,Los Órganos,280-2016-OEFA/DE
-81.11491,-4.66275,3024,III,"Pozo mal abandonado, que presenta emisiones gaseosas fugitivas y  suelo contaminado en el área circundante al mismo",2016,Medio,Alto,Medio,Intercuenca 1391,Región Hidrografica del Pacífico,Piura,Talara,La Brea,042-2016-OEFA/DE
-81.11826,-4.65831,3025,III,"Pozo mal abandonado, que presenta emisiones gaseosas fugitivas y  suelo contaminado en el área circundante al mismo",2016,Medio,Alto,Medio,Intercuenca 1391,Región Hidrografica del Pacífico,Piura,Talara,La Brea,Oficio circular N° 042-2016-OEFA/DE
-81.04105,-4.22531,3026,X,Pozo mal abandonado,2016,Bajo,Bajo,Bajo,Intercuenca 13931,Región Hidrografica del Pacífico,Piura,Talara,Los Órganos,281-2016-OEFA/DE
-81.27333,-4.691,3087,VII/VI,"Pozo mal abandonado, suelos contaminados con efluente o derrame, emisiones",2015,Medio,Medio,Medio,Intercuenca 1391,Región Hidrografica del Pacífico,Piura,Talara,La Brea,017-2016-OEFA/DE
-81.27812,-4.68949,3088,VII/VI,"Pozo mal abandonado, suelos contaminados con efluente o derrame",2015,Medio,Medio,Medio,Intercuenca 1391,Región Hidrografica del Pacífico,Piura,Talara,La Brea,017-2016-OEFA/DE
-81.27577,-4.68193,3089,VII/VI,Pozo mal abandonado,2015,Bajo,Bajo,Bajo,Intercuenca 1391,Región Hidrografica del Pacífico,Piura,Talara,La Brea,017-2016-OEFA/DE
-81.2766,-4.6835,3090,VII/VI,Pozo mal abandonado,2015,Bajo,Bajo,Bajo,Intercuenca 1391,Región Hidrografica del Pacífico,Piura,Talara,La Brea,017-2016-OEFA/DE
-81.19189,-4.29696,3153,X,Pozo mal abandonado,2014,Bajo,Bajo,Bajo,Cuenca Pariñas,Región Hidrografica del Pacífico,Piura,Talara,El Alto,225-2015-OEFA/DE
-81.1952,-4.29611,3154,X,"Pozo mal abandonado, suelos contaminados con efluente o derrame",2014,Medio,Medio,Medio,Intercuenca 13931,Región Hidrografica del Pacífico,Piura,Talara,El Alto,Oficio N° 225-2015-OEFA/DE
-81.23244,-4.65389,3155,VII/VI,"Pozo mal abandonado, emisiones",2014,Medio,Medio,Medio,Intercuenca 1391,Región Hidrografica del Pacífico,Piura,Talara,La Brea,225-2015-OEFA/DE
-81.29829,-4.66962,3156,VII/VI,Suelos contaminados con efluente o derrame,2014,Medio,Medio,Medio,Intercuenca 1391,Región Hidrografica del Pacífico,Piura,Talara,La Brea,225-2015-OEFA/DE
-81.1296,-4.28887,3221,X,Pozo mal abandonado,2016,Medio,Medio,Medio,Cuenca Pariñas,Región Hidrografica del Pacífico,Piura,Talara,El Alto,Oficio N° 356-2016-OEFA/DE
-81.11656,-4.27794,3222,X,Pozo mal abandonado,2016,Bajo,Bajo,Bajo,Cuenca Pariñas,Región Hidrografica del Pacífico,Piura,Talara,El Alto,Oficio N° 356-2016-OEFA/DE
-81.12214,-4.27961,3223,X,Pozo mal abandonado,2016,Medio,Medio,Medio,Cuenca Pariñas,Región Hidrografica del Pacífico,Piura,Talara,El Alto,Oficio N° 356-2016-OEFA/DE
-81.20495,-4.27692,3224,X,"Pozo mal abandonado, suelos contaminados con efluente o derrame",2014,Medio,Medio,Medio,Intercuenca 13931,Región Hidrografica del Pacífico,Piura,Talara,El Alto,124-2016-OEFA/DE
-81.13395,-4.22285,3027,X,Pozo mal abandonado,2016,Bajo,Bajo,Bajo,Intercuenca 13931,Región Hidrografica del Pacífico,Piura,Talara,Los Órganos,281-2016-OEFA/DE
-81.30117,-4.67045,3028,VII/VI,"Pozo mal abandonado, que presenta emisiones gaseosas fugitivas y  suelo contaminado en el área circundante al mismo",2016,Medio,Alto,Medio,Intercuenca 1391,Región Hidrografica del Pacífico,Piura,Talara,La Brea,Oficio circular N° 033-2016-OEFA/DE
-81.28592,-4.64213,3029,VII/VI,"Pozo mal abandonado, que presenta emisiones gaseosas fugitivas y  suelo contaminado en el área circundante al mismo",2016,Medio,Alto,Medio,Intercuenca 1391,Región Hidrografica del Pacífico,Piura,Talara,La Brea,Oficio circular N° 033-2016-OEFA/DE
-81.26715,-4.70934,3030,VII/VI,"Pozo mal abandonado, suelos contaminados con efluente o derrame",2016,Medio,Medio,Medio,Intercuenca 1391,Región Hidrografica del Pacífico,Piura,Talara,La Brea,239-2016-OEFA/DE
-81.27918,-4.68523,3091,VII/VI,"Pozo mal abandonado, suelos contaminados con efluente o derrame",2015,Medio,Medio,Medio,Intercuenca 1391,Región Hidrografica del Pacífico,Piura,Talara,La Brea,017-2016-OEFA/DE
-81.29616,-4.6745,3092,VII/VI,"Pozo mal abandonado, suelos contaminados con efluente o derrame",2015,Medio,Medio,Medio,Intercuenca 1391,Región Hidrografica del Pacífico,Piura,Talara,La Brea,017-2016-OEFA/DE
-81.30031,-4.67005,3093,VII/VI,"Pozo mal abandonado, suelos contaminados con efluente o derrame",2015,Medio,Medio,Medio,Intercuenca 1391,Región Hidrografica del Pacífico,Piura,Talara,La Brea,017-2016-OEFA/DE
-81.29933,-4.67194,3094,VII/VI,"Pozo mal abandonado, suelos contaminados con efluente o derrame",2015,Medio,Medio,Medio,Intercuenca 1391,Región Hidrografica del Pacífico,Piura,Talara,La Brea,017-2016-OEFA/DE
-80.66065,-3.67663,3157,XX (ex Lote XIV),Instalaciones mal abandonadas,2013,Bajo,Bajo,Bajo,Intercuenca 13939,Región Hidrografica del Pacífico,Tumbes,Contralmirante Villar,Zorritos,"225-2015-OEFA/DE, 53-2020-OEFA/DEAM"
-81.22896,-4.51999,3158,VII/VI,Pozo mal abandonado,2013,Bajo,Bajo,Bajo,Cuenca Pariñas,Región Hidrografica del Pacífico,Piura,Talara,Pariñas,225-2015-OEFA/DE
-81.21615,-4.52315,3159,VII/VI,"Pozo mal abandonado, suelos contaminados con efluente o derrame",2013,Medio,Medio,Medio,Cuenca Pariñas,Región Hidrografica del Pacífico,Piura,Talara,Pariñas,225-2015-OEFA/DE
-81.30986,-4.66828,3160,VII/VI,"Pozo mal abandonado, que presenta emisiones gaseosas fugitivas",2015,Medio,Alto,Medio,Intercuenca 1391,Región Hidrografica del Pacífico,Piura,Talara,La Brea,Oficio circular N° 004-2015-OEFA/DE
-81.24589,-4.30062,3234,X,Pozo mal abandonado,2016,Bajo,Bajo,Bajo,Intercuenca 13931,Región Hidrografica del Pacífico,Piura,Talara,EL Alto,Oficio N° 355-2016-OEFA/DE
-81.20787,-4.2462,3235,X,Pozo mal abandonado,2016,Bajo,Bajo,Bajo,Intercuenca 13931,Región Hidrografica del Pacífico,Piura,Talara,EL Alto,Oficio N° 355-2016-OEFA/DE
-81.20661,-4.37944,3236,X,Pozo mal abandonado,2016,Bajo,Bajo,Bajo,Cuenca Pariñas,Región Hidrografica del Pacífico,Piura,Talara,Lobitos,Oficio N° 355-2016-OEFA/DE
-81.1977,-4.3716,3237,X,Pozo mal abandonado,2016,Bajo,Bajo,Bajo,Cuenca Pariñas,Región Hidrografica del Pacífico,Piura,Talara,Lobitos,Oficio N° 355-2016-OEFA/DE
-81.30731,-4.67226,3031,VII/VI,"Pozo mal abandonado, que presenta emisiones gaseosas fugitivas y  suelo contaminado en el área circundante al mismo",2016,Alto,Alto,Medio,Intercuenca 1391,Región Hidrografica del Pacífico,Piura,Talara,La Brea,Oficio circular N° 030-2016-OEFA/DE
-81.2233,-4.51178,3032,VII/VI,"Pozo mal abandonado, que presenta emisiones gaseosas fugitivas y  suelo contaminado en el área circundante al mismo",2016,Medio,Alto,Medio,Cuenca Pariñas,Región Hidrografica del Pacífico,Piura,Talara,Pariñas,Oficio circular N° 030-2016-OEFA/DE
-81.30302,-4.67074,3033,VII/VI,"Pozo mal abandonado, que presenta emisiones gaseosas fugitivas y  suelo contaminado en el área circundante al mismo",2016,ALTO,Alto,Medio,Intercuenca 1391,Región Hidrografica del Pacífico,Piura,Talara,La Brea,Oficio circular N° 030-2016-OEFA/DE
-81.29938,-4.6752,3095,VII/VI,"Pozo mal abandonado, suelos contaminados con efluente o derrame",2015,Medio,Medio,Medio,Intercuenca 1391,Región Hidrografica del Pacífico,Piura,Talara,La Brea,017-2016-OEFA/DE
-81.2838,-4.64831,3096,VII/VI,"Pozo mal abandonado, suelos contaminados con efluente o derrame, emisiones",2015,Medio,Medio,Medio,Intercuenca 1391,Región Hidrografica del Pacífico,Piura,Talara,La Brea,017-2016-OEFA/DE
-81.28871,-4.64343,3097,VII/VI,Pozo mal abandonado,2015,Bajo,Bajo,Bajo,Intercuenca 1391,Región Hidrografica del Pacífico,Piura,Talara,La Brea,017-2016-OEFA/DE
-81.30913,-4.67162,3098,VII/VI,"Pozo mal abandonado, suelos contaminados con efluente o derrame",2015,Medio,Medio,Medio,Intercuenca 1391,Región Hidrografica del Pacífico,Piura,Talara,La Brea,017-2016-OEFA/DE
-81.30561,-4.66798,3161,VII/VI,"Pozo mal abandonado, que presenta emisiones gaseosas fugitivas",2014,Medio,Alto,Medio,Intercuenca 1391,Región Hidrografica del Pacífico,Piura,Talara,La Brea,Oficio circular N° 004-2015-OEFA/DE
-81.27086,-4.59999,3162,I,"Pozo mal abandonado, que presenta emisiones gaseosas fugitivas",2014,Medio,Alto,Medio,Intercuenca 1391,Región Hidrografica del Pacífico,Piura,Talara,Pariñas,Oficio circular N° 004-2015-OEFA/DE
-81.23352,-4.59815,3163,I,Pozo mal abandonado,2014,Bajo,Bajo,Bajo,Intercuenca 1391,Región Hidrografica del Pacífico,Piura,Talara,Pariñas,210-2015-OEFA/DE
-81.22879,-4.59698,3164,I,"Pozo mal abandonado, suelos contaminados con efluente o derrame, restos o depósitos de residuos",2014,Medio,Medio,Medio,Intercuenca 1391,Región Hidrografica del Pacífico,Piura,Talara,Pariñas,210-2015-OEFA/DE
-81.12816,-4.27258,3225,X,Pozo mal abandonado,2016,Medio,Medio,Medio,Cuenca Pariñas,Región Hidrografica del Pacífico,Piura,Talara,El Alto,Oficio N° 356-2016-OEFA/DE
-81.11205,-4.27554,3226,X,Pozo mal abandonado,2016,Medio,Medio,Medio,Cuenca Pariñas,Región Hidrografica del Pacífico,Piura,Talara,El Alto,Oficio N° 356-2016-OEFA/DE
-81.20565,-4.27569,3227,X,Pozo mal abandonado,2014,Bajo,Bajo,Bajo,Intercuenca 13931,Región Hidrografica del Pacífico,Piura,Talara,El Alto,124-2016-OEFA/DE
-81.14635,-4.2604,3228,X,Pozo mal abandonado,2016,Medio,Medio,Medio,Cuenca Pariñas,Región Hidrografica del Pacífico,Piura,Talara,El Alto,Oficio N° 356-2016-OEFA/DE
-81.30486,-4.67081,3034,VII/VI,"Pozo mal abandonado, que presenta emisiones gaseosas fugitivas y  suelo contaminado en el área circundante al mismo",2016,Medio,Alto,Medio,Intercuenca 1391,Región Hidrografica del Pacífico,Piura,Talara,La Brea,Oficio circular N° 030-2016-OEFA/DE
-81.30321,-4.67175,3035,VII/VI,"Pozo mal abandonado, que presenta suelo contaminado adyacente y emisiones gaseosas fugitivas",2016,ALTO,Alto,Medio,Intercuenca 1391,Región Hidrografica del Pacífico,Piura,Talara,La Brea,Oficio circular N° 030-2016-OEFA/DE
-81.27833,-4.64525,3036,VII/VI,"Pozo mal abandonado, que presenta emisiones gaseosas fugitivas y  suelo contaminado en el área circundante al mismo",2015,Medio,Alto,Medio,Intercuenca 1391,Región Hidrografica del Pacífico,Piura,Talara,La Brea,Oficio circular N° 009-2015-OEFA/DE
-81.30873,-4.67546,3099,VII/VI,"Pozo mal abandonado, suelos contaminados con efluente o derrame",2015,Medio,Medio,Medio,Intercuenca 1391,Región Hidrografica del Pacífico,Piura,Talara,La Brea,017-2016-OEFA/DE
-81.31007,-4.67533,3100,VII/VI,"Pozo mal abandonado, suelos contaminados con efluente o derrame",2015,Medio,Medio,Medio,Intercuenca 1391,Región Hidrografica del Pacífico,Piura,Talara,La Brea,017-2016-OEFA/DE
-81.29095,-4.6805,3101,VII/VI,"Pozo mal abandonado, emisiones",2015,Bajo,Medio,Bajo,Intercuenca 1391,Región Hidrografica del Pacífico,Piura,Talara,La Brea,017-2016-OEFA/DE
-81.12395,-4.4693,3102,IV,"Pozo mal abandonado, suelos contaminados con efluente o derrame",2014,Medio,Medio,Medio,Cuenca Pariñas,Región Hidrografica del Pacífico,Piura,Talara,Pariñas,199-2016-OEFA/DE
-81.21436,-4.5939,3166,I,"Pozo mal abandonado, suelos contaminados con efluente o derrame",2014,Medio,Medio,Medio,Intercuenca 1391,Región Hidrografica del Pacífico,Piura,Talara,Pariñas,210-2015-OEFA/DE
-81.23479,-4.61587,3167,I,Pozo mal abandonado,2014,Bajo,Bajo,Bajo,Intercuenca 1391,Región Hidrografica del Pacífico,Piura,Talara,La Brea,210-2015-OEFA/DE
-81.27078,-4.60899,3168,I,Pozo mal abandonado,2014,Bajo,Bajo,Bajo,Intercuenca 1391,Región Hidrografica del Pacífico,Piura,Talara,Pariñas,210-2015-OEFA/DE
-81.27663,-4.60364,3169,I,Pozo mal abandonado,2014,Bajo,Bajo,Bajo,Intercuenca 1391,Región Hidrografica del Pacífico,Piura,Talara,Pariñas,210-2015-OEFA/DE
-81.11656,-4.30112,3229,X,"Pozo mal abandonado, suelos contaminados con efluente o derrame",2016,Medio,Medio,Medio,Cuenca Pariñas,Región Hidrografica del Pacífico,Piura,Talara,EL Alto,Oficio N° 355-2016-OEFA/DE
-81.13483,-4.31321,3230,X,Pozo mal abandonado,2016,Bajo,Bajo,Bajo,Cuenca Pariñas,Región Hidrografica del Pacífico,Piura,Talara,EL Alto,Oficio N° 355-2016-OEFA/DE
-81.24343,-4.27105,3231,X,Pozo mal abandonado,2016,Bajo,Bajo,Bajo,Intercuenca 13931,Región Hidrografica del Pacífico,Piura,Talara,EL Alto,Oficio N° 355-2016-OEFA/DE
-81.25334,-4.28326,3233,X,Pozo mal abandonado,2016,Bajo,Bajo,Bajo,Intercuenca 13931,Región Hidrografica del Pacífico,Piura,Talara,EL Alto,Oficio N° 355-2016-OEFA/DE
-81.2349,-4.62114,3037,VII/VI,"Pozo mal abandonado, que presenta emisiones gaseosas fugitivas y  suelo contaminado en el área circundante al mismo",2015,Medio,Alto,Medio,Intercuenca 1391,Región Hidrografica del Pacífico,Piura,Talara,La Brea,Oficio circular N° 009-2015-OEFA/DE
-81.23593,-4.6224,3038,VII/VI,"Pozo mal abandonado, que presenta emisiones gaseosas fugitivas y  suelo contaminado en el área circundante al mismo",2015,Medio,Alto,Alto,Intercuenca 1391,Región Hidrografica del Pacífico,Piura,Talara,La Brea,Oficio circular N° 009-2015-OEFA/DE
-81.23628,-4.62486,3039,VII/VI,"Pozo mal abandonado, que presenta suelo contaminado en el área circundante al mismo y emisiones gaseosas fugitivas",2015,Medio,Alto,Alto,Intercuenca 1391,Región Hidrografica del Pacífico,Piura,Talara,La Brea,Oficio circular N° 009-2015-OEFA/DE
-81.26153,-4.68804,3103,VII/VI,Pozo mal abandonado,2015,Bajo,Bajo,Bajo,Intercuenca 1391,Región Hidrografica del Pacífico,Piura,Talara,La Brea,017-2016-OEFA/DE
-81.24628,-4.62788,3104,VII/VI,"Pozo mal abandonado, suelos contaminados con efluente o derrame, emisiones",2015,Medio,Medio,Medio,Intercuenca 1391,Región Hidrografica del Pacífico,Piura,Talara,La Brea,017-2016-OEFA/DE
-81.24567,-4.62647,3105,VII/VI,Pozo mal abandonado,2015,Bajo,Bajo,Bajo,Intercuenca 1391,Región Hidrografica del Pacífico,Piura,Talara,La Brea,017-2016-OEFA/DE
-81.24362,-4.6248,3106,VII/VI,"Pozo mal abandonado, emisiones",2015,Medio,Medio,Medio,Intercuenca 1391,Región Hidrografica del Pacífico,Piura,Talara,La Brea,017-2016-OEFA/DE
-81.28048,-4.63643,3170,I,Pozo mal abandonado,2014,Bajo,Bajo,Bajo,Intercuenca 1391,Región Hidrografica del Pacífico,Piura,Talara,La Brea,210-2015-OEFA/DE
-81.31866,-4.68172,3171,VII/VI,"Pozo mal abandonado, que presenta emisiones gaseosas al ambiente y afloramiento de fluidos con hidrocarburos, además presenta suelo contaminado alrededor del pozo",2013,Medio,Medio,Alto,Intercuenca 1391,Región Hidrografica del Pacífico,Piura,Talara,La Brea,Oficio circular N° 026-2016-OEFA/DE
-81.1912,-4.65171,3172,VII/VI,Pozo mal abandonado,2014,Bajo,Bajo,Bajo,Intercuenca 1391,Región Hidrografica del Pacífico,Piura,Talara,La Brea,210-2015-OEFA/DE
-81.23009,-4.63485,3173,VII/VI,"Pozo mal abandonado, emisiones",2014,Bajo,Medio,Bajo,Intercuenca 1391,Región Hidrografica del Pacífico,Piura,Talara,La Brea,210-2015-OEFA/DE
-81.14715,-4.38862,3238,X,Pozo mal abandonado,2016,Bajo,Bajo,Bajo,Cuenca Pariñas,Región Hidrografica del Pacífico,Piura,Talara,Lobitos,Oficio N° 355-2016-OEFA/DE
-81.17007,-4.34687,3239,X,Pozo mal abandonado,2016,Bajo,Bajo,Bajo,Cuenca Pariñas,Región Hidrografica del Pacífico,Piura,Talara,Lobitos,Oficio N° 355-2016-OEFA/DE
-81.13682,-4.189,3240,X,Pozo mal abandonado,2016,Bajo,Bajo,Bajo,Intercuenca 13931,Región Hidrografica del Pacífico,Piura,Talara,Los Órganos,Oficio N° 355-2016-OEFA/DE
-81.09742,-4.17317,3243,V,Pozo mal abandonado,2014,Bajo,Bajo,Bajo,Intercuenca 13931,Región Hidrografica del Pacífico,Piura,Talara,Los Órganos,124-2016-OEFA/DE
-81.29499,-4.64519,3040,VII/VI,"Pozo mal abandonado, que presenta emisiones gaseosas fugitivas y  suelo contaminado en el área circundante al mismo",2015,ALTO,Alto,Medio,Intercuenca 1391,Región Hidrografica del Pacífico,Piura,Talara,La Brea,Oficio circular N° 009-2015-OEFA/DE
-81.29728,-4.66609,3041,VII/VI,"Pozo mal abandonado,  presenta emisiones gaseosas fugitivas",2015,Bajo,Alto,Bajo,Intercuenca 1391,Región Hidrografica del Pacífico,Piura,Talara,La Brea,Oficio circular N° 009-2015-OEFA/DE
-81.27236,-4.45446,3042,VII/VI,"Pozo mal abandonado, que presenta emisiones gaseosas fugitivas y  suelo contaminado en el área circundante al mismo",2015,Medio,Alto,Medio,Intercuenca 13931,Región Hidrografica del Pacífico,Piura,Talara,Lobitos,Oficio circular N° 009-2015-OEFA/DE
-81.28135,-4.64438,3107,VII/VI,Pozo mal abandonado,2015,Bajo,Bajo,Bajo,Intercuenca 1391,Región Hidrografica del Pacífico,Piura,Talara,La Brea,017-2016-OEFA/DE
-81.20764,-4.64929,3109,VII/VI,"Pozo mal abandonado, suelos contaminados con efluente o derrame",2015,Medio,Medio,Medio,Intercuenca 1391,Región Hidrografica del Pacífico,Piura,Talara,La Brea,017-2016-OEFA/DE
-81.2308,-4.63076,3110,VII/VI,"Pozo mal abandonado, emisiones",2015,Bajo,Medio,Bajo,Intercuenca 1391,Región Hidrografica del Pacífico,Piura,Talara,La Brea,017-2016-OEFA/DE
-81.32558,-4.67153,3111,VII/VI,"Pozo mal abandonado, suelos contaminados con efluente o derrame, emisiones",2015,Medio,Medio,Medio,Intercuenca 1391,Región Hidrografica del Pacífico,Piura,Talara,La Brea,017-2016-OEFA/DE
-81.13012,-4.66122,3175,III,"Pozo mal abandonado, suelos contaminados con efluente o derrame, restos o depósitos de residuos",2014,Medio,Medio,Medio,Intercuenca 1391,Región Hidrografica del Pacífico,Piura,Talara,La Brea,165-2016-OEFA/DE
-81.23006,-4.50847,3176,VII/VI,"Pozo mal abandonado, suelos contaminados con efluente o derrame",2014,Medio,Medio,Medio,Cuenca Pariñas,Región Hidrografica del Pacífico,Piura,Talara,Pariñas,210-2015-OEFA/DE
-80.66036,-3.6765,3177,XX (ex Lote XIV),Pozo mal abandonado,2013,Bajo,Bajo,Bajo,Intercuenca 13939,Región Hidrografica del Pacífico,Tumbes,Contralmirante Villar,Zorritos,210-2015-OEFA/DE
-81.26334,-4.6958,3178,VII/VI,"Pozo mal abandonado, suelos contaminados con efluente o derrame",2013,Medio,Medio,Medio,Intercuenca 1391,Región Hidrografica del Pacífico,Piura,Talara,La Brea,210-2015-OEFA/DE
-81.33131,-4.39817,2982,Z2B,Pozo petrolero mal abandonado,2021,Bajo,Bajo,Bajo,,,Piura,Talara,Lobitos,Oficio Nº00162-2023-OEFA/DEAM
-81.15807,-4.87886,2984,III,Pozo mal abandonado y emisiones gaseosas fugitivas provenientes del mismo,2017,Medio,Medio,Medio,Intercuenca 1391,Región Hidrografica del Pacífico,Piura,Paita,Vichayal, 282-2018-OEFA/DEAM
-80.64628,-3.66663,2985,XX (ex Lote XIV),Pozo mal abandonado con presencia de emisiones gaseosas fugitivas (burbujeo),2019,Medio,Medio,Medio,Intercuenca 13939,Región Hidrografica del Pacífico,Tumbes,Contralmirante Villar,Zorritos, 00022-2019-OEFA/DEAM
-81.32897,-4.72657,2986,Z-2B,Pozo mal abandonado,2023,Bajo,Bajo,Bajo,,,Piura,Talara,La Brea,OFICIO N° 00087-2023-OEFA/DEAM
-81.27398,-4.4545,3043,VII/VI,"Pozo mal abandonado, que presenta emisiones gaseosas fugitivas",2015,Medio,Alto,Bajo,Intercuenca 13931,Región Hidrografica del Pacífico,Piura,Talara,Lobitos,Oficio circular N° 009-2015-OEFA/DE
-81.30904,-4.67407,3044,VII/VI,"Pozo mal abandonado, que presenta emisiones gaseosas fugitivas",2015,Medio,Alto,Medio,Intercuenca 1391,Región Hidrografica del Pacífico,Piura,Talara,La Brea,Oficio circular N° 009-2015-OEFA/DE
-81.30915,-4.65996,3045,VII/VI,"Pozo mal abandonado, el cual presenta emisiones gaseosas fugitivas",2013,Medio,Alto,Medio,Intercuenca 1391,Región Hidrografica del Pacífico,Piura,Talara,La Brea,Oficio circular N° 009-2015-OEFA/DE
-81.3089,-4.66844,3046,VII/VI,Suelos contaminados con efluente o derrame,2015,Medio,Medio,Medio,Intercuenca 1391,Región Hidrografica del Pacífico,Piura,Talara,La Brea,017-2016-OEFA/DE
-81.24145,-4.61225,3112,VII/VI,Pozo mal abandonado,2015,Bajo,Bajo,Bajo,Intercuenca 1391,Región Hidrografica del Pacífico,Piura,Talara,La Brea,017-2016-OEFA/DE
-81.24302,-4.61619,3113,VII/VI,"Pozo mal abandonado, suelos contaminados con efluente o derrame",2015,Medio,Medio,Medio,Intercuenca 1391,Región Hidrografica del Pacífico,Piura,Talara,La Brea,017-2016-OEFA/DE
-81.27614,-4.44895,3114,VII/VI,Suelos contaminados con efluente o derrame,2015,Medio,Medio,Medio,Intercuenca 13931,Región Hidrografica del Pacífico,Piura,Talara,Lobitos,017-2016-OEFA/DE
-81.31219,-4.67866,3115,VII/VI,Pozo mal abandonado,2015,Bajo,Bajo,Bajo,Intercuenca 1391,Región Hidrografica del Pacífico,Piura,Talara,La Brea,017-2016-OEFA/DE
-81.22142,-4.66607,3179,VII/VI,"Pozo mal abandonado, suelos contaminados con efluente o derrame, emisiones",2014,Medio,Medio,Medio,Intercuenca 1391,Región Hidrografica del Pacífico,Piura,Talara,La Brea,210-2015-OEFA/DE
-81.13811,-4.18725,3180,X,Pozo mal abandonado,2014,Bajo,Bajo,Bajo,Intercuenca 13931,Región Hidrografica del Pacífico,Piura,Talara,Los Órganos,165-2016-OEFA/DE
-81.13639,-4.20024,3181,X,Suelos contaminados con efluente o derrame,2014,Medio,Medio,medio,Intercuenca 13931,Región Hidrografica del Pacífico,Piura,Talara,Los Órganos,165-2016-OEFA/DE
-81.19028,-4.65712,3182,VII/VI,"Pozo mal abandonado, emisiones",2015,Bajo,Medio,Bajo,Intercuenca 1391,Región Hidrografica del Pacífico,Piura,Talara,La Brea,210-2015-OEFA/DE
-81.16827,-4.2646,2987,X,"Pozo mal abandonado, suelo contaminado en el área circundante al mismo y emisiones gaseosas fugitivas provenientes del pozo",2017,Medio,Medio,Medio,Cuenca Pariñas,Región Hidrografica del Pacífico,Piura,Talara,El Alto,Oficio N° 282-2018-OEFA/DEAM
-81.17044,-4.26727,2988,X,Pozo mal abandonado,2017,Bajo,Bajo,Bajo,Cuenca Pariñas,Región Hidrografica del Pacífico,Piura,Talara,El Alto,Oficio N° 282-2018-OEFA/DEAM
-81.17924,-4.27223,2989,X,Pozo mal abandonado,2017,Bajo,Bajo,Bajo,Cuenca Pariñas,Región Hidrografica del Pacífico,Piura,Talara,El Alto,Oficio N° 282-2018-OEFA/DEAM
-81.18131,-4.27628,2990,X,Suelo contaminado en el área circundante al pozo A_596 con adecuado abandono permanente,2017,Medio,Medio,Medio,Cuenca Pariñas,Región Hidrografica del Pacífico,Piura,Talara,El Alto,Oficio N° 282-2018-OEFA/DEAM
-81.20391,-4.27125,3047,X,"Pozo mal abandonado, suelos contaminados con efluente o derrame",2015,Medio,Medio,Medio,Intercuenca 13931,Región Hidrografica del Pacífico,Piura,Talara,El Alto,017-2016-OEFA/DE
-81.17934,-4.66448,3048,VII/VI,"Pozo mal abandonado, suelos contaminados con efluente o derrame",2015,Medio,Medio,Medio,Intercuenca 1391,Región Hidrografica del Pacífico,Piura,Talara,La Brea,017-2016-OEFA/DE
-81.24674,-4.71943,3049,VII/VI,Pozo mal abandonado,2015,Bajo,Bajo,Bajo,Intercuenca 1391,Región Hidrografica del Pacífico,Piura,Talara,La Brea,017-2016-OEFA/DE
-81.24679,-4.69139,3050,VII/VI,"Pozo mal abandonado, suelos contaminados con efluente o derrame, emisiones",2015,Medio,Medio,Medio,Intercuenca 1391,Región Hidrografica del Pacífico,Piura,Talara,La Brea,017-2016-OEFA/DE
-81.19293,-4.64606,3116,VII/VI,"Pozo mal abandonado, suelos contaminados con efluente o derrame, emisiones",2015,Medio,Medio,Medio,Intercuenca 1391,Región Hidrografica del Pacífico,Piura,Talara,La Brea,017-2016-OEFA/DE
-81.21371,-4.46952,3117,VII/VI,Pozo mal abandonado,2015,Bajo,Bajo,Bajo,Cuenca Pariñas,Región Hidrografica del Pacífico,Piura,Talara,Pariñas,017-2016-OEFA/DE
-81.20555,-4.27829,3118,X,Pozo mal abandonado y suelo contaminado en el área circundante al mismo,2014,Medio,Medio,Medio,Intercuenca 13931,Región Hidrografica del Pacífico,Piura,Talara,El Alto,199-2016-OEFA/DE
-81.3096,-4.66119,3119,VII/VI,Instalaciones mal abandonadas,2013,Bajo,Bajo,Bajo,Intercuenca 1391,Región Hidrografica del Pacífico,Piura,Talara,La Brea,199-2016-OEFA/DE
-81.22199,-4.67709,3183,VII/VI,"Pozo mal abandonado, suelos contaminados con efluente o derrame, emisiones",2015,Medio,Medio,Medio,Intercuenca 1391,Región Hidrografica del Pacífico,Piura,Talara,La Brea,210-2015-OEFA/DE
-81.26147,-4.47381,3184,VII/VI,Pozo mal abandonado,2015,Bajo,Bajo,Bajo,Cuenca Pariñas,Región Hidrografica del Pacífico,Piura,Talara,Lobitos,210-2015-OEFA/DE
-81.27227,-4.46348,3185,VII/VI,"Pozo mal abandonado, suelos contaminados con efluente o derrame",2015,Medio,Medio,Medio,Intercuenca 13931,Región Hidrografica del Pacífico,Piura,Talara,Lobitos,210-2015-OEFA/DE
-81.11301,-4.27973,3186,X,Suelos contaminados con efluente o derrame,2014,Medio,Medio,Medio,Cuenca Pariñas,Región Hidrografica del Pacífico,Piura,Talara,El Alto,165-2016-OEFA/DE
-81.17805,-4.27713,2991,X,Pozo mal abandonado,2017,Bajo,Bajo,Bajo,Cuenca Pariñas,Región Hidrografica del Pacífico,Piura,Talara,El Alto,Oficio N° 282-2018-OEFA/DEAM
-81.19525,-4.28423,2992,X,Pozo mal abandonado,2017,Bajo,Bajo,Bajo,Intercuenca 13931,Región Hidrografica del Pacífico,Piura,Talara,El Alto,Oficio N° 282-2018-OEFA/DEAM
-81.19424,-4.2832,2993,X,Pozo mal abandonado,2017,Bajo,Bajo,Bajo,Intercuenca 13931,Región Hidrografica del Pacífico,Piura,Talara,El Alto,Oficio N° 282-2018-OEFA/DEAM
-81.1963,-4.28486,2994,X,Suelo contaminado en el área circundante al pozo A_441 con adecuado abandono permanente,2017,Medio,Medio,Medio,Intercuenca 13931,Región Hidrografica del Pacífico,Piura,Talara,El Alto,Oficio N° 282-2018-OEFA/DEAM
-81.24798,-4.6917,3051,VII/VI,"Pozo mal abandonado, suelos contaminados con efluente o derrame, emisiones",2015,Medio,Medio,Medio,Intercuenca 1391,Región Hidrografica del Pacífico,Piura,Talara,La Brea,017-2016-OEFA/DE
-81.25022,-4.69621,3052,VII/VI,"Pozo mal abandonado, suelos contaminados con efluente o derrame",2015,Medio,Medio,Medio,Intercuenca 1391,Región Hidrografica del Pacífico,Piura,Talara,La Brea,017-2016-OEFA/DE
-81.25629,-4.69332,3053,VII/VI,Pozo mal abandonado,2015,Bajo,Bajo,Bajo,Intercuenca 1391,Región Hidrografica del Pacífico,Piura,Talara,La Brea,017-2016-OEFA/DE
-81.23802,-4.66605,3054,VII/VI,"Pozo mal abandonado, suelos contaminados con efluente o derrame, emisiones",2015,Medio,Medio,Medio,Intercuenca 1391,Región Hidrografica del Pacífico,Piura,Talara,La Brea,017-2016-OEFA/DE
-80.64721,-3.66736,3120,XX (ex Lote XIV),Pozo mal abandonado,2013,Bajo,Bajo,Bajo,Intercuenca 13939,Región Hidrografica del Pacífico,Tumbes,Contralmirante Villar,Zorritos,199-2016-OEFA/DE
-81.27442,-4.68925,3121,VII/VI,"Pozo mal abandonado, suelos contaminados con efluente o derrame",2014,Medio,Medio,Medio,Intercuenca 1391,Región Hidrografica del Pacífico,Piura,Talara,La Brea,246-2015-OEFA/DE
-81.17677,-4.66019,3122,VII/VI,"Pozo mal abandonado, suelos contaminados con efluente o derrame",2014,Medio,Medio,Medio,Intercuenca 1391,Región Hidrografica del Pacífico,Piura,Talara,La Brea,246-2015-OEFA/DE
-81.19612,-4.47557,3123,IV,"Suelos contaminados con efluente o derrame, restos o depósitos de residuos",2014,Medio,Medio,Medio,Cuenca Pariñas,Región Hidrografica del Pacífico,Piura,Talara,Pariñas,246-2015-OEFA/DE
-81.2238,-4.61238,3187,I,Pozo mal abandonado,2014,Bajo,Bajo,Bajo,Intercuenca 1391,Región Hidrografica del Pacífico,Piura,Talara,La Brea,165-2016-OEFA/DE
-80.66897,-3.67967,3188,XX (ex Lote XIV),"Pozo mal abandonado, restos o depósitos de residuos",2013,Bajo,Bajo,Bajo,Intercuenca 13939,Región Hidrografica del Pacífico,Tumbes,Contralmirante Villar,Zorritos,165-2016-OEFA/DE
-81.30916,-4.66198,3189,VII/VI,"Pozo mal abandonado, las emisiones gaseosas fugitivas provenientes del mismo y el suelo contaminado en el área circundante al pozo",2013,Alto,Alto,Alto,Intercuenca 1391,Región Hidrografica del Pacífico,Piura,Talara,La Brea,165-2016-OEFA/DE
-81.26113,-4.44387,3190,VII/VI,"Pozo mal abandonado, suelos contaminados con efluente o derrame",2015,Medio,Medio,Medio,Intercuenca 13931,Región Hidrografica del Pacífico,Piura,Talara,Lobitos,161-2015-OEFA/DE
-81.27596,-4.58983,2995,I,"Pozo mal abandonado, restos o depósitos de residuos",2014,Bajo,Bajo,Bajo,Intercuenca 1391,Región Hidrografica del Pacífico,Piura,Talara,Pariñas,233-2014-OEFA/DE
-81.28066,-4.46206,2996,VII/VI,"Pozo mal abandonado, que presenta suelo contaminado en el área circundante al mismo",2014,Alto,Medio,Medio,Intercuenca 13931,Región Hidrografica del Pacífico,Piura,Talara,Lobitos,Oficio circular 052-2016-OEFA-DE
-81.23091,-4.66666,2997,VII/VI,"Instalaciones mal abandonadas, restos o depósitos de residuos",2013,Bajo,Bajo,Bajo,Intercuenca 1391,Región Hidrografica del Pacífico,Piura,Talara,La Brea,161-2015-OEFA/DE
-81.1543,-4.22222,2998,X,"Pozo mal abandonado, emisiones",2016,Bajo,Medio,Bajo,Intercuenca 13931,Región Hidrografica del Pacífico,Piura,Talara,Los Órganos,334-2016-OEFA/DE
-81.21868,-4.67663,3055,VII/VI,"Pozo mal abandonado, suelos contaminados con efluente o derrame, emisiones",2015,Medio,Medio,Medio,Intercuenca 1391,Región Hidrografica del Pacífico,Piura,Talara,La Brea,017-2016-OEFA/DE
-81.26771,-4.70064,3056,VII/VI,"Pozo mal abandonado, suelos contaminados con efluente o derrame, emisiones",2015,Medio,Medio,Medio,Intercuenca 1391,Región Hidrografica del Pacífico,Piura,Talara,La Brea,017-2016-OEFA/DE
-81.23896,-4.6147,3057,VII/VI,"Pozo mal abandonado, suelos contaminados con efluente o derrame",2015,Medio,Medio,Medio,Intercuenca 1391,Región Hidrografica del Pacífico,Piura,Talara,La Brea,017-2016-OEFA/DE
-81.23022,-4.62644,3058,VII/VI,"Pozo mal abandonado, emisiones",2015,Medio,Medio,Medio,Intercuenca 1391,Región Hidrografica del Pacífico,Piura,Talara,La Brea,017-2016-OEFA/DE
-81.14825,-4.45553,3124,IV,"Pozo mal abandonado, suelos contaminados con efluente o derrame, restos o depósitos de residuos",2014,Medio,Medio,Medio,Cuenca Pariñas,Región Hidrografica del Pacífico,Piura,Talara,Pariñas,246-2015-OEFA/DE
-81.11256,-4.28222,3125,X,"Suelos contaminados con efluente o derrame, restos o depósitos de residuos",2014,Medio,Medio,Medio,Cuenca Pariñas,Región Hidrografica del Pacífico,Piura,Talara,El Alto,246-2015-OEFA/DE
-81.20623,-4.28677,3126,X,"Pozo mal abandonado, suelos contaminados con efluente o derrame",2014,Medio,Medio,Medio,Intercuenca 13931,Región Hidrografica del Pacífico,Piura,Talara,El Alto,246-2015-OEFA/DE
-81.11371,-4.22022,3127,X,"Pozo mal abandonado, suelos contaminados con efluente o derrame",2014,Medio,Medio,Medio,Intercuenca 13931,Región Hidrografica del Pacífico,Piura,Talara,Los Órganos,246-2015-OEFA/DE
-80.66778,-3.67967,3193,XX (ex Lote XIV),Pozo mal abandonado,2013,Bajo,Bajo,Bajo,Intercuenca 13939,Región Hidrografica del Pacífico,Tumbes,Contralmirante Villar,Zorritos,161-2015-OEFA/DE
-80.97408,-4.01814,3194,XX (ex Lote XIV),Pozo mal abandonado,2013,Bajo,Bajo,Bajo,Intercuenca 13935,Región Hidrografica del Pacífico,Tumbes,Contralmirante Villar,Canoas de Punta Sal,161-2015-OEFA/DE
-81.1985,-4.65444,3195,VII/VI,Instalaciones mal abandonadas,2013,Bajo,Bajo,Bajo,Intercuenca 1391,Región Hidrografica del Pacífico,Piura,Talara,La Brea,161-2015-OEFA/DE
-81.30129,-4.67293,3196,VII/VI,"Pozo mal abandonado, suelos contaminados con efluente o derrame, emisiones",2015,Medio,Medio,Medio,Intercuenca 1391,Región Hidrografica del Pacífico,Piura,Talara,La Brea,161-2015-OEFA/DE
-81.15033,-4.20754,2999,X,Suelos contaminados con efluente o derrame,2016,Medio,Medio,Medio,Intercuenca 13931,Región Hidrografica del Pacífico,Piura,Talara,Los Órganos,334-2016-OEFA/DE
-81.15228,-4.22111,3000,X,"Pozo mal abandonado, suelos contaminados con efluente o derrame",2016,Medio,Medio,Medio,Intercuenca 13931,Región Hidrografica del Pacífico,Piura,Talara,Los Órganos,334-2016-OEFA/DE
-81.27117,-4.44909,3001,VII/VI,Pozo mal abandonado,2014,Bajo,Bajo,Bajo,Intercuenca 13931,Región Hidrografica del Pacífico,Piura,Talara,Lobitos,161-2015-OEFA/DE
-81.11455,-4.21623,3002,X,Suelos contaminados con efluente o derrame,2016,Bajo,Medio,Medio,Intercuenca 13931,Región Hidrografica del Pacífico,Piura,Talara,Los Órganos,334-2016-OEFA/DE
-81.24451,-4.62369,3059,VII/VI,Pozo mal abandonado,2015,Bajo,Bajo,Bajo,Intercuenca 1391,Región Hidrografica del Pacífico,Piura,Talara,La Brea,017-2016-OEFA/DE
-81.20383,-4.66878,3060,VII/VI,"Pozo mal abandonado, suelos contaminados con efluente o derrame, emisiones",2015,Medio,Medio,Medio,Intercuenca 1391,Región Hidrografica del Pacífico,Piura,Talara,La Brea,017-2016-OEFA/DE
-81.21586,-4.64638,3061,VII/VI,"Pozo mal abandonado, suelos contaminados con efluente o derrame, emisiones",2015,Medio,Medio,Medio,Intercuenca 1391,Región Hidrografica del Pacífico,Piura,Talara,La Brea,017-2016-OEFA/DE
-81.29031,-4.66694,3062,VII/VI,"Pozo mal abandonado, suelos contaminados con efluente o derrame",2015,Medio,Medio,Medio,Intercuenca 1391,Región Hidrografica del Pacífico,Piura,Talara,La Brea,017-2016-OEFA/DE
-81.13831,-4.19722,3128,X,"Suelos contaminados con efluente o derrame, restos o depósitos de residuos",2014,Medio,Medio,Medio,Intercuenca 13931,Región Hidrografica del Pacífico,Piura,Talara,Los Órganos,246-2015-OEFA/DE
-81.22786,-4.58232,3129,I,"Suelos contaminados con efluente o derrame, restos o depósitos de residuos",2014,Medio,Medio,Medio,Intercuenca 1391,Región Hidrografica del Pacífico,Piura,Talara,Pariñas,246-2015-OEFA/DE
-81.291,-4.63775,3130,I,"Pozo mal abandonado, suelos contaminados con efluente o derrame",2014,Medio,Medio,Medio,Intercuenca 1391,Región Hidrografica del Pacífico,Piura,Talara,La Brea,246-2015-OEFA/DE
-81.20601,-4.27265,3131,X,Suelos contaminados con efluente o derrame,2014,Medio,Medio,Medio,Intercuenca 13931,Región Hidrografica del Pacífico,Piura,Talara,El Alto,246-2015-OEFA/DE
-81.31606,-4.68228,3197,VII/VI,Suelo contaminado con hidrocarbuross de petróleo,2013,Medio,Medio,Alto,Intercuenca 1391,Región Hidrografica del Pacífico,Piura,Talara,La Brea,Oficio circular N° 023-2016-OEFA/DE
-81.24075,-4.29888,3198,X,Pozo mal abandonado,2016,Medio,Medio,Medio,Intercuenca 13931,Región Hidrografica del Pacífico,Piura,Talara,El Alto,Oficio N° 364-2016-OEFA/DE
-81.13255,-4.2898,3199,X,Pozo mal abandonado,2016,Bajo,Bajo,Bajo,Cuenca Pariñas,Región Hidrografica del Pacífico,Piura,Talara,EL Alto,Oficio N° 361-2016-OEFA/DE
-81.14625,-4.27736,3200,X,"Pozo mal abandonado, suelos contaminados con efluente o derrame, emisiones",2016,Medio,Medio,Medio,Cuenca Pariñas,Región Hidrografica del Pacífico,Piura,Talara,EL Alto,Oficio N° 361-2016-OEFA/DE
-81.11586,-4.35051,3003,II,Pozo mal abandonado,2014,Bajo,Bajo,Bajo,Cuenca Pariñas,Región Hidrografica del Pacífico,Piura,Talara,El Alto,161-2015-OEFA/DE
-81.14149,-4.21817,3004,X,Suelos contaminados con efluente o derrame,2016,Medio,Medio,Medio,Intercuenca 13931,Región Hidrografica del Pacífico,Piura,Talara,Los Órganos,334-2016-OEFA/DE
-81.10902,-4.21544,3005,X,Suelos contaminados con efluente o derrame,2016,Medio,Medio,Medio,Intercuenca 13931,Región Hidrografica del Pacífico,Piura,Talara,Los Órganos,334-2016-OEFA/DE
-81.12779,-4.19068,3006,X,Suelos contaminados con efluente o derrame,2016,Medio,Medio,Medio,Intercuenca 13931,Región Hidrografica del Pacífico,Piura,Talara,Los Órganos,334-2016-OEFA/DE
-81.29089,-4.66619,3063,VII/VI,"Pozo mal abandonado, suelos contaminados con efluente o derrame",2015,Medio,Medio,Medio,Intercuenca 1391,Región Hidrografica del Pacífico,Piura,Talara,La Brea,017-2016-OEFA/DE
-81.29342,-4.66802,3064,VII/VI,"Pozo mal abandonado, suelos contaminados con efluente o derrame, emisiones",2015,Medio,Medio,Medio,Intercuenca 1391,Región Hidrografica del Pacífico,Piura,Talara,La Brea,017-2016-OEFA/DE
-81.2871,-4.66945,3065,VII/VI,"Pozo mal abandonado, suelos contaminados con efluente o derrame, emisiones",2015,Medio,Medio,Medio,Intercuenca 1391,Región Hidrografica del Pacífico,Piura,Talara,La Brea,017-2016-OEFA/DE
-81.28418,-4.66147,3066,VII/VI,"Pozo mal abandonado, suelos contaminados con efluente o derrame",2015,Medio,Medio,Medio,Intercuenca 1391,Región Hidrografica del Pacífico,Piura,Talara,La Brea,017-2016-OEFA/DE
-81.11824,-4.26946,3132,X,Pozo mal abandonado,2014,Bajo,Bajo,Bajo,Cuenca Pariñas,Región Hidrografica del Pacífico,Piura,Talara,El Alto,246-2015-OEFA/DE
-81.17496,-4.29263,3133,X,Suelos contaminados con efluente o derrame,2014,Medio,Medio,Medio,Cuenca Pariñas,Región Hidrografica del Pacífico,Piura,Talara,El Alto,246-2015-OEFA/DE
-81.23518,-4.63425,3134,VII/VI,"Pozo mal abandonado, emisiones",2014,Medio,Medio,Medio,Intercuenca 1391,Región Hidrografica del Pacífico,Piura,Talara,La Brea,246-2015-OEFA/DE
-81.22396,-4.64873,3136,VII/VI,"Pozo mal abandonado, suelos contaminados con efluente o derrame, emisiones",2014,Medio,Medio,Medio,Intercuenca 1391,Región Hidrografica del Pacífico,Piura,Talara,La Brea,246-2015-OEFA/DE
-81.02554,-4.20329,3201,X,"Pozo mal abandonado, suelos contaminados con efluente o derrame",2016,Medio,Medio,Medio,Intercuenca 13931,Región Hidrografica del Pacífico,Piura,Talara,Los Órganos,Oficio N° 360-2016-OEFA/DE
-81.11617,-4.27584,3202,X,Suelos contaminados con efluente o derrame,2016,Medio,Medio,Medio,Cuenca Pariñas,Región Hidrografica del Pacífico,Piura,Talara,EL Alto,Oficio N° 360-2016-OEFA/DE
-81.14382,-4.28923,3203,X,Pozo mal abandonado,2016,Bajo,Bajo,Bajo,Cuenca Pariñas,Región Hidrografica del Pacífico,Piura,Talara,EL Alto,Oficio N° 360-2016-OEFA/DE
-81.20929,-4.66326,3204,VII/VI,"Pozo mal abandonado, suelos contaminados con efluente o derrame, emisiones",2015,Medio,Medio,Medio,Intercuenca 1391,Región Hidrografica del Pacífico,Piura,Talara,La Brea,124-2016-OEFA/DE
-81.13284,-4.19247,3007,X,Suelos contaminados con efluente o derrame,2016,Medio,Medio,Medio,Intercuenca 13931,Región Hidrografica del Pacífico,Piura,Talara,Los Órganos,334-2016-OEFA/DE
-81.13901,-4.20072,3008,X,Pozo mal abandonado,2016,Bajo,Bajo,Bajo,Intercuenca 13931,Región Hidrografica del Pacífico,Piura,Talara,Los Órganos,334-2016-OEFA/DE
-81.09489,-4.33099,3009,II,Pozo mal abandonado,2014,Bajo,Bajo,Bajo,Cuenca Pariñas,Región Hidrografica del Pacífico,Piura,Talara,El Alto,161-2015-OEFA/DE
-81.22626,-4.64135,3010,VII/VI,"Pozo mal abandonado, suelos contaminados con efluente o derrame",2013,Medio,Medio,Medio,Intercuenca 1391,Región Hidrografica del Pacífico,Piura,Talara,La Brea,161-2015-OEFA/DE
-81.28361,-4.64509,3067,VII/VI,Pozo mal abandonado,2015,Bajo,Bajo,Bajo,Intercuenca 1391,Región Hidrografica del Pacífico,Piura,Talara,La Brea,017-2016-OEFA/DE
-81.21229,-4.63873,3068,VII/VI,"Pozo mal abandonado, suelos contaminados con efluente o derrame, emisiones",2015,Medio,Medio,Medio,Intercuenca 1391,Región Hidrografica del Pacífico,Piura,Talara,La Brea,017-2016-OEFA/DE
-81.22257,-4.63117,3069,VII/VI,Pozo mal abandonado,2015,Bajo,Bajo,Bajo,Intercuenca 1391,Región Hidrografica del Pacífico,Piura,Talara,La Brea,017-2016-OEFA/DE
-81.21431,-4.6568,3070,VII/VI,"Pozo mal abandonado, suelos contaminados con efluente o derrame, emisiones",2015,Medio,Medio,Medio,Intercuenca 1391,Región Hidrografica del Pacífico,Piura,Talara,La Brea,017-2016-OEFA/DE
-81.26821,-4.69668,3137,VII/VI,"Pozo mal abandonado, suelos contaminados con efluente o derrame",2014,Medio,Medio,Medio,Intercuenca 1391,Región Hidrografica del Pacífico,Piura,Talara,La Brea,246-2015-OEFA/DE
-81.23155,-4.59613,3138,I,Pozo mal abandonado,2014,Bajo,Bajo,Bajo,Intercuenca 1391,Región Hidrografica del Pacífico,Piura,Talara,Pariñas,246-2015-OEFA/DE
-81.28838,-4.63178,3139,I,Pozo mal abandonado,2014,Bajo,Bajo,Bajo,Intercuenca 1391,Región Hidrografica del Pacífico,Piura,Talara,La Brea,246-2015-OEFA/DE
-81.28689,-4.60582,3140,I,"Pozo mal abandonado, emisiones",2014,Medio,Medio,Medio,Intercuenca 1391,Región Hidrografica del Pacífico,Piura,Talara,La Brea,246-2015-OEFA/DE
-81.19407,-4.25175,3205,X,"Pozo mal abandonado, emisiones",2016,Medio,Medio,Medio,Intercuenca 13931,Región Hidrografica del Pacífico,Piura,Talara,EL Alto,Oficio N° 360-2016-OEFA/DE
-81.2543,-4.29145,3206,X,"Pozo mal abandonado, suelos contaminados con efluente o derrame",2016,Medio,Medio,Medio,Intercuenca 13931,Región Hidrografica del Pacífico,Piura,Talara,EL Alto,Oficio N° 360-2016-OEFA/DE
-81.29373,-4.6479,3207,VII/VI,"Pozo mal abandonado, emisiones",2015,Medio,Medio,Medio,Intercuenca 1391,Región Hidrografica del Pacífico,Piura,Talara,La Brea,124-2016-OEFA/DE
-81.24283,-4.68717,3208,VII/VI,"Pozo mal abandonado, emisiones",2015,Bajo,Medio,Bajo,Intercuenca 1391,Región Hidrografica del Pacífico,Piura,Talara,La Brea,124-2016-OEFA/DE
-81.22805,-4.65503,3011,VII/VI,"Pozo mal abandonado, emisiones",2013,Medio,Medio,Medio,Intercuenca 1391,Región Hidrografica del Pacífico,Piura,Talara,La Brea,161-2015-OEFA/DE
-81.23905,-4.63093,3012,VII/VI,"Pozo mal abandonado, emisiones, restos o depósitos de residuos",2014,Bajo,Medio,Bajo,Intercuenca 1391,Región Hidrografica del Pacífico,Piura,Talara,La Brea,161-2015-OEFA/DE
-81.14105,-4.20126,3013,X,"Pozo mal abandonado, emisiones",2016,Bajo,Medio,Bajo,Intercuenca 13931,Región Hidrografica del Pacífico,Piura,Talara,Los Órganos,311-2016-OEFA/DE
-81.25635,-4.66918,3014,VII/VI,"Pozo mal abandonado, suelos contaminados con efluente o derrame",2014,Medio,Medio,Medio,Intercuenca 1391,Región Hidrografica del Pacífico,Piura,Talara,La Brea,161-2015-OEFA/DE
-81.20118,-4.64206,3071,VII/VI,Pozo mal abandonado,2015,Bajo,Bajo,Bajo,Intercuenca 1391,Región Hidrografica del Pacífico,Piura,Talara,La Brea,017-2016-OEFA/DE
-81.21615,-4.64021,3072,VII/VI,Pozo mal abandonado,2015,Bajo,Bajo,Bajo,Intercuenca 1391,Región Hidrografica del Pacífico,Piura,Talara,La Brea,017-2016-OEFA/DE
-81.1943,-4.66863,3073,VII/VI,"Pozo mal abandonado, emisiones",2015,Medio,Medio,Medio,Intercuenca 1391,Región Hidrografica del Pacífico,Piura,Talara,La Brea,017-2016-OEFA/DE
-81.22446,-4.63471,3074,VII/VI,Pozo mal abandonado,2015,Bajo,Bajo,Bajo,Intercuenca 1391,Región Hidrografica del Pacífico,Piura,Talara,La Brea,017-2016-OEFA/DE
