lon,lat,nombre,tipo,etnia,familia_ling,federacion,zona
-78.15324,-4.65676,Cayamas,Principal,Aguaruna (Awajun),Jíbaro,CAH,Marañón
-78.14516,-4.6356,Wawaim,Principal,Aguaruna (Awajun),Jíbaro,ODECOFROC,Marañón
-78.22576,-4.65436,Suwants,Principal,Aguaruna (Awajun),Jíbaro,ODECOFROC,Marañón
-78.22462,-4.64715,Mamayakim,Principal,Aguaruna (Awajun),Jíbaro,ODECOFROC,Marañón
-78.21574,-4.64153,Saasa,Anexo,Aguaruna (Awajun),Jíbaro,ODECOFROC,Marañón
-78.20124,-4.60612,Mamayaque,Principal,Aguaruna (Awajun),Jíbaro,ODECOFROC,Marañón
-78.20428,-4.59668,Shapijim,Principal,Aguaruna (Awajun),Jíbaro,ODECOFROC,Marañón
-78.31958,-4.62755,Shacham Entsa,Principal,Aguaruna (Awajun),Jíbaro,No Existe,Marañón
-78.26406,-4.59139,Bashuim Chinim,Principal,Aguaruna (Awajun),Jíbaro,No Existe,Marañón
-78.19533,-4.57821,Nuevo Tutino,Principal,Aguaruna (Awajun),Jíbaro,ODECOFROC,Marañón
-78.18901,-4.57249,Tuutin,Principal,Aguaruna (Awajun),Jíbaro,ODECOFROC,Marañón
-78.24531,-4.55782,Bashuin,Principal,Aguaruna (Awajun),Jíbaro,ODECOFROC,Marañón
-78.31212,-4.56308,Tsawantus,Anexo,Aguaruna (Awajun),Jíbaro,ODECOFROC,Marañón
-78.27861,-4.54448,Paantan Entsa,Principal,Aguaruna (Awajun),Jíbaro,ODECOFROC,Marañón
-78.17937,-4.53884,Pagki,Principal,Aguaruna (Awajun),Jíbaro,ODECOFROC,Marañón
-78.17429,-4.52441,Nuevo Kanam,Anexo,Aguaruna (Awajun),Jíbaro,ODECOFROC,Marañón
-78.16882,-4.51279,Sua San Antonio,Anexo,Aguaruna (Awajun),Jíbaro,ODECOFROC,Marañón
-78.15338,-4.49437,Sua San Antonio,Principal,Aguaruna (Awajun),Jíbaro,ODECOFROC,Marañón
-78.15693,-4.47227,Aintam,Anexo,Aguaruna (Awajun),Jíbaro,ODECOFROC,Marañón
-78.15774,-4.45509,Huampami,Principal,Aguaruna (Awajun),Jíbaro,ODECOFROC,Marañón
-78.19552,-4.45901,Canga,Principal,Aguaruna (Awajun),Jíbaro,ODECOFROC,Marañón
-78.19504,-4.45245,Nanchik Entsa,Principal,Aguaruna (Awajun),Jíbaro,ODECOFROC,Marañón
-78.24902,-4.4322,Kusu Kubaim,Principal,Aguaruna (Awajun),Jíbaro,ODECOFROC,Marañón
-78.27177,-4.41263,Pagata,Anexo,Aguaruna (Awajun),Jíbaro,ODECOFROC,Marañón
-78.14847,-4.4205,Achu,Principal,Aguaruna (Awajun),Jíbaro,ODECOFROC,Marañón
-78.06822,-4.41198,Kumpin,Anexo,Aguaruna (Awajun),Jíbaro,ODECOFROC,Marañón
-78.14668,-4.40132,Tseasim,Anexo,Aguaruna (Awajun),Jíbaro,ODECOFROC,Marañón
-78.19586,-4.3735,Paiza,Principal,Aguaruna (Awajun),Jíbaro,ODECOFROC,Marañón
-78.1977,-4.36343,Tuwag Entsa,Anexo,Aguaruna (Awajun),Jíbaro,ODECOFROC,Marañón
-78.19195,-4.33021,Buchigkim,Principal,Aguaruna (Awajun),Jíbaro,ODECOFROC,Marañón
-78.23898,-4.29808,Nuevo Mamayaque,Principal,Aguaruna (Awajun),Jíbaro,ODECOFROC,Marañón
-78.17686,-4.12557,Sawientsa,Principal,Aguaruna (Awajun),Jíbaro,ODECOFROC,Marañón
-78.18478,-3.93851,Wichim,Anexo,Huambisa (Wampis),Jíbaro,CAH,Marañón
-78.24438,-3.92385,Uchi Numpatkaim,Principal,Aguaruna (Awajun),Jíbaro,ODECOFROC,Marañón
-78.26166,-3.88512,Putuim,Principal,Huambisa (Wampis),Jíbaro,ODECOFROC,Marañón
-78.28987,-3.85699,Ajuntai Entsa,Principal,Aguaruna (Awajun),Jíbaro,ODECOFROC,Marañón
-78.29276,-3.81718,Tunim,Principal,Aguaruna (Awajun),Jíbaro,ODECOFROC,Marañón
-78.26921,-3.77763,Wachim,Principal,Aguaruna (Awajun),Jíbaro,ODECOFROC,Marañón
-78.29622,-3.67662,Wee,Principal,Aguaruna (Awajun),Jíbaro,ODECOFROC,Marañón
-78.45013,-4.63194,Uchi Shamatak,Principal,Aguaruna (Awajun),Jíbaro,CAH,Marañón
-78.47966,-4.57931,Shamatak,Principal,Aguaruna (Awajun),Jíbaro,CAH,Marañón
-78.42257,-4.51881,Yagku Entsa,Principal,Aguaruna (Awajun),Jíbaro,CAH,Marañón
-78.4597,-4.52835,Pampa-Entsa,Principal,Aguaruna (Awajun),Jíbaro,CAH,Marañón
-78.52826,-4.556,Tagkegip,Principal,Aguaruna (Awajun),Jíbaro,No Existe,Marañón
-78.4538,-4.48115,Pijuayal,Principal,Aguaruna (Awajun),Jíbaro,CAH,Marañón
-78.4561,-4.47886,Achuim,Principal,Aguaruna (Awajun),Jíbaro,CAH,Marañón
-78.50915,-4.40389,Tunas,Principal,Aguaruna (Awajun),Jíbaro,No Existe,Marañón
-78.4117,-4.40352,Kusu Numpatkeim,Principal,Aguaruna (Awajun),Jíbaro,ODECOFROC,Marañón
-78.35913,-4.34921,Najem,Anexo,Aguaruna (Awajun),Jíbaro,ODECOFROC,Marañón
-78.38405,-4.31029,Teesh,Anexo,Aguaruna (Awajun),Jíbaro,ODECOFROC,Marañón
-78.35613,-4.27279,Shaim,Principal,Aguaruna (Awajun),Jíbaro,ODECOFROC,Marañón
-78.46455,-4.14161,Antiguo Kanam,Principal,Aguaruna (Awajun),Jíbaro,ODECOFROC,Marañón
-78.44017,-4.29729,Kunchai,Principal,Aguaruna (Awajun),Jíbaro,ODECOFROC,Marañón
-78.31437,-4.41773,Kuyumatak,Principal,Aguaruna (Awajun),Jíbaro,ODECOFROC,Marañón
-78.7784,-5.00616,Naranjos,Principal,Aguaruna (Awajun),Jíbaro,ORASI,Chirinos
-78.78549,-5.00001,Alto Naranjos,Anexo,Aguaruna (Awajun),Jíbaro,ORASI,Chirinos
-78.75051,-4.97703,Santa Agueda,Anexo,Aguaruna (Awajun),Jíbaro,ORASI,Chirinos
-78.72823,-4.95448,Nuevo Kucha,Anexo,Aguaruna (Awajun),Jíbaro,ORASI,Chirinos
-78.74475,-4.97689,Supayaku,Principal,Aguaruna (Awajun),Jíbaro,ORASI,Chirinos
-78.77369,-5.00468,Yamakey,Anexo,Aguaruna (Awajun),Jíbaro,ORASI,Chirinos
-78.73852,-4.96359,Nuevo Kunchín,Anexo,Aguaruna (Awajun),Jíbaro,ORASI,Chirinos
-78.72459,-4.95169,Suwa,Anexo,Aguaruna (Awajun),Jíbaro,ORASI,Chirinos
-78.71486,-4.93635,Valencia,Anexo,Aguaruna (Awajun),Jíbaro,ORASI,Chirinos
-78.47605,-5.34566,Tayu,Principal,Aguaruna (Awajun),Jíbaro,CAH,Marañón
-78.48698,-5.23787,Shaim,Principal,Aguaruna (Awajun),Jíbaro,CAH,Marañón
-78.25332,-4.93951,Achu,Principal,Aguaruna (Awajun),Jíbaro,OCCAAM,Marañón
-78.15649,-4.80285,Kayamas Wee,Principal,Aguaruna (Awajun),Jíbaro,No Existe,Marañón
-78.18815,-4.84123,Wawik (Nuevo Belén),Principal,Aguaruna (Awajun),Jíbaro,CAH,Marañón
-78.19547,-4.82632,Wawik Chapi,Anexo,Aguaruna (Awajun),Jíbaro,CAH,Marañón
-78.19799,-4.8081,Centro Wawik,Anexo,Aguaruna (Awajun),Jíbaro,CAH,Marañón
-78.17135,-4.85685,Cochaverde,Anexo,Aguaruna (Awajun),Jíbaro,CAH,Marañón
-78.18418,-4.76022,San Pablo,Anexo,Aguaruna (Awajun),Jíbaro,CAH,Marañón
-78.43651,-5.26424,Alto Numpatkaim,Principal,Aguaruna (Awajun),Jíbaro,CAH,Marañón
-78.3682,-4.78505,Wee,Principal,Aguaruna (Awajun),Jíbaro,OCCAAM,Marañón
-78.321,-5.13771,Nazareth,Principal,Aguaruna (Awajun),Jíbaro,CAH,Marañón
-78.36338,-5.16821,San Ramón,Anexo,Aguaruna (Awajun),Jíbaro,CAH,Marañón
-78.12979,-4.97993,La Tuna,Principal,Aguaruna (Awajun),Jíbaro,No Existe,Marañón
-78.16273,-4.995,Alto Bichanak,Principal,Aguaruna (Awajun),Jíbaro,CAH,Marañón
-78.28265,-5.15323,Wachapea,Principal,Aguaruna (Awajun),Jíbaro,OCCAAM,Marañón
-78.28489,-5.17101,Pakun,Anexo,Aguaruna (Awajun),Jíbaro,OCCAAM,Marañón
-78.19837,-5.15863,Tsegken,Anexo,Aguaruna (Awajun),Jíbaro,OCCAAM,Marañón
-78.24027,-5.15258,Nujagkim,Anexo,Aguaruna (Awajun),Jíbaro,OCCAAM,Marañón
-78.26821,-5.14642,Tsagentsa,Anexo,Aguaruna (Awajun),Jíbaro,OCCAAM,Marañón
-78.15697,-5.17498,Umpunchig,Principal,Aguaruna (Awajun),Jíbaro,OCCAAM,Marañón
-78.23655,-5.14642,Wawaim,Principal,Aguaruna (Awajun),Jíbaro,OCCAAM,Marañón
-78.21481,-5.12789,Umukai,Principal,Aguaruna (Awajun),Jíbaro,OCCAAM,Marañón
-78.27077,-5.11411,Sawientsa Bichanak,Principal,Aguaruna (Awajun),Jíbaro,CAH,Marañón
-78.3422,-5.08047,Uyaientsa,Principal,Aguaruna (Awajun),Jíbaro,OCCAAM,Marañón
-78.33124,-5.05199,Maracana,Principal,Aguaruna (Awajun),Jíbaro,OCCAAM,Marañón
-78.12177,-5.22034,Kusuim,Principal,Aguaruna (Awajun),Jíbaro,CAH,Marañón
-78.28816,-5.31699,Chayu Atunsamu,Principal,Aguaruna (Awajun),Jíbaro,OCCAAM,Marañón
-78.34008,-5.31304,Alto Wawas,Principal,Aguaruna (Awajun),Jíbaro,No Existe,Marañón
-78.33178,-5.23278,Jayais,Anexo,Aguaruna (Awajun),Jíbaro,OCCAAM,Marañón
-78.35539,-5.23689,Chinim,Anexo,Aguaruna (Awajun),Jíbaro,OCCAAM,Marañón
-78.29312,-5.31036,Sukutin,Anexo,Aguaruna (Awajun),Jíbaro,OCCAAM,Marañón
-78.35046,-5.27353,Wichim,Anexo,Aguaruna (Awajun),Jíbaro,OCCAAM,Marañón
-78.25596,-5.235,Uyu Entsa,Principal,Aguaruna (Awajun),Jíbaro,CAH,Marañón
-78.34634,-5.22481,Wawas,Principal,Aguaruna (Awajun),Jíbaro,OCCAAM,Marañón
-78.14817,-5.19405,Shimpuents - Bakants,Principal,Aguaruna (Awajun),Jíbaro,CAH,Marañón
-78.13544,-5.20506,Bakants,Anexo,Aguaruna (Awajun),Jíbaro,CAH,Marañón
-78.15716,-5.18809,Chigkanas,Anexo,Aguaruna (Awajun),Jíbaro,CAH,Marañón
-78.13877,-5.15114,Ankuship,Anexo,Aguaruna (Awajun),Jíbaro,CAH,Marañón
-78.26589,-5.2098,Pacuy,Principal,Aguaruna (Awajun),Jíbaro,CAH,Marañón
-78.27728,-5.19877,Umukai,Anexo,Aguaruna (Awajun),Jíbaro,CAH,Marañón
-78.27874,-5.19198,Yangunga,Anexo,Aguaruna (Awajun),Jíbaro,CAH,Marañón
-78.25366,-5.21717,Numpatkaim,Anexo,Aguaruna (Awajun),Jíbaro,CAH,Marañón
-78.25567,-5.22959,Nayumpín,Principal,Aguaruna (Awajun),Jíbaro,CAH,Marañón
-78.24935,-5.24369,Teesh,Anexo,Aguaruna (Awajun),Jíbaro,CAH,Marañón
-78.32429,-5.20423,Shushug,Principal,Aguaruna (Awajun),Jíbaro,CAH,Marañón
-78.32958,-5.22748,Pakisha,Anexo,Aguaruna (Awajun),Jíbaro,CAH,Marañón
-78.31271,-5.20151,Meente,Anexo,Aguaruna (Awajun),Jíbaro,CAH,Marañón
-78.31798,-5.24385,Boca de Lobo,Anexo,Aguaruna (Awajun),Jíbaro,CAH,Marañón
-78.29307,-5.33253,Tuntuam,Principal,Aguaruna (Awajun),Jíbaro,No Existe,Marañón
-78.28181,-5.31393,Sawientsa,Principal,Aguaruna (Awajun),Jíbaro,No Existe,Marañón
-78.37905,-5.18968,Yupicusa,Principal,Aguaruna (Awajun),Jíbaro,CAH,Marañón
-78.38265,-5.18027,Samarén,Principal,Aguaruna (Awajun),Jíbaro,CAH,Marañón
-78.35752,-5.09238,Winchu Temashnum,Principal,Aguaruna (Awajun),Jíbaro,CAH,Marañón
-78.35136,-5.15642,San Rafael,Anexo,Aguaruna (Awajun),Jíbaro,CAH,Marañón
-78.35433,-5.07252,Kusu Chapi,Anexo,Aguaruna (Awajun),Jíbaro,CAH,Marañón
-78.33808,-5.05331,Yamayakat,Principal,Aguaruna (Awajun),Jíbaro,OCCAAM,Marañón
-78.37146,-5.02815,Putuim,Anexo,Aguaruna (Awajun),Jíbaro,OCCAAM,Marañón
-78.33802,-5.02861,Duship,Principal,Aguaruna (Awajun),Jíbaro,OCCAAM,Marañón
-78.33416,-5.01838,Bukuig,Principal,Aguaruna (Awajun),Jíbaro,OCCAAM,Marañón
-78.32857,-4.96464,Nuevo Samaria,Anexo,Aguaruna (Awajun),Jíbaro,OCCAAM,Marañón
-78.34012,-4.9835,Nuevo Salem,Anexo,Aguaruna (Awajun),Jíbaro,OCCAAM,Marañón
-78.338,-4.93837,Wajuyat,Anexo,Aguaruna (Awajun),Jíbaro,OCCAAM,Marañón
-78.3438,-4.94508,Kampaentsa,Anexo,Aguaruna (Awajun),Jíbaro,OCCAAM,Marañón
-78.32519,-4.91477,Shushui,Principal,Aguaruna (Awajun),Jíbaro,CAH,Marañón
-78.33945,-4.93729,Pumpu,Anexo,Aguaruna (Awajun),Jíbaro,CAH,Marañón
-78.32356,-4.85286,Numpatkaim,Principal,Aguaruna (Awajun),Jíbaro,CAH,Marañón
-78.30359,-4.81253,Nueva Jerusalén,Anexo,Aguaruna (Awajun),Jíbaro,CAH,Marañón
-78.31327,-4.86524,Shijap,Principal,Aguaruna (Awajun),Jíbaro,OCCAAM,Marañón
-78.29087,-4.79562,Chipe Cuzu,Principal,Aguaruna (Awajun),Jíbaro,CAH,Marañón
-78.28654,-4.79939,San Mateo,Anexo,Aguaruna (Awajun),Jíbaro,CAH,Marañón
-78.31939,-4.77368,Listra,Anexo,Aguaruna (Awajun),Jíbaro,CAH,Marañón
-78.29846,-4.8095,Emat,Anexo,Aguaruna (Awajun),Jíbaro,CAH,Marañón
-78.31546,-4.78224,Kusu,Anexo,Aguaruna (Awajun),Jíbaro,CAH,Marañón
-78.29674,-4.80332,Porvenir,Anexo,Aguaruna (Awajun),Jíbaro,CAH,Marañón
-78.29632,-4.78144,Umukai,Anexo,Aguaruna (Awajun),Jíbaro,CAH,Marañón
-78.18862,-4.6968,Chikais,Principal,Aguaruna (Awajun),Jíbaro,CAH,Marañón
-78.1778,-4.72858,Jempes,Anexo,Aguaruna (Awajun),Jíbaro,CAH,Marañón
-78.15399,-4.64816,Nueva Vida,Principal,Aguaruna (Awajun),Jíbaro,CAH,Marañón
-78.1726,-4.72016,Inayua - Marañón,Principal,Aguaruna (Awajun),Jíbaro,CAH,Marañón
-78.1974,-4.93938,Bichanak,Principal,Aguaruna (Awajun),Jíbaro,CAH,Marañón
-78.59139,-4.66255,Alto Tuntus,Principal,Aguaruna (Awajun),Jíbaro,CAH,Marañón
-78.50042,-4.9229,Tuyankuwas (Sijiak),Principal,Aguaruna (Awajun),Jíbaro,CAH,Marañón
-78.5223,-4.86817,Wayampiak,Anexo,Aguaruna (Awajun),Jíbaro,CAH,Marañón
-78.52119,-4.77016,Chija,Anexo,Aguaruna (Awajun),Jíbaro,CAH,Marañón
-78.59515,-4.8534,Kucha,Anexo,Aguaruna (Awajun),Jíbaro,CAH,Marañón
-78.54532,-4.72691,Bajo Tuntus,Anexo,Aguaruna (Awajun),Jíbaro,CAH,Marañón
-78.53718,-4.94358,Yanat,Anexo,Aguaruna (Awajun),Jíbaro,CAH,Marañón
-78.51556,-4.89377,Tunin,Anexo,Aguaruna (Awajun),Jíbaro,CAH,Marañón
-78.50414,-4.89372,Pacui,Anexo,Aguaruna (Awajun),Jíbaro,CAH,Marañón
-78.42794,-5.04183,Kunchín,Principal,Aguaruna (Awajun),Jíbaro,OCCAAM,Marañón
-78.44158,-5.02403,Kusu Kunchín,Anexo,Aguaruna (Awajun),Jíbaro,OCCAAM,Marañón
-78.43209,-5.06075,Sukutin,Anexo,Aguaruna (Awajun),Jíbaro,OCCAAM,Marañón
-78.39015,-4.99681,Huantsa,Anexo,Aguaruna (Awajun),Jíbaro,OCCAAM,Marañón
-78.57857,-5.09724,Wampintsa,Principal,Aguaruna (Awajun),Jíbaro,CAH,Marañón
-78.42116,-5.04492,Alto Shimutas,Principal,Aguaruna (Awajun),Jíbaro,OCCAAM,Marañón
-78.43961,-5.08086,Pantsam,Anexo,Aguaruna (Awajun),Jíbaro,OCCAAM,Marañón
-78.30021,-5.0762,Cuzu Chico,Principal,Aguaruna (Awajun),Jíbaro,CAH,Marañón
-78.31392,-5.07919,Chinim,Principal,Aguaruna (Awajun),Jíbaro,CAH,Marañón
-78.45444,-5.33729,Tutumberos,Principal,Aguaruna (Awajun),Jíbaro,CAH,Marañón
-78.44101,-5.26242,Najem,Anexo,Aguaruna (Awajun),Jíbaro,CAH,Marañón
-78.45141,-5.20811,Paik,Principal,Aguaruna (Awajun),Jíbaro,CAH,Marañón
-78.28439,-5.13944,La Curva,Principal,Aguaruna (Awajun),Jíbaro,CAH,Marañón
-78.45351,-5.38888,Tsuntsuntsa,Principal,Aguaruna (Awajun),Jíbaro,CAH,Marañón
-78.33238,-4.98053,Uut,Principal,Aguaruna (Awajun),Jíbaro,OCCAAM,Marañón
-78.04261,-5.44726,Chayuyaku,Principal,Aguaruna (Awajun),Jíbaro,CAH,Marañón
-78.2657,-5.05231,Saunak,Principal,Aguaruna (Awajun),Jíbaro,OCCAAM,Marañón
-78.44435,-5.4273,Reserva Aguaruna Ujucam Aramango,Principal,Aguaruna (Awajun),Jíbaro,No Existe,Marañón
-77.9924,-4.4072,Kusumatak,Anexo,Aguaruna (Awajun),Jíbaro,FAD,Marañón
-77.97528,-4.45784,Datementsa,Anexo,Aguaruna (Awajun),Jíbaro,FAD,Marañón
-77.9626,-4.46898,Yumigkus,Anexo,Aguaruna (Awajun),Jíbaro,FAD,Marañón
-77.95686,-4.4705,Inayuam,Principal,Aguaruna (Awajun),Jíbaro,FAD,Marañón
-77.94784,-4.51809,Pumpushak,Principal,Aguaruna (Awajun),Jíbaro,FAD,Marañón
-77.90411,-4.53568,Kuith,Principal,Aguaruna (Awajun),Jíbaro,FAD,Marañón
-77.94805,-4.50171,Alto Kuith,Anexo,Aguaruna (Awajun),Jíbaro,FAD,Marañón
-77.92762,-4.52653,Barranquita,Anexo,Aguaruna (Awajun),Jíbaro,FAD,Marañón
-77.95579,-4.47127,La Tuna Alianza,Anexo,Aguaruna (Awajun),Jíbaro,FAD,Marañón
-77.88636,-4.54473,José Taijín,Anexo,Aguaruna (Awajun),Jíbaro,FAD,Marañón
-77.80348,-4.50134,Kashap,Principal,Aguaruna (Awajun),Jíbaro,FAD,Marañón
-77.81426,-4.57301,Pajacusa,Principal,Aguaruna (Awajun),Jíbaro,FAD,Marañón
-77.86826,-4.55739,Pujupat,Principal,Aguaruna (Awajun),Jíbaro,FAD,Marañón
-77.99778,-4.67007,Yawawa,Anexo,Aguaruna (Awajun),Jíbaro,CAH,Marañón
-77.98512,-4.61155,Nueva Esperanza,Anexo,Aguaruna (Awajun),Jíbaro,CAH,Marañón
-77.95444,-4.60638,Nueva Palestina,Anexo,Aguaruna (Awajun),Jíbaro,CAH,Marañón
-77.97133,-4.62244,Chingamar,Principal,Aguaruna (Awajun),Jíbaro,CAH,Marañón
-77.92683,-4.61559,Ebrón,Principal,Aguaruna (Awajun),Jíbaro,CAH,Marañón
-77.93586,-4.57278,Kawit,Principal,Aguaruna (Awajun),Jíbaro,CAH,Marañón
-77.89829,-4.56567,Canampa,Principal,Aguaruna (Awajun),Jíbaro,CAH,Marañón
-77.93009,-4.5711,Alto Canampa,Anexo,Aguaruna (Awajun),Jíbaro,CAH,Marañón
-77.73941,-4.61176,Alto Pajakus,Principal,Aguaruna (Awajun),Jíbaro,CAH,Marañón
-77.73592,-4.55174,Nueva Creación Chapiza,Anexo,Aguaruna (Awajun),Jíbaro,CAH,Marañón
-77.72133,-4.61,Alto Pupuntas,Anexo,Aguaruna (Awajun),Jíbaro,CAH,Marañón
-77.7917,-4.53001,Shimpu,Principal,Aguaruna (Awajun),Jíbaro,CAH,Marañón
-77.78718,-4.47676,Adsacusa,Principal,Aguaruna (Awajun),Jíbaro,CAH,Marañón
-77.76926,-4.49338,Santa Rosa,Principal,Aguaruna (Awajun),Jíbaro,CAH,Marañón
-77.70455,-4.46798,Wajai,Principal,Aguaruna (Awajun),Jíbaro,CAH,Marañón
-77.7205,-4.52493,Bashutak,Principal,Aguaruna (Awajun),Jíbaro,CAH,Marañón
-77.70782,-4.51033,Sanchum,Principal,Aguaruna (Awajun),Jíbaro,CAH,Marañón
-77.67812,-4.48234,Bajo Pupuntas,Principal,Aguaruna (Awajun),Jíbaro,CAH,Marañón
-77.63537,-4.44151,Tsamajaín,Principal,Aguaruna (Awajun),Jíbaro,CAH,Marañón
-78.00362,-4.43808,Kachi,Principal,Aguaruna (Awajun),Jíbaro,FAD,Marañón
-78.00252,-4.43961,Saasa,Principal,Aguaruna (Awajun),Jíbaro,FAD,Marañón
-78.08221,-4.67,Ajachín,Principal,Aguaruna (Awajun),Jíbaro,CAH,Marañón
-78.08085,-4.68659,Huaracayo,Principal,Aguaruna (Awajun),Jíbaro,CAH,Marañón
-78.03775,-4.66307,Yamakentza,Principal,Aguaruna (Awajun),Jíbaro,CAH,Marañón
-78.0592,-4.71761,Urakuza,Principal,Aguaruna (Awajun),Jíbaro,CAH,Marañón
-78.10591,-4.73864,Kayanst,Anexo,Aguaruna (Awajun),Jíbaro,CAH,Marañón
-78.03004,-4.68014,Tunants,Anexo,Aguaruna (Awajun),Jíbaro,CAH,Marañón
-78.03411,-4.65562,Napuruk,Principal,Aguaruna (Awajun),Jíbaro,CAH,Marañón
-78.01937,-4.65515,Nuevo Progreso,Anexo,Aguaruna (Awajun),Jíbaro,CAH,Marañón
-78.00162,-4.65194,Tampe,Anexo,Aguaruna (Awajun),Jíbaro,CAH,Marañón
-78.00256,-4.62325,Nuevo Belén,Anexo,Aguaruna (Awajun),Jíbaro,CAH,Marañón
-77.67521,-4.37566,San Juan,Principal,Aguaruna (Awajun),Jíbaro,CAH,Marañón
-77.69426,-4.3587,Gereza,Anexo,Aguaruna (Awajun),Jíbaro,CAH,Marañón
-77.66395,-4.33026,Pumpuna Entsa,Anexo,Aguaruna (Awajun),Jíbaro,CAH,Marañón
-77.69807,-4.34441,San Rafael,Anexo,Aguaruna (Awajun),Jíbaro,CAH,Marañón
-77.72103,-4.32563,Santa Rosa,Anexo,Aguaruna (Awajun),Jíbaro,CAH,Marañón
-77.74373,-4.28499,Isla Grande,Anexo,Aguaruna (Awajun),Jíbaro,CAH,Marañón
-77.8938,-4.32271,Sawi Entsa,Anexo,Aguaruna (Awajun),Jíbaro,CAH,Marañón
-77.86125,-4.27933,Kagkas,Principal,Aguaruna (Awajun),Jíbaro,CAH,Marañón
-77.72418,-4.24171,Belén,Principal,Aguaruna (Awajun),Jíbaro,CAH,Marañón
-77.763,-4.22379,Kayamas,Principal,Aguaruna (Awajun),Jíbaro,CAH,Marañón
-77.7817,-4.22102,Kunkukim,Anexo,Aguaruna (Awajun),Jíbaro,CAH,Marañón
-77.84439,-4.19945,Yujagkim,Principal,Aguaruna (Awajun),Jíbaro,CAH,Marañón
-77.7073,-4.17923,Fortaleza,Principal,Aguaruna (Awajun),Jíbaro,FECOHRSA,Marañón
-77.70868,-4.16123,Guayabal,Principal,Huambisa (Wampis),Jíbaro,CAH,Marañón
-77.72702,-4.0975,Shebonal,Anexo,Huambisa (Wampis),Jíbaro,CAH,Marañón
-77.73682,-4.0959,Kamit Entsa,Anexo,Aguaruna (Awajun),Jíbaro,CAH,Marañón
-77.75728,-4.05829,Yutupis,Principal,Aguaruna (Awajun),Jíbaro,CAH,Marañón
-77.85192,-4.05015,Nueva Jerusalén,Principal,Aguaruna (Awajun),Jíbaro,OCCAAM,Marañón
-77.8624,-4.04761,Alto Yutupis,Anexo,Aguaruna (Awajun),Jíbaro,CAH,Marañón
-77.80028,-4.02085,Achu,Anexo,Aguaruna (Awajun),Jíbaro,CAH,Marañón
-77.77614,-4.02559,Shiringa,Anexo,Huambisa (Wampis),Jíbaro,CAH,Marañón
-77.76391,-4.01649,Puerto Galilea,Anexo,Huambisa (Wampis),Jíbaro,CAH,Marañón
-77.7424,-3.98425,Guabal,Anexo,Huambisa (Wampis),Jíbaro,CAH,Marañón
-77.60604,-3.98148,Kusuim,Principal,Huambisa (Wampis),Jíbaro,FECOHRSA,Marañón
-77.75347,-3.94223,Villa Gonzalo,Principal,Huambisa (Wampis),Jíbaro,CAH,Marañón
-77.71645,-3.91437,Catarpiza,Anexo,Huambisa (Wampis),Jíbaro,CAH,Marañón
-77.74992,-3.92278,Boca Chinganaza,Anexo,Huambisa (Wampis),Jíbaro,CAH,Marañón
-77.84819,-3.92676,Aintam,Principal,Huambisa (Wampis),Jíbaro,FECOHRSA,Marañón
-77.71334,-3.88626,Chosica,Anexo,Huambisa (Wampis),Jíbaro,CAH,Marañón
-77.74235,-3.83039,Pampaentsa,Anexo,Huambisa (Wampis),Jíbaro,CAH,Marañón
-77.73402,-3.78356,Nueva Esperanza,Anexo,Huambisa (Wampis),Jíbaro,CAH,Marañón
-77.70917,-3.72485,Chapiza,Anexo,Huambisa (Wampis),Jíbaro,CAH,Marañón
-77.75353,-3.72899,Alianza Progreso,Principal,Huambisa (Wampis),Jíbaro,CAH,Marañón
-78.06014,-3.76576,Kunt Entsa,Principal,Huambisa (Wampis),Jíbaro,CAH,Marañón
-77.74537,-3.6833,Ajachim,Anexo,Huambisa (Wampis),Jíbaro,CAH,Marañón
-77.7583,-3.67903,Nauta,Anexo,Huambisa (Wampis),Jíbaro,CAH,Marañón
-77.82869,-3.65864,Varadero,Anexo,Huambisa (Wampis),Jíbaro,CAH,Marañón
-77.91096,-3.65234,Pantsa,Anexo,Huambisa (Wampis),Jíbaro,CAH,Marañón
-77.96037,-3.6719,Muwaim,Principal,Huambisa (Wampis),Jíbaro,CAH,Marañón
-77.76829,-3.63985,Ayambis,Anexo,Huambisa (Wampis),Jíbaro,CAH,Marañón
-77.75473,-3.6115,Palometa,Anexo,Huambisa (Wampis),Jíbaro,FECOHRSA,Marañón
-77.76658,-3.57345,Nazareth,Anexo,Huambisa (Wampis),Jíbaro,FECOHRSA,Marañón
-77.78631,-3.56414,Muchinguis,Anexo,Huambisa (Wampis),Jíbaro,FECOHRSA,Marañón
-78.0992,-3.57994,Pashkus,Principal,Huambisa (Wampis),Jíbaro,CAH,Marañón
-77.76976,-3.51378,Soledad,Principal,Huambisa (Wampis),Jíbaro,FECOHRSA,Marañón
-77.84806,-3.45826,Candungos,Principal,Huambisa (Wampis),Jíbaro,CAH,Marañón
-77.87635,-3.33722,Cucuasa,Anexo,Huambisa (Wampis),Jíbaro,CAH,Marañón
-77.87958,-3.27432,Onanga,Anexo,Huambisa (Wampis),Jíbaro,CAH,Marañón
-77.87474,-3.25517,Ampama,Anexo,Huambisa (Wampis),Jíbaro,CAH,Marañón
-77.84126,-3.23414,Quim,Anexo,Huambisa (Wampis),Jíbaro,CAH,Marañón
-77.81785,-3.2029,Dos de Mayo,Anexo,Huambisa (Wampis),Jíbaro,CAH,Marañón
-77.79917,-3.18483,San Martín,Anexo,Huambisa (Wampis),Jíbaro,CAH,Marañón
-77.82053,-3.12343,Papayacu o San Martín,Principal,Huambisa (Wampis),Jíbaro,CAH,Marañón
-75.49815,-8.92637,Me Banañu,Anexo,Cacataibo,Pano,FENACOCA,Ucayali
-75.53857,-8.80842,Mariscal Cáceres,Principal,Cacataibo,Pano,FENACOCA,Ucayali
-75.47745,-8.7431,Santa Rosa,Principal,Shipibo-Conibo,Pano,FENACOCA,Ucayali
-75.51952,-9.19474,Puerto Azul,Principal,Cacataibo,Pano,FENACOCA,Ucayali
-75.22913,-8.95936,Sinchi Roca,Principal,Cacataibo,Pano,FENACOCA,Ucayali
-75.25129,-9.1182,Puerto Nuevo,Principal,Cacataibo,Pano,FENACOCA,Ucayali
-75.27678,-9.3222,Puerto Nuevo II,Anexo,Cacataibo,Pano,FENACOCA,Ucayali
-75.16431,-10.76157,Alto Yurinaki,Principal,Amuesha (Yánesha),Arawak,FECONAYA,Perené
-75.17271,-10.77221,Villa María,Anexo,Amuesha (Yánesha),Arawak,FECONAYA,Perené
-75.15559,-10.8484,Unión Alto Sancachari,Principal,Amuesha (Yánesha),Arawak,FECONAYA,Perené
-75.2534,-10.94659,Pampa Michi,Principal,Asháninka,Arawak,CECONSEC,Perené
-75.1954,-10.95538,San Miguel Centro Marankiari,Principal,Asháninka,Arawak,CECONSEC,Perené
-75.11471,-10.83096,Eshcormes,Principal,Asháninka,Arawak,CECONSEC,Perené
-75.08407,-10.83128,San Pedro de Sheboriari,Principal,Asháninka,Arawak,CECONSEC,Perené
-75.07423,-10.87046,Pucharini,Principal,Asháninka,Arawak,CECONSEC,Perené
-75.06104,-10.88519,San Miguel,Anexo,Asháninka,Arawak,CECONSEC,Perené
-75.07404,-10.89627,Alto Pucharini,Anexo,Asháninka,Arawak,CECONSEC,Perené
-75.04307,-10.89655,Pumpuriani,Principal,Asháninka,Arawak,CECONSEC,Perené
-75.04545,-10.8383,Cumbre San Roman de Satinaki,Principal,Asháninka,Arawak,CECONSEC,Perené
-75.05213,-10.79029,Alto Incariado,Principal,Asháninka,Arawak,CECONSEC,Perené
-75.04706,-10.76076,Carapairo,Principal,Asháninka,Arawak,CECONSEC,Perené
-75.02659,-10.76766,Bajo Incariado,Anexo,Asháninka,Arawak,CECONSEC,Perené
-74.99998,-10.77754,Comavishiqui,Principal,Asháninka,Arawak,CECONSEC,Perené
-75.01833,-10.79472,San Martín de Ubiriki,Principal,Asháninka,Arawak,CECONSEC,Perené
-74.96128,-10.64744,Santo Domingo de Alto Azupizu,Principal,Asháninka,Arawak,CECONSEC,Perené
-74.97359,-10.70946,Tambo San Nicolas,Principal,Asháninka,Arawak,CECONSEC,Perené
-75.0079,-10.83166,Chinari,Principal,Asháninka,Arawak,CECONSEC,Perené
-74.98863,-10.83269,Inchatingari,Principal,Asháninka,Arawak,CECONSEC,Perené
-74.96717,-10.83254,Pachacutec,Principal,Asháninka,Arawak,CECONSEC,Perené
-75.01463,-10.86167,Bajo Chirani,Principal,Asháninka,Arawak,CECONSEC,Perené
-74.97795,-10.86875,Santa Rosa de Ubirike,Principal,Asháninka,Arawak,CECONSEC,Perené
-74.97948,-10.88972,Kivinaki,Principal,Asháninka,Arawak,CECONSEC,Perené
-74.96075,-10.87769,Churingaveni,Principal,Asháninka,Arawak,CECONSEC,Perené
-74.96125,-10.88777,Shintoriato,Principal,Asháninka,Arawak,CECONSEC,Perené
-74.93151,-10.87638,San Pedro Sotani,Principal,Asháninka,Arawak,CECONSEC,Perené
-74.91996,-10.8686,Huacamayo,Principal,Asháninka,Arawak,CECONSEC,Perené
-74.94078,-10.89455,Shankivironi,Principal,Asháninka,Arawak,CECONSEC,Perené
-74.9045,-10.89975,Bajo Aldea Pichanaki,Principal,Asháninka,Arawak,CECONSEC,Perené
-75.01455,-10.92672,Cerro Picaflor Alto Kivinaki,Principal,Asháninka,Arawak,CECONSEC,Perené
-74.97067,-10.92813,7 de Junio,Anexo,Asháninka,Arawak,CECONSEC,Perené
-74.90983,-10.93576,San Cristobal,Anexo,Asháninka,Arawak,CECONSEC,Perené
-74.99012,-10.97323,Bajo Picaflor,Principal,Asháninka,Arawak,CECONSEC,Perené
-74.99516,-10.98944,San Nicolas de Palma Pampa Alto Pichanaki,Principal,Asháninka,Arawak,CECONSEC,Perené
-74.93835,-11.00483,Alto Cuyani,Principal,Asháninka,Arawak,CECONSEC,Perené
-74.94152,-11.01475,Pampa Flecha,Anexo,Asháninka,Arawak,CECONSEC,Perené
-74.8142,-10.86263,San Lorenzo de Autiki,Principal,Asháninka,Arawak,CECONSEC,Perené
-74.81325,-10.87862,Santa María,Anexo,Asháninka,Arawak,CECONSEC,Perené
-74.82166,-10.91526,Pampa Julián,Principal,Asháninka,Arawak,CECONSEC,Perené
-74.84452,-10.94846,Bajo Quimiriki,Principal,Asháninka,Arawak,No Existe,Perené
-74.76419,-10.92479,Waypancuni,Principal,Asháninka,Arawak,CECONSEC,Perené
-74.72991,-10.92857,San José de Anapiari,Principal,Asháninka,Arawak,CECONSEC,Perené
-74.75748,-10.99507,Capachari,Principal,Asháninka,Arawak,CECONSEC,Perené
-74.87575,-10.88272,Zotziki Cerro Picaflor Orito,Principal,Asháninka,Arawak,CECONSEC,Perené
-75.09716,-10.87122,San Jeronimo Puerto Yurinaki,Principal,Asháninka,Arawak,CECONSEC,Perené
-75.25559,-10.87407,Alto Puñizas,Principal,Asháninka,Arawak,CECONSEC,Perené
-75.18922,-10.9285,Bajo Esperanza,Principal,Asháninka,Arawak,CECONSEC,Perené
-75.14245,-10.88131,Mariscal Cáceres,Principal,Asháninka,Arawak,CECONSEC,Perené
-75.16812,-10.90889,La Esperanza,Principal,Asháninka,Arawak,CECONSEC,Perené
-74.88212,-10.80136,San José Alto Kuviriani,Principal,Asháninka,Arawak,CECONSEC,Perené
-74.88872,-10.7492,San Luis de Alto Shimaki,Principal,Asháninka,Arawak,CECONSEC,Perené
-74.75145,-11.06937,Santo Barato,Principal,Asháninka,Arawak,No Existe,Perené
-75.20237,-10.94086,Marankiari Bajo,Principal,Asháninka,Arawak,CECONSEC,Perené
-74.01944,-10.61009,Shenontiari,Principal,Asháninka,Arawak,OIRA,Ucayali
-73.92021,-10.61471,Ramón Castilla,Principal,Piro (Yine),Arawak,OIRA,Ucayali
-73.96416,-10.62367,Unini,Principal,Asháninka,Arawak,OIRA,Ucayali
-74.02834,-10.65546,Centro Selva Corintoni,Principal,Asháninka,Arawak,OIRA,Ucayali
-74.00301,-10.6481,Centro Selva Tzipani,Principal,Asháninka,Arawak,OIRA,Ucayali
-73.97386,-10.64132,Misión Unini,Anexo,Asháninka,Arawak,OIRA,Ucayali
-73.84865,-10.6139,Unión San Francisco,Principal,Asháninka,Arawak,OIRA,Ucayali
-73.81372,-10.62396,Lagarto Millar,Principal,Asháninka,Arawak,OIRA,Ucayali
-73.91417,-10.65472,Centro Selva Anari,Anexo,Asháninka,Arawak,OIRA,Ucayali
-73.97675,-10.67767,Anacayali,Principal,Asháninka,Arawak,OIRA,Ucayali
-73.96518,-10.68925,Tzivetari,Principal,Ashéninka,Arawak,OIRA,Ucayali
-73.95523,-10.7045,Santaniari,Principal,Asháninka,Arawak,OIRA,Ucayali
-73.8518,-10.67429,Sapani,Principal,Asháninka,Arawak,OIRA,Ucayali
-73.78671,-10.6662,Tahuanty,Principal,Asháninka,Arawak,OIRA,Ucayali
-73.8243,-10.68153,Santa Rosa de Laulate,Principal,Asháninka,Arawak,OIRA,Ucayali
-73.79367,-10.70929,Aerija,Principal,Asháninka,Arawak,OIRA,Ucayali
-74.03656,-10.42363,Pensylvania,Principal,Asháninka,Arawak,OIRA,Ucayali
-74.02657,-10.4283,Nuevo Pozo,Principal,Asháninka,Arawak,OIRA,Ucayali
-74.00499,-10.42987,Galilea,Principal,Asháninka,Arawak,OIRA,Ucayali
-73.97138,-10.47557,Puerto Esperanza,Principal,Asháninka,Arawak,OIRA,Ucayali
-74.01161,-10.50262,Sheremashe,Principal,Ashéninka,Arawak,OIRA,Ucayali
-73.99409,-10.53697,Boca Cocani,Principal,Asháninka,Arawak,OIRA,Ucayali
-74.01727,-10.55708,Cocani,Principal,Ashéninka,Arawak,OIRA,Ucayali
-73.93136,-10.56521,Apinihua,Principal,Asháninka,Arawak,OIRA,Ucayali
-73.91113,-10.59179,Centro Apinihua,Principal,Asháninka,Arawak,OIRA,Ucayali
-72.64677,-12.57225,Chirumbia,Principal,Machiguenga (Matsigenka),Arawak,COMARU,Urubamba
-72.83563,-12.61656,San José de Koribeni,Principal,Machiguenga (Matsigenka),Arawak,COMARU,Urubamba
-72.82112,-12.49196,Porenkishiari,Principal,Machiguenga (Matsigenka),Arawak,COMARU,Urubamba
-72.76303,-12.38882,Matoriato,Principal,Machiguenga (Matsigenka),Arawak,COMARU,Urubamba
-72.89273,-12.31508,Poyentimari,Principal,Machiguenga (Matsigenka),Arawak,COMARU,Urubamba
-72.9759,-12.46596,Monte Carmelo,Principal,Machiguenga (Matsigenka),Arawak,COMARU,Urubamba
-72.91708,-12.5803,Estrella de Alto Sangobatea,Principal,Machiguenga (Matsigenka),Arawak,COMARU,Urubamba
-73.07342,-12.5915,Corimani,Principal,Machiguenga (Matsigenka),Arawak,COMARU,Urubamba
-73.13974,-12.62302,Chakopishiato,Principal,Machiguenga (Matsigenka),Arawak,COMARU,Urubamba
-73.17856,-12.71674,Inkaare,Principal,Machiguenga (Matsigenka),Arawak,COMARU,Urubamba
-73.21716,-12.64062,Shimaa,Principal,Machiguenga (Matsigenka),Arawak,COMARU,Urubamba
-73.26661,-12.65349,Sankuareni,Anexo,Machiguenga (Matsigenka),Arawak,COMARU,Urubamba
-73.29197,-12.77395,Tivoriari,Principal,Machiguenga (Matsigenka),Arawak,COMARU,Urubamba
-73.40499,-12.61015,Tipeshiari,Principal,Machiguenga (Matsigenka),Arawak,COMARU,Urubamba
-72.65563,-12.41669,Yoquiri,Principal,Machiguenga (Matsigenka),Arawak,COMARU,Urubamba
-73.36354,-12.85122,Aendoshiari,Principal,Machiguenga (Matsigenka),Arawak,OARA,Ene
-73.97857,-12.23575,Tsirotiari,Anexo,Asháninka,Arawak,OARA,Ene
-72.94614,-10.33936,Raya,Principal,Yaminahua,Pano,FIARIM,Urubamba
-72.58079,-11.43734,Nahua,Principal,Yaminahua,Pano,No Existe,Urubamba
-74.23211,-11.1944,Samaniato,Principal,Asháninka,Arawak,CARE,Ene
-74.24492,-11.22507,Puerto Ashaninka,Anexo,Asháninka,Arawak,CARE,Ene
-74.24559,-11.25675,Unión Puerto Ashaninka,Principal,Asháninka,Arawak,CARE,Ene
-74.16182,-11.30282,Centro Caparocia,Principal,Asháninka,Arawak,CARE,Ene
-74.14403,-11.41247,Potsoteni,Principal,Asháninka,Arawak,CARE,Ene
-74.11109,-11.44106,Pichiquia,Anexo Principal,Asháninka,Arawak,CARE,Ene
-74.08404,-11.59427,Saniveni,Principal,Asháninka,Arawak,CARE,Ene
-74.02011,-11.63207,Quipatsiari,Anexo,Asháninka,Arawak,CARE,Ene
-74.01687,-11.67169,Quiteni,Principal,Asháninka,Arawak,CARE,Ene
-74.00542,-11.71185,Cachingari,Anexo,Asháninka,Arawak,CARE,Ene
-73.94397,-11.80884,Selva Verde,Anexo,Asháninka,Arawak,CARE,Ene
-73.86702,-11.86813,Tincareni,Anexo,Asháninka,Arawak,CARE,Ene
-73.88457,-11.86459,Coveja,Anexo,Asháninka,Arawak,CARE,Ene
-73.89783,-11.85985,Tivoreni,Anexo,Asháninka,Arawak,CARE,Ene
-73.90915,-11.87383,Cutivireni,Principal,Asháninka,Arawak,CARE,Ene
-73.87468,-11.91193,Chiyapo,Anexo,Asháninka,Arawak,CARE,Ene
-73.87389,-11.91687,Camantavishi,Principal,Asháninka,Arawak,CARE,Ene
-73.93357,-11.92108,Shapo,Anexo,"Quechua, No Especificado",Quechua,CARE,Ene
-73.94479,-11.9229,Yoyato,Anexo,Asháninka,Arawak,CARE,Ene
-74.00131,-11.99693,Quempiri,Principal,Asháninka,Arawak,CARE,Ene
-74.06665,-12.08443,Coriri,Anexo,Asháninka,Arawak,CARE,Ene
-74.06172,-12.08431,Union Alto Pachiri,Anexo,Asháninka,Arawak,CARE,Ene
-74.03606,-12.09913,Shampintiari,Anexo,Asháninka,Arawak,CARE,Ene
-74.00014,-12.1207,Pampa Alegre,Anexo,Asháninka,Arawak,CARE,Ene
-74.08772,-12.13203,Yaviro,Anexo Principal,Asháninka,Arawak,CARE,Ene
-74.09341,-12.14509,San Ene,Anexo,Asháninka,Arawak,CARE,Ene
-74.10785,-12.16054,Shaoriato,Anexo,Asháninka,Arawak,CARE,Ene
-74.03031,-12.16331,Quimaropitari,Principal,Asháninka,Arawak,CARE,Ene
-74.01757,-12.18479,Quimaropitari Alta,Anexo,Asháninka,Arawak,CARE,Ene
-74.40532,-10.8101,Centro Janteni,Principal,Ashéninka,Arawak,OAGP,Ucayali
-74.37587,-10.69161,Shumahuani,Principal,Ashéninka,Arawak,OAGP,Ucayali
-74.37287,-10.76563,Chequitavo,Principal,Ashéninka,Arawak,OAGP,Ucayali
-74.32862,-10.67022,Tziaventeni,Principal,Ashéninka,Arawak,OAGP,Ucayali
-74.27251,-10.62314,Chencari,Principal,Ashéninka,Arawak,OAGP,Ucayali
-74.44916,-10.72539,Mapitziviaari,Principal,Ashéninka,Arawak,OAGP,Ucayali
-73.84955,-10.91571,Pitsa,Principal,Ashéninka,Arawak,OAGP,Ucayali
-73.93904,-10.88715,Shimpe,Principal,Ashéninka,Arawak,OAGP,Ucayali
-74.0568,-10.90359,Chincheni,Principal,Asháninka,Arawak,OAGP,Ucayali
-74.10057,-10.94279,Mancoite,Principal,Ashéninka,Arawak,OAGP,Ucayali
-74.10692,-10.85623,Shaani,Principal,Ashéninka,Arawak,OAGP,Ucayali
-74.201,-10.81885,Materiato,Principal,Ashéninka,Arawak,OAGP,Ucayali
-74.19374,-10.7792,Mañarini,Principal,Ashéninka,Arawak,OAGP,Ucayali
-74.22085,-10.77078,Ponchoni,Principal,Ashéninka,Arawak,OAGP,Ucayali
-74.25863,-10.77805,Tarisa,Principal,Ashéninka,Arawak,OAGP,Ucayali
-74.28983,-10.82367,Tshony,Principal,Ashéninka,Arawak,OAGP,Ucayali
-74.33543,-10.72874,Majontoni,Principal,Ashéninka,Arawak,OAGP,Ucayali
-74.25468,-10.71679,Bajo Chencoreni,Principal,Ashéninka,Arawak,OAGP,Ucayali
-74.27914,-10.72157,Alto Chencoreni,Principal,Ashéninka,Arawak,OAGP,Ucayali
-74.29773,-10.70886,Quemporiquishi,Principal,Ashéninka,Arawak,OAGP,Ucayali
-74.24026,-10.69092,Catoteni,Principal,Ashéninka,Arawak,OAGP,Ucayali
-74.22476,-10.72015,Quiteriavo,Principal,Ashéninka,Arawak,OAGP,Ucayali
-74.24561,-10.84288,Chochoquiari,Principal,Asháninka,Arawak,OAGP,Ucayali
-74.30034,-10.95836,Javiroshi,Principal,Ashéninka,Arawak,OAGP,Ucayali
-74.29719,-10.88629,Matontorini,Anexo,Ashéninka,Arawak,OAGP,Ucayali
-74.20707,-10.92312,Pavote,Principal,Ashéninka,Arawak,OAGP,Ucayali
-74.20919,-10.88791,Chavari,Anexo,Ashéninka,Arawak,OAGP,Ucayali
-74.26651,-10.9753,Centro Selva Quirishari,Principal,Ashéninka,Arawak,OAGP,Ucayali
-74.31224,-10.78633,Tiahuanasqui,Principal,Ashéninka,Arawak,OAGP,Ucayali
-72.82136,-12.08171,Timpia,Principal,Machiguenga (Matsigenka),Arawak,COMARU,Urubamba
-72.9321,-11.93559,Ticumpinia,Principal,Machiguenga (Matsigenka),Arawak,COMARU,Urubamba
-72.82007,-11.8243,Cashiriari,Principal,Machiguenga (Matsigenka),Arawak,COMARU,Urubamba
-72.86561,-11.80539,Segakiato,Principal,Machiguenga (Matsigenka),Arawak,CECONAMA,Urubamba
-72.93052,-11.71091,Shivankoreni,Principal,Machiguenga (Matsigenka),Arawak,COMARU,Urubamba
-72.94477,-11.71894,Camisea,Principal,Machiguenga (Matsigenka),Arawak,CECONAMA,Urubamba
-73.12353,-11.98808,Camana,Principal,Machiguenga (Matsigenka),Arawak,CECONAMA,Urubamba
-73.21192,-11.91333,Mayapo,Principal,Machiguenga (Matsigenka),Arawak,CECONAMA,Urubamba
-73.13427,-11.78317,Puerto Huallana,Principal,Machiguenga (Matsigenka),Arawak,CECONAMA,Urubamba
-73.24249,-11.80445,Kochiri,Principal,Machiguenga (Matsigenka),Arawak,COMARU,Urubamba
-73.20378,-11.69918,Campo Verde,Anexo,Machiguenga (Matsigenka),Arawak,COMARU,Urubamba
-73.325,-11.7665,Tangoshiari,Principal,Asháninka,Arawak,COMARU,Urubamba
-73.40218,-11.57903,Taini,Principal,Caquinte,Arawak,COMARU,Urubamba
-73.30804,-11.54824,Kitepampani,Principal,Caquinte,Arawak,COMARU,Urubamba
-73.224,-11.55359,Pamencharoni,Anexo,Machiguenga (Matsigenka),Arawak,COMARU,Urubamba
-73.1305,-11.57289,Carpintero,Principal,Machiguenga (Matsigenka),Arawak,COMARU,Urubamba
-73.1355,-11.54442,Nuevo Mundo,Principal,Machiguenga (Matsigenka),Arawak,CECONAMA,Urubamba
-73.10827,-11.50222,Nueva Vida,Principal,Machiguenga (Matsigenka),Arawak,CECONAMA,Urubamba
-73.21706,-11.45707,Porotobango,Principal,Machiguenga (Matsigenka),Arawak,COMARU,Urubamba
-73.02912,-11.45011,Nueva Luz,Principal,Machiguenga (Matsigenka),Arawak,CECONAMA,Urubamba
-73.00428,-11.38641,Sensa,Principal,Piro (Yine),Arawak,COMARU,Urubamba
-72.99633,-11.30246,Miaría,Principal,Piro (Yine),Arawak,FECONAYY,Urubamba
-73.02201,-11.29647,Puerto Rico,Principal,Asháninka,Arawak,COMARU,Urubamba
-72.74448,-12.18152,Sababantiari,Principal,Machiguenga (Matsigenka),Arawak,COMARU,Urubamba
-74.79424,-9.51652,Alto Río Negro del Sira,Principal,Asháninka,Arawak,UNAY,Pachitea
-74.84735,-9.58968,Pueblo Libre,Anexo,Asháninka,Pano,UNAY,Pachitea
-74.87665,-9.59691,Nuevo Unidos Tahuantinsuyo,Principal,Asháninka,Arawak,UNAY,Pachitea
-74.91777,-9.61608,Pampas Verdes,Anexo,Asháninka,Arawak,UNAY,Pachitea
-74.89067,-9.66714,Galilea,Anexo,Asháninka,Arawak,UNAY,Pachitea
-74.96417,-9.77896,Santa Isabel,Principal,Amuesha (Yánesha),Arawak,FECONAYA,Pachitea
-74.91575,-9.78825,Huacamayo,Principal,Amuesha (Yánesha),Arawak,FECONAYA,Pachitea
-74.9104,-9.8136,Agro Unión,Anexo,Amuesha (Yánesha),Arawak,FECONAYA,Pachitea
-74.98958,-9.88674,Alto Morona,Anexo,Asháninka,Arawak,UNAY,Pachitea
-74.93466,-9.88141,San Jorge de Pachitea,Principal,Amuesha (Yánesha),Arawak,UNAY,Pachitea
-74.9618,-9.90216,Yarina,Principal,Asháninka,Arawak,UNAY,Pachitea
-74.93432,-9.91087,Puerto Libre,Anexo,Amuesha (Yánesha),Arawak,UNAY,Pachitea
-74.97854,-9.94194,Buena Vista,Anexo,Amuesha (Yánesha),Arawak,UNAY,Pachitea
-74.82921,-9.4866,Nueva Austria del Sira,Principal,Asháninka,Arawak,UNAY,Pachitea
-74.91452,-9.37083,San Juan,Anexo,Asháninka,Arawak,UNAY,Pachitea
-74.89808,-9.34103,Tsirotzire,Principal,Asháninka,Arawak,UNAY,Pachitea
-74.9559,-9.75836,San Juan de Pachitea,Anexo,Amuesha (Yánesha),Arawak,FECONAYA,Pachitea
-74.87766,-9.2129,Santa Teresa,Principal,Asháninka,Arawak,FECONAPIA,Pachitea
-74.94244,-9.20493,Cleyton,Principal,Asháninka,Arawak,FECONAPIA,Pachitea
-74.83131,-9.13298,Nueva Alianza de Baños,Principal,Asháninka,Arawak,FECONAPIA,Pachitea
-74.75304,-8.98563,El Naranjal,Principal,Asháninka,Arawak,FECONAPIA,Pachitea
-74.53179,-8.75899,Dos Unidos,Principal,Shipibo-Conibo,Pano,FECONAPIA,Pachitea
-74.57267,-8.72161,Nueva Alianza,Principal,Shipibo-Conibo,Pano,FECONAPIA,Pachitea
-74.86295,-9.31097,Las Golondrinas,Principal,Asháninka,Arawak,UNAY,Pachitea
-75.40629,-10.16462,Alto Lagarto,Principal,Amuesha (Yánesha),Arawak,FECONAYA,Pachitea
-75.30341,-10.19896,Pampa Hermosa,Anexo,Amuesha (Yánesha),Arawak,FECONAYA,Pachitea
-75.05551,-9.85321,Hanswald,Principal,Amuesha (Yánesha),Arawak,FECONAYA,Pachitea
-75.06905,-9.86998,Nuevo Progreso,Anexo,Amuesha (Yánesha),Arawak,FECONAYA,Pachitea
-75.07069,-9.90558,Unidad Yanesha,Principal,Amuesha (Yánesha),Arawak,UNAY,Pachitea
-75.14718,-9.90088,Enoc Flor de un Día,Principal,Amuesha (Yánesha),Arawak,FECONAYA,Pachitea
-75.1804,-9.89592,Golondrinas,Anexo,Amuesha (Yánesha),Arawak,FECONAYA,Pachitea
-75.20355,-9.90118,San Luis,Anexo,Amuesha (Yánesha),Arawak,FECONAYA,Pachitea
-75.28307,-10.16016,Comparachimas,Anexo,Amuesha (Yánesha),Arawak,FECONAYA,Pachitea
-75.25133,-10.14362,Puerto Alegre,Anexo,Amuesha (Yánesha),Arawak,FECONAYA,Pachitea
-75.21932,-10.12171,San Francisco,Anexo,Amuesha (Yánesha),Arawak,FECONAYA,Pachitea
-75.22201,-10.13193,Santa Rosa de Chuchurras,Principal,Amuesha (Yánesha),Arawak,FECONAYA,Pachitea
-75.16864,-10.15455,Buenos Aires,Principal,Amuesha (Yánesha),Arawak,FECONAYA,Pachitea
-75.23028,-10.1698,Villa America,Anexo Principal,Amuesha (Yánesha),Arawak,FECONAYA,Pachitea
-75.24292,-10.17107,Centro Castilla,Anexo,Amuesha (Yánesha),Arawak,FECONAYA,Pachitea
-75.27065,-10.17517,Centro Chispa,Anexo,Amuesha (Yánesha),Arawak,FECONAYA,Pachitea
-75.24992,-10.19964,Pampa Cocha,Anexo,Amuesha (Yánesha),Arawak,FECONAYA,Pachitea
-75.27032,-10.20986,Centro Esperanza,Anexo,Amuesha (Yánesha),Arawak,FECONAYA,Pachitea
-75.22017,-10.21453,Conaz,Anexo,Amuesha (Yánesha),Arawak,FECONAYA,Pachitea
-75.26851,-10.22503,Palma,Anexo,Amuesha (Yánesha),Arawak,FECONAYA,Pachitea
-75.29612,-10.23506,San Carlos,Anexo,Amuesha (Yánesha),Arawak,FECONAYA,Pachitea
-75.30314,-10.25757,Nueva Esperanza,Principal,Amuesha (Yánesha),Arawak,FECONAYA,Pachitea
-75.29845,-10.25699,San Juan,Anexo,Amuesha (Yánesha),Arawak,FECONAYA,Pachitea
-75.18034,-10.22674,Puerto Herrera,Anexo,Amuesha (Yánesha),Arawak,FECONAYA,Pachitea
-75.19663,-10.24321,Alto Iscozacin,Principal,Amuesha (Yánesha),Arawak,FECONAYA,Pachitea
-75.12303,-10.26,San Luis,Anexo,Amuesha (Yánesha),Arawak,FECONAYA,Pachitea
-75.13618,-10.27036,Pueblo Libre,Anexo,Amuesha (Yánesha),Arawak,FECONAYA,Pachitea
-75.11676,-10.30576,Nuevo Progreso,Anexo Principal,Amuesha (Yánesha),Arawak,FECONAYA,Pachitea
-75.09699,-10.34442,Raya,Anexo,Amuesha (Yánesha),Arawak,FECONAYA,Pachitea
-75.08505,-10.34328,Loma Linda - Laguna,Principal,Amuesha (Yánesha),Arawak,FECONAYA,Pachitea
-75.06593,-10.3785,Nueva Aldea,Anexo,Amuesha (Yánesha),Arawak,FECONAYA,Pachitea
-75.0468,-10.42035,Santa Rosa de Pichanaz,Principal,Amuesha (Yánesha),Arawak,FECONAYA,Pachitea
-75.05611,-10.44804,Santo Domingo,Anexo,Amuesha (Yánesha),Arawak,FECONAYA,Pachitea
-75.08266,-10.47052,Azulis,Anexo,Amuesha (Yánesha),Arawak,FECONAYA,Pachitea
-75.03964,-10.49758,San Pedro de Pichanaz,Principal,Amuesha (Yánesha),Arawak,FECONAYA,Pachitea
-75.07236,-10.50339,San Francisco,Anexo,Amuesha (Yánesha),Arawak,FECONAYA,Pachitea
-75.13824,-10.54241,Maccha Bocaz,Principal,Amuesha (Yánesha),Arawak,FECONAYA,Pachitea
-75.09392,-10.57304,Puellas Yuncullmas,Principal,Amuesha (Yánesha),Arawak,FECONAYA,Pachitea
-75.11099,-10.61247,Puellas,Anexo,Amuesha (Yánesha),Arawak,FECONAYA,Pachitea
-75.21074,-10.60035,Alto Puruz,Principal,Amuesha (Yánesha),Arawak,FECONAYA,Pachitea
-75.12106,-10.67295,Unión de la Selva Cacazu,Principal,Amuesha (Yánesha),Arawak,FECONAYA,Pachitea
-75.17521,-10.65576,Palma Bocaz,Principal,Amuesha (Yánesha),Arawak,FECONAYA,Pachitea
-74.40172,-11.24401,Mapitamani,Principal,Asháninka,Arawak,KANUJA,Perené
-74.37267,-11.25661,Yorini,Principal,Asháninka,Arawak,KANUJA,Perené
-74.32182,-11.2436,Alto Saureni,Principal,Asháninka,Arawak,KANUJA,Perené
-74.43342,-11.28764,Tsiriari,Principal,Asháninka,Arawak,KANUJA,Perené
-74.52492,-11.33296,San Cristobal,Principal,Asháninka,Arawak,KANUJA,Perené
-74.43024,-11.33124,Tahuantinsuyo,Principal,Nomatsiguenga,Arawak,KANUJA,Perené
-74.32504,-11.32093,Tzonquireni,Principal,Asháninka,Arawak,KANUJA,Perené
-74.47626,-11.36567,Santa Clara,Principal,Asháninka,Arawak,KANUJA,Perené
-74.44526,-11.39314,San Jeronimo,Principal,Nomatsiguenga,Arawak,KANUJA,Perené
-74.48819,-11.40868,Chavini,Principal,Nomatsiguenga,Arawak,KANUJA,Perené
-74.48438,-11.43153,San Ramón de Pangoa,Principal,Nomatsiguenga,Arawak,KANUJA,Perené
-74.39644,-11.41668,Unión Alto Saniveni,Principal,Asháninka,Arawak,KANUJA,Perené
-74.29533,-11.4145,Matzuriniari,Principal,Asháninka,Arawak,KANUJA,Perené
-74.43795,-11.44715,San Antonio de Sonomoro,Principal,Nomatsiguenga,Arawak,KANUJA,Perené
-74.34606,-11.4864,San Juan de Cajeriari,Principal,Asháninka,Arawak,KANUJA,Perené
-74.33284,-11.49985,San Emiliano de Cachingarani,Principal,Nomatsiguenga,Arawak,KANUJA,Perené
-74.32397,-11.51022,Etzoniari - Alto Crotishari,Principal,Asháninka,Arawak,KANUJA,Perené
-74.45943,-11.50026,Alto Kiatari,Principal,Nomatsiguenga,Arawak,No Existe,Perené
-74.47383,-11.54587,Juan Santos Atahualpa,Principal,Nomatsiguenga,Arawak,No Existe,Perené
-74.43294,-11.52933,Boca del Kiatari,Principal,Nomatsiguenga,Arawak,KANUJA,Perené
-74.40729,-11.58065,Cubantia,Principal,Nomatsiguenga,Arawak,No Existe,Perené
-74.37987,-11.57363,Jerusalén de Miñaro,Principal,Nomatsiguenga,Arawak,KANUJA,Perené
-74.28512,-11.55246,Mapotoa,Principal,Nomatsiguenga,Arawak,KANUJA,Perené
-74.31547,-11.59409,San Juan de Sangareni,Principal,Nomatsiguenga,Arawak,KANUJA,Perené
-74.37024,-11.64971,Mazaronquiari,Principal,Nomatsiguenga,Arawak,KANUJA,Perené
-74.44358,-11.69131,Río Blanco,Principal,Nomatsiguenga,Arawak,KANUJA,Perené
-74.33177,-11.76314,Mayni,Principal,Nomatsiguenga,Arawak,KANUJA,Perené
-74.30598,-11.7482,Santa Teresita,Anexo,Nomatsiguenga,Arawak,KANUJA,Perené
-74.25019,-11.69742,Shimapango,Anexo,Nomatsiguenga,Arawak,KANUJA,Perené
-74.23762,-11.69904,Mencoriari,Principal,Nomatsiguenga,Arawak,KANUJA,Perené
-74.17662,-11.73831,Santa Fe de Yaviroa,Principal,Asháninka,Arawak,KANUJA,Perené
-74.21562,-11.79587,Tres Unidos de Matereni,Principal,Nomatsiguenga,Arawak,KANUJA,Perené
-74.2681,-11.83671,Tincabeni,Principal,Nomatsiguenga,Arawak,KANUJA,Perené
-74.21705,-11.84563,Alto Chichireni,Anexo,Nomatsiguenga,Arawak,KANUJA,Perené
-74.31449,-11.67441,Alto Anapati,Anexo,Asháninka,Arawak,KANUJA,Perené
-75.32046,-10.77203,Ñagazu,Principal,Amuesha (Yánesha),Arawak,FECONAYA,Perené
-75.24621,-10.73676,El Milagro,Principal,Amuesha (Yánesha),Arawak,FECONAYA,Perené
-75.24115,-10.74652,Mayme,Principal,Amuesha (Yánesha),Arawak,FECONAYA,Perené
-75.22007,-10.77035,Palomar,Principal,Amuesha (Yánesha),Arawak,FECONAYA,Perené
-75.34292,-10.76293,Alto Churumazu,Principal,Amuesha (Yánesha),Arawak,FECONAYA,Perené
-74.76971,-9.66565,Selva de Oro,Principal,Asháninka,Arawak,ANAP,Pachitea
-74.78975,-9.7211,San Luis de Chinchihuani,Principal,Asháninka,Arawak,ANAP,Pachitea
-74.78491,-9.80142,Bajo San Luis de Chinchihuani,Anexo,Asháninka,Arawak,ANAP,Pachitea
-74.77934,-9.85265,Los Siete Hermanos,Principal,Asháninka,Arawak,ANAP,Pachitea
-74.9663,-9.93195,Puerto Amistad,Principal,Amuesha (Yánesha),Arawak,FECONAYA,Pachitea
-75.03235,-9.96559,Atahualpa,Anexo,Asháninka,Arawak,ANAP,Pachitea
-74.99615,-9.96785,Mosquito Playa,Anexo,Asháninka,Arawak,ANAP,Pachitea
-74.99322,-10.0077,Cahuapanas,Principal,Asháninka,Arawak,ANAP,Pachitea
-74.97288,-10.01,San Francisco,Anexo,Asháninka,Arawak,ANAP,Pachitea
-74.98096,-10.03522,San Juan,Anexo,Asháninka,Arawak,ANAP,Pachitea
-74.92887,-10.02226,Tres Islas,Anexo,Asháninka,Arawak,ANAP,Pachitea
-74.97381,-10.04739,Puerto Lagarto,Anexo,Asháninka,Arawak,ANAP,Pachitea
-74.98923,-10.05878,Puerto Ocopa,Anexo,Asháninka,Arawak,ANAP,Pachitea
-74.98665,-10.07176,Sargento Lorenz,Principal,Asháninka,Arawak,ANAP,Pachitea
-74.96678,-10.10269,El Milagro,Principal,Asháninka,Arawak,ANAP,Pachitea
-74.9001,-10.03484,Puerto Leticia,Principal,Asháninka,Arawak,ANAP,Pachitea
-74.89978,-10.1388,Amanbay,Principal,Asháninka,Arawak,ANAP,Pachitea
-74.83872,-10.08771,Alto Sungaroyali,Principal,Asháninka,Arawak,ANAP,Pachitea
-74.84963,-10.00253,Dinamarca,Principal,Asháninka,Arawak,ANAP,Pachitea
-74.8066,-9.9869,Divisoria,Principal,Asháninka,Arawak,ANAP,Pachitea
-74.80445,-9.98375,Dos de Mayo,Anexo,Asháninka,Arawak,ANAP,Pachitea
-74.77617,-9.97151,La Paz de Getarine,Principal,Asháninka,Arawak,ANAP,Pachitea
-74.78065,-9.98348,Belén,Principal,Asháninka,Arawak,ANAP,Pachitea
-74.71726,-9.96145,Puerto Davis,Principal,Asháninka,Arawak,ANAP,Pachitea
-74.94904,-10.21183,Paujil,Principal,Asháninka,Arawak,ANAP,Pachitea
-74.87259,-10.19821,San Fausto,Principal,Asháninka,Arawak,ANAP,Pachitea
-74.79364,-10.18212,Shirarine,Principal,Asháninka,Arawak,ANAP,Pachitea
-74.75242,-10.16806,El Solitario,Principal,Asháninka,Arawak,ANAP,Pachitea
-74.82981,-10.21513,San Jorge,Anexo,Asháninka,Arawak,ANAP,Pachitea
-74.88094,-10.27794,Túpac Amaru,Principal,Asháninka,Arawak,ANAP,Pachitea
-74.79252,-10.23017,Flor de un Día de Anacayali,Principal,Asháninka,Arawak,ANAP,Pachitea
-74.78014,-10.24813,Buenaventura,Principal,Asháninka,Arawak,ANAP,Pachitea
-74.77123,-10.27888,Florida,Anexo,Asháninka,Arawak,ANAP,Pachitea
-74.75972,-10.28291,Betania,Principal,Asháninka,Arawak,ANAP,Pachitea
-74.72938,-10.30632,Madre de Dios,Principal,Asháninka,Arawak,ANAP,Pachitea
-74.77199,-10.34494,Jordán,Principal,Asháninka,Arawak,ANAP,Pachitea
-74.99715,-10.6,San Francisco de Alto Azupizu,Principal,Amuesha (Yánesha),Arawak,FECONAYA,Pachitea
-74.85171,-10.37072,Parceleros Nevati,Principal,Asháninka,Arawak,ANAP,Pachitea
-74.83467,-10.3683,Nevati,Principal,Asháninka,Arawak,ANAP,Pachitea
-74.7373,-10.37728,Loreto,Principal,Asháninka,Arawak,ANAP,Pachitea
-74.74337,-10.39187,Huacamayo de Neguache,Principal,Asháninka,Arawak,ANAP,Pachitea
-74.76394,-10.3971,Nueva Unión,Principal,Asháninka,Arawak,ANAP,Pachitea
-74.79141,-10.41052,Santa Isabel,Principal,Asháninka,Arawak,ANAP,Pachitea
-74.62018,-10.3558,San Alejandro,Principal,Asháninka,Arawak,ANAP,Pachitea
-74.89526,-10.44953,Palmacocha,Anexo,Asháninka,Arawak,ANAP,Pachitea
-74.83887,-10.44823,San Pablo,Principal,Asháninka,Arawak,ANAP,Pachitea
-74.84375,-10.45223,Capelo,Anexo,Asháninka,Arawak,ANAP,Pachitea
-74.78608,-10.44713,Valle Carhuaz,Principal,Asháninka,Arawak,ANAP,Pachitea
-74.77211,-10.44881,San Fernando de Machuriani,Principal,Asháninka,Arawak,ANAP,Pachitea
-74.88123,-10.47589,San Pedro,Principal,Asháninka,Arawak,ANAP,Pachitea
-74.83313,-10.47286,Primavera,Anexo,Asháninka,Arawak,ANAP,Pachitea
-74.80117,-10.47139,Sardis,Anexo,Asháninka,Arawak,ANAP,Pachitea
-74.83052,-10.4869,Centro Unión,Anexo,Asháninka,Arawak,ANAP,Pachitea
-74.8192,-10.49464,San Juan de Dios,Anexo,Asháninka,Arawak,ANAP,Pachitea
-74.82805,-10.52468,Manichari,Anexo,Asháninka,Arawak,ANAP,Pachitea
-74.80913,-10.5375,Florida,Principal,Asháninka,Arawak,ANAP,Pachitea
-74.68106,-10.47899,Camisea,Principal,Asháninka,Arawak,ANAP,Pachitea
-74.48895,-10.49599,La Paz de Pucharine,Principal,Asháninka,Arawak,ANAP,Pachitea
-74.60337,-10.5481,San Antonio de Ametzironi,Principal,Asháninka,Arawak,ANAP,Pachitea
-74.79088,-10.62032,Quimpichari,Principal,Asháninka,Arawak,ANAP,Pachitea
-74.72104,-10.71966,San Carlos de Shimbitachari,Principal,Asháninka,Arawak,ANAP,Pachitea
-74.73512,-10.75793,Shimoyani-Kokari,Principal,Asháninka,Arawak,ANAP,Pachitea
-74.70257,-10.7885,Paratoshari,Principal,Asháninka,Arawak,ANAP,Pachitea
-75.03978,-9.92396,Puerto Porvenir,Principal,Asháninka,Arawak,ANAP,Pachitea
-75.00505,-9.94696,Porvenir,Anexo,Asháninka,Arawak,ANAP,Pachitea
-75.10749,-9.99054,Asociación Agricultores Indigenas Lorencillo,Principal,Amuesha (Yánesha),Arawak,UNAY,Pachitea
-75.11244,-10.06146,24 de Junio,Anexo,Asháninka,Arawak,ANAP,Pachitea
-75.08858,-10.10951,San José de Santariani,Principal,Asháninka,Arawak,ANAP,Pachitea
-75.05734,-10.12995,Miraflores,Anexo,Asháninka,Arawak,ANAP,Pachitea
-75.02303,-10.16052,San Carlos-Cajonari,Anexo,Asháninka,Arawak,ANAP,Pachitea
-75.0195,-10.22112,San Martín,Anexo,Asháninka,Arawak,ANAP,Pachitea
-74.98789,-10.21865,Villa Alegre de Quirishari,Principal,Asháninka,Arawak,ANAP,Pachitea
-74.94369,-10.22155,Puerto Alegre,Anexo,Asháninka,Arawak,ANAP,Pachitea
-74.98156,-10.29021,Santa Isabel,Principal,Asháninka,Arawak,ANAP,Pachitea
-74.99404,-10.30768,Agrupacion Bellavista,Principal,Asháninka,Arawak,ANAP,Pachitea
-75.00405,-10.33593,Unión Juventud,Principal,Asháninka,Arawak,ANAP,Pachitea
-74.98596,-10.34298,Santa Rosa de Chivis,Principal,Asháninka,Arawak,ANAP,Pachitea
-74.89425,-10.32126,Presby Flor de Mayo,Principal,Asháninka,Arawak,ANAP,Pachitea
-74.94992,-10.36442,San Juan de Chivis,Principal,Asháninka,Arawak,ANAP,Pachitea
-74.9625,-10.39227,Alto Chivis,Anexo,Asháninka,Arawak,ANAP,Pachitea
-74.9093,-10.38722,San José de Azupizu,Principal,Asháninka,Arawak,ANAP,Pachitea
-74.89587,-10.41321,Santa Isidora,Principal,Asháninka,Arawak,ANAP,Pachitea
-74.94301,-10.43303,Alvariño,Anexo,Asháninka,Arawak,ANAP,Pachitea
-74.91271,-10.43421,Puerto Yesupe,Anexo,Asháninka,Arawak,ANAP,Pachitea
-74.92419,-10.46514,Chinchihuaki,Anexo,Asháninka,Arawak,ANAP,Pachitea
-74.92527,-10.48329,Coybol,Anexo,Asháninka,Arawak,ANAP,Pachitea
-74.90052,-10.48108,Puerto Pascuala,Principal,Asháninka,Arawak,ANAP,Pachitea
-74.9668,-10.52742,Meriaro,Principal,Asháninka,Arawak,ANAP,Pachitea
-74.91949,-10.51141,Septimo Unidos de Santa Fé de Aguachini,Principal,Asháninka,Arawak,ANAP,Pachitea
-74.88193,-10.51268,Hawai,Anexo,Asháninka,Arawak,ANAP,Pachitea
-74.89791,-10.54979,Miritiriani,Anexo,Asháninka,Arawak,ANAP,Pachitea
-74.90052,-10.59872,Acolla,Anexo,Asháninka,Arawak,ANAP,Pachitea
-74.92908,-10.65137,Platanillo Shimaki,Anexo,Asháninka,Arawak,ANAP,Pachitea
-74.73694,-9.64155,Tres Hermanos del Sira,Principal,Asháninka,Arawak,ANAP,Pachitea
-75.45311,-10.51429,Gramazu,Anexo,Amuesha (Yánesha),Arawak,FECONAYA,Pachitea
-75.45046,-10.52223,Sipizu,Anexo,Amuesha (Yánesha),Arawak,FECONAYA,Pachitea
-75.44012,-10.52778,Quillazu,Anexo,Amuesha (Yánesha),Arawak,FECONAYA,Pachitea
-75.42791,-10.53745,Arcuzazu,Anexo,Amuesha (Yánesha),Arawak,FECONAYA,Pachitea
-75.441,-10.54357,Miraflores,Anexo Principal,Amuesha (Yánesha),Arawak,FECONAYA,Pachitea
-75.36003,-9.80965,Los Angeles,Principal,Amuesha (Yánesha),Arawak,FECONAYA,Pachitea
-70.97474,-9.95725,Nueva Luz,Principal,Cashinahua,Pano,FECONAPU,Purús
-71.02267,-9.96347,Curanjillo,Principal,Cashinahua,Pano,FECONAPU,Purús
-71.06264,-9.98927,Nueva Vida,Anexo,Cashinahua,Pano,FECONAPU,Purús
-71.1006,-10.06037,Colombiana,Principal,Cashinahua,Pano,FECONAPU,Purús
-71.13913,-10.05609,El Triunfo,Principal,Cashinahua,Pano,FECONAPU,Purús
-71.18585,-10.09502,Balta,Principal,Cashinahua,Pano,FECONAPU,Purús
-71.25941,-10.14668,Puerto Paz,Anexo,Shipibo-Conibo,Pano,FECONAPU,Purús
-71.19906,-10.09834,Santa Rey,Principal,Cashinahua,Pano,FECONAPU,Purús
-70.88776,-9.93018,Nueva Esperanza,Principal,Cashinahua,Pano,FECONAPU,Purús
-70.72351,-9.79224,San José,Anexo,Cashinahua,Pano,FECONAPU,Purús
-70.73089,-9.77899,San Francisco,Anexo,Cashinahua,Pano,FECONAPU,Purús
-70.76181,-9.7855,Nuevo Belén,Anexo,Cashinahua,Pano,FECONAPU,Purús
-70.78061,-9.79336,San Francisco Pikiniki Bufeo,Principal,Cashinahua,Pano,FECONAPU,Purús
-70.7924,-9.807,Cantagallo,Principal,Cashinahua,Pano,FECONAPU,Purús
-70.80153,-9.79473,Bufeo,Anexo,Cashinahua,Pano,FECONAPU,Purús
-70.81951,-9.8008,Cashuera,Principal,Cashinahua,Pano,FECONAPU,Purús
-70.84178,-9.80984,Flor de Mayo,Principal,Sharanahua,Pano,No Existe,Purús
-70.8512,-9.81313,Nuevo San Martín,Principal,Cashinahua,Pano,FECONAPU,Purús
-70.85855,-9.84905,Zapote,Principal,Culina,Arawa,No Existe,Purús
-70.87492,-9.88318,San Marcos,Principal,Sharanahua,Pano,FECONAPU,Purús
-70.95675,-10.01353,Santa Margarita,Principal,Sharanahua,Pano,FECONAPU,Purús
-71.00117,-10.09093,Paraiso,Anexo,Sharanahua,Pano,FECONAPU,Purús
-70.99915,-10.1059,Mapalfa,Anexo,Sharanahua,Pano,FECONAPU,Purús
-71.00886,-10.15896,Dina,Principal,Sharanahua,Pano,FECONAPU,Purús
-71.00178,-10.15345,Gasta Bala,Principal,Sharanahua,Pano,FECONAPU,Purús
-71.11325,-10.30826,Laureano,Principal,Amahuaca,Pano,FECONAPU,Purús
-71.14983,-10.40568,Monterrey,Principal,Piro (Yine),Arawak,FECONAPU,Purús
-70.74445,-9.79763,Conta,Principal,Cashinahua,Pano,FECONAPU,Purús
-70.69618,-9.7237,Bola de Oro,Principal,Sharanahua,Pano,FECONAPU,Purús
-70.65686,-9.68888,Tres Bolas,Anexo,Sharanahua,Pano,No Existe,Purús
-70.64158,-9.67308,Catay,Principal,Mastanahua,Pano,No Existe,Purús
-70.63839,-9.62751,Alberto Delgado,Anexo,Culina,Arawa,No Existe,Purús
-70.61964,-9.58503,San Bernardo,Principal,Culina,Arawa,No Existe,Purús
-70.6012,-9.57649,Salón de Shambuyacu,Anexo,Culina,Arawa,No Existe,Purús
-70.5695,-9.55101,Nueva Alianza,Anexo,Culina,Arawa,No Existe,Purús
-70.5597,-9.53356,Pozo San Martín,Principal,Culina,Arawa,No Existe,Purús
-70.54812,-9.52578,Naranjal,Principal,Mastanahua,Pano,FECONAPU,Purús
-70.92775,-9.94893,Miguel Grau,Principal,Cashinahua,Pano,FECONAPU,Purús
-71.00595,-10.1093,Santa Clara,Anexo,Sharanahua,Pano,FECONAPU,Purús
-70.68383,-9.72259,Pankirentzy,Principal,Asháninka,Arawak,FECONAPU,Purús
-70.70889,-9.70269,Renacimiento Ashaninca,Principal,Asháninka,Arawak,FECONAPU,Purús
-74.51788,-11.1695,Santa Rosa de Kiriari,Principal,Asháninka,Arawak,CECONSEC,Perené
-74.52117,-11.20748,Huantashiri,Principal,Asháninka,Arawak,No Existe,Perené
-74.58223,-11.27337,Santa Barbara de Sanibeni,Principal,Asháninka,Arawak,CECONSEC,Perené
-74.55715,-11.26491,Santa Guillermina,Principal,Asháninka,Arawak,No Existe,Perené
-74.55451,-11.37624,Teoria,Principal,Asháninka,Arawak,CECONSEC,Perené
-74.5377,-11.36656,Valle Samaria,Anexo,Asháninka,Arawak,CECONSEC,Perené
-74.50563,-11.32121,Cañete,Principal,Asháninka,Arawak,CECONSEC,Perené
-74.39959,-11.10242,San José de Quirichari,Principal,Asháninka,Arawak,No Existe,Perené
-74.42807,-11.26432,Poshonari-Shejaroteni,Principal,Asháninka,Arawak,CECONSEC,Perené
-74.43339,-11.23271,Panga,Principal,Asháninka,Arawak,CECONSEC,Perené
-74.6529,-11.2984,San José de Panama,Principal,Asháninka,Arawak,CECONSEC,Perené
-74.6806,-11.2981,Umanavanti,Principal,Asháninka,Arawak,CECONSEC,Perené
-74.84355,-11.12059,Yaroni,Principal,Asháninka,Arawak,No Existe,Perené
-74.80726,-11.10489,San Pablo,Principal,Asháninka,Arawak,No Existe,Perené
-74.44534,-11.13762,Santa Elena,Principal,Asháninka,Arawak,CECONSEC,Perené
-74.4501,-11.17924,Shanqui,Principal,Asháninka,Arawak,CECONSEC,Perené
-74.49797,-11.14845,Santa Ana Alto Pakichari,Principal,Asháninka,Arawak,CECONSEC,Perené
-74.47477,-11.13204,Timpiñari,Principal,Asháninka,Arawak,CECONSEC,Perené
-74.79797,-11.0607,San Pablo de Shimashiro,Anexo,Asháninka,Arawak,No Existe,Perené
-74.8249,-11.13161,Jairiquishi,Principal,Asháninka,Arawak,FECONACA,Perené
-74.75825,-11.21307,Santa Clara,Principal,Asháninka,Arawak,FECONACA,Perené
-74.77834,-11.09833,Ipokiari,Principal,Asháninka,Arawak,No Existe,Perené
-74.56053,-11.41418,Camantaro,Principal,Asháninka,Arawak,CECONSEC,Perené
-74.58494,-11.33179,Pauriali,Principal,Asháninka,Arawak,FECONACA,Perené
-74.55337,-11.32328,José Gálvez,Principal,Asháninka,Arawak,CECONSEC,Perené
-74.80853,-11.16881,Huahuari,Principal,Asháninka,Arawak,FECONACA,Perené
-74.79273,-11.03587,Quimishiripango,Principal,Asháninka,Arawak,CECONSEC,Perené
-74.74531,-11.00805,Boca del Ipoki,Principal,Asháninka,Arawak,FECONABAP,Perené
-74.71437,-11.0182,Somontonari,Principal,Asháninka,Arawak,CECONSEC,Perené
-74.67424,-11.00846,Impitato Cascada,Principal,Asháninka,Arawak,CECONSEC,Perené
-74.66111,-11.01267,Pitocuna,Principal,Asháninka,Arawak,CECONSEC,Perené
-74.74497,-11.04516,Boca del Chenic,Principal,Asháninka,Arawak,FECONACA,Perené
-74.66057,-11.05568,Saureaqui,Anexo,Asháninka,Arawak,CECONSEC,Perené
-74.73193,-11.07808,San Juan de Cheni,Principal,Asháninka,Arawak,No Existe,Perené
-74.62744,-10.97301,Milagro,Anexo,Asháninka,Arawak,CECONSEC,Perené
-74.62192,-10.97333,Aoti,Principal,Asháninka,Arawak,FECONABAP,Perené
-74.61099,-11.03483,Pueblo Joven,Anexo,Asháninka,Arawak,CECONSEC,Perené
-74.52424,-11.00264,Chontaquiari,Anexo,Asháninka,Arawak,FECONABAP,Perené
-74.46144,-11.04561,Chamiriari,Principal,Asháninka,Arawak,FECONABAP,Perené
-74.72088,-11.08819,Pumpuriani,Anexo,Asháninka,Arawak,No Existe,Perené
-74.70753,-11.08817,Yavirironi,Principal,Asháninka,Arawak,CECONSEC,Perené
-74.69519,-11.10068,Bajo Capiri,Principal,Asháninka,Arawak,No Existe,Perené
-74.75593,-11.13621,Shabashipango,Principal,Asháninka,Arawak,No Existe,Perené
-74.71805,-11.13232,Shintzijaroqui,Principal,Asháninka,Arawak,CECONSEC,Perené
-74.68316,-11.13683,Santa Rosa de Panakiari,Principal,Asháninka,Arawak,No Existe,Perené
-74.6417,-11.12027,San Jacinto de Shauriato,Principal,Asháninka,Arawak,CECONSEC,Perené
-74.66834,-11.17341,Arizona Portillo,Principal,Asháninka,Arawak,CECONSEC,Perené
-74.69272,-11.19471,Cushiviani,Principal,Asháninka,Arawak,FECONACA,Perené
-74.64089,-11.19883,San Sebastián,Anexo,Asháninka,Arawak,CECONSEC,Perené
-74.46943,-11.04071,Palomar,Anexo,Asháninka,Arawak,FECONABAP,Perené
-74.53972,-11.13979,Monterrico,Principal,Asháninka,Arawak,CECONSEC,Perené
-74.5607,-11.15814,Paureli,Principal,Asháninka,Arawak,CECONSEC,Perené
-74.5344,-11.15186,El Milagro,Principal,Asháninka,Arawak,CECONSEC,Perené
-74.57568,-11.19378,Bajo San Pascual,Anexo,Asháninka,Arawak,CECONSEC,Perené
-74.62318,-11.21097,Río Bertha,Principal,Asháninka,Arawak,CECONSEC,Perené
-74.62416,-11.22372,Atahualpa,Anexo,Asháninka,Arawak,CECONSEC,Perené
-74.68545,-11.23349,San Miguel,Principal,Asháninka,Arawak,CECONSEC,Perené
-74.55641,-11.20051,San Pascual,Principal,Asháninka,Arawak,CECONSEC,Perené
-74.57706,-11.1035,Alto Sondoveni,Principal,Asháninka,Arawak,CECONSEC,Perené
-74.30856,-11.14879,Puerto Ocopa,Centroide,Asháninka,Arawak,CART,Perené
-75.19628,-9.398,Unipacuyacu,Principal,Cacataibo,Pano,FECONAPIA,Pachitea
-75.28503,-9.52287,Santa Martha,Principal,Cacataibo,Pano,FENACOCA,Pachitea
-74.05149,-10.1036,Quipachari,Principal,Asháninka,Arawak,ORDECONADIT,Ucayali
-73.99296,-10.21591,Jatitza,Principal,Asháninka,Arawak,No Existe,Ucayali
-74.09981,-10.14953,Quempitiari,Principal,Asháninka,Arawak,OIRA,Ucayali
-74.05109,-10.14708,Chumichinia,Anexo,Asháninka,Arawak,OIRA,Ucayali
-74.08307,-10.25614,Diobamba,Principal,Asháninka,Arawak,OIRA,Ucayali
-74.07095,-10.23307,Chanchamayo,Anexo,Asháninka,Arawak,OIRA,Ucayali
-73.85944,-10.17962,Canapishtea,Principal,Asháninka,Arawak,OIDIT,Ucayali
-73.89786,-9.70125,Mapalja,Principal,Asháninka,Arawak,No Existe,Ucayali
-73.73541,-9.76245,Flor de Chengari,Principal,Asháninka,Arawak,No Existe,Ucayali
-73.93615,-10.19713,Puerto Alegre,Principal,Asháninka,Arawak,OIDIT,Ucayali
-73.7196,-8.92007,San Miguel de Chambira,Principal,Asháninka,Arawak,No Existe,Ucayali
-73.17118,-8.98449,Alto Tamaya,Principal,Ashéninka,Arawak,ORDIM,Ucayali
-73.77765,-8.91581,Nueva Amazonia de Tomajao,Principal,Asháninka,Arawak,ORDIM,Ucayali
-73.96469,-8.89302,Cametsa Quipasi,Principal,Asháninka,Arawak,ORDIM,Ucayali
-73.50746,-9.13889,Nueva California de Shatañya,Principal,Asháninka,Arawak,No Existe,Ucayali
-74.20799,-11.13619,Shimabenzo,Principal,Asháninka,Arawak,CART,Tambo
-74.18163,-11.14008,Santaro,Anexo,Asháninka,Arawak,CART,Tambo
-74.04932,-11.19018,Masaroveni,Principal,Asháninka,Arawak,CART,Tambo
-74.04673,-11.19707,Coriteni Tarso,Principal,Asháninka,Arawak,CART,Tambo
-73.91861,-11.21209,Otica,Principal,Asháninka,Arawak,CART,Tambo
-73.80627,-11.26151,Camajini,Principal,Asháninka,Arawak,CART,Tambo
-73.82365,-11.26019,Oviri,Principal,Asháninka,Arawak,CART,Tambo
-73.78986,-11.2729,Anapate,Principal,Asháninka,Arawak,CART,Tambo
-73.69629,-11.26893,Cheni,Principal,Asháninka,Arawak,CART,Tambo
-73.70744,-11.19704,San Francisco de Cushireni,Principal,Asháninka,Arawak,CART,Tambo
-73.67062,-11.2548,Poyeni,Principal,Asháninka,Arawak,CART,Tambo
-73.60356,-11.18716,Selva Verde,Anexo,Asháninka,Arawak,CART,Tambo
-73.68544,-11.22419,Savareni,Anexo,Asháninka,Arawak,CART,Tambo
-73.5798,-11.34791,San Luis de Corinto,Anexo,Asháninka,Arawak,CART,Tambo
-73.55052,-11.4521,Tsoroja,Principal,Asháninka,Arawak,CART,Tambo
-73.69344,-11.17241,Mayapo,Principal,Asháninka,Arawak,CART,Tambo
-73.70837,-11.15449,Ivotsote,Anexo,Asháninka,Arawak,CART,Tambo
-73.71814,-11.09396,Capitiri,Principal,Asháninka,Arawak,CART,Tambo
-73.75583,-11.0552,Betania,Principal,Asháninka,Arawak,CART,Tambo
-73.71946,-11.06698,Sharahuaja,Principal,Asháninka,Arawak,CART,Tambo
-73.7373,-11.0346,Shevoja,Principal,Asháninka,Arawak,CART,Tambo
-73.74763,-11.00343,Quemarija,Principal,Asháninka,Arawak,CART,Tambo
-73.77545,-10.97455,Marankiari,Principal,Asháninka,Arawak,CART,Tambo
-73.72771,-10.91015,Santa Rosita de Shirintiari,Principal,Asháninka,Arawak,CART,Tambo
-73.74046,-10.85063,Impamequiari,Principal,Asháninka,Arawak,CART,Tambo
-73.74315,-10.83455,Garzacocha,Anexo,Asháninka,Arawak,CART,Tambo
-73.75775,-10.89717,Chauja,Anexo,Asháninka,Arawak,CART,Tambo
-73.7142,-10.85852,Chembo,Principal,Asháninka,Arawak,CART,Tambo
-73.6805,-10.86987,Nueva Jerusalem,Anexo,Asháninka,Arawak,CART,Tambo
-73.75217,-10.81064,Buenos Aires,Principal,Asháninka,Arawak,CART,Tambo
-74.24653,-11.16205,Santavancori,Principal,Asháninka,Arawak,CART,Tambo
-73.75561,-10.97078,San Gabriel de Shevoriato,Principal,Asháninka,Arawak,CART,Tambo
-73.7625,-10.79869,Unión Canuja,Principal,Asháninka,Arawak,CART,Tambo
-73.73572,-11.11727,Vista Alegre,Principal,Asháninka,Arawak,CART,Tambo
-73.62537,-11.12773,Yanacita,Principal,Asháninka,Arawak,CART,Tambo
-73.4906,-4.43868,Payorote,Principal,Cocama-Cocamilla (Kukama-Kukamiria),Tupi-Guaraní,No Existe,Amazonas
-74.32207,-2.10697,Puerto Aurora,Principal,"Quechua, Napo (Kichwa)",Quechua,ORKIWAN,Napo
-72.85415,-3.44013,Las Palmeras,Principal,Yagua,Peba Yagua,FEPYBABAN,Amazonas
-72.75916,-3.53818,Yaguas de Catalán,Principal,Yagua,Peba Yagua,FEPYBABAN,Amazonas
-72.67316,-3.52208,Yaguas de Tipishca,Principal,Yagua,Peba Yagua,FEPYBABAN,Amazonas
-72.41802,-3.28438,Cuzco,Principal,Yagua,Tupi-Guaraní,FEPYBABAN,Amazonas
-72.28992,-3.36819,Sabalillo,Principal,Yagua,Peba Yagua,FEPYBABAN,Amazonas
-72.24366,-3.46357,Yanayacu,Principal,Yagua,Peba Yagua,FEPYBABAN,Amazonas
-77.28129,-5.41935,Achu,Principal,Aguaruna (Awajun),Jíbaro,FERIAAM,Marañón
-75.84915,-3.93159,Mangual,Principal,Urarina,Shimaco,CURCHA,Chambira
-75.79063,-3.97889,San Marcos,Principal,Urarina,Shimaco,CURCHA,Chambira
-75.74172,-3.9741,Copalillo,Principal,Urarina,Shimaco,CURCHA,Chambira
-75.67426,-3.928,Buena Vista Anexo Copal,Principal,Urarina,Shimaco,CURCHA,Chambira
-75.66248,-3.97721,Pucuna,Anexo,Urarina,Shimaco,CURCHA,Chambira
-75.60494,-4.03561,Santa Silvia,Anexo,Urarina,Shimaco,CURCHA,Chambira
-75.54067,-4.10074,Santa Rosa de Siamba,Anexo,Urarina,Shimaco,CURCHA,Chambira
-75.45848,-4.1382,Santa Cruz,Anexo,Urarina,Shimaco,CURCHA,Chambira
-75.43646,-4.16577,Pionero,Anexo,Urarina,Shimaco,CURCHA,Chambira
-75.36386,-4.23592,28 de Julio,Anexo,Urarina,Shimaco,CURCHA,Chambira
-75.42031,-4.32284,Nueva York,Principal,Urarina,Shimaco,No Existe,Chambira
-75.43686,-4.33363,Rayayacu,Principal,Urarina,Shimaco,CURCHA,Chambira
-75.34728,-4.35617,Puerto Rico,Anexo,Urarina,Shimaco,CURCHA,Chambira
-75.29807,-4.39552,San Lorenzo Anexo Puerto Rico,Principal,Urarina,Shimaco,CURCHA,Chambira
-75.24599,-4.44936,Santa Cruz del Tagual,Principal,Urarina,Shimaco,CURCHA,Chambira
-75.27499,-4.23729,Pucayacu,Principal,Urarina,Shimaco,CURCHA,Chambira
-75.26499,-4.2729,Nueva Esperanza y Anexos,Principal,Urarina,Shimaco,CURCHA,Chambira
-75.21097,-4.29188,02 de Mayo,Principal,Urarina,Shimaco,CURCHA,Chambira
-75.12851,-4.11402,Patoyacu,Principal,Urarina,Shimaco,No Existe,Chambira
-75.12532,-4.29718,Pijuayal y Anexo Nuevo Zapotal,Principal,Urarina,Shimaco,CURCHA,Chambira
-75.11989,-4.35741,Santa Beatriz,Principal,Urarina,Shimaco,CURCHA,Chambira
-75.11589,-4.37273,San Pedro,Principal,Urarina,Shimaco,CURCHA,Chambira
-75.08431,-4.38608,Santa Carmela,Principal,Urarina,Shimaco,CURCHA,Chambira
-75.06459,-4.2549,Bellavista,Principal,Urarina,Shimaco,No Existe,Chambira
-75.05118,-4.28548,La Petrolera y Anexo Bellavista,Principal,Urarina,Shimaco,CURCHA,Chambira
-75.0434,-4.31286,Santa Teresa,Principal,Urarina,Shimaco,CURCHA,Chambira
-74.93433,-4.27282,Santa Rosa,Principal,Urarina,Shimaco,CURCHA,Chambira
-75.0584,-4.48593,Santa Martha,Principal,Urarina,Shimaco,CURCHA,Chambira
-75.06462,-4.54426,Nueva Unión,Principal,Urarina,Shimaco,CURCHA,Chambira
-75.03568,-4.64718,Nuevo Perú,Principal,Urarina,Shimaco,CURCHA,Chambira
-76.19537,-2.56205,José Olaya,Principal,Achuar,Jíbaro,FECONACO,Corrientes
-76.19253,-2.83805,Nueva Jerusalén,Principal,Achuar,Jíbaro,FECONACO,Corrientes
-75.81259,-2.95496,Antioquia,Anexo,Achuar,Jíbaro,FECONACO,Corrientes
-75.82072,-2.99415,Sauki,Principal,Achuar,Jíbaro,No Existe,Corrientes
-75.79428,-3.01071,Pampa Hermosa,Principal,Achuar,Jíbaro,FECONACO,Corrientes
-75.73655,-3.08847,Pijuayal,Anexo,Achuar,Jíbaro,FECONACO,Corrientes
-75.73345,-3.13659,Belén,Principal,Achuar,Jíbaro,FECONACO,Corrientes
-75.7093,-3.13112,Sión,Anexo,Achuar,Jíbaro,FECONACO,Corrientes
-75.67138,-3.11506,Nueva Valencia,Principal,Achuar,Jíbaro,FECONACO,Corrientes
-75.64274,-3.22465,San José de Nueva Esperanza,Principal,Achuar,Jíbaro,FECONACO,Corrientes
-75.52894,-3.36228,San Ramón,Principal,Achuar,Jíbaro,FECONACO,Corrientes
-75.46836,-3.40584,Dos de Mayo,Anexo,Achuar,Jíbaro,FECONACO,Corrientes
-75.43018,-3.45039,Pucacuro,Principal,Achuar,Jíbaro,FECONACO,Corrientes
-75.37188,-3.54035,Peruanito,Principal,Achuar,Jíbaro,FECONACO,Corrientes
-75.58373,-3.69358,Santa Isabel de Copal,Principal,"Quechua, Pastaza (Kichwa)",Quechua,FECONACO,Corrientes
-75.33171,-3.71029,Boca del Copal,Principal,Achuar,Jíbaro,FECONACO,Corrientes
-75.14617,-3.81293,Nuevo Porvenir,Principal,Urarina,Shimaco,FECONACO,Corrientes
-75.08321,-3.80825,Santa Elena,Principal,Achuar,Jíbaro,FECONACO,Corrientes
-75.01215,-3.79825,Nueva Unión,Principal,Achuar,Jíbaro,FECONACO,Corrientes
-74.95545,-3.79013,Las Palmeras,Principal,Urarina,Shimaco,FECONACO,Corrientes
-74.87784,-3.7923,Cuchara,Principal,Achuar,Jíbaro,FECONACO,Corrientes
-74.63934,-3.77656,San Carlos,Principal,Achuar,Jíbaro,FECONACO,Corrientes
-73.8213,-2.34207,Isla Yarina,Principal,"Quechua, Napo (Kichwa)",Quechua,No Existe,Napo
-73.49534,-2.58874,Santa Elisa,Principal,"Quechua, Napo (Kichwa)",Quechua,No Existe,Napo
-73.81006,-3.90172,San Juan de Ungurahual,Principal,Iquito,Záparo,FECONARINA,Nanay
-73.77697,-3.70433,San Antonio,Principal,Iquito,Záparo,FECONARINA,Nanay
-73.75535,-3.58511,Atalaya,Principal,Iquito,Záparo,FECONARINA,Nanay
-73.25902,-3.64285,San Antonio de Picuro Yacu,Principal,Huitoto,Huitoto,FECONARINA,Nanay
-73.22148,-3.63404,Centro Arenal,Principal,Huitoto,Huitoto,FECONARINA,Nanay
-73.97937,-5.01102,Nuevo Pucate,Principal,Cocama-Cocamilla (Kukama-Kukamiria),Tupi-Guaraní,No Existe,Ucayali
-74.50937,-5.53635,Nueva Independencia,Principal,Cocama-Cocamilla (Kukama-Kukamiria),Tupi-Guaraní,ADECOP,Ucayali
-74.53759,-5.55023,Nuevo Encanto,Principal,Cocama-Cocamilla (Kukama-Kukamiria),Tupi-Guaraní,ADECOP,Ucayali
-74.56633,-5.5698,Bolivar,Principal,Cocama-Cocamilla (Kukama-Kukamiria),Tupi-Guaraní,ADECOP,Ucayali
-74.65287,-5.59233,Nuevo Polo Sur,Principal,Cocama-Cocamilla (Kukama-Kukamiria),Tupi-Guaraní,ADECOP,Ucayali
-74.66677,-5.61687,Nuevo Liberal,Principal,Cocama-Cocamilla (Kukama-Kukamiria),Tupi-Guaraní,ADECOP,Ucayali
-74.68527,-5.62409,Nuevo San Antonio,Principal,Cocama-Cocamilla (Kukama-Kukamiria),Tupi-Guaraní,No Existe,Ucayali
-74.68173,-5.66035,Victoria,Principal,Cocama-Cocamilla (Kukama-Kukamiria),Tupi-Guaraní,ADECOP,Ucayali
-74.68121,-5.75281,Obrero II Zona,Principal,Cocama-Cocamilla (Kukama-Kukamiria),Tupi-Guaraní,No Existe,Ucayali
-74.67063,-5.77697,Obrero,Principal,Cocama-Cocamilla (Kukama-Kukamiria),Tupi-Guaraní,ADECOP,Ucayali
-74.68679,-5.80386,Nuevo Clavero,Principal,Cocama-Cocamilla (Kukama-Kukamiria),Tupi-Guaraní,ADECOP,Ucayali
-74.69611,-5.82887,Oceanía,Principal,Cocama-Cocamilla (Kukama-Kukamiria),Tupi-Guaraní,ADECOP,Ucayali
-74.97085,-6.323,Selva Alegre,Principal,Cocama-Cocamilla (Kukama-Kukamiria),Tupi-Guaraní,No Existe,Ucayali
-75.61742,-8.16671,La Cumbre,Principal,Shipibo-Conibo,Pano,FECONACURPI,Ucayali
-75.64849,-8.18689,Nuevo Edén,Principal,Shipibo-Conibo,Pano,FECONACURPI,Ucayali
-75.01404,-7.74638,Nuevo Nazareth,Anexo,Shipibo-Conibo,Pano,FECIDPAM,Ucayali
-75.048,-7.63937,Santa María,Principal,Shipibo-Conibo,Pano,FECONBU,Ucayali
-74.8574,-0.33709,Santa Teresita,Principal,Huitoto,Huitoto,FECONAFROPU,Putumayo
-74.75812,-0.28887,Miraflores,Principal,"Quechua, No Especificado",Quechua,FECONAFROPU,Putumayo
-74.37667,-0.74556,Zambelín de Yaricaya,Principal,Secoya,Tucano,FECONAFROPU,Putumayo
-74.38044,-0.83567,Mashunta,Principal,Secoya,Tucano,FECONAFROPU,Putumayo
-74.29089,-0.82464,Puerto Argelia,Anexo,"Quechua, No Especificado",Quechua,FECONAFROPU,Putumayo
-74.27169,-0.84807,Nueva Ipiranga,Principal,"Quechua, No Especificado",Quechua,FECONAFROPU,Putumayo
-74.31001,-0.90181,Nueva Angusilla,Principal,"Quechua, No Especificado",Quechua,FECONAFROPU,Putumayo
-74.41626,-0.96956,Belén,Anexo,Secoya,Tucano,FECONAFROPU,Putumayo
-74.27861,-0.95717,Urco Miraño,Anexo,"Quechua, No Especificado",Quechua,FECONAFROPU,Putumayo
-74.32511,-1.01053,Bellavista,Principal,Secoya,Tucano,No Existe,Putumayo
-74.30408,-1.00814,Santa Rita,Anexo,Secoya,Tucano,FECONAFROPU,Putumayo
-74.28324,-1.00368,San Martín de Porres,Principal,Secoya,Tucano,FECONAFROPU,Putumayo
-74.25721,-0.99689,Nueva Esperanza y Anexos Nueva Jerusalén y Urco Miraño,Principal,"Quechua, No Especificado",Quechua,FECONAFROPU,Putumayo
-74.20935,-1.01497,Nuevo Jerusalén,Anexo,"Quechua, No Especificado",Quechua,FECONAFROPU,Putumayo
-73.86236,-1.23725,Yabuyanos,Principal,"Quechua, No Especificado",Quechua,FECONAFROPU,Putumayo
-73.4109,-1.7901,Santa Mercedes,Principal,"Quechua, No Especificado",Quechua,FECONAFROPU,Putumayo
-73.32677,-1.82405,Puerto Arturo,Principal,"Quechua, No Especificado",Quechua,FECONAFROPU,Putumayo
-73.11686,-1.93377,San Juan,Principal,Bora (Bóóráá),Bora,FECONAFROPU,Putumayo
-73.1441,-2.08639,Soledad,Principal,Huitoto,Huitoto,FECONAFROPU,Putumayo
-73.12535,-2.09507,Puerto Limón,Principal,Huitoto,Huitoto,FECONAFROPU,Putumayo
-73.17245,-2.21276,San Francisco y Anexo Puerto Alegre,Principal,Huitoto,Huitoto,FECONAFROPU,Putumayo
-73.10432,-2.32787,8 de Diciembre,Principal,Huitoto,Huitoto,FECONAFROPU,Putumayo
-73.0855,-2.33535,Santa Lucia,Principal,Yagua,Peba Yagua,FECONAFROPU,Putumayo
-73.07144,-2.35856,Flor de Agosto,Principal,"Quechua, No Especificado",Quechua,FECONAFROPU,Putumayo
-72.91777,-2.45036,7 de Mayo y Anexo Bagazán,Principal,Huitoto,Huitoto,FECONAFROPU,Putumayo
-72.75142,-2.43088,Puerto Aurora y Anexo Costa Azul,Principal,"Quechua, No Especificado",Quechua,FECONAFROPU,Putumayo
-72.82302,-2.61252,San Pablo de Totolla,Principal,Orejón (Mae Juna),Tucano,FECONAFROPU,Putumayo
-72.68368,-2.46817,Mairidicai,Principal,Huitoto,Huitoto,FECONAFROPU,Putumayo
-72.5478,-2.40698,Nuevo Porvenir,Principal,"Quechua, No Especificado",Quechua,FECONAFROPU,Putumayo
-72.38648,-2.4807,Nuevo Perú y Anexo Nuevo Progreso,Principal,Yagua,Peba Yagua,FECONAFROPU,Putumayo
-71.91549,-2.37099,Esperanza,Principal,Huitoto,Huitoto,FECONAFROPU,Putumayo
-71.92179,-2.3501,La Florida,Principal,Huitoto,Huitoto,FECONAFROPU,Putumayo
-71.88793,-2.31652,Siete de Agosto,Principal,Ocaina,Huitoto,FECONAFROPU,Putumayo
-71.74112,-2.22987,Punchana,Principal,Huitoto,Huitoto,FECONAFROPU,Putumayo
-71.17763,-2.40944,Remanso,Principal,Huitoto,Huitoto,FECOIBAP,Putumayo
-70.94944,-2.25907,Curinga,Principal,"Quechua, No Especificado",Quechua,FECOIBAP,Putumayo
-70.16182,-2.78501,Santa Rosa de Cauchillo,Principal,Ticuna,Ticuna,FECOIBAP,Putumayo
-70.12564,-2.71145,Primavera,Principal,Ticuna,Ticuna,FECOIBAP,Putumayo
-74.40294,-4.66617,Nuevo Arica,Principal,Cocama-Cocamilla (Kukama-Kukamiria),Tupi-Guaraní,AIDECOS,Samiria
-74.40236,-4.68795,San Martín de Tipishca,Principal,Cocama-Cocamilla (Kukama-Kukamiria),Tupi-Guaraní,AIDECOS,Samiria
-74.33482,-4.64701,Santa Clara,Principal,Cocama-Cocamilla (Kukama-Kukamiria),Tupi-Guaraní,AIDECOS,Samiria
-74.33652,-4.68709,Bolivar,Principal,Cocama-Cocamilla (Kukama-Kukamiria),Tupi-Guaraní,AIDECOS,Samiria
-74.29883,-4.66977,Leoncio Prado,Principal,Cocama-Cocamilla (Kukama-Kukamiria),Tupi-Guaraní,AIDECOS,Samiria
-74.27477,-4.66936,Nueva Fortuna,Principal,Cocama-Cocamilla (Kukama-Kukamiria),Tupi-Guaraní,AIDECOS,Samiria
-74.25879,-4.69563,San José de Samiria,Principal,Cocama-Cocamilla (Kukama-Kukamiria),Tupi-Guaraní,AIDECOS,Samiria
-74.20972,-4.68301,San Miguel,Principal,Cocama-Cocamilla (Kukama-Kukamiria),Tupi-Guaraní,AIDECOS,Samiria
-75.80313,-2.38609,12 de Octubre,Principal,"Quechua, No Especificado",Quechua,FECONAT,Tigre
-75.80256,-2.42502,Maríscal Avelino Cáceres,Anexo,"Quechua, No Especificado",Quechua,FECONAT,Tigre
-75.77521,-2.47409,Marsella,Principal,"Quechua, No Especificado",Quechua,FECONAT,Tigre
-75.72311,-2.52244,San Juan,Principal,"Quechua, No Especificado",Quechua,FECONAT,Tigre
-75.6886,-2.56577,Vista Alegre,Principal,"Quechua, No Especificado",Quechua,FECONAT,Tigre
-75.58032,-2.60493,Teniente Ruiz,Anexo,"Quechua, No Especificado",Quechua,FECONAT,Tigre
-75.53323,-2.69289,Nuevo Canaán,Principal,"Quechua, No Especificado",Quechua,FECONAT,Tigre
-75.29976,-3.02959,Paiche Playa,Principal,"Quechua, No Especificado",Quechua,FECONAT,Tigre
-75.28995,-3.08113,Pampa Hermosa,Anexo,"Quechua, No Especificado",Quechua,FECONAT,Tigre
-74.80181,-3.47593,28 de Julio,Principal,"Quechua, No Especificado",Quechua,FECONAT,Tigre
-74.79003,-3.48567,Alfonso Ugarte,Principal,"Quechua, No Especificado",Quechua,FECONAT,Tigre
-74.81699,-3.51285,Santa Clara de Yarinal,Principal,"Quechua, No Especificado",Quechua,FECONAT,Tigre
-74.69438,-3.51308,Santa Elena,Principal,"Quechua, No Especificado",Quechua,FECONAT,Tigre
-74.68842,-3.57676,Nueva Jerusalén,Principal,"Quechua, No Especificado",Quechua,FECONAT,Tigre
-74.74483,-3.68175,San Juan de Pavayacu,Principal,"Quechua, No Especificado",Quechua,FECONAT,Tigre
-74.56427,-3.67213,Belén,Principal,"Quechua, No Especificado",Quechua,FECONAT,Tigre
-74.31054,-3.94348,San Jorge,Principal,"Quechua, No Especificado",Quechua,FECONAT,Tigre
-74.30283,-3.94878,Nuevo Paraíso,Principal,Cocama-Cocamilla (Kukama-Kukamiria),Tupi-Guaraní,FECONAT,Tigre
-74.30803,-3.95651,Santa Cruz,Principal,"Quechua, No Especificado",Quechua,FECONAT,Tigre
-74.47767,-3.74447,San Andrés,Centroide,"Quechua, No Especificado",Quechua,FECONAT,Tigre
-74.32181,-4.62818,Shapajilla,Principal,Cocama-Cocamilla (Kukama-Kukamiria),Tupi-Guaraní,AIDECOS,Marañón
-74.3152,-4.63134,Nuevo San Juan,Principal,Cocama-Cocamilla (Kukama-Kukamiria),Tupi-Guaraní,AIDECOS,Marañón
-69.9026,-12.63554,Shiringayoc,Principal,Ese Eja,Tacana,FENAMAD,Madre de Dios
-70.52082,-12.6878,San José de Karene,Principal,Harakmbut,Harakmbut,FENAMAD,Madre de Dios
-70.59687,-12.74591,Puerto Luz,Principal,Harakmbut,Harakmbut,FENAMAD,Madre de Dios
-70.58714,-12.92156,Barranco Chico,Principal,Harakmbut,Harakmbut,FENAMAD,Madre de Dios
-70.27295,-13.13061,Kotsimba,Principal,Pukirieri,Harakmbut,FENAMAD,Madre de Dios
-70.34544,-13.00743,Arazaire,Principal,Arazaire,Harakmbut,FENAMAD,Madre de Dios
-69.37125,-12.54802,Tres Islas,Principal,Shipibo-Conibo,Pano,FENAMAD,Madre de Dios
-69.39172,-12.57739,San Jacinto,Principal,Shipibo-Conibo,Pano,FENAMAD,Madre de Dios
-69.27055,-12.56938,El Pilar,Principal,Shipibo-Conibo,Pano,FENAMAD,Madre de Dios
-69.73612,-12.7186,Boca del Inambari,Principal,Harakmbut,Harakmbut,FENAMAD,Madre de Dios
-76.95083,-4.19004,Barranquillo,Anexo,Candoshi (Kandozi),Candoshi,FECONACADIP,Pastaza
-76.43906,-4.72275,Campo Verde,Principal,"Quechua, Pastaza (Kichwa)",Quechua,FEDIQUEP,Pastaza
-76.94454,-4.19569,Capirona,Anexo,Candoshi (Kandozi),Candoshi,FECONACADIP,Pastaza
-76.93052,-4.23626,Caspa Cocha,Anexo,Candoshi (Kandozi),Candoshi,FECONACADIP,Pastaza
-76.6955,-4.29008,Charapa Cocha,Anexo,Candoshi (Kandozi),Candoshi,FECONACADIP,Pastaza
-76.93023,-4.242,Chuinda Cocha,Anexo,Candoshi (Kandozi),Candoshi,FECONACADIP,Pastaza
-76.88909,-4.35446,Domingo Cocha,Anexo,Candoshi (Kandozi),Candoshi,FECONACADIP,Pastaza
-76.92394,-4.267,Hifco,Anexo,Candoshi (Kandozi),Candoshi,FECONACADIP,Pastaza
-76.85675,-4.391,Huambra Cocha,Principal,Candoshi (Kandozi),Candoshi,FECONACADIP,Pastaza
-75.95713,-4.65655,Huancayo,Principal,Candoshi (Kandozi),Tupi-Guaraní,OKAN,Nucuray
-76.9443,-4.20607,Ihuaqui Cocha,Anexo,Candoshi (Kandozi),Candoshi,FECONACADIP,Pastaza
-77.07336,-4.01341,Limón Cocha,Principal,Candoshi (Kandozi),Candoshi,FECONACADIP,Pastaza
-76.65763,-4.45146,Musakarusha,Principal,Candoshi (Kandozi),Candoshi,FECONACADIP,Pastaza
-76.8838,-4.35715,Nueva Alegría,Anexo,Candoshi (Kandozi),Candoshi,FECONACADIP,Pastaza
-76.04748,-4.47327,Nueva Alianza de Huacamayo,Principal,Candoshi (Kandozi),Quechua,OKAN,Nucuray
-76.85687,-4.38611,Nueva Huambra Cocha,Anexo,Candoshi (Kandozi),Candoshi,FECONACADIP,Pastaza
-76.82133,-4.36078,Nueva Unión,Anexo,Candoshi (Kandozi),Candoshi,FECONACADIP,Pastaza
-76.93045,-4.2523,Nueva Yarina y Anexos,Principal,Candoshi (Kandozi),Candoshi,FECONACADIP,Pastaza
-76.94425,-4.21186,Nuevo América,Anexo,Candoshi (Kandozi),Candoshi,FECONACADIP,Pastaza
-76.05191,-4.48311,Nuevo Arica,Principal,Candoshi (Kandozi),Candoshi,OKAN,Nucuray
-76.89618,-4.34411,Nuevo Belén,Anexo,Candoshi (Kandozi),Candoshi,FECONACADIP,Pastaza
-76.97536,-4.18555,Nuevo Caimito,Anexo,Candoshi (Kandozi),Candoshi,FECONACADIP,Pastaza
-76.70087,-4.27184,Nuevo Chingana,Anexo,Candoshi (Kandozi),Candoshi,FECONACADIP,Pastaza
-76.99178,-4.17696,Nuevo Egipto,Anexo,Candoshi (Kandozi),Candoshi,FECONACADIP,Pastaza
-77.05672,-4.05327,Nuevo Limón Cocha,Anexo,Shapra (Chapara),Candoshi,FECONACADIP,Pastaza
-76.4445,-4.47282,Nuevo Mambuyacu,Principal,Candoshi (Kandozi),Candoshi,FECONACADIP,Pastaza
-76.44692,-4.49804,Nuevo Nazareth,Anexo,Candoshi (Kandozi),Quechua,FECONACADIP,Pastaza
-76.27265,-4.11912,Nuevo Tinajayo,Principal,Candoshi (Kandozi),Candoshi,OKAN,Nucuray
-75.98517,-4.63829,Progreso de Nucuray,Principal,Candoshi (Kandozi),Quechua,OKAN,Nucuray
-76.01153,-4.5761,Pucallpa,Principal,Candoshi (Kandozi),Candoshi,OKAN,Nucuray
-76.87152,-4.35281,Puerto Aguajal,Anexo,Candoshi (Kandozi),Candoshi,FECONACADIP,Pastaza
-76.88695,-4.35855,Puerto Angara,Anexo,Candoshi (Kandozi),Candoshi,FECONACADIP,Pastaza
-76.91138,-4.32607,Puerto Belén,Anexo,Candoshi (Kandozi),Candoshi,FECONACADIP,Pastaza
-76.72414,-4.25953,Puerto Chingana,Principal,Candoshi (Kandozi),Candoshi,FECONACADIP,Pastaza
-76.99813,-4.1358,Puerto Mayna,Anexo,Candoshi (Kandozi),Candoshi,FECONACADIP,Pastaza
-76.70543,-4.25251,Puerto Pirumba,Anexo,Candoshi (Kandozi),Candoshi,FECONACADIP,Pastaza
-76.75219,-4.21147,Puerto Requena,Principal,Candoshi (Kandozi),Candoshi,FECONACADIP,Pastaza
-76.956,-4.19166,Puerto Tangama,Anexo,Candoshi (Kandozi),Candoshi,FECONACADIP,Pastaza
-76.83474,-4.05802,Puerto Unguri,Principal,Candoshi (Kandozi),Candoshi,FECONACADIP,Pastaza
-76.69407,-4.20708,Puerto Wichi,Anexo,Candoshi (Kandozi),Candoshi,FECONACADIP,Pastaza
-77.04786,-4.10027,Samaria,Anexo,Candoshi (Kandozi),Candoshi,FECONACADIP,Pastaza
-75.90122,-4.74125,San Fernando,Principal,Cocama-Cocamilla (Kukama-Kukamiria),Tupi-Guaraní,OKAN,Nucuray
-75.7421,-4.92536,San Jorge,Principal,Candoshi (Kandozi),Cahuapana,OKAN,Nucuray
-76.93945,-4.21494,San Ramón,Anexo,Candoshi (Kandozi),Candoshi,FECONACADIP,Pastaza
-76.91633,-4.30523,Sumbachi Cocha,Anexo,Candoshi (Kandozi),Candoshi,FECONACADIP,Pastaza
-76.91598,-4.27776,Tapashi Cocha,Anexo,Candoshi (Kandozi),Candoshi,FECONACADIP,Pastaza
-76.20692,-4.12841,Unión,Principal,Candoshi (Kandozi),Quechua,OKAN,Nucuray
-75.9309,-4.67635,Unión Barranquita,Principal,Candoshi (Kandozi),Tupi-Guaraní,OKAN,Nucuray
-74.56869,-8.16583,Puerto Aurora,Principal,Shipibo-Conibo,Pano,FECONAU,Ucayali
-72.76474,-9.61214,Doradillo,Anexo,Yaminahua,Pano,ACONADIYSH,Yurua
-72.51298,-9.96025,Nuevo Edén,Principal,Ashéninka,Arawak,ACONADIYSH,Yurua
-72.73815,-9.86613,Nueva Bella,Principal,Ashéninka,Arawak,ACONADIYSH,Yurua
-72.90237,-10.02301,Nueva Luz de Arara,Principal,Asháninka,Arawak,No Existe,Yurua
-73.07767,-10.03053,Onconashary,Principal,Asháninka,Arawak,No Existe,Yurua
-72.7482,-9.52356,Nueva Santa Ana,Principal,Asháninka,Arawak,UCIF,Yurua
-72.67917,-9.76352,Dulce Gloria,Principal,Ashéninka,Arawak,ACONADIYSH,Yurua
-72.776,-9.60373,El Dorado,Principal,Yaminahua,Pano,ACONADIYSH,Yurua
-72.82973,-9.99449,Paititi,Principal,Asháninka,Arawak,ARPAU,Yurua
-72.71632,-9.70631,San Pablo,Principal,Yaminahua,Pano,ACONADIYSH,Yurua
-72.79202,-9.57039,Nueva Victoria,Principal,Asháninka,Arawak,ACONADIYSH,Yurua
-72.75656,-9.50562,Santa Rosa,Principal,Amahuaca,Pano,ACONADIYSH,Yurua
-72.72283,-9.72054,San Pablillo,Anexo,Yaminahua,Pano,ACONADIYSH,Yurua
-74.0847,-6.00342,Palmera del Tapiche,Principal,Capanahua,Pano,No Existe,Tapiche
-74.32751,-6.62256,Limón Cocha,Principal,Capanahua,Pano,No Existe,Tapiche
-74.38497,-6.48351,Monte Alegre,Principal,Capanahua,Pano,No Existe,Tapiche
-74.32599,-6.57029,Nuestra Señora de Fátima Sector A,Principal,Capanahua,Pano,No Existe,Tapiche
-74.31005,-6.24968,Yarina Frontera Topal,Principal,Capanahua,Pano,No Existe,Tapiche
-76.91061,-3.35213,Chintu,Anexo,Achuar,Jíbaro,Achuarti Iruntramu,Pastaza
-76.91488,-3.45965,Chuintar,Principal,Achuar,Jíbaro,Achuarti Iruntramu,Pastaza
-77.07073,-2.8748,Churus,Principal,Achuar,Jíbaro,Achuarti Iruntramu,Pastaza
-76.77147,-3.44328,Kuyuntsa,Principal,Achuar,Jíbaro,Achuarti Iruntramu,Pastaza
-76.76149,-3.72955,Mamus,Principal,Achuar,Jíbaro,Achuarti Iruntramu,Pastaza
-77.12422,-3.01097,Nayum Entsa,Principal,Achuar,Jíbaro,Achuarti Iruntramu,Pastaza
-76.97065,-3.38058,Nuevo Perú,Principal,Achuar,Jíbaro,Achuarti Iruntramu,Pastaza
-76.83072,-3.55966,Panguintsa,Principal,Achuar,Jíbaro,Achuarti Iruntramu,Pastaza
-77.03646,-2.97491,Puranchin,Principal,Achuar,Jíbaro,Achuarti Iruntramu,Pastaza
-76.95137,-3.0742,Sanchik,Principal,Achuar,Jíbaro,Achuarti Iruntramu,Pastaza
-77.03219,-3.29581,Shansho Cocha,Anexo,Achuar,Jíbaro,Achuarti Iruntramu,Pastaza
-76.8214,-3.35592,Waknir,Anexo,Achuar,Jíbaro,Achuarti Iruntramu,Pastaza
-76.98891,-3.11507,Wampientsa,Principal,Achuar,Jíbaro,Achuarti Iruntramu,Pastaza
-77.07008,-2.82985,Wasum,Anexo,Achuar,Jíbaro,Achuarti Iruntramu,Pastaza
-76.96015,-3.01065,Wayun Entsa,Anexo,Achuar,Jíbaro,Achuarti Iruntramu,Pastaza
-77.06569,-3.20109,Wijint,Principal,Achuar,Jíbaro,Achuarti Iruntramu,Pastaza
-77.02323,-3.27294,Wisun,Principal,Achuar,Jíbaro,Achuarti Iruntramu,Pastaza
-76.5443,-3.37988,Bethel,Anexo,Achuar,Jíbaro,ORACH,Pastaza
-76.62045,-3.33875,Edén,Anexo,Achuar,Jíbaro,Achuarti Iruntramu,Pastaza
-76.62992,-3.24619,Kunam Entsa,Anexo,Achuar,Jíbaro,Achuarti Iruntramu,Pastaza
-76.80146,-3.04119,Kustanch,Anexo,Achuar,Jíbaro,ORACH,Pastaza
-76.64346,-3.19836,Nuevo Canaan,Anexo,Achuar,Jíbaro,Achuarti Iruntramu,Pastaza
-76.64182,-3.25025,Puerto Franco,Anexo,Achuar,Jíbaro,Achuarti Iruntramu,Pastaza
-76.75938,-3.03201,Putuim,Anexo,Achuar,Jíbaro,ORACH,Pastaza
-76.73225,-3.27584,Saach,Anexo,Achuar,Jíbaro,Achuarti Iruntramu,Pastaza
-76.65054,-3.17513,Tsuwat Entsa,Anexo,Achuar,Jíbaro,ORACH,Pastaza
-76.83569,-2.87278,Checherta,Principal,Achuar,Jíbaro,Achuarti Iruntramu,Pastaza
-76.52079,-3.41938,Puerto Galileo Independencia Perú,Principal,Achuar,Jíbaro,ORACH,Pastaza
-76.55901,-3.35831,Rubina,Principal,Achuar,Jíbaro,ORACH,Pastaza
-76.76433,-3.04398,Tsekuntsa,Principal,Achuar,Jíbaro,ORACH,Pastaza
-76.7246,-3.1171,Uwintsa,Principal,Achuar,Jíbaro,ORACH,Pastaza
-76.64834,-3.63045,San Juan de Manchari,Principal,Achuar,Jíbaro,Achuarti Iruntramu,Pastaza
-76.57079,-3.33428,Washientsa,Principal,Achuar,Jíbaro,Achuarti Iruntramu,Pastaza
-76.54555,-4.20534,San Fernando,Anexo,Candoshi (Kandozi),Candoshi,OCAHUIT,Pastaza
-70.63178,-4.12474,Paraíso,Principal,Mayoruna (Matsés),Pano,No Existe,Yavarí
-70.21981,-4.2078,Constantino Pinto,Principal,Cocama-Cocamilla (Kukama-Kukamiria),Tupi-Guaraní,No Existe,Yavarí
-70.17934,-4.19386,28 de Julio,Principal,Ticuna,Ticuna,No Existe,Yavarí
-71.48046,-4.43351,San José de Parinari,Principal,"Quechua, No Especificado",Jíbaro,No Existe,Yavarí
-70.80291,-4.18026,Flor de Limonero,Principal,Yagua,Peba Yagua,No Existe,Yavarí
-71.2063,-4.37558,Foli - Montes de los Olivos,Principal,"Quechua, No Especificado",Quechua,No Existe,Yavarí
-71.23304,-4.38196,Yarina del Yavarí,Principal,Yagua,Peba Yagua,No Existe,Yavarí
-70.49529,-4.12461,Japón del Río Yavarí,Principal,Yagua,Peba Yagua,No Existe,Yavarí
-70.29963,-4.24235,Santa Rita del Río Yavarí,Principal,Yagua,Peba Yagua,No Existe,Yavarí
-71.96023,-4.33184,Nueva Esperanza,Principal,Yagua,Peba Yagua,No Existe,Yavarí
-70.73656,-4.17166,Nuevo San Felipe,Principal,Yagua,Peba Yagua,No Existe,Yavarí
-70.19458,-4.17816,Primero de San Mateo,Principal,Ticuna,Ticuna,No Existe,Yavarí
-71.01092,-4.38491,Nuevo San Juan del Yavarí,Principal,Asháninka,Arawak,No Existe,Yavarí
-70.54855,-4.13387,Santa Teresa II Zona,Principal,Yagua,Peba Yagua,No Existe,Yavarí
-70.31789,-4.14234,Remanso,Principal,Yagua,Peba Yagua,No Existe,Yavarí
-70.28445,-4.17929,Unión Familiar,Principal,Cocama-Cocamilla (Kukama-Kukamiria),Tupi-Guaraní,No Existe,Yavarí
-70.07507,-4.28344,San Francisco del Tucano,Principal,Cocama-Cocamilla (Kukama-Kukamiria),Tupi-Guaraní,No Existe,Yavarí
-70.36383,-4.14388,Pueblo Alegre,Principal,Yagua,Peba Yagua,No Existe,Yavarí
-72.90793,-5.18988,Paujil,Principal,Mayoruna (Matsés),Pano,No Existe,Amazonas
-72.91929,-5.21719,San José de Añushi,Anexo,Mayoruna (Matsés),Pano,No Existe,Amazonas
-73.02929,-5.21767,Jorge Chávez,Anexo,Mayoruna (Matsés),Pano,No Existe,Amazonas
-73.09689,-5.23211,San Mateo,Anexo,Mayoruna (Matsés),Pano,No Existe,Amazonas
-73.16187,-5.24989,San Juan,Anexo,Mayoruna (Matsés),Pano,No Existe,Amazonas
-73.20524,-5.27095,Remoyacu,Anexo,Mayoruna (Matsés),Pano,No Existe,Amazonas
-73.20988,-5.27538,Buen Perú,Anexo,Mayoruna (Matsés),Pano,No Existe,Amazonas
-72.90542,-5.33232,Cashispi,Anexo,Mayoruna (Matsés),Pano,No Existe,Amazonas
-73.0132,-5.57907,Santa Rosa,Anexo,Mayoruna (Matsés),Pano,No Existe,Amazonas
-73.06556,-5.6644,Estirón,Anexo,Mayoruna (Matsés),Pano,No Existe,Amazonas
-73.30553,-5.91768,Puerto Callao,Anexo,Mayoruna (Matsés),Pano,No Existe,Amazonas
-73.18882,-5.80631,Buenas Lomas Nuevas,Anexo,Mayoruna (Matsés),Pano,No Existe,Amazonas
-73.18136,-5.78571,San Ramón,Anexo,Mayoruna (Matsés),Pano,No Existe,Amazonas
-73.03465,-5.62614,San Roque,Anexo,Mayoruna (Matsés),Pano,No Existe,Amazonas
-73.24053,-6.04836,Puerto Alegre,Anexo,Mayoruna (Matsés),Pano,No Existe,Amazonas
-70.42438,-2.53811,Huapapa,Principal,"Quechua, No Especificado",Quechua,FECOIBAP,Putumayo
-75.6387,-8.92802,Yamino,Principal,Cacataibo,Pano,FENACOCA,Ucayali
-72.92889,-2.45861,Bagazán,Anexo,"Quechua, No Especificado",Quechua,FECONAFROPU,Putumayo
-72.34932,-2.48446,Nuevo Progreso,Anexo,"Quechua, No Especificado",Quechua,FECONAFROPU,Putumayo
-72.60306,-2.36636,Nuevo Horizonte,Principal,"Quechua, No Especificado",Quechua,FECONAFROPU,Putumayo
-72.17152,-2.46399,San Pedro del Bajo Putumayo,Principal,"Quechua, No Especificado",Quechua,OPIMP,Putumayo
-71.58495,-2.24369,Bobona - Río Putumayo,Principal,"Quechua, No Especificado",Quechua,FECONAFROPU,Putumayo
-71.52242,-2.31539,Puerto Miraflores,Principal,"Quechua, No Especificado",Quechua,OPIMP,Putumayo
-73.69443,-8.19434,San Mateo,Principal,Ashéninka,Arawak,ACONAMAC,Ucayali
-76.42306,-2.85667,Alianza Topal,Anexo,"Quechua, Pastaza (Kichwa)",Quechua,FEDINAPA,Pastaza
-76.46501,-3.91428,Nueva Esperanza,Anexo,"Quechua, Pastaza (Kichwa)",Quechua,ORAIK,Pastaza
-76.58899,-3.77778,Santa María,Anexo,"Quechua, Pastaza (Kichwa)",Quechua,ORAIK,Pastaza
-76.64757,-2.72618,Wararai,Anexo,Achuar,Jíbaro,FAUFPE,Pastaza
-76.45142,-2.8175,Los Jardines,Principal,"Quechua, Pastaza (Kichwa)",Jíbaro,FEDIQUEP,Pastaza
-76.46195,-2.80583,Nuevo Andoas,Principal,"Quechua, Pastaza (Kichwa)",Jíbaro,No Existe,Pastaza
-76.47245,-2.80193,Nuevo Porvenir,Principal,"Quechua, Pastaza (Kichwa)",Jíbaro,FEDIQUEP,Pastaza
-76.44707,-3.48839,Achuar Anatico,Principal,Achuar,Jíbaro,FAUFPE,Pastaza
-76.69932,-2.71283,Aimentsa,Principal,Achuar,Jíbaro,FAUFPE,Pastaza
-76.43355,-3.47484,Alianza Cristiana,Principal,"Quechua, Pastaza (Kichwa)",Quechua,FEDIQUEP,Pastaza
-76.4012,-2.90483,Andoas Viejo,Principal,"Quechua, Pastaza (Kichwa)",Quechua,FEDINAPA,Pastaza
-76.42471,-3.60918,Bolognesi,Principal,"Quechua, Pastaza (Kichwa)",Quechua,OMIDIH,Pastaza
-76.50496,-3.48031,Cocha Purahua,Principal,Achuar,Jíbaro,ORAIK,Pastaza
-76.43467,-3.08037,Huagramona,Principal,Achuar,Jíbaro,FAUFPE,Pastaza
-76.51845,-3.80996,Kushilla Anexo Santa María,Principal,Candoshi (Kandozi),Candoshi,ORAIK,Pastaza
-76.35772,-3.66736,Loboyacu,Principal,"Quechua, Pastaza (Kichwa)",Quechua,FEDIQUEP,Pastaza
-76.43367,-3.15826,Naranjal,Principal,Achuar,Jíbaro,ORAIK,Pastaza
-76.39089,-2.87285,Nueva Alianza de Capahuari,Principal,"Quechua, Pastaza (Kichwa)",Quechua,FEDINAPA,Pastaza
-76.38167,-2.95124,Pañayacu,Principal,"Quechua, Pastaza (Kichwa)",Quechua,FEDIQUEP,Pastaza
-76.3325,-3.3049,Sabaloyacu,Principal,"Quechua, Pastaza (Kichwa)",Quechua,FEDIQUEP,Pastaza
-76.46327,-3.20737,Siwin,Principal,Achuar,Jíbaro,ORACH,Pastaza
-76.3349,-3.40742,Soplín,Principal,"Quechua, Pastaza (Kichwa)",Quechua,FEDIQUEP,Pastaza
-76.43401,-3.75702,Sungachi,Principal,"Quechua, Pastaza (Kichwa)",Quechua,FEDIQUEP,Pastaza
-76.49525,-2.77589,Titiyacu,Principal,Achuar,Jíbaro,ORACH,Pastaza
-76.46571,-3.51913,Unión Antonieta,Principal,Achuar,Jíbaro,ORAIK,Pastaza
-77.28892,-3.84423,Caballito,Principal,Huambisa (Wampis),Jíbaro,OSHDEM,Morona
-77.33731,-3.6892,Capirona,Anexo,Shapra (Chapara),Candoshi,FESHAM,Morona
-76.54226,-4.07503,Chimara,Anexo,Candoshi (Kandozi),Candoshi,OCAHUIT,Pastaza
-77.33874,-3.77792,Fortaleza,Anexo,Huambisa (Wampis),Jíbaro,OSHDEM,Morona
-76.62205,-4.0033,Kuranda Cocha,Anexo,Candoshi (Kandozi),Candoshi,OCAHUIT,Pastaza
-77.18816,-3.8825,Naranjal,Anexo,Shapra (Chapara),Candoshi,FESHAM,Morona
-77.24748,-3.9199,Nazareth,Anexo,Huambisa (Wampis),Tupi-Guaraní,OSHDEM,Morona
-77.19634,-3.95554,Nueva Esperanza,Anexo,Shapra (Chapara),Candoshi,FESHAM,Morona
-76.65301,-4.07221,Nuevo Progreso,Anexo,Candoshi (Kandozi),Candoshi,OCAHUIT,Pastaza
-76.66975,-3.99367,Nuevo Ucayali,Anexo,Candoshi (Kandozi),Candoshi,OCAHUIT,Pastaza
-77.18421,-3.91548,Panguanita,Anexo,Shapra (Chapara),Candoshi,FESHAM,Morona
-76.76944,-3.80041,Puerto Chambira,Anexo,Candoshi (Kandozi),Candoshi,OKAHUIT,Pastaza
-76.75783,-3.86161,Puerto Maldonado,Anexo,Candoshi (Kandozi),Candoshi,OKAHUIT,Pastaza
-77.16692,-3.87089,Puerto Pijuayal,Anexo,Shapra (Chapara),Jíbaro,FESHAM,Morona
-77.20856,-3.95018,San Salvador,Anexo,Huambisa (Wampis),Jíbaro,FESHAM,Morona
-77.19009,-3.99336,Shoroya Viejo,Anexo Principal,Shapra (Chapara),Candoshi,FESHAM,Morona
-77.18601,-3.9387,Unanchay,Anexo,Shapra (Chapara),Candoshi,FESHAM,Morona
-77.20817,-3.97798,Unión Indígena,Anexo,Shapra (Chapara),Candoshi,FESHAM,Morona
-77.22096,-4.18769,Bella Vista,Principal,Shapra (Chapara),Candoshi,FESHAM,Morona
-77.22501,-3.98972,Musa Kandashi,Principal,Huambisa (Wampis),Jíbaro,FESHAM,Morona
-77.36048,-3.71794,Nueva Comunidad Chapra,Principal,Shapra (Chapara),Jíbaro,FESHAM,Morona
-77.12998,-4.51587,Bancal,Principal,Chayahuita (Shawi),Cahuapana,FECONASHAM,Morona
-76.4435,-4.81841,Chiclin,Principal,"Quechua, Pastaza (Kichwa)",Quechua,AINQUERBAP,Pastaza
-76.45195,-4.79676,La Curva,Principal,"Quechua, Pastaza (Kichwa)",Quechua,AINQUERBAP,Pastaza
-77.18713,-4.406,Nueva Vida,Principal,Chayahuita (Shawi),Cahuapana,FECONASHAM,Morona
-76.45186,-4.81157,Nueva Unión,Principal,"Quechua, Pastaza (Kichwa)",Quechua,AINQUERBAP,Pastaza
-77.07969,-4.58545,Nuevo Milagro,Principal,Chayahuita (Shawi),Cahuapana,FECONASHAM,Morona
-77.11989,-4.53965,Nuevo Paragua,Principal,Chayahuita (Shawi),Cahuapana,FECONASHAM,Morona
-77.23871,-4.22245,Nuevo San Martín,Principal,Chayahuita (Shawi),Cahuapana,FECONASHAM,Morona
-76.39901,-4.9242,Puerto Industrial,Principal,"Quechua, Pastaza (Kichwa)",Quechua,AINQUERBAP,Pastaza
-76.53712,-4.67733,Puerto Diaz,Principal,"Quechua, Pastaza (Kichwa)",Quechua,AINQUERBAP,Pastaza
-76.41563,-4.87161,Santa Ana,Principal,"Quechua, Pastaza (Kichwa)",Quechua,AINQUERBAP,Pastaza
-76.52039,-4.7039,Santander,Principal,"Quechua, Pastaza (Kichwa)",Quechua,AINQUERBAP,Pastaza
-77.15857,-4.43009,Vista Alegre,Principal,Chayahuita (Shawi),Cahuapana,FECONASHAM,Morona
-77.35108,-3.73167,Yawa Entsa,Principal,Huambisa (Wampis),Jíbaro,OSHDEM,Morona
-77.32365,-3.81353,Bagazán,Principal,Huambisa (Wampis),Jíbaro,OSHDEM,Morona
-76.62845,-4.08757,Hortencia Cocha,Principal,Candoshi (Kandozi),Candoshi,OCAHUIT,Pastaza
-77.31874,-3.6538,Inca Roca,Principal,Shapra (Chapara),Jíbaro,FESHAM,Morona
-77.30624,-4.20139,Mayuriaga,Principal,Huambisa (Wampis),Jíbaro,OSHDEM,Morona
-76.73243,-3.91869,Puerto Pijuayal,Principal,Candoshi (Kandozi),Candoshi,OKAHUIT,Pastaza
-77.18954,-4.05676,Shoroya Nuevo,Anexo,Shapra (Chapara),Candoshi,FESHAM,Morona
-77.26206,-3.89472,Tipishca,Principal,Huambisa (Wampis),Jíbaro,OSHDEM,Morona
-77.14632,-4.45827,Yamakai,Principal,Aguaruna (Awajun),Jíbaro,FENADEM,Morona
-77.23191,-3.98543,Gallito,Principal,Huambisa (Wampis),Jíbaro,OSHDEM,Morona
-77.49057,-4.34297,Ajachim,Anexo,Aguaruna (Awajun),Jíbaro,ORPISEM,Marañón
-77.48471,-4.53335,Alianza,Anexo,Aguaruna (Awajun),Jíbaro,CHAPISHIWAG,Marañón
-77.47481,-4.43565,Capernaum,Anexo,Aguaruna (Awajun),Jíbaro,ORPISEM,Marañón
-77.51241,-4.51328,Chorros,Anexo,Aguaruna (Awajun),Jíbaro,CHAPISHIWAG,Marañón
-77.59381,-4.55396,Israel,Anexo,Aguaruna (Awajun),Jíbaro,CHAPISHIWAG,Marañón
-77.55532,-4.54993,Kuji,Anexo,Aguaruna (Awajun),Jíbaro,CHAPISHIWAG,Marañón
-77.37181,-4.84637,Nazareth,Anexo,Aguaruna (Awajun),Jíbaro,FENARA,Marañón
-77.51053,-4.44134,Nuevo Alegría,Anexo,Aguaruna (Awajun),Jíbaro,ORPISEM,Marañón
-77.47994,-4.52156,Nueva Alianza,Anexo,Aguaruna (Awajun),Jíbaro,CHAPISHIWAG,Marañón
-77.54569,-4.75252,Nueva Palestina,Anexo,Aguaruna (Awajun),Jíbaro,FENARA,Marañón
-77.48945,-4.79596,Nuevo Belén,Anexo,Aguaruna (Awajun),Jíbaro,FENARA,Marañón
-77.47315,-4.55564,Nuevo Jerusalen,Anexo,Aguaruna (Awajun),Jíbaro,CHAPISHIWAG,Marañón
-77.61692,-4.75148,Nuevo Napuruka,Anexo,Aguaruna (Awajun),Jíbaro,FENARA,Marañón
-77.50715,-4.88127,Nuevo Soledad,Anexo,Aguaruna (Awajun),Jíbaro,FENARA,Marañón
-77.56472,-4.62812,Pijuayal,Anexo,Aguaruna (Awajun),Jíbaro,FENARA,Marañón
-77.56805,-4.77329,Sachapapa,Anexo,Aguaruna (Awajun),Jíbaro,FENARA,Marañón
-77.60285,-4.61295,Santa Rosa,Anexo,Aguaruna (Awajun),Jíbaro,FENARA,Marañón
-77.60372,-4.59583,Suwantsa,Anexo,Aguaruna (Awajun),Jíbaro,CHAPISHIWAG,Marañón
-77.51729,-4.8648,Tupac Amaru II,Anexo,Aguaruna (Awajun),Jíbaro,FENARA,Marañón
-77.46761,-4.57121,Yanayacu,Anexo,Aguaruna (Awajun),Jíbaro,CHAPISHIWAG,Marañón
-77.48463,-4.84956,Atahualpa,Principal,Aguaruna (Awajun),Jíbaro,FENARA,Marañón
-77.48301,-4.39405,Chapis,Principal,Aguaruna (Awajun),Jíbaro,ORPISEM,Marañón
-77.39868,-4.6073,Puerto Linda,Principal,Aguaruna (Awajun),Jíbaro,CHAPISHIWAG,Marañón
-77.23873,-4.79432,Setenta,Principal,Aguaruna (Awajun),Jíbaro,FENARA,Marañón
-77.39121,-4.47431,Shimpi,Principal,Aguaruna (Awajun),Jíbaro,CHAPISHIWAG,Marañón
-77.56134,-4.62586,Sinchi Roca,Principal,Aguaruna (Awajun),Jíbaro,CHAPISHIWAG,Marañón
-77.26773,-4.75741,Ugarte,Principal,Aguaruna (Awajun),Jíbaro,FENAM,Marañón
-77.67633,-4.78089,Saasa,Principal,Aguaruna (Awajun),Jíbaro,ORPASY,Marañón
-77.63602,-4.69708,Sawientsa,Principal,Aguaruna (Awajun),Jíbaro,ORPASY,Marañón
-77.68621,-4.95564,Huascar,Anexo,Aguaruna (Awajun),Jíbaro,FENARA,Marañón
-77.30096,-3.9409,Consuelo,Anexo,Huambisa (Wampis),Jíbaro,OSHDEM,Morona
-77.36951,-3.81942,Jerusalén,Anexo,Aguaruna (Awajun),Jíbaro,OSHDEM,Morona
-77.59501,-3.42753,Kusuim,Anexo,Huambisa (Wampis),Jíbaro,OSHDEM,Morona
-77.60341,-3.19662,Santa Cruz,Anexo,Huambisa (Wampis),Jíbaro,OSHDEM,Morona
-77.63186,-3.25689,Shapaja,Anexo,Huambisa (Wampis),Jíbaro,OSHDEM,Morona
-77.53659,-3.11778,Shinkatam,Anexo,Huambisa (Wampis),Jíbaro,OSHDEM,Morona
-77.49121,-3.56934,Tres de Mayo,Anexo,Huambisa (Wampis),Jíbaro,OSHDEM,Morona
-77.58334,-3.31441,Triunfo,Anexo,Huambisa (Wampis),Jíbaro,OSHDEM,Morona
-77.53256,-3.5538,Tunim,Anexo,Huambisa (Wampis),Jíbaro,OSHDEM,Morona
-77.57145,-3.19476,Ankuash,Principal,Huambisa (Wampis),Jíbaro,OSHAM,Morona
-77.393,-3.60974,San Francisco,Principal,Huambisa (Wampis),Jíbaro,OSHDEM,Morona
-77.4466,-3.74956,Numpatkaim,Principal,Huambisa (Wampis),Jíbaro,OSHDEM,Morona
-77.56699,-3.36656,Nueva Alegría,Principal,Huambisa (Wampis),Jíbaro,OSHDEM,Morona
-77.43347,-3.58388,Sanchez Cerro,Principal,Huambisa (Wampis),Jíbaro,OSHDEM,Morona
-77.64477,-3.0536,San Juan,Principal,Huambisa (Wampis),Jíbaro,OSHDEM,Morona
-77.5458,-3.4991,Shinguito,Principal,Huambisa (Wampis),Jíbaro,OSHDEM,Morona
-74.76777,-10.58583,Flor de Rosas de Nazarategui,Principal,Asháninka,Arawak,ANAP,Pachitea
-69.268,-12.42687,Boca Pariamanu,Principal,Amahuaca,Pano,FENAMAD,Madre de Dios
-68.77719,-12.51128,Palma Real,Principal,Ese Eja,Tucano,FENAMAD,Madre de Dios
-69.20809,-12.48954,Puerto Arturo,Principal,"Quechua, No Especificado",Quechua,FENAMAD,Madre de Dios
-71.34721,-12.96035,Queros,Principal,Huachipaire,Harakmbut,No Existe,Urubamba
-68.70189,-12.57118,Sonene,Principal,Ese Eja,Tucano,FENAMAD,Madre de Dios
-71.44465,-12.88684,Santa Rosa de Huacaria,Principal,Machiguenga (Matsigenka),Arawak,No Existe,Urubamba
-76.29617,-5.93135,San Roque de Yuhuaryacu,Principal,Chayahuita (Shawi),Cahuapana,FECOSHARMA,Huallaga
-76.32014,-5.89196,San Antonio de Saniyacu,Principal,Chayahuita (Shawi),Cahuapana,FECONACHA,Huallaga
-76.32024,-5.92097,Nuevo Cajamarca,Anexo,Chayahuita (Shawi),Cahuapana,FECONACHA,Huallaga
-76.33376,-6.0189,Las Amazonas,Principal,Chayahuita (Shawi),Cahuapana,FECONACHA,Huallaga
-76.35993,-6.02115,Nuevo Shapaja,Anexo,Chayahuita (Shawi),Cahuapana,FECONACHA,Huallaga
-76.32847,-6.04793,Villa Hermoza,Principal,Chayahuita (Shawi),Cahuapana,FECONACHA,Huallaga
-76.34363,-6.06809,Nuevo Alianza,Anexo Reconocido,Chayahuita (Shawi),Cahuapana,No Existe,Huallaga
-76.45414,-6.05408,San Francisco de Pampayacu,Principal,Chayahuita (Shawi),Cahuapana,FECONACHA,Huallaga
-76.37476,-6.06451,Nuevo Pijuayal,Anexo,Chayahuita (Shawi),Cahuapana,FECONACHA,Huallaga
-76.43076,-6.03635,Nuevo Nauta,Principal,Chayahuita (Shawi),Cahuapana,FECONACHA,Huallaga
-76.49531,-5.94969,Puerto Porvenir,Principal,Chayahuita (Shawi),Cahuapana,FECONACHA,Huallaga
-76.46857,-5.99189,Angaiza,Principal,Chayahuita (Shawi),Cahuapana,FECONACHA,Huallaga
-76.46624,-5.96934,Nuevo Uchiza,Principal,Chayahuita (Shawi),Cahuapana,FECONACHA,Huallaga
-76.45429,-5.96704,Nuevo Tocache,Principal,Chayahuita (Shawi),Cahuapana,FECONACHA,Huallaga
-76.44437,-5.94995,Nuevo Oriente,Anexo,Chayahuita (Shawi),Cahuapana,FECONACHA,Huallaga
-76.50492,-5.91238,Nuevo Saramiriza,Principal,Chayahuita (Shawi),Cahuapana,FECONACHA,Huallaga
-76.45385,-5.91848,San Pedro de Porotoyacu,Principal,Chayahuita (Shawi),Cahuapana,FECOSHARMA,Huallaga
-76.48424,-5.91071,Santa Sofia,Anexo,Chayahuita (Shawi),Cahuapana,FECOSHARMA,Huallaga
-76.42828,-5.91157,Nuevo Arica,Principal,Chayahuita (Shawi),Cahuapana,FECOSHARMA,Huallaga
-76.45407,-5.93457,Nuevo Santa Rosa,Anexo,Chayahuita (Shawi),Cahuapana,FECOSHARMA,Huallaga
-76.43411,-5.91778,Nuevo Naranjillo,Anexo,Chayahuita (Shawi),Cahuapana,FECOSHARMA,Huallaga
-76.45786,-5.85804,Santa Marta,Principal,Chayahuita (Shawi),Cahuapana,FECONACHA,Huallaga
-76.46064,-5.83378,Nuevo Trancayacu,Anexo,Chayahuita (Shawi),Cahuapana,FECONACHA,Huallaga
-76.39994,-5.89852,Nuevo Progreso,Principal,Chayahuita (Shawi),Cahuapana,FECONACHA,Huallaga
-76.39143,-5.89981,Nuevo Yurimaguas,Anexo,Chayahuita (Shawi),Cahuapana,FECONACHA,Huallaga
-76.38126,-5.88597,San Lorenzo de Armanayacu,Principal,Chayahuita (Shawi),Cahuapana,FECOSHARMA,Huallaga
-76.36971,-5.88398,Nuevo Paraiso,Anexo,Chayahuita (Shawi),Cahuapana,FECOSHARMA,Huallaga
-76.35699,-5.87548,San Juan de Armanayacu,Principal,Chayahuita (Shawi),Cahuapana,No Existe,Huallaga
-76.36372,-5.87394,San Carlos de Armanayacu,Anexo Reconocido,Chayahuita (Shawi),Cahuapana,FECONACHA,Huallaga
-76.33125,-5.8662,San Isidro,Principal,Chayahuita (Shawi),Cahuapana,FECOSHARMA,Huallaga
-76.5637,-5.84956,Barrio Canoa Puerto,Anexo,Chayahuita (Shawi),Cahuapana,ACONAMAC,Huallaga
-76.57093,-5.85975,Barrio Belén,Anexo,Chayahuita (Shawi),Cahuapana,ACONAMAC,Huallaga
-76.57204,-5.7922,Costa Rica,Anexo,Chayahuita (Shawi),Cahuapana,FECONACHA,Huallaga
-76.49376,-5.75035,Dos de Mayo,Anexo,Chayahuita (Shawi),Cahuapana,FECONACHA,Huallaga
-76.39648,-5.73242,Loma Linda,Anexo,Chayahuita (Shawi),Cahuapana,FECONACHA,Huallaga
-76.45135,-5.73169,San Fernando,Anexo,Chayahuita (Shawi),Cahuapana,FECONACHA,Huallaga
-76.50491,-5.75199,San José de Caballito,Anexo,Chayahuita (Shawi),Cahuapana,FECONACHA,Huallaga
-76.47326,-5.8002,San Martín,Anexo,Chayahuita (Shawi),Cahuapana,FECONACHA,Huallaga
-76.56284,-5.86066,Barrio San Martín,Anexo,Chayahuita (Shawi),Cahuapana,ACONAMAC,Huallaga
-76.49959,-5.80394,Santa Fé,Anexo,Chayahuita (Shawi),Cahuapana,FECONACHA,Huallaga
-76.4784,-5.73712,Santa Rita,Anexo,Chayahuita (Shawi),Cahuapana,FECONACHA,Huallaga
-76.55898,-5.82506,Santa Rosa,Anexo,Chayahuita (Shawi),Cahuapana,FECONACHA,Huallaga
-76.62745,-5.74829,Santa Clara,Anexo,Chayahuita (Shawi),Cahuapana,FECONACHA,Huallaga
-76.52203,-5.75455,Santa Clara,Anexo,Chayahuita (Shawi),Cahuapana,FECONACHA,Huallaga
-76.54725,-5.81089,Veinti Ocho,Anexo,Chayahuita (Shawi),Cahuapana,FECONACHA,Huallaga
-76.54193,-5.84101,Barrio Diez de Agosto,Anexo,Chayahuita (Shawi),Cahuapana,FECONACHA,Huallaga
-76.54691,-5.83696,Buenos Aires,Anexo Reconocido,Chayahuita (Shawi),Cahuapana,FECONACHA,Huallaga
-76.57351,-5.81961,Nuevo Cusco,Anexo Reconocido,Chayahuita (Shawi),Cahuapana,FECONACHA,Huallaga
-76.56255,-5.83427,San Jorge,Anexo Reconocido,Chayahuita (Shawi),Cahuapana,FECONACHA,Huallaga
-76.48227,-5.79076,San Vicente,Principal,Chayahuita (Shawi),Cahuapana,FECONACHA,Huallaga
-76.51758,-5.77609,Bellavista,Principal,Chayahuita (Shawi),Cahuapana,FECONACHA,Huallaga
-76.5712,-5.86571,Canoa Puerto,Principal,Chayahuita (Shawi),Cahuapana,ACONAMAC,Huallaga
-76.59808,-5.79734,Monte Alegre,Principal,Chayahuita (Shawi),Cahuapana,FECONACHA,Huallaga
-76.47931,-5.74923,Nueva Esperanza,Principal,Chayahuita (Shawi),Cahuapana,FECONACHA,Huallaga
-76.56215,-5.8531,Nueva Luz,Principal,Chayahuita (Shawi),Cahuapana,FECONACHA,Huallaga
-76.52859,-5.80278,Nuevo Barranquita,Principal,Chayahuita (Shawi),Cahuapana,FECONACHA,Huallaga
-76.43869,-5.7256,Nuevo Chazuta,Principal,Chayahuita (Shawi),Cahuapana,FECONACHA,Huallaga
-76.54358,-5.79538,Nuevo Junín,Principal,Chayahuita (Shawi),Cahuapana,FECONACHA,Huallaga
-76.54373,-5.81817,Pintuyacu,Principal,Chayahuita (Shawi),Cahuapana,FECONACHA,Huallaga
-76.54896,-5.86098,Puerto Libre,Principal,Chayahuita (Shawi),Cahuapana,FECONACHA,Huallaga
-76.54523,-5.84556,San Lorenzo,Principal,Chayahuita (Shawi),Cahuapana,FECONACHA,Huallaga
-76.41272,-5.71339,San Gabriel de Varadero,Principal,Chayahuita (Shawi),Cahuapana,FECONACHA,Huallaga
-76.61714,-5.74732,Santa Mercedes de Pilligue,Principal,Chayahuita (Shawi),Cahuapana,FECONACHA,Huallaga
-76.52785,-5.79584,Santa Cruz,Anexo,Chayahuita (Shawi),Cahuapana,FECONACHA,Huallaga
-76.53433,-5.77911,Nueva Reforma,Anexo,Chayahuita (Shawi),Cahuapana,FECONACHA,Huallaga
-76.35026,-5.95713,Campo Verde,Principal,Chayahuita (Shawi),Cahuapana,FECONACHA,Huallaga
-75.52276,-4.94522,Seis de Julio,Anexo Reconocido,Cocama-Cocamilla (Kukama-Kukamiria),Tupi-Guaraní,OPIBAM,Marañón
-75.83142,-5.34937,Nueva Corina,Anexo,Cocama-Cocamilla (Kukama-Kukamiria),Tupi-Guaraní,FEDECOCA,Huallaga
-75.75746,-5.37533,Paucaryacu,Anexo,Cocama-Cocamilla (Kukama-Kukamiria),Tupi-Guaraní,FEDECOCA,Huallaga
-75.8282,-5.36657,Puma Isla,Anexo,Cocama-Cocamilla (Kukama-Kukamiria),Tupi-Guaraní,FEDECOCA,Huallaga
-75.74228,-5.34183,Sananguillo,Anexo,Cocama-Cocamilla (Kukama-Kukamiria),Tupi-Guaraní,FEDECOCA,Huallaga
-75.77522,-5.30226,San Manuel,Anexo,Cocama-Cocamilla (Kukama-Kukamiria),Tupi-Guaraní,FEDECOCA,Huallaga
-75.84525,-5.48214,Union Challuana - Anexo de CN. Nueva Esperanza,Principal,Cocama-Cocamilla (Kukama-Kukamiria),Tupi-Guaraní,No Existe,Huallaga
-75.84988,-5.43287,Bello Horizonte,Principal,Cocama-Cocamilla (Kukama-Kukamiria),Tupi-Guaraní,FEDECOCA,Huallaga
-75.82889,-5.02866,Nueva Alianza,Principal,Cocama-Cocamilla (Kukama-Kukamiria),Tupi-Guaraní,No Existe,Marañón
-75.76147,-5.04067,San Felipe,Principal,Cocama-Cocamilla (Kukama-Kukamiria),Tupi-Guaraní,No Existe,Marañón
-75.64763,-5.03802,San Gabriel,Principal,Cocama-Cocamilla (Kukama-Kukamiria),Tupi-Guaraní,No Existe,Marañón
-75.62749,-5.07972,San Luis Bajo Huallaga,Principal,Cocama-Cocamilla (Kukama-Kukamiria),Tupi-Guaraní,FEDECOCA,Huallaga
-75.71476,-5.01895,San Sebastián,Principal,Cocama-Cocamilla (Kukama-Kukamiria),Tupi-Guaraní,No Existe,Marañón
-75.61212,-5.15269,Yonan,Principal,Cocama-Cocamilla (Kukama-Kukamiria),Tupi-Guaraní,FEDECOCA,Huallaga
-75.72588,-5.31091,Arahuante,Principal,Cocama-Cocamilla (Kukama-Kukamiria),Tupi-Guaraní,FEDECOCA,Huallaga
-75.50738,-4.95563,Bellavista,Principal,Cocama-Cocamilla (Kukama-Kukamiria),Tupi-Guaraní,OPIBAM,Marañón
-75.66619,-5.09073,Esperanza del Huallaga,Anexo,Cocama-Cocamilla (Kukama-Kukamiria),Tupi-Guaraní,FEDECOCA,Huallaga
-75.68892,-5.11911,Esperanza,Principal,Cocama-Cocamilla (Kukama-Kukamiria),Tupi-Guaraní,FEDECOCA,Huallaga
-75.49745,-4.92509,Nueva Unión,Principal,Cocama-Cocamilla (Kukama-Kukamiria),Tupi-Guaraní,OPIBAM,Marañón
-75.87067,-5.89098,Nuevo Santa Cruz,Principal,Chayahuita (Shawi),Cahuapana,FECONACHA,Huallaga
-75.66762,-5.03564,Paraiso,Principal,Cocama-Cocamilla (Kukama-Kukamiria),Tupi-Guaraní,FEDECOCA,Marañón
-75.65648,-5.06223,Progreso,Principal,Cocama-Cocamilla (Kukama-Kukamiria),Tupi-Guaraní,FEDECOCA,Huallaga
-75.9083,-5.60615,Santa Anita,Principal,Chayahuita (Shawi),Cahuapana,FEDECOCA,Huallaga
-75.62383,-5.13149,Santa Isabel,Principal,Cocama-Cocamilla (Kukama-Kukamiria),Tupi-Guaraní,FEDECOCA,Huallaga
-75.72672,-5.19854,Siete de Junio,Principal,Cocama-Cocamilla (Kukama-Kukamiria),Tupi-Guaraní,ORCICOCA,Huallaga
-75.82224,-5.01313,Santa Martha,Principal,Cocama-Cocamilla (Kukama-Kukamiria),Tupi-Guaraní,FEDECOCA,Marañón
-75.59733,-5.12444,Veracruz,Principal,Cocama-Cocamilla (Kukama-Kukamiria),Tupi-Guaraní,FEDECOCA,Marañón
-75.85488,-5.32438,Vista Alegre,Principal,Cocama-Cocamilla (Kukama-Kukamiria),Tupi-Guaraní,No Existe,Huallaga
-75.72985,-5.29508,Ocho de Octubre,Principal,Cocama-Cocamilla (Kukama-Kukamiria),Tupi-Guaraní,FEDECOCA,Huallaga
-75.8159,-5.45209,Achual Tipishca,Principal,Cocama-Cocamilla (Kukama-Kukamiria),Tupi-Guaraní,FEDECOCA,Huallaga
-75.88809,-5.39636,Atahualpa,Principal,Cocama-Cocamilla (Kukama-Kukamiria),Tupi-Guaraní,FEDECOCA,Huallaga
-75.83018,-5.48474,Esperanza de Yuracyacu,Principal,Cocama-Cocamilla (Kukama-Kukamiria),Tupi-Guaraní,FEDECOCA,Huallaga
-75.91624,-4.8632,Junín de Pavayacu,Principal,Cocama-Cocamilla (Kukama-Kukamiria),Tupi-Guaraní,FECONAP,Nucuray
-75.87535,-5.43628,Naranjal,Principal,Cocama-Cocamilla (Kukama-Kukamiria),Tupi-Guaraní,FEDECOCA,Huallaga
-76.01205,-4.80579,Nuevo Mundo de Pavayacu,Principal,Cocama-Cocamilla (Kukama-Kukamiria),Tupi-Guaraní,FPICOP,Nucuray
-76.10315,-4.72306,Nueva Creación,Principal,Cocama-Cocamilla (Kukama-Kukamiria),Tupi-Guaraní,FPICOP,Nucuray
-75.56671,-5.03425,Nuevo San José,Principal,Cocama-Cocamilla (Kukama-Kukamiria),Tupi-Guaraní,OPIBAM,Marañón
-75.81876,-4.93029,Nuevo Triunfo,Principal,Cocama-Cocamilla (Kukama-Kukamiria),Tupi-Guaraní,FEDECOCA,Nucuray
-75.81228,-5.4162,Pampa Hermosa,Principal,Chamicuro,Arawak,CHAMICURO,Huallaga
-75.80164,-4.80587,Puerto Alegre,Principal,Cocama-Cocamilla (Kukama-Kukamiria),Tupi-Guaraní,OKAN,Nucuray
-75.61601,-5.0274,Puerto Auxilio,Principal,Cocama-Cocamilla (Kukama-Kukamiria),Tupi-Guaraní,OPIBAM,Marañón
-75.59769,-5.07088,Puerto Victoria,Principal,Cocama-Cocamilla (Kukama-Kukamiria),Tupi-Guaraní,OPIBAM,Marañón
-76.05727,-4.76693,San Juan de Pavayacu,Principal,Cocama-Cocamilla (Kukama-Kukamiria),Tupi-Guaraní,FPICOP,Nucuray
-75.82278,-4.79113,San Pedro del Estreno,Principal,Candoshi (Kandozi),Candoshi,OKAN,Nucuray
-75.51856,-4.94612,Santa Isabel,Principal,Cocama-Cocamilla (Kukama-Kukamiria),Tupi-Guaraní,OPIBAM,Nucuray
-75.8197,-5.31215,Tamarate,Principal,Cocama-Cocamilla (Kukama-Kukamiria),Tupi-Guaraní,FEDECOCA,Huallaga
-75.89723,-5.4456,Yahuarhuaca,Principal,Cocama-Cocamilla (Kukama-Kukamiria),Tupi-Guaraní,FEDECOCA,Huallaga
-76.66513,-5.68204,Alianza Huitoyacu,Anexo,Chayahuita (Shawi),Cahuapana,OSHAYAP,Huallaga
-76.62631,-5.61981,Atahualpa,Anexo,Chayahuita (Shawi),Cahuapana,OSHAYAP,Huallaga
-76.62209,-5.60661,Bello Horizonte,Anexo,Chayahuita (Shawi),Cahuapana,OSHAYAP,Huallaga
-76.60592,-5.6261,Buenos Aires,Anexo,Chayahuita (Shawi),Cahuapana,OSHAYAP,Huallaga
-76.64337,-5.67278,Centro América,Anexo,Chayahuita (Shawi),Cahuapana,OSHAYAP,Huallaga
-76.77324,-5.48459,Los Angeles,Anexo,Chayahuita (Shawi),Cahuapana,OSHAYAP,Huallaga
-76.5102,-5.64994,Naranjal,Anexo,Chayahuita (Shawi),Cahuapana,FECONACHA,Huallaga
-76.6112,-5.67628,Naranjal,Anexo,Chayahuita (Shawi),Cahuapana,OSHAYAP,Huallaga
-76.57717,-5.66329,Nueva Jerusalen,Anexo,Chayahuita (Shawi),Cahuapana,No Existe,Huallaga
-76.73196,-5.52765,Nueva Barranquita,Anexo,Chayahuita (Shawi),Cahuapana,OSHAYAP,Huallaga
-76.46266,-5.67967,Nuevo Lima,Anexo,Chayahuita (Shawi),Cahuapana,OSHAYAP,Huallaga
-76.61777,-5.68282,Nuevo Moyobamba,Anexo,Chayahuita (Shawi),Cahuapana,OSHAYAP,Huallaga
-76.56527,-5.65948,Nuevo Mundo,Anexo,Chayahuita (Shawi),Cahuapana,No Existe,Huallaga
-76.60892,-5.62134,Nuevo Sabaloyacu,Anexo,Chayahuita (Shawi),Cahuapana,OSHAYAP,Huallaga
-76.66161,-5.69731,Nuevo San Lorenzo,Anexo,Chayahuita (Shawi),Cahuapana,OSHAYAP,Huallaga
-76.64526,-5.62166,Pampa Hermosa,Anexo,Chayahuita (Shawi),Cahuapana,OSHAYAP,Huallaga
-76.63932,-5.67539,Reyno Unido,Anexo,Chayahuita (Shawi),Cahuapana,OSHAYAP,Huallaga
-76.59376,-5.67861,San José de Yanayacu,Anexo,Chayahuita (Shawi),Cahuapana,OSHAYAP,Huallaga
-76.65746,-5.71162,San Miguel,Anexo,Chayahuita (Shawi),Cahuapana,OSHAYAP,Huallaga
-76.6741,-5.57058,San Juan de Paranapura,Anexo,Chayahuita (Shawi),Cahuapana,OSHAYAP,Huallaga
-76.75314,-5.50573,Santa Mercedes de Gallinazoyacu,Anexo,Chayahuita (Shawi),Cahuapana,OSHAYAP,Huallaga
-76.59619,-5.66918,Unión Nueva Soledad,Anexo,Chayahuita (Shawi),Cahuapana,OSHAYAP,Huallaga
-76.6557,-5.67206,Villa Alegre,Anexo,Chayahuita (Shawi),Cahuapana,OSHAYAP,Huallaga
-76.45417,-5.69816,Irapay,Principal,Chayahuita (Shawi),Cahuapana,FECONACHA,Huallaga
-76.69666,-5.55414,Libertad,Principal,Chayahuita (Shawi),Cahuapana,OSHAYAP,Huallaga
-76.68993,-5.62738,Loreto,Principal,Chayahuita (Shawi),Cahuapana,OSHAYAP,Huallaga
-76.48513,-5.66705,Maranatha,Principal,Chayahuita (Shawi),Cahuapana,OSHAYAP,Huallaga
-76.76328,-5.49275,Nueva Vida,Principal,Chayahuita (Shawi),Cahuapana,OSHAYAP,Huallaga
-76.65988,-5.71523,San Antonio,Principal,Chayahuita (Shawi),Cahuapana,OSHAYAP,Huallaga
-76.53673,-5.64492,Panan,Principal,Chayahuita (Shawi),Cahuapana,FECONACHA,Huallaga
-76.54892,-5.64994,Progreso,Principal,Chayahuita (Shawi),Cahuapana,No Existe,Huallaga
-76.64935,-5.59141,Pucalpillo,Principal,Chayahuita (Shawi),Cahuapana,OSHAYAP,Huallaga
-76.6249,-5.67012,Soledad,Principal,Chayahuita (Shawi),Cahuapana,OSHAYAP,Huallaga
-76.7611,-5.15801,Andongo,Anexo,Chayahuita (Shawi),Cahuapana,FECOSHASI,Marañón
-76.78449,-5.33029,Bella Loma,Anexo,Chayahuita (Shawi),Cahuapana,OKAPIASI,Marañón
-76.93428,-5.12294,Buenos Aires,Anexo,Chayahuita (Shawi),Cahuapana,FECONADIC,Marañón
-76.78076,-5.27852,Chacatan,Anexo,Chayahuita (Shawi),Cahuapana,FECOSHASI,Marañón
-76.95315,-5.14663,Chopi Loma,Anexo,Chayahuita (Shawi),Cahuapana,FECONADIC,Marañón
-77.06481,-5.22856,Inayuga,Anexo,Chayahuita (Shawi),Cahuapana,FECONADIC,Marañón
-76.96568,-5.15374,Inchiyacu,Anexo,Chayahuita (Shawi),Cahuapana,FECONADIC,Marañón
-76.92866,-5.32833,José Olaya,Anexo,Aguaruna (Awajun),Jíbaro,FECONADIC,Marañón
-76.77905,-5.32119,Puerto Kumpanama,Anexo,Chayahuita (Shawi),Cahuapana,OKAPIASI,Marañón
-76.78355,-5.32117,Miraflores,Anexo,Chayahuita (Shawi),Cahuapana,OKAPIASI,Marañón
-76.75431,-5.07227,Nueva Vida Leche Caspe,Anexo,Chayahuita (Shawi),Cahuapana,FECOSHASI,Marañón
-77.08356,-5.24308,Nuevo Progreso,Anexo,Aguaruna (Awajun),Jíbaro,ORADIC,Marañón
-77.16885,-5.22304,Nuevo Milagro,Anexo,Aguaruna (Awajun),Jíbaro,ORADIC,Marañón
-77.06203,-5.2425,Nuevo Triunfo,Anexo,Chayahuita (Shawi),Cahuapana,FECONADIC,Marañón
-76.77931,-5.31317,Pijuayal,Anexo,Chayahuita (Shawi),Cahuapana,OKAPIASI,Marañón
-76.81201,-5.37263,San Antonio,Anexo,Chayahuita (Shawi),Cahuapana,OKAPIASI,Marañón
-76.9896,-5.18636,San Juan,Anexo,Chayahuita (Shawi),Cahuapana,FECONADIC,Marañón
-76.79414,-5.35908,San Miguel,Anexo,Chayahuita (Shawi),Cahuapana,OKAPIASI,Marañón
-76.76392,-5.19597,San Pedro de Yanayaquillo,Anexo,Chayahuita (Shawi),Cahuapana,FECOSHASI,Marañón
-76.95736,-5.30819,San Salvador,Anexo,Aguaruna (Awajun),Jíbaro,FECONADIC,Marañón
-76.78591,-5.23982,Santa Cruz,Anexo,Chayahuita (Shawi),Cahuapana,FECOSHASI,Marañón
-77.04648,-5.22979,Santa Rosa,Anexo,Chayahuita (Shawi),Cahuapana,FECONADIC,Marañón
-76.75392,-5.10051,Sinchi Roca,Anexo,Chayahuita (Shawi),Cahuapana,FECOSHASI,Marañón
-76.93744,-5.35071,Yanayacu,Anexo,Aguaruna (Awajun),Jíbaro,FECONADIC,Marañón
-76.77522,-5.22122,Zapote,Anexo,Chayahuita (Shawi),Cahuapana,FECOSHASI,Marañón
-76.99921,-5.31908,Pongo,Anexo,Aguaruna (Awajun),Jíbaro,FECONADIC,Marañón
-76.95023,-5.32886,Kawit,Principal,Aguaruna (Awajun),Jíbaro,ORADIC,Marañón
-76.93907,-5.12932,Barranquita,Principal,Chayahuita (Shawi),Cahuapana,FECONADIC,Marañón
-76.987,-5.28685,Caupan,Principal,Aguaruna (Awajun),Jíbaro,FECONADIC,Marañón
-76.78354,-5.24262,Palmiche,Principal,Chayahuita (Shawi),Cahuapana,FECOSHASI,Marañón
-76.75931,-5.1494,Pandora,Principal,Chayahuita (Shawi),Cahuapana,FECOSHASI,Marañón
-76.78559,-5.35072,Sachavaca,Principal,Chayahuita (Shawi),Cahuapana,OKAPIASI,Marañón
-77.04185,-5.2491,Santa María,Principal,Chayahuita (Shawi),Cahuapana,FECONADIC,Marañón
-77.11378,-5.24558,Santa Martha,Principal,Aguaruna (Awajun),Jíbaro,ORADIC,Marañón
-77.01013,-5.04731,Shunuisha Machico,Principal,Chayahuita (Shawi),Cahuapana,No Existe,Marañón
-76.91561,-5.13366,Shimpai Ninanau,Principal,Chayahuita (Shawi),Cahuapana,No Existe,Marañón
-71.66999,-3.82499,Nuevo Libertad,Anexo,Yagua,Peba Yagua,FEPYBABAN,Amazonas
-70.25587,-4.09809,Nuevo Paraiso de Erene II Zona,Principal,Ticuna,Ticuna,FECOTYBA,Amazonas
-70.18334,-3.98849,Puerto Alegre II Zona,Anexo,Ticuna,Ticuna,FECOTYBA,Amazonas
-70.16831,-4.06268,San Juan de Barranco,Principal,Ticuna,Ticuna,FECOTYBA,Amazonas
-71.21374,-3.96776,Nuevo Jesús de Praga,Principal,Yagua,Peba Yagua,AYATIBA,Amazonas
-69.97576,-4.19651,Ollanta Humala Tazo,Principal,Ticuna,Ticuna,No Existe,Amazonas
-70.80605,-3.92183,Paranaquiro,Principal,Ticuna,Ticuna,No Existe,Amazonas
-70.33018,-3.81044,San Antonio de Cacao,Principal,Ticuna,Ticuna,No Existe,Amazonas
-70.87629,-3.68922,1ro de Octubre,Principal,Yagua,Peba Yagua,No Existe,Amazonas
-70.59686,-3.82748,23 de Julio de fronteras,Principal,Yagua,Peba Yagua,No Existe,Amazonas
-70.35265,-3.91602,Barranquilla,Principal,Yagua,Peba Yagua,No Existe,Amazonas
-70.34865,-3.93822,Cahuide Yanayacu,Principal,Yagua,Peba Yagua,FECOTYBA,Amazonas
-71.11039,-4.00447,Emilia Barcia Bonifatty,Principal,Yagua,Peba Yagua,AYATIBA,Amazonas
-72.09805,-3.42766,Fernando Lores de Chamberillo,Principal,Yagua,Peba Yagua,No Existe,Amazonas
-70.6443,-3.83257,Isla del Tigre,Principal,Cocama-Cocamilla (Kukama-Kukamiria),Tupi-Guaraní,No Existe,Amazonas
-70.38746,-3.94895,Nueva Galilea,Principal,Ticuna,Ticuna,No Existe,Amazonas
-71.41961,-4.00059,Nuevo Buen Jardín,Principal,Aguaruna (Awajun),Jíbaro,No Existe,Amazonas
-71.81652,-3.34673,Nueva Primavera,Principal,Yagua,Peba Yagua,No Existe,Amazonas
-71.02381,-3.98281,Nuevo San José de Prosperidad,Principal,Cocama-Cocamilla (Kukama-Kukamiria),Tupi-Guaraní,No Existe,Amazonas
-70.84669,-3.95766,Nuevo Unión Progresista,Principal,Yagua,Peba Yagua,AYATIBA,Amazonas
-70.85128,-3.78287,Pashia,Principal,Yagua,Peba Yagua,No Existe,Amazonas
-70.52824,-3.94728,Primavera,Principal,Yagua,Peba Yagua,FECOTYBA,Amazonas
-71.75612,-3.39652,San Pedro de Shishita - Río Amazonas,Principal,Yagua,Peba Yagua,No Existe,Amazonas
-71.4114,-3.88136,Santa Elena de Imasa,Principal,Yagua,Peba Yagua,FECOTYBA,Amazonas
-71.282,-3.84406,Santa Rosa de Pucaplaya,Principal,Ticuna,Ticuna,AYATIBA,Amazonas
-70.60597,-3.59196,Santa Rosa,Principal,Ticuna,Ticuna,FECOTYBA,Amazonas
-70.70183,-3.90476,Santa Elena,Principal,Ticuna,Ticuna,FECOTYBA,Amazonas
-71.78274,-3.37952,Santa Lucia de Prefecto,Principal,Yagua,Peba Yagua,No Existe,Amazonas
-70.96132,-3.57315,Tangarana,Principal,Yagua,Peba Yagua,FECOTYBA,Amazonas
-70.56741,-3.94096,Villa Luz,Principal,Cocama-Cocamilla (Kukama-Kukamiria),Tupi-Guaraní,FECOTYBA,Amazonas
-71.2311,-3.81133,Achual,Principal,Yagua,Peba Yagua,AYATIBA,Amazonas
-70.25113,-4.05303,Bellavista de Callaru,Principal,Ticuna,Ticuna,FECOTYBA,Amazonas
-70.21503,-4.07801,Buen Jardín del Callaru,Principal,Ticuna,Ticuna,FECOTYBA,Amazonas
-70.63394,-3.92925,Bufeo Cocha,Principal,Ticuna,Ticuna,FECOTYBA,Amazonas
-71.28521,-3.81093,Cajocuma,Principal,Ticuna,Ticuna,AYATIBA,Amazonas
-71.19715,-3.94046,Capironal,Principal,Yagua,Peba Yagua,AYATIBA,Amazonas
-70.04329,-4.1691,Chineria,Principal,Ticuna,Ticuna,FECOTYBA,Amazonas
-71.67287,-3.73894,Cóndor,Principal,Yagua,Peba Yagua,FEPYBABAN,Amazonas
-70.454,-3.94059,Cushillo Cocha,Principal,Ticuna,Ticuna,FECOTYBA,Amazonas
-70.51881,-3.94258,Edén de la Frontera,Principal,Yagua,Peba Yagua,FECOTYBA,Amazonas
-70.7869,-3.73766,El Sol,Principal,Yagua,Peba Yagua,No Existe,Amazonas
-70.04673,-4.19299,Gamboa,Principal,Ticuna,Ticuna,FECOTYBA,Amazonas
-71.28766,-3.79776,Juan Pablo II de Cajocuma,Principal,Yagua,Peba Yagua,AYATIBA,Amazonas
-71.18033,-3.97437,Las Palmeras del Bajo Amazonas,Principal,Ticuna,Ticuna,AYATIBA,Amazonas
-71.24415,-3.9397,Nueve de Octubre,Principal,Yagua,Peba Yagua,AYATIBA,Amazonas
-71.193,-3.98466,Nuevo Mayoruna,Principal,Yagua,Peba Yagua,AYATIBA,Amazonas
-71.26354,-3.86948,Nuevo Progreso del Río Amazonas,Principal,Ticuna,Ticuna,AYATIBA,Amazonas
-70.23646,-4.12348,Nueva Jerusalén de Erene,Principal,Ticuna,Ticuna,FECOTYBA,Amazonas
-70.94684,-3.84976,Pancho Cocha,Principal,Yagua,Peba Yagua,FECOTYBA,Amazonas
-71.7653,-3.66003,Pichana,Principal,Yagua,Peba Yagua,FECONA,Amazonas
-70.19705,-3.9439,Puerto Alegre,Principal,Ticuna,Ticuna,FECOTYBA,Amazonas
-70.43202,-3.90595,Puerto Sinai,Principal,Ticuna,Ticuna,FECOTYBA,Amazonas
-71.74292,-3.6984,Remanso,Principal,Yagua,Peba Yagua,FEPYBABAN,Amazonas
-71.05822,-4.01648,San Alberto de Morona,Principal,Yagua,Peba Yagua,AYATIBA,Amazonas
-70.07306,-4.10371,San Francisco de Yahuma,Principal,Ticuna,Ticuna,FECOTYBA,Amazonas
-70.60711,-3.61137,San José de Loreto Yacu,Principal,Yagua,Peba Yagua,FECOTYBA,Amazonas
-70.35663,-3.94472,San José de Yanayacu,Principal,Ticuna,Ticuna,FECOTYBA,Amazonas
-70.60633,-3.93686,San Martín de Arahuana,Principal,Yagua,Peba Yagua,FECOTYBA,Amazonas
-70.36584,-3.91758,San Miguel,Principal,Ticuna,Ticuna,FECOTYBA,Amazonas
-70.398,-3.90606,Santa Cecilia,Principal,Ticuna,Ticuna,No Existe,Amazonas
-71.30816,-3.89208,Santa Clara del Amazonas,Principal,Ticuna,Ticuna,FECONATIYA,Amazonas
-70.52377,-3.91684,Santa Rita de Gallinazo,Principal,Yagua,Peba Yagua,FECOTYBA,Amazonas
-70.6772,-3.92887,Santa Rita de Mochila,Principal,Ticuna,Ticuna,FECOTYBA,Amazonas
-70.47542,-3.89996,Santa Rosa del Caño,Principal,Ticuna,Ticuna,FECOTYBA,Amazonas
-71.65905,-3.79215,Santo Toribio de Mogrovejo,Principal,Yagua,Peba Yagua,FEPYBABAN,Amazonas
-71.23,-3.9205,Sargento Lores de Camote Isla,Principal,Yagua,Peba Yagua,AYATIBA,Amazonas
-70.73528,-3.80388,Uranias,Principal,Yagua,Peba Yagua,FECOTYBA,Amazonas
-71.2941,-3.81978,Verbena,Principal,Ticuna,Ticuna,AYATIBA,Amazonas
-70.58204,-3.93681,Villa Nueva Alianza,Principal,Ticuna,Ticuna,FECOTYBA,Amazonas
-70.57449,-3.93958,Villa Nueva Esperanza de Caballo Cocha - Sector B,Principal,Ticuna,Ticuna,FECOTYBA,Amazonas
-70.60072,-3.93543,Villa Nueva Vida,Principal,Ticuna,Ticuna,FECOTYBA,Amazonas
-70.12823,-4.09985,Yahuma Callaru,Principal,Ticuna,Ticuna,No Existe,Amazonas
-70.14277,-4.071,Yahuma II Zona,Principal,Ticuna,Ticuna,FECOTYBA,Amazonas
-70.12445,-4.07209,Yahuma I Zona,Principal,Ticuna,Ticuna,FECOTYBA,Amazonas
-71.31903,-3.87572,Yarina,Principal,Ticuna,Ticuna,No Existe,Amazonas
-70.33531,-3.85187,San Pedro de Cacao,Principal,Ticuna,Ticuna,No Existe,Amazonas
-72.25438,-2.45907,Puerto Milagro,Principal,"Quechua, No Especificado",Quechua,FECONAFROPU,Putumayo
-72.84281,-2.43597,Puerto Elvira,Centroide,Huitoto,Huitoto,FECONAFROPU,Putumayo
-70.08678,-2.7939,El Alamo,Principal,Yagua,Peba Yagua,FECOIBAP,Putumayo
-71.00899,-2.308,Corbata,Principal,"Quechua, No Especificado",Quechua,FECOIBAP,Putumayo
-70.89596,-2.22782,Puerto Nuevo,Principal,"Quechua, No Especificado",Quechua,FECOIBAP,Putumayo
-71.41059,-2.38867,Puerto Franco,Principal,Yagua,Peba Yagua,FECOIBAP,Putumayo
-70.6488,-2.41519,San Martín,Principal,"Quechua, No Especificado",Quechua,FECOIBAP,Putumayo
-70.59581,-2.48899,Tres Esquinas,Principal,Huitoto,Huitoto,FECOIBAP,Putumayo
-71.30273,-2.3499,Pesquería,Principal,"Quechua, No Especificado",Quechua,FECOIBAP,Putumayo
-72.18383,-3.48798,Apayacu,Principal,No Existe,No Aplicable,No Existe,Amazonas
-76.2186,-5.21576,San Antonio de Rumiyacu,Principal,Jebero (Shiwilu),Cahuapana, ,Huallaga
-76.0177,-5.15554,San Francisco del Algodonal,Principal,Jebero (Shiwilu),Cahuapana, ,Huallaga
-75.99363,-5.15713,Nuevo San Francisco,Principal,Jebero (Shiwilu),Cahuapana, ,Huallaga
-76.06749,-5.18702,Vista Alegre,Principal,Jebero (Shiwilu),Cahuapana, ,Huallaga
-76.75794,-4.81741,Nuevo Laurel,Anexo,Aguaruna (Awajun),Jíbaro,FECIDIB,Marañón
-76.61731,-4.8597,Boca de Cahuapanas,Principal,Chayahuita (Shawi),Cahuapana,FECONADIC,Marañón
-76.61624,-4.83135,Nuevo Ideal,Principal,Chayahuita (Shawi),Cahuapana,No Existe,Marañón
-76.92382,-4.78252,San Juan de Sasipahua,Principal,Chayahuita (Shawi),Cahuapana,FENADEM,Marañón
-76.8467,-4.82288,Boca de Sasipahua,Principal,Chayahuita (Shawi),Cahuapana,FECONASHAM,Marañón
-76.02121,-5.05243,Indio del Perú,Principal,"Quechua, Lamas (Kichwa)",Quechua,INQUERBAM,Marañón
-76.13581,-5.00261,Libertad - Río Marañón,Principal,"Quechua, Lamas (Kichwa)",Quechua,No Existe,Marañón
-76.04451,-5.03025,Los Angeles,Principal,"Quechua, Pastaza (Kichwa)",Quechua,FEINQUECUM,Marañón
-76.93252,-4.82735,Nueva Santa Rosa,Principal,Chayahuita (Shawi),Cahuapana,FECONASHAM,Marañón
-76.84886,-4.84718,Primavera,Principal,Chayahuita (Shawi),Cahuapana,FECONASHAM,Marañón
-75.96091,-5.01524,San Jose,Principal,"Quechua, Pastaza (Kichwa)",Quechua,AINQUECUM,Marañón
-76.76817,-4.81954,Estrella,Principal,"Quechua, No Especificado",Quechua,FECIDIB,Marañón
-76.62753,-4.7695,Nuevo Milagro,Principal,Chayahuita (Shawi),Cahuapana,No Existe,Marañón
-76.27835,-4.69138,San Sebastian,Principal,"Quechua, Pastaza (Kichwa)",Quechua,FEINQUECUM,Marañón
-76.27381,-4.67933,6 de Mayo,Principal,"Quechua, Pastaza (Kichwa)",Quechua,No Existe,Marañón
-76.54581,-4.85276,Bristol,Principal,"Quechua, Pastaza (Kichwa)",Quechua,FEQUEBAP,Marañón
-76.46518,-4.88943,San Juan de Mojarayacu,Principal,"Quechua, Pastaza (Kichwa)",Quechua,FEQUEBAP,Marañón
-76.48145,-4.92277,Nueva Islandia,Principal,"Quechua, Pastaza (Kichwa)",Quechua,FEINQUECUM,Marañón
-76.20881,-4.91931,Nuevo Topal,Principal,"Quechua, Pastaza (Kichwa)",Quechua,FEINQUECUM,Marañón
-76.32561,-5.00606,Palpa,Principal,Cocama-Cocamilla (Kukama-Kukamiria),Tupi-Guaraní,No Existe,Marañón
-76.30282,-4.96163,Papayacu,Principal,Cocama-Cocamilla (Kukama-Kukamiria),Tupi-Guaraní,FEDECOCA,Marañón
-76.22112,-4.76788,Nueva Perlita,Principal,"Quechua, Pastaza (Kichwa)",Quechua,FEINQUECUM,Marañón
-76.24504,-4.73311,Puerto Alegría del Ungumayo,Principal,"Quechua, Pastaza (Kichwa)",Quechua,FEINQUECUM,Marañón
-76.51198,-4.90633,San Antonio,Principal,"Quechua, Pastaza (Kichwa)",Quechua,AINQUERBAP,Marañón
-76.2436,-4.92167,San Isidro Bajo Pastaza,Principal,"Quechua, Pastaza (Kichwa)",Quechua,FEINQUECUM,Marañón
-76.46263,-4.92578,San Miguel,Principal,"Quechua, Pastaza (Kichwa)",Quechua,FEINQUECUM,Marañón
-76.37391,-4.97158,San Rafael,Principal,Cocama-Cocamilla (Kukama-Kukamiria),Tupi-Guaraní,FEDECOCA,Marañón
-76.14343,-4.9491,Ungumayo,Principal,"Quechua, Pastaza (Kichwa)",Quechua,FEINQUECUM,Marañón
-76.35243,-5.78961,Centro América,Principal,Chayahuita (Shawi),Cahuapana,No Existe,Huallaga
-76.39021,-5.77365,Fray Martín,Principal,Chayahuita (Shawi),Cahuapana,FECONACHA,Huallaga
-76.40077,-5.7513,Moyobambillo,Principal,Chayahuita (Shawi),Cahuapana,FECONACHA,Huallaga
-76.36404,-5.77394,Oculiza,Principal,Chayahuita (Shawi),Cahuapana,FECONACHA,Huallaga
-76.75243,-5.83192,Bichanak,Principal,Aguaruna (Awajun),Cahuapana,No Existe,Huallaga
-75.7564,-6.10735,Nueva Barranquita,Anexo Reconocido,Chayahuita (Shawi),Cahuapana,No Existe,Huallaga
-75.77011,-6.1116,San Eugenio,Anexo,Chayahuita (Shawi),Cahuapana,No Existe,Huallaga
-75.77592,-6.02757,Louis Terry,Principal,Chayahuita (Shawi),Cahuapana,No Existe,Huallaga
-75.74779,-6.02265,Nuevo Porvenir Shucushyacu,Principal,Chayahuita (Shawi),Cahuapana,No Existe,Huallaga
-75.83061,-5.92773,Wanip,Principal,Aguaruna (Awajun),Jíbaro,No Existe,Huallaga
-75.80817,-6.09106,Parinari,Principal,Chayahuita (Shawi),Cahuapana,No Existe,Huallaga
-75.97839,-5.82127,Nueva Francia,Principal,Chayahuita (Shawi),Cahuapana,No Existe,Huallaga
-75.91165,-5.83917,San Hilarión,Principal,Chayahuita (Shawi),Cahuapana,FECONACHA,Huallaga
-76.1878,-5.80149,Cachihuañushca,Principal,Chayahuita (Shawi),Cahuapana,No Existe,Huallaga
-75.75155,-5.71357,Nueva Santa Rosa - Anexo de la CCNN San Francisco,Anexo Reconocido,Chayahuita (Shawi),Cahuapana,No Existe,Huallaga
-75.76689,-5.71335,Nuevo Yarina,Anexo,Chayahuita (Shawi),Cahuapana,No Existe,Huallaga
-75.7277,-5.71622,Santa Clara,Principal,Chayahuita (Shawi),Cahuapana,No Existe,Huallaga
-75.61658,-5.80441,6 de Diciembre,Principal,Chayahuita (Shawi),Cahuapana,No Existe,Huallaga
-75.8162,-5.7307,Nueva Esperanza,Principal,Chayahuita (Shawi),Cahuapana,No Existe,Huallaga
-75.70493,-5.72169,Nuevo Triunfo,Principal,Chayahuita (Shawi),Cahuapana,No Existe,Huallaga
-75.76238,-5.72481,San Francisco,Principal,Chayahuita (Shawi),Cahuapana,No Existe,Huallaga
-75.79736,-5.72161,San Pablo de la Cruz,Principal,Chayahuita (Shawi),Cahuapana,No Existe,Huallaga
-72.11916,-3.52978,Santa Elena de Miraflores,Principal,Yagua,Peba Yagua,No Existe,Amazonas
-72.17409,-3.57771,Puerto Fujimori,Anexo,Yagua,Peba Yagua,FEPYROA,Amazonas
-72.22998,-3.51276,San Augusto,Principal,No Existe,No Aplicable,FEPYROA,Amazonas
-72.1455,-3.56429,Pobre y Alegre,Anexo,Yagua,Peba Yagua,FEPYROA,Amazonas
-71.87887,-3.32506,Betania,Principal,Bora (Bóóráá),Huitoto,FECONA,Ampiyacu
-71.99247,-3.22549,Boras de Brillo Nuevo,Principal,Bora (Bóóráá),Bora,FECONA,Ampiyacu
-71.91689,-3.33343,Boras de Pucaurquillo,Principal,Bora (Bóóráá),Huitoto,FECONA,Ampiyacu
-72.22286,-3.59895,Comandancia,Principal,Yagua,Peba Yagua,FEPYROA,Amazonas
-71.9169,-3.33342,Huitotos de Pucaurquillo,Principal,Huitoto,Huitoto,FECONA,Ampiyacu
-71.99399,-3.34045,Nueva Esperanza,Principal,Ocaina,Huitoto,FECONA,Ampiyacu
-72.1619,-3.32477,Nuevo Porvenir,Principal,Huitoto,Huitoto,FECONA,Ampiyacu
-71.95092,-3.45493,Palometillo,Principal,Yagua,Peba Yagua,FEPYROA,Amazonas
-71.98872,-3.26778,Nuevo Perú,Principal,Bora (Bóóráá),Bora,FECONA,Ampiyacu
-71.86488,-3.31767,San José de Piri,Principal,Yagua,Peba Yagua,FECONA,Ampiyacu
-72.43833,-3.60559,San José de Topal,Principal,Yagua,Peba Yagua,FEPYROA,Amazonas
-71.87623,-3.32421,Santa Lucia de Pro,Principal,Yagua,Peba Yagua,FECONA,Ampiyacu
-72.05953,-3.37633,Tierra Firme,Principal,Huitoto,Huitoto,FECONA,Ampiyacu
-72.00082,-3.20389,Boras de Colonia,Principal,Bora (Bóóráá),Bora,FECONA,Ampiyacu
-72.00805,-3.36944,Estirón del Cusco,Principal,Huitoto,Huitoto,FECONA,Ampiyacu
-71.95812,-3.3334,Huitotos del Estirón,Principal,Huitoto,Huitoto,FECONA,Ampiyacu
-72.15985,-3.56146,Nueva Vista de Santa Rosa,Principal,Yagua,Peba Yagua,FEPYROA,Amazonas
-72.13796,-3.58797,Nuevo Libertad de Paucarillo,Principal,Yagua,Peba Yagua,FEPYROA,Amazonas
-71.9926,-3.294,Puerto Isango,Principal,Ocaina,Huitoto,FECONA,Ampiyacu
-72.34977,-3.64553,Santa Ursula,Principal,Yagua,Peba Yagua,FEPYROA,Amazonas
-75.23818,-0.53222,Puerto Estrella,Principal,Secoya,Tucano,OISPE,Napo
-75.18124,-0.98588,Dos Fronteras,Principal,"Quechua, Napo (Kichwa)",Quechua,ORKIWAN,Napo
-75.10329,-1.04093,San Juan de Miraflores,Principal,"Quechua, Napo (Kichwa)",Quechua,ORKIWAN,Napo
-75.00708,-1.10069,Torres Causano,Principal,"Quechua, Napo (Kichwa)",Quechua,ORKIWAN,Napo
-75.02176,-1.11927,Vencedores del Río Napo,Principal,"Quechua, Napo (Kichwa)",Quechua,ORKIWAN,Napo
-74.93901,-1.24269,Cedro Isla,Principal,"Quechua, Napo (Kichwa)",Quechua,No Existe,Napo
-74.94504,-1.19073,Urpi Isla,Anexo,"Quechua, Napo (Kichwa)",Quechua,ORKIWAN,Napo
-74.88372,-1.28216,Pinduyacu,Principal,"Quechua, Napo (Kichwa)",Quechua,ORKIWAN,Napo
-74.76809,-1.27923,Estirón de Santa María,Principal,"Quechua, Napo (Kichwa)",Quechua,ORKIWAN,Napo
-74.67403,-1.34623,Vencedor de Guajoya,Principal,Secoya,Quechua,OISPE,Napo
-74.7833,-1.32818,Yarina Llacta,Principal,"Quechua, Napo (Kichwa)",Quechua,ORKIWAN,Napo
-74.70282,-1.39203,Chingana,Principal,"Quechua, Napo (Kichwa)",Quechua,ORKIWAN,Napo
-74.74435,-1.36314,Túpac Amaru,Principal,"Quechua, Napo (Kichwa)",Quechua,ORKIWAN,Napo
-74.62676,-1.55245,Camunguy,Principal,"Quechua, Napo (Kichwa)",Quechua,ORKIWAN,Napo
-74.62186,-1.47017,Humandi,Anexo,"Quechua, Napo (Kichwa)",Quechua,ORKIWAN,Napo
-74.6118,-1.56492,Monterrico,Principal,"Quechua, Napo (Kichwa)",Quechua,ORKIWAN,Napo
-74.63532,-1.43282,Santa María de Angoteros,Principal,"Quechua, Napo (Kichwa)",Quechua,ORKIWAN,Napo
-74.7201,-1.74953,Aushiri,Anexo,"Quechua, Napo (Kichwa)",Quechua,ORKIWAN,Napo
-74.64462,-1.63842,Samunabula,Anexo,"Quechua, Napo (Kichwa)",Quechua,ORKIWAN,Napo
-74.70757,-1.79279,Campo Serio,Principal,"Quechua, Napo (Kichwa)",Quechua,ORKIWAN,Napo
-74.68905,-1.75681,Paula Cocha,Principal,"Quechua, Napo (Kichwa)",Quechua,ORKIWAN,Napo
-74.66092,-1.84794,Ingano Llacta,Principal,"Quechua, Napo (Kichwa)",Quechua,ORKIWAN,Napo
-74.55442,-1.96135,Puerto Elvira,Principal,"Quechua, Napo (Kichwa)",Quechua,ORKIWAN,Napo
-74.53172,-1.93856,Loroyacu,Principal,"Quechua, Napo (Kichwa)",Quechua,ORKIWAN,Napo
-74.46973,-1.98585,Nuevo Cajamarca,Anexo Reconocido,"Quechua, Napo (Kichwa)",Quechua,ORKIWAN,Napo
-74.38598,-2.07323,Nueva Holanda,Anexo Reconocido,"Quechua, Napo (Kichwa)",Quechua,ORKIWAN,Napo
-74.43547,-2.05345,Rumituni,Principal,"Quechua, Napo (Kichwa)",Quechua,ORKIWAN,Napo
-74.44754,-2.02251,Sunullacta,Principal,"Quechua, Napo (Kichwa)",Quechua,ORKIWAN,Napo
-74.21893,-2.13361,Bandeja Isla,Principal,"Quechua, Napo (Kichwa)",Quechua,No Existe,Napo
-74.27637,-2.11834,Pucayacu,Principal,"Quechua, Napo (Kichwa)",Quechua,ORKIWAN,Napo
-74.13101,-2.14179,San Carlos,Principal,"Quechua, Napo (Kichwa)",Quechua,ORKIWAN,Napo
-74.09743,-2.18564,Quechua de San Fernando I Zona,Principal,"Quechua, Napo (Kichwa)",Quechua,ORKIWAN,Napo
-74.08329,-2.20274,San Fernando,Principal,"Quechua, Napo (Kichwa)",Quechua,ORKIWAN,Napo
-74.07734,-2.34251,Nuevo Defensor,Principal,"Quechua, Napo (Kichwa)",Quechua,FECONAMNCUA,Napo
-74.04245,-2.29737,Sumac Allpa,Principal,"Quechua, Napo (Kichwa)",Quechua,ORKIWAN,Napo
-74.07573,-2.38486,Santa Victoria,Principal,"Quechua, Napo (Kichwa)",Quechua,FECONAMNCUA,Napo
-73.98743,-2.41426,Diamante Azul,Principal,"Quechua, Napo (Kichwa)",Quechua,FECUMNCU,Napo
-73.87047,-2.36008,Rango Isla,Anexo,"Quechua, Napo (Kichwa)",Quechua,FECONAMNCUA,Napo
-73.90731,-2.35141,San Jorge,Principal,"Quechua, Napo (Kichwa)",Quechua,FECONAMNCUA,Napo
-73.80965,-2.3286,Copal Yacu,Anexo,"Quechua, Napo (Kichwa)",Quechua,FECONAMNCUA,Napo
-73.75201,-2.40765,Patria Nueva,Principal,"Quechua, Napo (Kichwa)",Quechua,FECONAMNCUA,Napo
-73.66299,-2.3409,Nuevo Libertador,Principal,"Quechua, Napo (Kichwa)",Quechua,FECONAMNCUA,Napo
-73.68026,-2.34083,Santa Elena,Principal,"Quechua, Napo (Kichwa)",Quechua,FECONAMN,Napo
-73.65372,-2.34918,Vista Hermosa - Río Tambor Yacu,Principal,"Quechua, Napo (Kichwa)",Quechua,FECONAMNCUA,Napo
-73.72359,-2.47767,Huiririma,Principal,"Quechua, Napo (Kichwa)",Quechua,FECONAMNCUA,Napo
-73.70667,-2.4816,Sargento Lores,Principal,"Quechua, Napo (Kichwa)",Quechua,FECONAMNCUA,Napo
-73.67516,-2.48062,Juan Pablo II,Anexo,"Quechua, Napo (Kichwa)",Quechua,FECONAMNCUA,Napo
-73.65527,-2.49388,Nuevo San José,Principal,"Quechua, Napo (Kichwa)",Quechua,FECONAMNCUA,Napo
-73.61479,-2.47273,Nuevo San Pedro,Principal,"Quechua, Napo (Kichwa)",Quechua,FECONAMNCUA,Napo
-73.6022,-2.51771,Huitotos de Fortaleza,Principal,Huitoto,Huitoto,FECONAMNCUA,Napo
-73.52587,-2.50237,Nuevo San Antonio de Lancha Poza,Principal,"Quechua, Napo (Kichwa)",Quechua,FECONAMNCUA,Napo
-73.56232,-2.53592,San Lorenzo,Principal,"Quechua, Napo (Kichwa)",Quechua,FECONAMNCUA,Napo
-73.52731,-2.62372,Puerto Alegre,Anexo,"Quechua, Napo (Kichwa)",Quechua,FECONAMNCUA,Napo
-73.50416,-2.64282,Puerto Arica,Principal,"Quechua, Napo (Kichwa)",Quechua,FECONAMNCUA,Napo
-73.5451,-2.63497,Lagarto Cocha,Principal,"Quechua, Napo (Kichwa)",Quechua,FECONAMNCUA,Napo
-73.52329,-2.59553,San Juan de Yanayacu,Principal,"Quechua, Napo (Kichwa)",Quechua,FECONAMNCUA,Napo
-73.50833,-2.56436,Nuevo San Roque,Principal,"Quechua, Napo (Kichwa)",Quechua,FECONAMNCUA,Napo
-73.53553,-2.68601,Ninayacu,Anexo Reconocido,"Quechua, Napo (Kichwa)",Quechua,FECONAMNCUA,Napo
-73.48911,-2.68605,Morón Isla,Principal,"Quechua, Napo (Kichwa)",Quechua,FECONAMNCUA,Napo
-73.52084,-2.70571,Pucabarranca,Principal,"Quechua, Napo (Kichwa)",Quechua,FECONAMNCUA,Napo
-73.49619,-2.75972,Nueva Argelia Anexo de la CCNN Cruz de la Plata,Principal,"Quechua, Napo (Kichwa)",Quechua,No Existe,Napo
-73.50426,-2.74456,Cruz de Plata,Principal,"Quechua, Napo (Kichwa)",Quechua,FECONAMNCUA,Napo
-73.56697,-2.76731,Berlín,Principal,"Quechua, Napo (Kichwa)",Quechua,FECONAMNCUA,Napo
-73.53618,-2.85896,Nuevo Chambira,Principal,"Quechua, Napo (Kichwa)",Quechua,FECONAMNCUA,Napo
-73.54122,-2.83443,Santa Rosa,Principal,"Quechua, Napo (Kichwa)",Quechua,FECONAMNCUA,Napo
-73.525,-2.87598,Vencedores de Vista Alegre,Principal,"Quechua, Napo (Kichwa)",Quechua,No Existe,Napo
-73.25236,-2.98338,Nueva Unión,Principal,"Quechua, Napo (Kichwa)",Quechua,No Existe,Napo
-73.23461,-3.1109,Cerro de Pasco,Principal,"Quechua, Napo (Kichwa)",Quechua,FECONAMNCUA,Napo
-73.27901,-2.99272,Nueva Antioquia,Principal,"Quechua, Napo (Kichwa)",Quechua,No Existe,Napo
-73.2664,-2.99066,Nueva Floresta,Principal,"Quechua, Napo (Kichwa)",Quechua,No Existe,Napo
-73.16176,-3.11378,Nueva Libertad,Principal,"Quechua, Napo (Kichwa)",Quechua,FECONAMNCUA,Napo
-73.23979,-3.07015,San Francisco de Pinsha,Principal,"Quechua, Napo (Kichwa)",Quechua,FECONAMNCUA,Napo
-73.30979,-2.94823,Vencedores de Zapote,Principal,"Quechua, Napo (Kichwa)",Quechua,No Existe,Napo
-73.39118,-3.02038,Huitotos de Negro Urco,Principal,"Quechua, Napo (Kichwa)",Quechua,FECONAMNCUA,Napo
-73.17953,-3.02012,Nueva Vida,Principal,Orejón (Mae Juna),Tucano,FECONAMAI,Napo
-73.15569,-3.03988,Puerto Huamán,Principal,Orejón (Mae Juna),Tucano,FECONAMAI,Napo
-73.2015,-3.43052,Flor de Agosto,Principal,"Quechua, Napo (Kichwa)",Quechua,No Existe,Napo
-73.21565,-3.17783,Puerto Abeja,Principal,"Quechua, Napo (Kichwa)",Quechua,No Existe,Napo
-73.14337,-3.16291,Copalillo,Principal,"Quechua, Napo (Kichwa)",Quechua,No Existe,Napo
-73.16642,-3.22456,Nuevo Oriente,Principal,"Quechua, Napo (Kichwa)",Quechua,No Existe,Napo
-73.25047,-3.15629,Nuevo Iquitos,Principal,"Quechua, Napo (Kichwa)",Quechua,No Existe,Napo
-73.16017,-3.15849,Nuevo San Juan,Principal,"Quechua, Napo (Kichwa)",Quechua,No Existe,Napo
-73.1844,-3.18358,Nuevo Triunfo,Principal,"Quechua, Napo (Kichwa)",Quechua,FECONAMNCUA,Napo
-73.19858,-3.20582,Oro Blanco,Principal,No Existe,Quechua,No Existe,Napo
-73.19695,-3.26679,Sara Isla,Principal,"Quechua, Napo (Kichwa)",Quechua,No Existe,Napo
-75.65748,-4.6822,San Felipe,Anexo,Urarina,Shimaco,FECURU,Urituyacu
-75.6553,-4.56273,Santa Lucia,Anexo,Urarina,Shimaco,No Existe,Urituyacu
-75.10649,-4.82277,6 de Mayo,Principal,Cocama-Cocamilla (Kukama-Kukamiria),Tupi-Guaraní,No Existe,Marañón
-75.81572,-4.36891,8 de Octubre,Principal,Urarina,Shimaco,FECURU,Urituyacu
-74.7876,-4.65753,Berlin,Principal,Cocama-Cocamilla (Kukama-Kukamiria),Tupi-Guaraní,No Existe,Marañón
-74.54767,-4.52633,Buena Vista Jerusalén,Principal,Cocama-Cocamilla (Kukama-Kukamiria),Tupi-Guaraní,AIDECOS,Marañón
-75.65703,-4.59363,Caimituyo,Principal,Cocama-Cocamilla (Kukama-Kukamiria),Tupi-Guaraní,No Existe,Urituyacu
-74.76699,-4.58786,Concordia,Principal,Cocama-Cocamilla (Kukama-Kukamiria),Tupi-Guaraní,ACONAKKU,Marañón
-75.0931,-4.81662,Nueva Esperanza,Principal,Cocama-Cocamilla (Kukama-Kukamiria),Tupi-Guaraní,No Existe,Marañón
-75.34544,-4.8016,Santa Teresa,Principal,Cocama-Cocamilla (Kukama-Kukamiria),Tupi-Guaraní,No Existe,Marañón
-74.59047,-4.47699,Yurica,Principal,Cocama-Cocamilla (Kukama-Kukamiria),Tupi-Guaraní,AIDECOS,Marañón
-74.85898,-4.67749,18 de Julio - Río Marañón,Principal,Cocama-Cocamilla (Kukama-Kukamiria),Tupi-Guaraní,ACONAKKU,Marañón
-74.90138,-4.71982,Alfonso Ugarte,Principal,Cocama-Cocamilla (Kukama-Kukamiria),Tupi-Guaraní,ACONAKKU,Marañón
-74.42092,-4.61099,Atenas,Principal,Cocama-Cocamilla (Kukama-Kukamiria),Tupi-Guaraní,AIDECOS,Samiria
-75.86227,-4.28387,Ayahuasca,Principal,Urarina,Shimaco,No Existe,Urituyacu
-74.87486,-4.69603,Buenos Aires,Principal,Cocama-Cocamilla (Kukama-Kukamiria),Tupi-Guaraní,ACONAKKU,Marañón
-75.40135,-4.88184,Chanchamayo,Principal,Cocama-Cocamilla (Kukama-Kukamiria),Tupi-Guaraní,AIDEMA,Marañón
-75.21664,-4.80242,Cuninico,Principal,Cocama-Cocamilla (Kukama-Kukamiria),Tupi-Guaraní,No Existe,Marañón
-74.8396,-4.67235,Huallpa Isla,Principal,Cocama-Cocamilla (Kukama-Kukamiria),Tupi-Guaraní,ACONAKKU,Marañón
-75.45125,-4.86409,Monte Rico,Principal,Cocama-Cocamilla (Kukama-Kukamiria),Tupi-Guaraní,ORICOCA,Marañón
-74.38574,-4.61964,Mundial,Principal,Cocama-Cocamilla (Kukama-Kukamiria),Tupi-Guaraní,AIDECOS,Samiria
-74.87659,-4.70491,Nueva Elmira,Principal,Cocama-Cocamilla (Kukama-Kukamiria),Tupi-Guaraní,ACONAKKU,Marañón
-74.78368,-4.58024,Nuevo Lima,Principal,Cocama-Cocamilla (Kukama-Kukamiria),Tupi-Guaraní,ACODECOSPAD,Marañón
-75.82429,-4.32089,Nuevo San Luis,Principal,Urarina,Shimaco,FECURU,Urituyacu
-75.3152,-4.78768,Nueva Santa Rosa,Principal,Cocama-Cocamilla (Kukama-Kukamiria),Tupi-Guaraní,AIDEMA,Marañón
-74.46309,-4.63133,Parinari,Principal,Cocama-Cocamilla (Kukama-Kukamiria),Tupi-Guaraní,AIDECOS,Samiria
-75.15078,-4.82999,San Antonio,Principal,Cocama-Cocamilla (Kukama-Kukamiria),Tupi-Guaraní,AIDEMA,Marañón
-75.20249,-4.824,San Francisco,Principal,Cocama-Cocamilla (Kukama-Kukamiria),Tupi-Guaraní,AIDEMA,Marañón
-74.79575,-4.615,San Gabriel,Principal,Cocama-Cocamilla (Kukama-Kukamiria),Tupi-Guaraní,ACODECOSPAD,Marañón
-74.92856,-4.71307,San José de Saramuro,Principal,Cocama-Cocamilla (Kukama-Kukamiria),Tupi-Guaraní,ACODECOSPAD,Marañón
-75.05468,-4.75966,San Pedro,Principal,Cocama-Cocamilla (Kukama-Kukamiria),Tupi-Guaraní,ACODECOSPAD,Marañón
-74.91474,-4.72922,Saramurillo,Principal,Cocama-Cocamilla (Kukama-Kukamiria),Tucano,ACONAKKU,Marañón
-74.40647,-4.5928,Tangarana,Principal,Cocama-Cocamilla (Kukama-Kukamiria),Tupi-Guaraní,No Existe,Marañón
-75.2744,-4.79137,Urarinas,Principal,Cocama-Cocamilla (Kukama-Kukamiria),Tupi-Guaraní,AIDEMA,Marañón
-74.80669,-4.63658,Victoria,Principal,Cocama-Cocamilla (Kukama-Kukamiria),Tupi-Guaraní,ACONAKKU,Marañón
-75.41632,-4.93919,Vista Alegre,Principal,Cocama-Cocamilla (Kukama-Kukamiria),Tupi-Guaraní,AIDEMA,Marañón
-75.6102,-4.78516,Cafetal,Principal,Cocama-Cocamilla (Kukama-Kukamiria),Tupi-Guaraní,FECURU,Urituyacu
-75.8171,-4.36535,Guineal,Principal,Urarina,Shimaco,ACURUITA,Urituyacu
-75.63959,-4.7491,Juan Velasco Alvarado,Principal,Cocama-Cocamilla (Kukama-Kukamiria),Tupi-Guaraní,FECURU,Urituyacu
-75.73717,-4.45929,Lupunayo,Principal,Cocama-Cocamilla (Kukama-Kukamiria),Tupi-Guaraní,FECURU,Urituyacu
-74.44273,-4.58541,Nueva Unión del Marañón,Principal,Cocama-Cocamilla (Kukama-Kukamiria),Tupi-Guaraní,No Existe,Marañón
-75.67661,-4.64978,California (Nuevo Progreso),Anexo,Cocama-Cocamilla (Kukama-Kukamiria),Tupi-Guaraní,FECURU,Urituyacu
-75.66916,-4.67573,Nuevo Progreso,Principal,Urarina,Shimaco,FECURU,Urituyacu
-75.39654,-4.81874,Nueva Alianza,Principal,Cocama-Cocamilla (Kukama-Kukamiria),Tupi-Guaraní,AIDEMA,Marañón
-75.76723,-4.42854,Pintuyacu,Principal,Cocama-Cocamilla (Kukama-Kukamiria),Tupi-Guaraní,No Existe,Urituyacu
-75.71089,-4.53261,Reforma,Principal,Cocama-Cocamilla (Kukama-Kukamiria),Tupi-Guaraní,FECURU,Urituyacu
-75.78075,-4.40075,San Antonio de Bancal,Principal,Urarina,Shimaco,ACURUY,Urituyacu
-75.70885,-4.51553,San Enrique,Principal,Cocama-Cocamilla (Kukama-Kukamiria),Tupi-Guaraní,FECURU,Urituyacu
-74.47674,-4.55944,San José de Parinari,Principal,Cocama-Cocamilla (Kukama-Kukamiria),Tupi-Guaraní,AIDECOS,Marañón
-75.9317,-4.22905,San Juan de Bejaico,Principal,Cocama-Cocamilla (Kukama-Kukamiria),Tupi-Guaraní,No Existe,Urituyacu
-75.69109,-4.56106,Triunfo,Principal,Cocama-Cocamilla (Kukama-Kukamiria),Tupi-Guaraní,FECURU,Urituyacu
-74.55872,-3.74271,Pueblo Joven Sargento Lores,Principal,"Quechua, No Especificado",Quechua,No Existe,Tigre
-74.40334,-3.79961,Libertad,Principal,"Quechua, No Especificado",Quechua,No Existe,Tigre
-74.36685,-3.80953,Nuevo Tarma,Principal,Achuar,Jíbaro,No Existe,Tigre
-74.33936,-3.84253,Nuevo Belgica,Principal,"Quechua, No Especificado",Quechua,No Existe,Tigre
-74.32942,-3.88549,Huacachina,Principal,"Quechua, No Especificado",Quechua,No Existe,Tigre
-74.39998,-4.07914,Piura,Principal,"Quechua, No Especificado",Quechua,No Existe,Tigre
-74.42109,-4.16329,Monte Verde,Principal,"Quechua, No Especificado",Quechua,No Existe,Tigre
-74.29301,-4.3242,Nueva York,Principal,"Quechua, No Especificado",Quechua,No Existe,Tigre
-73.77022,-4.57679,Villa Buen Pastor,Principal,Cocama-Cocamilla (Kukama-Kukamiria),Tupi-Guaraní,No Existe,Marañón
-74.54264,-5.72658,Perla de Camunguy,Principal,Cocama-Cocamilla (Kukama-Kukamiria),Tupi-Guaraní,No Existe,Ucayali
-77.3972,-4.99355,Acha Poza,Anexo,Aguaruna (Awajun),Jíbaro, ,Marañón
-77.30556,-5.04944,Buena Vista,Anexo,Aguaruna (Awajun),Jíbaro, ,Marañón
-77.21514,-5.08765,Nueva Esperanza,Anexo,Aguaruna (Awajun),Jíbaro,FECIDIB,Marañón
-77.43038,-5.02067,Nuevo Pongo,Anexo,Aguaruna (Awajun),Jíbaro, ,Marañón
-77.38171,-5.01287,Nuevo Tsamajain,Anexo,Aguaruna (Awajun),Jíbaro, ,Marañón
-76.98125,-4.87605,San Juan de Miraflores - Río Potro,Principal,Aguaruna (Awajun),Jíbaro,No Existe,Marañón
-77.25331,-5.17295,Nayumpim,Principal,Aguaruna (Awajun),Jíbaro,No Existe,Marañón
-77.0131,-4.89594,Nuevo Progreso,Principal,Chayahuita (Shawi),Cahuapana,ORIDEP,Marañón
-77.0487,-4.88041,Shapajal,Principal,Aguaruna (Awajun),Jíbaro,ORIDEP,Marañón
-77.34604,-5.12833,Wawajin,Principal,Aguaruna (Awajun),Jíbaro,FECIDIB,Marañón
-77.2503,-5.01284,Copal,Principal,Aguaruna (Awajun),Jíbaro, ,Marañón
-77.43028,-4.9911,Pachacutec,Principal,Aguaruna (Awajun),Jíbaro, ,Marañón
-77.23184,-5.1073,Porvenir,Principal,Aguaruna (Awajun),Jíbaro,FECIDIB,Marañón
-77.64577,-5.21479,Nueva Belice,Principal,Aguaruna (Awajun),Jíbaro,No Existe,Marañón
-76.82672,-5.37529,28 de Julio,Anexo,Chayahuita (Shawi),Cahuapana,ORNASI,Marañón
-76.69858,-5.33781,Centro América,Anexo,Chayahuita (Shawi),Cahuapana,OKAPIASI,Marañón
-76.63724,-5.33276,Nueva Alianza,Anexo,Chayahuita (Shawi),Cahuapana,No Existe,Marañón
-76.72383,-5.33544,Nuevo Belén,Anexo,Chayahuita (Shawi),Cahuapana,OKAPIASI,Marañón
-76.78147,-5.43616,Puerto Libre,Anexo,Chayahuita (Shawi),Cahuapana,FECOSHASI,Marañón
-76.82825,-5.39978,Samaria,Anexo,Chayahuita (Shawi),Cahuapana,ORNASI,Marañón
-76.75112,-5.33377,San Isidro,Anexo,Chayahuita (Shawi),Cahuapana,OKAPIASI,Marañón
-76.74,-5.36212,Santa Clara,Anexo,Chayahuita (Shawi),Cahuapana,FECOSHASI,Marañón
-76.75497,-5.39352,Santa Lucia,Anexo,Chayahuita (Shawi),Cahuapana,FECOSHASI,Marañón
-76.75268,-5.05413,Ungurahui,Anexo,Chayahuita (Shawi),Cahuapana,FECOSHASI,Marañón
-76.69864,-5.33196,Nuevo Perú,Principal,Chayahuita (Shawi),Cahuapana,No Existe,Marañón
-76.64058,-4.88007,Santa Elena,Principal,Chayahuita (Shawi),Cahuapana,No Existe,Marañón
-76.65666,-5.31066,Nuevo Cajamarca,Principal,Chayahuita (Shawi),Cahuapana,No Existe,Marañón
-76.8068,-5.4444,Pueblo Chayahuita,Principal,Chayahuita (Shawi),Cahuapana,FECOSHASI,Marañón
-76.74083,-5.37345,Pistón Benavides,Principal,Chayahuita (Shawi),Cahuapana,FECOSHASI,Marañón
-76.83373,-5.41093,San Ramón de Sinar,Principal,Chayahuita (Shawi),Cahuapana,ORNASI,Marañón
-76.89679,-5.53827,Jordania,Principal,Chayahuita (Shawi),Cahuapana,No Existe,Marañón
-72.65195,-3.38277,Yaguas de Nueva Esperanza de Atún Caño,Principal,Yagua,Peba Yagua,No Existe,Napo
-72.9303,-3.24315,Orejones,Principal,Orejón (Mae Juna),Tucano,FECONAMAY,Napo
-73.06502,-3.36018,Yaguas de Urco Miraño,Principal,Yagua,Peba Yagua,FEPYBABAN,Napo
-73.00374,-3.31782,22 de Noviembre,Principal,"Quechua, Napo (Kichwa)",Quechua,No Existe,Napo
-73.78986,-2.34867,Copal Urco,Principal,"Quechua, Napo (Kichwa)",Quechua,FECONAMNCUA,Napo
-73.85331,-2.316,Nueva Yarina de la Quebrada Copal Yacu,Principal,"Quechua, Napo (Kichwa)",Quechua,FECONAMNCUA,Napo
-74.04998,-2.40113,Quechua de Argentina,Principal,"Quechua, Napo (Kichwa)",Quechua,FECONCU,Napo
-74.11183,-2.36395,San Rafael,Principal,"Quechua, Napo (Kichwa)",Quechua,FECONCU,Napo
-74.15448,-2.34897,Nuevo Libertad,Principal,"Quechua, Napo (Kichwa)",Quechua,FECONCU,Napo
-74.20949,-2.29754,Mucha Vista,Principal,"Quechua, Napo (Kichwa)",Quechua,FECONCU,Napo
-74.16456,-2.31279,Nuevo Israel,Principal,"Quechua, Napo (Kichwa)",Quechua,FECONCU,Napo
-74.26803,-2.29827,Santa María del Curaray,Principal,"Quechua, Napo (Kichwa)",Quechua,FECONAMNCUA,Napo
-74.33426,-2.2901,Nuevo Yarina,Principal,"Quechua, Napo (Kichwa)",Quechua,FECONCU,Napo
-74.41198,-2.29747,Tipishca,Principal,"Quechua, Napo (Kichwa)",Quechua,FECONCU,Napo
-74.46535,-2.27049,Soledad,Principal,"Quechua, Napo (Kichwa)",Quechua,No Existe,Napo
-74.55793,-2.16788,Nuevo Bellavista,Principal,"Quechua, Napo (Kichwa)",Quechua,No Existe,Napo
-74.76154,-2.12937,Bolivar,Principal,"Quechua, Napo (Kichwa)",Quechua,FECONAMN,Napo
-74.82573,-2.09887,Shapajal,Principal,"Quechua, Napo (Kichwa)",Quechua,No Existe,Napo
-74.87113,-2.1215,Buena Vista,Principal,Arabela,Záparo,No Existe,Napo
-74.9131,-2.15565,Flor de Coco,Principal,Arabela,Záparo,No Existe,Napo
-75.01675,-1.84513,Urbina - Río Curaray,Principal,"Quechua, Napo (Kichwa)",Quechua,No Existe,Napo
-74.87286,-6.0695,Trece de Enero,Principal,Shipibo-Conibo,Pano,FECONBU,Ucayali
-75.14862,-6.24564,Nueva Cajamarca,Principal,Shipibo-Conibo,Pano,FECONBU,Ucayali
-74.98942,-6.61526,Santa Teresa,Principal,Asháninka,Arawak,FECONBU,Ucayali
-75.10842,-6.98374,Nuevo Canchahuaya,Principal,Shipibo-Conibo,Pano,FECONBU,Ucayali
-75.16952,-6.93565,Nuevo Shetevo,Principal,Shipibo-Conibo,Pano,FECONBU,Ucayali
-75.20441,-7.03513,Santa Rosa de Pirococha,Principal,Shipibo-Conibo,Pano,FECONBU,Ucayali
-75.36188,-7.25975,Isolaya,Principal,Piro (Yine),Arawak,FECONBU,Ucayali
-75.27167,-7.2305,Libertad,Principal,Piro (Yine),Arawak,FECONBU,Ucayali
-75.26693,-7.2561,Puerto Adelina,Principal,Shipibo-Conibo,Pano,FECONBU,Ucayali
-75.08356,-7.26267,Nuevo Milagritos,Principal,Shipibo-Conibo,Pano,FECONBU,Ucayali
-75.10273,-7.21939,Nuevo Olaya,Principal,Shipibo-Conibo,Pano,FECONBU,Ucayali
-75.14173,-7.28151,Nuevo San Francisco de Rompeo de Tipishca,Principal,Shipibo-Conibo,Pano,FECONBU,Ucayali
-74.97706,-7.37065,Bellavista,Principal,Shipibo-Conibo,Pano,FECONBU,Ucayali
-74.97184,-7.3723,Canaán,Principal,Shipibo-Conibo,Pano,FECONBU,Ucayali
-75.04057,-7.39036,Canaán de Chia Tipishca,Principal,Shipibo-Conibo,Pano,FECONBU,Ucayali
-74.93799,-7.46161,Libertador,Principal,Shipibo-Conibo,Pano,FECONBU,Ucayali
-74.93716,-7.41734,Nuevo Sucre,Principal,Shipibo-Conibo,Pano,FECONBU,Ucayali
-74.93612,-7.43651,Santa Clara II,Principal,Shipibo-Conibo,Pano,FECONBU,Ucayali
-75.177,-7.35882,Suhaya (Golondrina),Principal,Shipibo-Conibo,Pano,FECONBU,Ucayali
-75.04211,-7.55891,Cushuscaya,Principal,Shipibo-Conibo,Pano,FECONBU,Ucayali
-75.00761,-7.69357,Nuevo Galilea,Principal,Shipibo-Conibo,Pano,FECIDPAM,Ucayali
-74.98936,-7.67597,Nuevo Cunshamay,Principal,Shipibo-Conibo,Pano,FECIDPAM,Ucayali
-74.84684,-7.67795,Nuevo San Pablo de Sinuya,Principal,Shipibo-Conibo,Pano,FECONBU,Ucayali
-75.01009,-7.76265,Santa Ana,Principal,Shipibo-Conibo,Pano,FECIDPAM,Ucayali
-74.81032,-7.83152,Alfonso Ugarte,Principal,Shipibo-Conibo,Pano,FECONBU,Ucayali
-74.87414,-7.88368,El Porvenir,Principal,Shipibo-Conibo,Pano,FECIDPAM,Ucayali
-74.79066,-7.86805,Nuevo Loreto,Principal,Shipibo-Conibo,Pano,FECIDPAM,Ucayali
-74.90133,-7.79309,Roaboya,Principal,Shipibo-Conibo,Pano,FECIDPAM,Ucayali
-75.01436,-7.84876,Paococha,Anexo,Shipibo-Conibo,Pano,FECIDPAM,Ucayali
-75.01812,-7.84819,Paoyhan,Principal,Shipibo-Conibo,Pano,FECIDPAM,Ucayali
-75.23131,-7.77755,Nuevo Irasola,Principal,Shipibo-Conibo,Pano,FECONACURPI,Ucayali
-75.37009,-7.84178,San Luis de Charasmana,Principal,Shipibo-Conibo,Pano,FECONACURPI,Ucayali
-75.19111,-7.76329,Santa Rosa del Río Pisqui,Principal,Shipibo-Conibo,Pano,FECONACURPI,Ucayali
-75.3559,-7.83471,Túpac Amaru,Principal,Shipibo-Conibo,Pano,FECONACURPI,Ucayali
-75.31815,-7.79657,Vencedor,Principal,Shipibo-Conibo,Pano,FECONACURPI,Ucayali
-75.15142,-7.72188,Nueve de Octubre,Principal,Shipibo-Conibo,Pano,FECONACURPI,Ucayali
-75.10432,-7.70801,Santa Rosa,Principal,Shipibo-Conibo,Pano,FECONACURPI,Ucayali
-75.11874,-7.69478,Tres Unidos,Principal,Shipibo-Conibo,Pano,FECONACURPI,Ucayali
-75.57244,-7.9595,Manco Capac,Principal,Shipibo-Conibo,Pano,FECONACURPI,Ucayali
-72.96061,-9.45017,Nueva Shahuaya,Principal,Asháninka,Arawak,UCIF,Yurua
-72.9817,-9.41394,Sawawo,Principal,Ashéninka,Arawak,UCIF,Yurua
-73.45704,-3.87326,San Miguel de Jibaro,Principal,Candoshi (Kandozi),Candoshi,No Existe,Nanay
-73.38065,-3.83991,San José de Lupuna,Principal,Cocama-Cocamilla (Kukama-Kukamiria),Tupi-Guaraní,No Existe,Nanay
-73.28192,-4.54657,Jerusalen - Río Tahuayo,Principal,Achuar,Jíbaro,No Existe,Ucayali
-72.91042,-4.16796,Rivera Alta,Principal,"Quechua, No Especificado",Quechua,No Existe,Amazonas
-73.7239,-2.66844,Buena Vista II Zona,Principal,Arabela,Záparo,No Existe,Napo
-73.71265,-2.43806,Nueva Almendra,Principal,"Quechua, Napo (Kichwa)",Quechua,No Existe,Napo
-73.8739,-2.43429,Nuevo Progreso de Rango Isla,Principal,"Quechua, Napo (Kichwa)",Quechua,No Existe,Napo
-73.25836,-3.68582,Independencia,Principal,Cocama-Cocamilla (Kukama-Kukamiria),Tupi-Guaraní,No Existe,Nanay
-73.26962,-3.68962,Milagro,Principal,Cocama-Cocamilla (Kukama-Kukamiria),Tupi-Guaraní,No Existe,Nanay
-73.12417,-2.01644,Nueva Venecia - Río Putumayo,Principal,"Quechua, No Especificado",Quechua,No Existe,Putumayo
-73.28147,-3.70094,Santa Clotilde,Principal,Cocama-Cocamilla (Kukama-Kukamiria),Tupi-Guaraní,No Existe,Nanay
-73.25069,-3.69869,Santo Tomas,Principal,Cocama-Cocamilla (Kukama-Kukamiria),Tupi-Guaraní,No Existe,Nanay
-77.35151,-5.65883,Cachiyacu,Principal,Aguaruna (Awajun),Jíbaro,FERIAAM,Alto Mayo
-76.52051,-5.82667,Achayacu,Principal,Chayahuita (Shawi),Cahuapana,No Existe,Huallaga
-76.48759,-5.87569,Armanayacu,Principal,Chayahuita (Shawi),Cahuapana,No Existe,Huallaga
-76.70186,-5.86594,Bashuim,Principal,Aguaruna (Awajun),Jíbaro,No Existe,Huallaga
-76.71827,-5.65026,Florida,Principal,Chayahuita (Shawi),Cahuapana,No Existe,Huallaga
-75.82039,-4.79079,6 de Julio,Principal,Cocama-Cocamilla (Kukama-Kukamiria),Tupi-Guaraní,No Existe,Huallaga
-73.85856,-4.54075,23 de Junio,Principal,Cocama-Cocamilla (Kukama-Kukamiria),Tupi-Guaraní,No Existe,Marañón
-75.16154,-4.4594,28 de Julio,Principal,Cocama-Cocamilla (Kukama-Kukamiria),Tupi-Guaraní,No Existe,Marañón
-74.27582,-5.85294,28 de Julio - Río Juanache,Principal,Cocama-Cocamilla (Kukama-Kukamiria),Tupi-Guaraní,No Existe,Ucayali
-73.79788,-4.56779,Acción Popular,Principal,Cocama-Cocamilla (Kukama-Kukamiria),Tupi-Guaraní,No Existe,Marañón
-74.1369,-4.49591,Alianza,Principal,Cocama-Cocamilla (Kukama-Kukamiria),Tupi-Guaraní,No Existe,Marañón
-73.4632,-4.43295,Amazonas,Principal,Cocama-Cocamilla (Kukama-Kukamiria),Tupi-Guaraní,No Existe,Marañón
-74.10691,-4.51397,Bagazán San Pedro de Tipishca,Principal,Cocama-Cocamilla (Kukama-Kukamiria),Tupi-Guaraní,No Existe,Marañón
-73.48482,-4.40441,Betsaida,Principal,Cocama-Cocamilla (Kukama-Kukamiria),Tupi-Guaraní,No Existe,Amazonas
-74.07889,-4.55916,Dos de Mayo de San Pablo de Tipishca,Principal,Cocama-Cocamilla (Kukama-Kukamiria),Tupi-Guaraní,No Existe,Marañón
-74.37668,-3.95573,El Cerro,Principal,Cocama-Cocamilla (Kukama-Kukamiria),Tupi-Guaraní,No Existe,Tigre
-74.10516,-4.49587,Esparta,Principal,Cocama-Cocamilla (Kukama-Kukamiria),Tupi-Guaraní,No Existe,Marañón
-73.8324,-4.57689,Gran Punta,Principal,Cocama-Cocamilla (Kukama-Kukamiria),Tupi-Guaraní,No Existe,Marañón
-73.74074,-4.57673,José Olaya,Principal,Cocama-Cocamilla (Kukama-Kukamiria),No Aplicable,No Existe,Marañón
-73.48882,-4.46494,Las Malvinas,Principal,Cocama-Cocamilla (Kukama-Kukamiria),Tupi-Guaraní,No Existe,Marañón
-74.59387,-5.80803,Las Malvinas del Río Ucayali,Principal,Cocama-Cocamilla (Kukama-Kukamiria),Tupi-Guaraní,No Existe,Ucayali
-73.71873,-4.5767,Las Palmas,Principal,Cocama-Cocamilla (Kukama-Kukamiria),Tupi-Guaraní,No Existe,Marañón
-74.15505,-4.47784,Libertad de Choroyacu,Principal,Cocama-Cocamilla (Kukama-Kukamiria),Tupi-Guaraní,No Existe,Marañón
-74.12227,-4.48685,Lisboa,Principal,Cocama-Cocamilla (Kukama-Kukamiria),Tupi-Guaraní,No Existe,Marañón
-73.81361,-4.55877,Nueva Vida,Principal,Cocama-Cocamilla (Kukama-Kukamiria),Tupi-Guaraní,No Existe,Marañón
-73.68931,-4.5676,Nueve de Octubre Río Marañón,Principal,Cocama-Cocamilla (Kukama-Kukamiria),Tupi-Guaraní,No Existe,Marañón
-74.0483,-4.4958,Nuevo Miraflores,Principal,Cocama-Cocamilla (Kukama-Kukamiria),Tupi-Guaraní,No Existe,Marañón
-73.46948,-4.34107,Nuevo Mundo,Principal,Cocama-Cocamilla (Kukama-Kukamiria),Tupi-Guaraní,No Existe,Marañón
-73.97429,-4.47761,Pampa Caño,Principal,Cocama-Cocamilla (Kukama-Kukamiria),Tupi-Guaraní,No Existe,Marañón
-73.76959,-4.60392,Peña Negra,Principal,Cocama-Cocamilla (Kukama-Kukamiria),Tupi-Guaraní,No Existe,Marañón
-74.21892,-4.58646,Puerto Auxilio,Principal,Cocama-Cocamilla (Kukama-Kukamiria),Tupi-Guaraní,No Existe,Marañón
-74.07695,-4.47775,Puerto Orlando,Principal,Cocama-Cocamilla (Kukama-Kukamiria),Tupi-Guaraní,No Existe,Marañón
-73.84792,-4.58596,Puerto Perú,Principal,Cocama-Cocamilla (Kukama-Kukamiria),Tupi-Guaraní,No Existe,Marañón
-73.87104,-4.53173,San Jacinto,Principal,Cocama-Cocamilla (Kukama-Kukamiria),Tupi-Guaraní,No Existe,Marañón
-73.73435,-4.57672,San Jorge,Principal,Cocama-Cocamilla (Kukama-Kukamiria),No Aplicable,No Existe,Marañón
-73.62334,-4.55843,San José de Sarapanga,Principal,Cocama-Cocamilla (Kukama-Kukamiria),Tupi-Guaraní,No Existe,Marañón
-74.2374,-4.60457,San Juan de Lagunillas,Principal,Cocama-Cocamilla (Kukama-Kukamiria),Tupi-Guaraní,No Existe,Marañón
-73.45795,-4.32296,San Juan de Puritania,Principal,Cocama-Cocamilla (Kukama-Kukamiria),Tupi-Guaraní,No Existe,Marañón
-74.1651,-4.50499,San Martín del Marañón,Principal,Cocama-Cocamilla (Kukama-Kukamiria),Tupi-Guaraní,No Existe,Marañón
-73.81789,-4.61305,San Pedro de Tipishca I Zona,Principal,Cocama-Cocamilla (Kukama-Kukamiria),Tupi-Guaraní,No Existe,Marañón
-73.47519,-4.36822,San Rafael de Tapirillo,Principal,Cocama-Cocamilla (Kukama-Kukamiria),Tupi-Guaraní,No Existe,Marañón
-74.10096,-4.51396,San Ramón,Principal,Cocama-Cocamilla (Kukama-Kukamiria),Tupi-Guaraní,No Existe,Marañón
-73.6556,-4.55849,Santa Rita de Florida,Principal,Cocama-Cocamilla (Kukama-Kukamiria),Tupi-Guaraní,No Existe,Marañón
-74.03795,-4.48674,Solterito,Principal,Cocama-Cocamilla (Kukama-Kukamiria),Tupi-Guaraní,No Existe,Marañón
-74.10109,-4.55014,Sucre de San Pablo de Tipishca,Principal,Cocama-Cocamilla (Kukama-Kukamiria),Tupi-Guaraní,No Existe,Marañón
-73.6724,-4.55852,Villa Lucerna,Principal,Cocama-Cocamilla (Kukama-Kukamiria),Tupi-Guaraní,No Existe,Marañón
-73.9223,-4.49562,Villa Monte Alegre,Principal,Cocama-Cocamilla (Kukama-Kukamiria),Tupi-Guaraní,No Existe,Marañón
-73.78612,-4.56777,Villa Nuevo Cruzadores,Principal,Cocama-Cocamilla (Kukama-Kukamiria),Tupi-Guaraní,No Existe,Marañón
-73.47239,-4.35012,Villa Puerto Cruz,Principal,Cocama-Cocamilla (Kukama-Kukamiria),Tupi-Guaraní,No Existe,Marañón
-74.24698,-4.57745,Nueva Santa Rosa,Principal,Cocama-Cocamilla (Kukama-Kukamiria),Tupi-Guaraní,No Existe,Marañón
-74.22012,-4.60456,Puerto América,Principal,Cocama-Cocamilla (Kukama-Kukamiria),Tupi-Guaraní,No Existe,Samiria
-75.68916,-2.54796,25 de Diciembre,Principal,"Quechua, No Especificado",Quechua,No Existe,Tigre
-74.35562,-3.89016,Betania,Principal,"Quechua, No Especificado",Quechua,No Existe,Tigre
-75.81768,-2.46528,Intuto,Principal,"Quechua, No Especificado",Quechua,No Existe,Tigre
-74.21796,-4.56072,Nuevo Firmeza,Principal,"Quechua, No Especificado",Quechua,No Existe,Tigre
-74.3245,-3.84478,Nuevo Manchuria,Principal,"Quechua, No Especificado",Quechua,No Existe,Tigre
-75.33714,-2.92254,Nuevo Remanente,Principal,"Quechua, No Especificado",Quechua,No Existe,Tigre
-75.58282,-2.60704,Santa Fé,Principal,"Quechua, No Especificado",Quechua,No Existe,Tigre
-74.75511,-3.49219,Santa María de Providencia,Principal,"Quechua, No Especificado",Quechua,No Existe,Tigre
-75.48045,-3.38731,Nueva Vida,Principal,Achuar,Jíbaro,No Existe,Corrientes
-75.62908,-3.33004,Nuevo Progreso,Principal,Urarina,Shimaco,No Existe,Corrientes
-74.74063,-3.79904,Nuevo San Martín,Principal,Achuar,Jíbaro,No Existe,Corrientes
-75.63821,-3.24334,Nuevo Santa Clara,Principal,Achuar,Jíbaro,No Existe,Corrientes
-77.47036,-5.69727,Alto Mayo,Principal,Aguaruna (Awajun),Jíbaro,FERIAAM,Alto Mayo
-77.4227,-5.68289,Huasta,Anexo,Aguaruna (Awajun),Jíbaro,FERIAAM,Alto Mayo
-77.39719,-5.68124,Samik,Anexo,Aguaruna (Awajun),Jíbaro,FERIAAM,Alto Mayo
-77.52025,-5.68791,Valles,Anexo,Aguaruna (Awajun),Jíbaro,FERIAAM,Alto Mayo
-77.28863,-5.67931,Tiwiyacu,Principal,Aguaruna (Awajun),Jíbaro,FERIAAM,Alto Mayo
-77.37175,-5.81718,Bajo Naranjillo,Principal,Aguaruna (Awajun),Jíbaro,FERIAAM,Alto Mayo
-77.26564,-5.77519,Cocamilla,Anexo,Aguaruna (Awajun),Jíbaro,FERIAAM,Alto Mayo
-77.41993,-5.76852,Kunchum,Anexo,Aguaruna (Awajun),Jíbaro,FERIAAM,Alto Mayo
-77.30086,-5.83025,Sector Río Soritor,Anexo,Aguaruna (Awajun),Jíbaro,FERIAAM,Alto Mayo
-77.36228,-5.75357,Tumbaro,Anexo,Aguaruna (Awajun),Jíbaro,FERIAAM,Alto Mayo
-77.41087,-5.81257,Alto Naranjillo,Principal,Aguaruna (Awajun),Jíbaro,FERIAAM,Alto Mayo
-77.31336,-5.75206,El Dorado,Principal,Aguaruna (Awajun),Jíbaro,FERIAAM,Alto Mayo
-77.39194,-5.79914,Shampuyacu,Principal,Aguaruna (Awajun),Jíbaro,FERIAAM,Alto Mayo
-77.17001,-5.85648,Canal,Anexo,Aguaruna (Awajun),Jíbaro,FERIAAM,Alto Mayo
-77.10618,-5.79617,Kugkug Entsa,Anexo,Aguaruna (Awajun),Jíbaro,FERIAAM,Alto Mayo
-76.99828,-5.80368,Nueva Vida,Anexo,Aguaruna (Awajun),Jíbaro,FERIAAM,Alto Mayo
-77.06755,-5.85569,Nuevo Progreso,Anexo,Aguaruna (Awajun),Jíbaro,FERIAAM,Alto Mayo
-77.02128,-5.80018,Selva Paraiso,Anexo,Aguaruna (Awajun),Jíbaro,FERIAAM,Alto Mayo
-77.20956,-5.84438,Shinkat,Anexo,Aguaruna (Awajun),Jíbaro,FERIAAM,Alto Mayo
-77.08725,-5.85427,Sinchi Roca,Anexo,Aguaruna (Awajun),Jíbaro,ORDISAM,Alto Mayo
-77.18482,-5.83009,Huascayacu,Principal,Aguaruna (Awajun),Jíbaro,FERIAAM,Alto Mayo
-77.0502,-5.72293,Kusu,Principal,Aguaruna (Awajun),Jíbaro,FERIAAM,Alto Mayo
-76.92213,-5.78705,Nueva Jerusalén,Principal,Aguaruna (Awajun),Jíbaro,FERIAAM,Alto Mayo
-76.90386,-5.8868,Nuevo Chayu,Anexo,Aguaruna (Awajun),Jíbaro,FERIAAM,Alto Mayo
-77.09078,-5.85305,San Rafael,Principal,Aguaruna (Awajun),Jíbaro,ORDISAM,Alto Mayo
-77.09678,-5.84249,Shimpiyacu,Principal,Aguaruna (Awajun),Jíbaro,FERIAAM,Alto Mayo
-76.93731,-5.88446,Yarau,Principal,Aguaruna (Awajun),Jíbaro,FERIAAM,Alto Mayo
-77.02007,-5.83095,Morroyacu,Principal,Aguaruna (Awajun),Jíbaro,FERIAAM,Alto Mayo
-76.96976,-5.90841,Shama,Anexo,Aguaruna (Awajun),Jíbaro,FERIAAM,Alto Mayo
-76.09083,-6.64898,Allima Sachayok Siyambayoc Pampa,Principal,"Quechua, Lamas (Kichwa)",Quechua,FEPIQUECHA,Huallaga
-76.09293,-6.57313,Tununtunumba,Principal,"Quechua, Lamas (Kichwa)",Quechua,FEPIKBHSAM,Huallaga
-75.91311,-6.50987,Pongo del Huallaga,Principal,"Quechua, Lamas (Kichwa)",Quechua,No Existe,Huallaga
-76.0685,-6.56079,Sinchi Runa de Llucanayacu,Principal,"Quechua, Lamas (Kichwa)",Quechua,FEPIQUECHA,Huallaga
-76.02762,-6.56727,Túpac Amaru,Principal,"Quechua, Lamas (Kichwa)",Quechua,FEPIQUECHA,Huallaga
-75.94624,-6.55553,Chipeza,Principal,No Existe,Quechua,No Existe,Huallaga
-76.80987,-6.47994,Puka Rumi,Principal,"Quechua, Lamas (Kichwa)",Quechua,FECONAKID,Huallaga
-75.6981,-6.31706,Reforma Llakta,Principal,"Quechua, Lamas (Kichwa)",Quechua,FEPIKBHSAM,Huallaga
-75.92627,-6.53759,Ricardo Palma,Principal,"Quechua, Lamas (Kichwa)",Quechua,FEPIKBHSAM,Huallaga
-75.70505,-6.33422,San Pablo de Tipishca,Principal,"Quechua, Lamas (Kichwa)",Quechua,FEPIKBHSAM,Huallaga
-76.05594,-6.56471,Quechua de Shilcayo,Principal,"Quechua, Lamas (Kichwa)",Quechua,FEPIKBHSAM,Huallaga
-76.5784,-6.73701,Santa Elena,Principal,"Quechua, Lamas (Kichwa)",Quechua,FECONAKID,Huallaga
-76.07429,-6.56679,Canayo,Principal,"Quechua, Lamas (Kichwa)",Quechua,FEPIQUECHA,Huallaga
-76.74384,-6.66564,Misquiyacu,Principal,"Quechua, Lamas (Kichwa)",Quechua,FECONAKID,Huallaga
-75.97521,-6.44154,Ankash Yaku de Achinamisa,Principal,"Quechua, Lamas (Kichwa)",Quechua,FEPIKBHSAM,Huallaga
-75.77702,-6.24619,Atún Mayo Puerto Mercedes,Principal,"Quechua, Lamas (Kichwa)",Quechua,FEPIKBHSAM,Huallaga
-75.91893,-6.57203,Callanayacu,Principal,"Quechua, Lamas (Kichwa)",Quechua,FEPIKBHSAM,Huallaga
-76.53639,-6.80101,Dos de Mayo,Principal,"Quechua, Lamas (Kichwa)",Quechua,FEKIHD,Huallaga
-76.73707,-6.58162,Ishichihui,Principal,"Quechua, Lamas (Kichwa)",Quechua,FEKIHD,Huallaga
-76.68403,-6.61429,Las Palmeras,Principal,"Quechua, Lamas (Kichwa)",Quechua,FECONAKID,Huallaga
-76.72843,-6.65159,Nauta,Principal,"Quechua, Lamas (Kichwa)",Quechua,CEPKA,Huallaga
-76.59422,-6.71137,Machupicchu,Principal,"Quechua, Lamas (Kichwa)",Quechua,FECONAKID,Huallaga
-76.48696,-6.82667,San Juan de Miraflores,Principal,"Quechua, Lamas (Kichwa)",Quechua,FEKIHD,Huallaga
-75.7003,-6.17661,Santa Sofía,Principal,"Quechua, Lamas (Kichwa)",Quechua,FEPIKBHSAM,Huallaga
-75.5929,-6.66411,Santa Rosillo de Yanayacu,Principal,"Quechua, Lamas (Kichwa)",Quechua,No Existe,Huallaga
-76.62398,-6.67561,Santa Martha,Principal,"Quechua, Lamas (Kichwa)",Quechua,FECONAKID,Huallaga
-76.6142,-6.62098,Shucshuyacu,Principal,"Quechua, Lamas (Kichwa)",Quechua,FECONAKID,Huallaga
-76.59449,-6.73695,Barranquita,Principal,"Quechua, Lamas (Kichwa)",Quechua,FECONAKID,Huallaga
-76.76738,-6.58763,Yaku Shutuna Rumi,Principal,"Quechua, Lamas (Kichwa)",Quechua,FECONAKID,Huallaga
-76.50191,-6.81832,Yaku Sisa,Principal,"Quechua, Lamas (Kichwa)",Quechua,FEKIHD,Huallaga
-76.08615,-6.57783,Mushuck Llacta de Chipaota,Principal,"Quechua, Lamas (Kichwa)",Quechua,FEPIKBHSAM,Huallaga
-76.72405,-6.65048,Cesar Vallejo,Principal,"Quechua, Lamas (Kichwa)",Quechua,FEKIHD,Huallaga
-76.72911,-6.61296,Santa Cruz,Principal,"Quechua, Lamas (Kichwa)",Quechua,FEKIHD,Huallaga
-76.71906,-6.65006,Miraflores Nauta,Principal,"Quechua, Lamas (Kichwa)",Quechua,FEKIHD,Huallaga
-76.74343,-6.64188,Nuevo Arica de Kachiyacu,Principal,"Quechua, Lamas (Kichwa)",Quechua,FEKIHD,Huallaga
-75.79553,-6.52973,Anak Kurutuyacu,Principal,"Quechua, Lamas (Kichwa)",Quechua,No Existe,Huallaga
-76.62737,-6.34935,Churuzapa,Principal,"Quechua, Lamas (Kichwa)",Quechua,No Existe,Huallaga
-76.53952,-6.44844,Alto Churu Yaku Molosho,Principal,"Quechua, Lamas (Kichwa)",Quechua,CEPKA,Huallaga
-76.57133,-6.42805,Alto Pucallpillo,Principal,"Quechua, Lamas (Kichwa)",Quechua,CEPKA,Huallaga
-76.0978,-6.3765,Santa Rosa de Kachisapa,Principal,"Quechua, Lamas (Kichwa)",Quechua,No Existe,Huallaga
-76.54753,-6.43513,Anak Churu Yacu,Principal,"Quechua, Lamas (Kichwa)",Quechua,CEPKA,Huallaga
-76.49785,-6.3809,Alto Juanjuycillo,Principal,"Quechua, Lamas (Kichwa)",Quechua,CEPKA,Huallaga
-76.10693,-7.04914,Chambira,Principal,"Quechua, Lamas (Kichwa)",Quechua,CEPKA,Huallaga
-76.15503,-6.19917,Dos de Agosto de Palometa,Principal,"Quechua, Lamas (Kichwa)",Quechua,CEPKA,Huallaga
-76.48292,-6.40147,El Naranjal,Principal,"Quechua, Lamas (Kichwa)",Quechua,CEPKA,Huallaga
-76.04744,-6.39427,El Piñal,Principal,"Quechua, Lamas (Kichwa)",Quechua,CEPKA,Huallaga
-76.06658,-6.3641,Irapay Sacha,Principal,"Quechua, Lamas (Kichwa)",Quechua,CEPKA,Huallaga
-76.56086,-6.41736,Konkonpera,Principal,"Quechua, Lamas (Kichwa)",Quechua,CEPKA,Huallaga
-76.13456,-6.21701,Los Angeles,Principal,"Quechua, Lamas (Kichwa)",Quechua,CEPKA,Huallaga
-76.60674,-6.35817,Mishki Yakillu,Principal,"Quechua, Lamas (Kichwa)",Quechua,CEPKA,Huallaga
-76.5777,-6.386,Morillo,Principal,"Quechua, Lamas (Kichwa)",Quechua,CEPKA,Huallaga
-76.78024,-6.23864,Nangao,Principal,"Quechua, Lamas (Kichwa)",Quechua,CEPKA,Huallaga
-76.19956,-6.6029,Nuevo Lamas de Shapaja,Principal,"Quechua, Lamas (Kichwa)",Quechua,CEPKA,Huallaga
-76.58619,-6.48392,Panjuy,Principal,"Quechua, Lamas (Kichwa)",Quechua,CEPKA,Huallaga
-76.05853,-6.33309,Pishwaya Allpa,Principal,"Quechua, Lamas (Kichwa)",Quechua,CEPKA,Huallaga
-76.57522,-6.43477,Kichwa de Pukallpa,Principal,"Quechua, Lamas (Kichwa)",Quechua,CEPKA,Huallaga
-76.56191,-6.38073,Rumicallpa,Principal,"Quechua, Lamas (Kichwa)",Quechua,CEPKA,Huallaga
-76.39624,-6.17565,San Hilarion del Alto Shanusi,Principal,"Quechua, Lamas (Kichwa)",Quechua,CEPKA,Huallaga
-76.56069,-6.42989,Shakapa,Principal,"Quechua, Lamas (Kichwa)",Quechua,CEPKA,Huallaga
-76.50312,-6.45663,Shambuloa,Principal,"Quechua, Lamas (Kichwa)",Quechua,CEPKA,Huallaga
-76.31393,-6.32013,Shapahilla,Principal,"Quechua, Lamas (Kichwa)",Quechua,CEPKA,Huallaga
-76.0707,-6.33788,Kumamoto,Principal,"Quechua, Lamas (Kichwa)",Quechua,CEPKA,Huallaga
-76.49039,-6.42424,Shukshu Yacu,Principal,"Quechua, Lamas (Kichwa)",Quechua,CEPKA,Huallaga
-76.57051,-6.44292,Solo del Río Mayo,Principal,"Quechua, Lamas (Kichwa)",Quechua,CEPKA,Huallaga
-76.546,-6.49768,Vistoso Grande,Principal,"Quechua, Lamas (Kichwa)",Quechua,CEPKA,Huallaga
-76.5226,-6.42384,El Wayku,Principal,"Quechua, Lamas (Kichwa)",Quechua,CEPKA,Huallaga
-76.75997,-6.55809,Nuevo Barranquita,Principal,"Quechua, Lamas (Kichwa)",Quechua,FECONAKID,Huallaga
-76.53186,-6.34664,Alto Shamboyaku,Principal,"Quechua, Lamas (Kichwa)",Quechua,FEPIKRESAM,Huallaga
-76.48652,-6.36481,Aviación,Principal,"Quechua, Lamas (Kichwa)",Quechua,FEPIKRESAM,Huallaga
-76.47929,-6.3713,Chirikyaku,Principal,"Quechua, Lamas (Kichwa)",Quechua,FEPIKRESAM,Huallaga
-76.57321,-6.36876,Chumbaquihui,Principal,"Quechua, Lamas (Kichwa)",Quechua,FEPIKRESAM,Huallaga
-76.47175,-6.38776,Chunchiwi,Principal,"Quechua, Lamas (Kichwa)",Quechua,FEPIKRESAM,Huallaga
-76.59161,-6.3578,Pampa Monte,Principal,"Quechua, Lamas (Kichwa)",Quechua,FEPIKRESAM,Huallaga
-76.43184,-6.0883,Nuevo San Martín,Principal,Chayahuita (Shawi),Cahuapana,FERISHAM,Huallaga
-76.33995,-6.11336,Nuevo Santa Rosa de Alto Chambira,Principal,Chayahuita (Shawi),Cahuapana,FERISHAM,Huallaga
-75.61645,-6.26582,San Manuel Nashatauri,Principal,Chayahuita (Shawi),Cahuapana,FERISHAM,Huallaga
-75.66399,-6.15265,Santa Rosa,Principal,Chayahuita (Shawi),Cahuapana,FERISHAM,Huallaga
-76.19567,-6.19022,Shawi San José,Principal,Chayahuita (Shawi),Cahuapana,FERISHAM,Huallaga
-76.58851,-6.58926,Alto Vista Alegre de Shitariyaku,Principal,"Quechua, Lamas (Kichwa)",Quechua,FEPIKRESAM,Huallaga
-76.41111,-6.12102,Charapillo,Principal,Chayahuita (Shawi),Cahuapana,FERISHAM,Huallaga
-76.63219,-6.48826,Kachipampa,Principal,"Quechua, Lamas (Kichwa)",Quechua,FEPIKRESAM,Huallaga
-76.53587,-6.23395,Yurilamas,Principal,"Quechua, Lamas (Kichwa)",Quechua,FEPIKRESAM,Huallaga
-77.98598,-4.83028,Bajo Kasua,Anexo,Aguaruna (Awajun),Jíbaro,FECONARIN,Marañón
-77.95503,-4.78734,Bajo Waisim,Principal,Aguaruna (Awajun),Jíbaro,FECONARIN,Marañón
-78.06129,-4.91293,Chinchipe,Anexo,No Existe,No Aplicable,FECONARIN,Marañón
-78.02259,-4.84613,Chorros,Anexo,Aguaruna (Awajun),Jíbaro,FECONARIN,Marañón
-77.91338,-4.71422,Sagku,Anexo,Aguaruna (Awajun),Jíbaro,FECONARIN,Marañón
-78.00342,-4.82576,Kasua,Anexo,Aguaruna (Awajun),Jíbaro,FECONARIN,Marañón
-78.0796,-4.92165,Kayamas,Anexo,Aguaruna (Awajun),Jíbaro,FECONARIN,Marañón
-78.10699,-4.91658,Kusumatak,Anexo,Aguaruna (Awajun),Jíbaro,FECONARIN,Marañón
-78.09026,-4.87976,Mañu,Anexo,Aguaruna (Awajun),Jíbaro,FECONARIN,Marañón
-77.98475,-4.8518,Nueva Unida,Anexo,Aguaruna (Awajun),Jíbaro,FECONARIN,Marañón
-78.01101,-4.82145,Nuevo Progreso,Anexo,Aguaruna (Awajun),Jíbaro,FECONARIN,Marañón
-77.99513,-4.86718,Numpatkaim,Anexo,Aguaruna (Awajun),Jíbaro,FECONARIN,Marañón
-78.09654,-4.93421,Paantam,Anexo,Aguaruna (Awajun),Jíbaro,FECONARIN,Marañón
-78.05209,-4.87654,Piwat,Anexo,Aguaruna (Awajun),Jíbaro,FECONARIN,Marañón
-77.87416,-4.78177,Puerto Tunduza,Anexo,Aguaruna (Awajun),Jíbaro,No Existe,Marañón
-78.03659,-4.85016,Putush,Anexo,Aguaruna (Awajun),Jíbaro,FECONARIN,Marañón
-78.0366,-4.89917,Putuyakat,Anexo,Aguaruna (Awajun),Jíbaro,FECONARIN,Marañón
-77.858,-4.76503,Sawientsa,Principal,Aguaruna (Awajun),Jíbaro,FECONARIN,Marañón
-77.88387,-4.64752,Shajian,Anexo,Aguaruna (Awajun),Jíbaro,FECONARIN,Marañón
-78.04798,-4.86364,Shuwints,Anexo,Aguaruna (Awajun),Jíbaro,FECONARIN,Marañón
-78.10824,-4.89979,Suwants,Anexo,Aguaruna (Awajun),Jíbaro,FECONARIN,Marañón
-77.88436,-4.68564,Tatse,Anexo,Aguaruna (Awajun),Jíbaro,FECONARIN,Marañón
-77.94958,-4.83638,Tayuntsa,Anexo,Aguaruna (Awajun),Jíbaro,FECONARIN,Marañón
-78.11456,-4.88155,Tokio,Anexo,Aguaruna (Awajun),Jíbaro,FECONARIN,Marañón
-77.87444,-4.68488,Tunta,Anexo,Aguaruna (Awajun),Jíbaro,FECONARIN,Marañón
-77.92339,-4.82245,Uchi Chiangos,Anexo,Aguaruna (Awajun),Jíbaro,No Existe,Marañón
-78.08657,-4.89563,Yamakai Entsa,Anexo,Aguaruna (Awajun),Jíbaro,FECONARIN,Marañón
-77.84423,-4.62999,Achuaga,Principal,Aguaruna (Awajun),Jíbaro,FECONARIN,Marañón
-77.83916,-4.65455,Dequentei,Principal,Aguaruna (Awajun),Jíbaro,FECONARIN,Marañón
-77.89663,-4.71502,Japaime - Escuela,Principal,Aguaruna (Awajun),Jíbaro,FECONARIN,Marañón
-77.88046,-4.70106,Japaime - Quebrada,Principal,Aguaruna (Awajun),Jíbaro,FECONARIN,Marañón
-78.02909,-4.81521,Majanu - Entsa,Principal,Aguaruna (Awajun),Jíbaro,FECONARIN,Marañón
-78.06779,-4.91275,Najem Paraíso,Principal,Aguaruna (Awajun),Jíbaro,FECONARIN,Marañón
-78.06514,-4.9675,Nujagkin,Principal,Aguaruna (Awajun),Jíbaro,FECONARIN,Marañón
-77.83791,-4.65997,Peas,Principal,Aguaruna (Awajun),Jíbaro,FECONARIN,Marañón
-77.87937,-4.64965,Seasmi,Principal,Aguaruna (Awajun),Jíbaro,FECONARIN,Marañón
-77.89602,-4.76688,Tunduza,Principal,Aguaruna (Awajun),Jíbaro,No Existe,Marañón
-77.97097,-4.82125,Waisim,Principal,Aguaruna (Awajun),Jíbaro,FECONARIN,Marañón
-77.95446,-4.97868,Alto Ipacuma,Anexo,Aguaruna (Awajun),Jíbaro,FECONARIN,Marañón
-77.96798,-4.9154,Boca Ambuja,Anexo,Aguaruna (Awajun),Jíbaro,FECONARIN,Marañón
-77.86604,-5.19232,Chapints,Anexo,Aguaruna (Awajun),Jíbaro,FECONARIN,Marañón
-77.94247,-4.91119,Chinkan,Anexo,Aguaruna (Awajun),Jíbaro,FECONARIN,Marañón
-77.91738,-5.16053,Cunguqui,Anexo,Aguaruna (Awajun),Jíbaro,FECONARIN,Marañón
-77.86305,-4.91171,Dateg,Anexo,Aguaruna (Awajun),Jíbaro,FECONARIN,Marañón
-77.92849,-4.8641,Habana,Anexo,Aguaruna (Awajun),Jíbaro,FECONARIN,Marañón
-77.87484,-5.192,Numpatkaim,Anexo,Aguaruna (Awajun),Jíbaro,FECONARIN,Marañón
-77.93868,-5.11703,Sawientsa,Anexo,Aguaruna (Awajun),Jíbaro,FECONARIN,Marañón
-77.87592,-4.89055,Sumpa,Anexo,Aguaruna (Awajun),Jíbaro,FECONARIN,Marañón
-77.993,-5.05443,Tsekunts,Anexo,Aguaruna (Awajun),Jíbaro,FECONARIN,Marañón
-77.99763,-5.01488,Tuutin,Anexo,Aguaruna (Awajun),Jíbaro,FECONARIN,Marañón
-77.8669,-5.19969,Wawaim,Anexo,Aguaruna (Awajun),Jíbaro,FECONARIN,Marañón
-77.97834,-4.97624,Yuwi Entsa,Anexo,Aguaruna (Awajun),Jíbaro,FECONARIN,Marañón
-77.83524,-5.22543,Agkais,Principal,Aguaruna (Awajun),Jíbaro,FECONARIN,Marañón
-77.96621,-5.0896,Cayamas,Principal,Aguaruna (Awajun),Jíbaro,FECONARIN,Marañón
-77.96281,-4.93879,Centro Ipacuma,Anexo,Aguaruna (Awajun),Jíbaro,FECONARIN,Marañón
-77.91976,-5.12344,Dapikat Kajekui,Principal,Aguaruna (Awajun),Jíbaro,FECONARIN,Marañón
-77.86649,-4.92618,Kayakusha,Principal,Aguaruna (Awajun),Jíbaro,FECONARIN,Marañón
-77.92625,-4.89532,Kigkis,Principal,Aguaruna (Awajun),Jíbaro,FECONARIN,Marañón
-77.85524,-5.2001,Tatankus,Principal,Aguaruna (Awajun),Jíbaro,FECONARIN,Marañón
-77.75104,-5.17044,Kugkumas,Principal,Aguaruna (Awajun),Jíbaro,FECONARIN,Marañón
-78.01461,-4.95997,Alto Ambuja,Anexo,Aguaruna (Awajun),Jíbaro,FECONARIN,Marañón
-78.0121,-5.14148,Alto Pagki,Anexo,Aguaruna (Awajun),Jíbaro,FECONARIN,Marañón
-78.02528,-5.20065,Atash Shinukbau,Anexo,Aguaruna (Awajun),Jíbaro,FECONARIN,Marañón
-78.04248,-4.99186,Chigkanas,Anexo,Aguaruna (Awajun),Jíbaro,FECONARIN,Marañón
-78.02162,-4.98855,Daum,Anexo,Aguaruna (Awajun),Jíbaro,FECONARIN,Marañón
-77.99587,-4.93048,Najagkus,Anexo,Aguaruna (Awajun),Jíbaro,FECONARIN,Marañón
-77.97145,-5.12499,Tayuntsa Cachiyacu,Anexo,Aguaruna (Awajun),Jíbaro,FECONARIN,Marañón
-78.04604,-5.13743,Wee,Anexo,Aguaruna (Awajun),Jíbaro,FECONARIN,Marañón
-77.95098,-5.12005,Bajo Cachiyacu,Principal,Aguaruna (Awajun),Jíbaro,FECONARIN,Marañón
-78.03384,-5.04724,Duship,Principal,Aguaruna (Awajun),Jíbaro,FECONARIN,Marañón
-78.03027,-5.23297,Iwanch Ujagmamu,Principal,Aguaruna (Awajun),Jíbaro,CAH,Marañón
-77.97362,-5.11487,Paantan Entsa,Principal,Aguaruna (Awajun),Jíbaro,FECONARIN,Marañón
-78.05875,-5.07579,Piitug,Principal,Aguaruna (Awajun),Jíbaro,FECONARIN,Marañón
-78.05922,-5.12847,Tamish Namak,Principal,Aguaruna (Awajun),Jíbaro,FECONARIN,Marañón
-78.05435,-4.99182,Tsamash,Principal,Aguaruna (Awajun),Jíbaro,FECONARIN,Marañón
-78.12488,-4.85352,kuji,Principal,Aguaruna (Awajun),Jíbaro,No Existe,Marañón
-77.92081,-4.78821,Yantana Entsa,Anexo,Aguaruna (Awajun),Jíbaro,No Existe,Marañón
-78.05732,-4.80942,Alto Manaju Entsa,Anexo,Aguaruna (Awajun),Jíbaro,FECONARIN,Marañón
-77.98557,-4.77811,Alto Waisim,Anexo,Aguaruna (Awajun),Jíbaro,FECONARIN,Marañón
-78.00582,-5.15319,Awananch,Principal,Aguaruna (Awajun),Jíbaro,FECONARIN,Marañón
-77.92619,-5.21046,Ugkum,Principal,Aguaruna (Awajun),Jíbaro,FECONARIN,Marañón
-77.89791,-5.15309,Mamayac Entsa,Anexo,Aguaruna (Awajun),Jíbaro,FECONARIN,Marañón
-77.84209,-4.94384,Japayua,Anexo,Aguaruna (Awajun),Jíbaro,FECONARIN,Marañón
-77.79316,-4.92197,Chijawe,Principal,Aguaruna (Awajun),Jíbaro,FECONARIN,Marañón
-77.79478,-4.62222,Alto Achuaga,Principal,Aguaruna (Awajun),Jíbaro,FECONARIN,Marañón
-74.64726,-8.27543,Nuevo Egipto,Anexo,Shipibo-Conibo,Pano,FECONAU,Ucayali
-74.65067,-8.27252,Santa Clara,Anexo,Shipibo-Conibo,Pano,FECONAU,Ucayali
-74.55741,-8.24633,Nueva Bélgica,Principal,Shipibo-Conibo,Pano,FECONAU,Ucayali
-74.56596,-7.9341,Korin Bari,Principal,Shipibo-Conibo,Pano,FECONAU,Ucayali
-74.18273,-7.88194,Saasa,Principal,Aguaruna (Awajun),Jíbaro,FECONAU,Ucayali
-74.64999,-8.40335,Nuevo San Juan,Principal,Shipibo-Conibo,Pano,FECONAU,Ucayali
-74.63469,-8.31073,San Salvador,Principal,Shipibo-Conibo,Pano,FECONAU,Ucayali
-74.55666,-8.07213,Callería,Principal,Shipibo-Conibo,Pano,FECONADIC,Ucayali
-74.47003,-8.03805,Chachibai,Principal,Shipibo-Conibo,Pano,FECONAU,Ucayali
-74.32025,-8.22195,Flor de Ucayali,Principal,Shipibo-Conibo,Pano,FECONAU,Ucayali
-74.60716,-8.07542,Flor Naciente,Principal,Shipibo-Conibo,Pano,FECONAU,Ucayali
-74.63136,-8.00097,Nuevo Saposoa,Principal,Shipibo-Conibo,Pano,FECONADIC,Ucayali
-74.5495,-8.17712,Nuevo San Lorenzo,Principal,Shipibo-Conibo,Pano,FECONAU,Ucayali
-74.63855,-8.07207,Panaillo,Principal,Shipibo-Conibo,Pano,FECONAU,Ucayali
-74.5853,-8.0102,Patria Nueva de Mediación Callería,Principal,Shipibo-Conibo,Pano,FECONADIC,Ucayali
-74.66054,-8.25533,Puerto Firmeza,Principal,Shipibo-Conibo,Pano,FECONAU,Ucayali
-74.67127,-8.35475,Santa Teresita,Principal,Shipibo-Conibo,Pano,FECONAU,Ucayali
-74.63947,-8.27346,San Francisco,Principal,Shipibo-Conibo,Pano,FECONAU,Ucayali
-74.93991,-8.38696,San José de Tunuya,Principal,Asháninka,Arawak,No Existe,Ucayali
-74.86624,-8.20554,Santa Clara de Uchuña,Principal,Shipibo-Conibo,Pano,FECONAU,Ucayali
-74.59808,-8.18166,Santa Lucia,Principal,No Existe,Pano,FECONAU,Ucayali
-74.77347,-8.11972,Shambo Porvenir,Principal,Shipibo-Conibo,Pano,FECONAU,Ucayali
-74.25582,-8.44788,San Rafael,Principal,Shipibo-Conibo,Pano,ORDIM,Ucayali
-74.22513,-8.47794,Santa Rosa de Tamaya Tipishca,Principal,Shipibo-Conibo,Pano,ORDIM,Ucayali
-74.2616,-8.40786,Nueva Palestina,Principal,Shipibo-Conibo,Pano,FECONAU,Ucayali
-74.14759,-8.32554,Sol del Oriente,Principal,Asháninka,Arawak,ACONAMAC,Ucayali
-74.30831,-8.43825,Alva Castro,Principal,Shipibo-Conibo,Pano,FECONAU,Ucayali
-74.25974,-8.43482,Betel,Principal,Shipibo-Conibo,Pano,FECONAU,Ucayali
-74.29602,-8.39934,Nueva Betania,Principal,Shipibo-Conibo,Pano,FECONAU,Ucayali
-74.39778,-8.67648,Nueva Luz,Anexo,Shipibo-Conibo,Pano,ORDIM,Ucayali
-74.35542,-8.6122,Sol Naciente,Principal,Shipibo-Conibo,Pano,ORDIM,Ucayali
-74.27542,-8.62814,Nuevo Ceylan,Principal,Shipibo-Conibo,Pano,ORDIM,Ucayali
-74.40839,-8.62601,Nuevo Paraíso,Principal,Shipibo-Conibo,Pano,ORDIM,Ucayali
-74.26698,-8.63345,Nuevo San Rafael,Principal,Shipibo-Conibo,Pano,ORDIM,Ucayali
-74.24238,-8.66656,Preferida de Charasmana,Principal,Shipibo-Conibo,Pano,ORDIM,Ucayali
-74.26323,-8.49821,Puerto Consuelo,Principal,Shipibo-Conibo,Pano,ORDIM,Ucayali
-74.24109,-8.57705,Santa Elisa,Principal,Shipibo-Conibo,Pano,ORDIM,Ucayali
-74.41336,-8.69264,Santa Rosa de Dinamarca,Principal,Shipibo-Conibo,Pano,ORDIM,Ucayali
-74.39676,-8.52535,Limongema,Principal,Shipibo-Conibo,Pano,FECONAU,Ucayali
-74.3655,-8.55083,Santa Isabel de Bahuanisho,Principal,Shipibo-Conibo,Pano,FECONAU,Ucayali
-74.45368,-8.76801,Santa Martha,Principal,Shipibo-Conibo,Pano,ORDIM,Ucayali
-74.50245,-8.75577,Vista Alegre de Boca del Pachitea,Principal,Shipibo-Conibo,Pano,ORDIM,Ucayali
-74.55358,-8.79961,Flor de Ucayali,Principal,Shipibo-Conibo,Pano,ORDIM,Ucayali
-74.01242,-8.67438,La Morada,Principal,Asháninka,Arawak,No Existe,Ucayali
-74.39324,-8.84208,Buenos Aires,Principal,Shipibo-Conibo,Pano,ORDIM,Ucayali
-74.315,-8.85468,Caimito,Principal,Shipibo-Conibo,Pano,ORDIM,Ucayali
-74.20321,-8.85557,Junín Pablo,Principal,Shipibo-Conibo,Pano,ORDIM,Ucayali
-74.1583,-8.87634,Nueva Yarina,Principal,Shipibo-Conibo,Pano,ORDIM,Ucayali
-74.18534,-8.83151,Nuevo Egipto,Principal,No Existe,Pano,ORDIM,Ucayali
-74.35652,-8.87989,Nuevo Loreto,Principal,Shipibo-Conibo,Pano,ORDIM,Ucayali
-74.16338,-8.75714,Puerto Purín,Principal,Shipibo-Conibo,Pano,ORDIM,Ucayali
-74.44421,-9.04601,Antiguo Ahuaypa,Anexo,Shipibo-Conibo,Pano,FECONADIP,Ucayali
-74.46513,-9.13807,Nueva Samaria,Principal,Shipibo-Conibo,Pano,FECONADIP,Ucayali
-74.46764,-9.07513,Nuevo Hahuaypa,Principal,Shipibo-Conibo,Pano,FECONADIP,Ucayali
-74.45638,-9.12599,Puerto Grau,Principal,Shipibo-Conibo,Pano,FECONADIP,Ucayali
-74.46556,-8.98684,San José de Pacache,Principal,Shipibo-Conibo,Pano,FECONADIP,Ucayali
-74.44922,-9.32433,Veintitrés de Setiembre,Anexo,No Existe,Arawak,FECONADIP,Ucayali
-74.37919,-9.25526,Nueva Villasol,Principal,Shipibo-Conibo,Pano,No Existe,Ucayali
-74.45498,-9.24538,Atahualpa de Tabacoa,Principal,Shipibo-Conibo,Pano,FECONADIP,Ucayali
-74.47788,-9.22779,Nueva Bellavista,Principal,Asháninka,Arawak,FECONADIP,Ucayali
-74.46742,-9.25381,Nueva Esperanza de Tabacoa,Principal,Asháninka,Arawak,FECONASHI,Ucayali
-74.43617,-9.28825,Nuevo Perú,Principal,Shipibo-Conibo,Pano,FECONADIP,Ucayali
-74.34477,-9.23265,Puerto Belén,Principal,Shipibo-Conibo,Pano,FECONADIP,Ucayali
-74.40728,-9.21737,Roya,Principal,Shipibo-Conibo,Pano,FECONADIP,Ucayali
-74.40724,-9.1857,San Luis de Cumancay,Principal,Shipibo-Conibo,Pano,FECONADIP,Ucayali
-74.36477,-9.25757,Utucuro,Principal,Shipibo-Conibo,Pano,FECONADIP,Ucayali
-74.43799,-9.2712,Vista Alegre,Principal,Shipibo-Conibo,Pano,FECONADIP,Ucayali
-74.38047,-9.463,Amaquiria,Principal,Shipibo-Conibo,Pano,FECONADIP,Ucayali
-74.30618,-9.34882,Colonia Caco,Principal,Shipibo-Conibo,Pano,FECONADIP,Ucayali
-74.42507,-9.38611,Dos de Mayo,Principal,Shipibo-Conibo,Pano,FECONADIP,Ucayali
-74.39759,-9.40828,Juancito,Principal,Asháninka,Arawak,FECONADIP,Ucayali
-74.35253,-9.40797,Nuevo Nazareth,Principal,Shipibo-Conibo,Pano,FECONADIP,Ucayali
-74.4089,-9.46697,Selva,Principal,Asháninka,Arawak,No Existe,Ucayali
-74.43636,-9.36088,Alto Shanaya,Anexo,Asháninka,Arawak,FECONADIP,Ucayali
-74.42714,-9.36455,Puerto Nuevo,Principal,Shipibo-Conibo,Pano,FECONADIP,Ucayali
-74.42479,-9.35437,Sharara,Principal,Shipibo-Conibo,Pano,FECONADIP,Ucayali
-74.25587,-9.41726,Nueva Unión,Principal,Asháninka,Arawak,No Existe,Ucayali
-74.21901,-9.36101,Caco Macaya,Principal,Shipibo-Conibo,Pano,FECONADIP,Ucayali
-74.21422,-9.38057,Curiaca,Principal,Shipibo-Conibo,Pano,FECONADIP,Ucayali
-74.18189,-9.40116,Pueblo Nuevo del Caco,Principal,Shipibo-Conibo,Pano,FECONADIP,Ucayali
-74.22434,-9.41075,Ramón Castilla,Principal,Asháninka,Arawak,No Existe,Ucayali
-74.16253,-9.37933,San Luis de Contamanillo,Anexo,Shipibo-Conibo,Pano,FECONADIP,Ucayali
-74.17731,-9.46551,San Luis,Principal,Shipibo-Conibo,Pano,FECONADIP,Ucayali
-74.17326,-9.67979,Fátima,Principal,Shipibo-Conibo,Pano,FECONADIT,Ucayali
-74.13609,-9.54694,Nueva Jerusalén de Sheshea,Principal,Shipibo-Conibo,Pano,FECONADIP,Ucayali
-74.23507,-9.58886,Nuevo San Juan,Principal,Shipibo-Conibo,Pano,No Existe,Ucayali
-74.34951,-9.62059,Pijuayal,Principal,Asháninka,Pano,No Existe,Ucayali
-74.20145,-9.56347,Runuya,Principal,Shipibo-Conibo,Pano,FECONADIP,Ucayali
-74.27176,-9.68828,Santa Rosa de Runuya,Principal,Shipibo-Conibo,Pano,FECONADIP,Ucayali
-73.9408,-9.58982,Monte Sión de Sheshea,Principal,Asháninka,Arawak,No Existe,Ucayali
-73.6924,-9.50657,Puerto Nuevo de Sheshea,Principal,No Existe,Arawak,No Existe,Ucayali
-73.96817,-9.59983,Nueva Vida de Sheshea,Principal,Ashéninka,Arawak,FECONASHI,Ucayali
-73.91754,-9.57742,Nueva Alianza de Sheshea,Principal,Asháninka,Arawak,No Existe,Ucayali
-73.96459,-9.6409,Nueva Claridad de Bambu,Principal,Asháninka,Arawak,No Existe,Ucayali
-73.53741,-9.62585,Puerto Esperanza de Sheshea,Principal,Ashéninka,Arawak,FEDECASH,Ucayali
-73.7443,-9.48029,Nueva Unión Pierola,Principal,Ashéninka,Arawak,FECONASHI,Ucayali
-73.45874,-9.7005,Parantari,Principal,Ashéninka,Arawak,FECONASHI,Ucayali
-73.8391,-9.53344,Santa Rosa de Sheshea,Principal,Asháninka,Pano,FECONASHI,Ucayali
-74.02881,-9.63793,Santa Belita de Sheshea,Principal,Ashéninka,Arawak,FECONASHI,Ucayali
-74.09448,-9.85128,Fenicia,Anexo,Shipibo-Conibo,Pano,ORDECONADIT,Ucayali
-74.09313,-9.73982,Flor de Genepanshea,Anexo,Asháninka,Arawak,ORDECONADIT,Ucayali
-74.22577,-9.83489,Nueva Jerusalen,Anexo,Asháninka,Arawak,ORDECONADIT,Ucayali
-73.94687,-9.90473,San Antonio de Vinuya,Anexo,Shipibo-Conibo,Pano,ORDECONADIT,Ucayali
-74.06705,-10.03181,Selva Verde,Anexo,Asháninka,Arawak,ORDECONADIT,Ucayali
-73.9245,-9.90426,Vista Alegre,Principal,Asháninka,Arawak,ORDECONADIT,Ucayali
-74.0664,-9.92836,Nueva Auqía,Principal,Asháninka,Arawak,OIDIT,Ucayali
-74.07424,-9.98922,Nuevo Eden,Principal,Asháninka,Arawak,OIDIT,Ucayali
-73.98322,-9.87386,Nuevo Celendín,Principal,Asháninka,Arawak,OIDIT,Ucayali
-74.15698,-9.78652,Nueve de Octubre,Principal,Shipibo-Conibo,Pano,ORDECONADIT,Ucayali
-74.21348,-9.82527,Alto Aruya,Principal,Asháninka,Arawak,ORDECONADIT,Ucayali
-74.19475,-9.84719,Bajo Aruya,Principal,Ashéninka,Arawak,OIDIT,Ucayali
-74.03948,-10.03523,Betijay,Principal,Shipibo-Conibo,Pano,ORDECONADIT,Ucayali
-73.91084,-9.8649,Nueva Esperanza de Cumaria,Principal,Asháninka,Arawak,No Existe,Ucayali
-74.05138,-9.89814,Nueva Fenicia,Principal,Shipibo-Conibo,Pano,No Existe,Ucayali
-74.18881,-9.89177,Nuevo Paraíso,Principal,Ashéninka,Arawak,OIDIT,Ucayali
-73.92249,-9.93668,Nuevo Roca Fuerte,Principal,Ashéninka,Arawak,OIDIT,Ucayali
-73.96884,-9.82084,San Fernando de Vainilla,Principal,Asháninka,Arawak,No Existe,Ucayali
-74.19095,-9.88816,Fernando Sthal,Principal,Shipibo-Conibo,Pano,ORDECONADIT,Ucayali
-73.95936,-9.81699,Santa Ana,Principal,Shipibo-Conibo,Pano,ORDECONADIT,Ucayali
-73.99526,-9.9542,Santa Clara,Principal,Shipibo-Conibo,Pano,ORDECONADIT,Ucayali
-74.1811,-9.72297,Sempaya,Principal,Shipibo-Conibo,Pano,ORDECONADIT,Ucayali
-74.10141,-9.84182,Shahuaya,Principal,Shipibo-Conibo,Pano,ORDECONADIT,Ucayali
-74.16068,-9.99652,Shima,Principal,Asháninka,Arawak,OIDIT,Ucayali
-74.02467,-9.82498,Tumbuya,Principal,Shipibo-Conibo,Pano,ORDECONADIT,Ucayali
-73.94773,-9.88429,Túpac Amaru,Principal,Shipibo-Conibo,Pano,ORDECONADIT,Ucayali
-74.01518,-10.32266,Tahuarapa,Principal,Ashéninka,Arawak,FECONAPA,Ucayali
-74.06386,-10.37846,Chicosa,Principal,Ashéninka,Arawak,FECONAPA,Ucayali
-74.10336,-10.32897,Pandishari,Principal,Ashéninka,Arawak,OIRA,Ucayali
-74.00432,-10.25559,Toniromashe,Principal,Asháninka,Arawak,OIDIT,Ucayali
-73.84568,-10.33374,Santa Elena de Yanayacu,Principal,Ashéninka,Arawak,FECONAPA,Urubamba
-73.77167,-10.34104,Churinashi,Principal,Asháninka,Arawak,OIRA,Ucayali
-73.76761,-10.3262,Mencoriari,Principal,Ashéninka,Arawak,FECONAPA,Ucayali
-73.91654,-10.38787,Sheyamashya,Principal,Ashéninka,Arawak,FECONAPA,Ucayali
-73.43467,-10.23583,Boca Mashasha,Principal,Asháninka,Arawak,OIRA,Ucayali
-73.46588,-10.244,Alto Cohengua,Principal,Ashéninka,Arawak,OIDIT,Ucayali
-73.71054,-10.68671,Bajo Sabaluyo Mamoriari,Anexo,Ashéninka,Arawak,OIRA,Urubamba
-73.61096,-10.75184,Nuevo Belén,Anexo,Piro (Yine),Arawak,OYPA,Urubamba
-73.66075,-10.61872,Chengari,Principal,Asháninka,Arawak,No Existe,Urubamba
-73.67099,-10.76916,Tres Colinas,Principal,Asháninka,Arawak,OIRA,Urubamba
-73.65983,-10.6112,Centro Lagarto Juvenil,Principal,Asháninka,Arawak,FECONAPA,Urubamba
-73.54499,-10.67284,Centro Pucaní,Principal,Asháninka,Arawak,FABU,Urubamba
-73.6311,-10.73479,Huao,Principal,Piro (Yine),Arawak,OYPA,Urubamba
-73.7064,-10.67569,Mapiato,Principal,Asháninka,Arawak,OIRA,Urubamba
-73.6475,-10.70974,Nueva Esperanza,Principal,Asháninka,Arawak,OIRA,Urubamba
-73.59455,-10.72942,Nuevo Italia,Principal,Piro (Yine),Arawak,FECONAYY,Urubamba
-73.55329,-10.69426,Nueva Libertad de Pucani,Principal,Piro (Yine),Arawak,OYPA,Urubamba
-73.71984,-10.67963,Sabaluyo Mamoriari,Principal,Ashéninka,Arawak,OIRA,Urubamba
-73.61674,-10.70953,Santa Clara,Principal,Piro (Yine),Arawak,OYPA,Urubamba
-73.55627,-10.72796,Santa Elena,Principal,Asháninka,Arawak,OIRA,Urubamba
-73.33098,-10.72527,Centro Selva Verde,Principal,Asháninka,Arawak,FABU,Urubamba
-73.24735,-10.5754,Paujilero,Principal,Asháninka,Arawak,OIRA,Urubamba
-73.33651,-10.78836,Nueva Vista Villa Sol,Principal,Asháninka,Arawak,FABU,Urubamba
-73.37373,-10.61786,Bobinsana,Principal,Asháninka,Arawak,FEPUCIMA,Urubamba
-73.32136,-10.75747,Capajeriato,Principal,Asháninka,Arawak,FABU,Urubamba
-73.40694,-10.73668,Inkare,Principal,Asháninka,Arawak,FABU,Urubamba
-73.17265,-10.58662,Nuevo San MartÍn,Principal,Amahuaca,Pano,FIARIM,Urubamba
-73.4578,-10.62757,Ojeayo,Principal,Asháninka,Arawak,OIRA,Urubamba
-73.42492,-10.70711,San Francisco o Tzinquiato,Principal,Asháninka,Arawak,FABU,Urubamba
-73.0668,-10.5651,San Juan de Inuya,Principal,Amahuaca,Pano,FIARIM,Urubamba
-73.43847,-10.7125,Taquila,Principal,Asháninka,Arawak,FABU,Urubamba
-73.33284,-10.78043,Villa María de Cumarillo,Principal,Asháninka,Arawak,FABU,Urubamba
-73.27938,-10.99513,Santa Isabel,Anexo,Asháninka,Arawak,OIRA,Urubamba
-73.2016,-10.91426,Nueva Aldea,Principal,Asháninka,Arawak,FABU,Urubamba
-73.1981,-10.92224,Remoque,Principal,Asháninka,Arawak,FECONADIS,Urubamba
-73.1136,-10.96297,Bufeo Pozo,Principal,Piro (Yine),Arawak,FECONAYY,Urubamba
-73.11237,-11.00797,Centro Sheboja,Principal,Asháninka,Arawak,FECONAYY,Urubamba
-73.11335,-10.97859,Nueva Unión,Principal,Piro (Yine),Arawak,FECONAYY,Urubamba
-73.37159,-11.09468,Onconashari,Principal,Asháninka,Arawak,OIRA,Urubamba
-73.08772,-11.03833,Puija,Principal,Piro (Yine),Arawak,FECONAYY,Urubamba
-73.04101,-11.14489,Sepahua,Principal,Piro (Yine),Arawak,FECONADIS,Urubamba
-73.27429,-10.96837,Unión Miraflores Capirona,Principal,Asháninka,Arawak,OIRA,Urubamba
-72.61018,-10.59582,Alto Esperanza,Principal,Amahuaca,Pano,OIRA,Urubamba
-76.40824,-6.05236,Nuevo Pizana,Anexo Reconocido,Chayahuita (Shawi),Cahuapana,No Existe,Huallaga
-76.7737,-7.29742,Semache,Principal,Aguaruna (Awajun),Jíbaro,No Existe,Huallaga
-76.81395,-6.76478,Bajo Mayo,Principal,Aguaruna (Awajun),Jíbaro,No Existe,Huallaga
-76.81377,-6.7646,Simacache,Principal,Aguaruna (Awajun),Jíbaro,No Existe,Huallaga
