lon,lat,locacion,yacimiento,administrado,etapa,estatus,area_m2,evaluaciones,puntos_exceden,anio_supervision,estado_locacion,departamento,provincia,distrito
-81.17952,-4.39944,EX-BAT-999,Zapotal,CNPC - Corporación Nacional de Petróleos de China S.A.,Etapa I - COSAPI,No supervisada,0.0,1ra Evaluacion,,,No supervisado,PIURA,TALARA,LOBITOS
-81.12475,-4.28192,EX-BAT-999,Zapotal,CNPC - Corporación Nacional de Petróleos de China S.A.,Etapa I - COSAPI,No supervisada,0.0,1ra Evaluacion,,,No supervisado,PIURA,TALARA,EL ALTO
-81.24128,-4.28918,EA1827,Peña Negra,CNPC - Corporación Nacional de Petróleos de China S.A.,Etapa II - HAZCO,Sin afectación,0.0,Unica evaluacion,,2024.0,Supervisado,PIURA,TALARA,EL ALTO
-81.17903,-4.38449,AA6847,Carrizo,CNPC - Corporación Nacional de Petróleos de China S.A.,Etapa I - COSAPI,Sin afectación,0.0,2da Evaluacion,,2023.0,Supervisado,PIURA,TALARA,LOBITOS
-81.17767,-4.38553,AA6674,Carrizo,CNPC - Corporación Nacional de Petróleos de China S.A.,Etapa I - COSAPI,Sin afectación,0.0,1ra Evaluacion,,2023.0,Supervisado,PIURA,TALARA,LOBITOS
-81.18373,-4.3891,AA9992,Carrizo,CNPC - Corporación Nacional de Petróleos de China S.A.,Etapa I - COSAPI,Sin afectación,0.0,1ra Evaluacion,,2023.0,Supervisado,PIURA,TALARA,LOBITOS
-81.17975,-4.38662,AA6681,Carrizo,CNPC - Corporación Nacional de Petróleos de China S.A.,Etapa I - COSAPI,En ejecución,0.0,2da Evaluacion,,,Planificado,PIURA,TALARA,LOBITOS
-81.1779,-4.38821,AA6402,Carrizo,CNPC - Corporación Nacional de Petróleos de China S.A.,Etapa I - COSAPI,No supervisada,0.0,,,,No supervisado,PIURA,TALARA,LOBITOS
-81.17935,-4.39482,AA9418,Carrizo,CNPC - Corporación Nacional de Petróleos de China S.A.,Etapa I - COSAPI,No supervisada,0.0,2da Evaluacion,,,No supervisado,PIURA,TALARA,LOBITOS
-81.18095,-4.39213,AA9988,Carrizo,CNPC - Corporación Nacional de Petróleos de China S.A.,Etapa I - COSAPI,No supervisada,0.0,1ra Evaluacion,,,Observado,PIURA,TALARA,LOBITOS
-81.17977,-4.39286,AA2019,Carrizo,CNPC - Corporación Nacional de Petróleos de China S.A.,Etapa I - COSAPI,No supervisada,0.0,1ra Evaluacion,,,No supervisado,PIURA,TALARA,LOBITOS
-81.18135,-4.3923,QDA-BAT-603A,Carrizo,CNPC - Corporación Nacional de Petróleos de China S.A.,Etapa I - COSAPI,No supervisada,0.0,1ra Evaluacion,,,No supervisado,PIURA,TALARA,LOBITOS
-81.18528,-4.3859,AA9397,Carrizo,CNPC - Corporación Nacional de Petróleos de China S.A.,Etapa I - COSAPI,No supervisada,0.0,2da Evaluacion,,,No supervisado,PIURA,TALARA,LOBITOS
-81.1741,-4.38464,AA6673,Carrizo,CNPC - Corporación Nacional de Petróleos de China S.A.,Etapa I - COSAPI,No supervisada,0.0,1ra Evaluacion,,,No supervisado,PIURA,TALARA,LOBITOS
-81.18513,-4.3791,PQA-AA1853,Carrizo,CNPC - Corporación Nacional de Petróleos de China S.A.,Etapa I - COSAPI,No supervisada,0.0,2da Evaluacion,,,No supervisado,PIURA,TALARA,LOBITOS
-81.17538,-4.38947,AA112,Carrizo,CNPC - Corporación Nacional de Petróleos de China S.A.,Etapa I - COSAPI,No supervisada,0.0,2da Evaluacion,,,No supervisado,PIURA,TALARA,LOBITOS
-81.17596,-4.3872,AA6544,Carrizo,CNPC - Corporación Nacional de Petróleos de China S.A.,Etapa I - COSAPI,En ejecución,0.0,3ra Evaluacion,,,Planificado,PIURA,TALARA,LOBITOS
-81.17847,-4.39607,AA9982,Carrizo,CNPC - Corporación Nacional de Petróleos de China S.A.,Etapa I - COSAPI,Sin afectación,0.0,1ra Evaluacion,,2023.0,Supervisado,PIURA,TALARA,LOBITOS
-81.26051,-4.30935,EA3,Reventones,CNPC - Corporación Nacional de Petróleos de China S.A.,Etapa I - COSAPI,Con afectación,0.0,1ra Evaluacion,1,2025.0,Supervisado,PIURA,TALARA,LOBITOS
-81.25963,-4.30901,EA7304D,Reventones,CNPC - Corporación Nacional de Petróleos de China S.A.,Etapa I - COSAPI,Sin afectación,0.0,1ra Evaluacion,,2025.0,Supervisado,PIURA,TALARA,LOBITOS
-81.18395,-4.3858,AA101,Carrizo,CNPC - Corporación Nacional de Petróleos de China S.A.,Etapa I - COSAPI,No supervisada,0.0,2da Evaluacion,,,No supervisado,PIURA,TALARA,LOBITOS
-81.1793,-4.38975,AA9991,Carrizo,CNPC - Corporación Nacional de Petróleos de China S.A.,Etapa I - COSAPI,Con afectación,213.99,2da Evaluacion,1,2023.0,Supervisado,PIURA,TALARA,LOBITOS
-81.18007,-4.39458,AA25,Carrizo,CNPC - Corporación Nacional de Petróleos de China S.A.,Etapa I - COSAPI,No supervisada,0.0,1ra Evaluacion,,,No supervisado,PIURA,TALARA,LOBITOS
-81.18337,-4.3834,AA6401,Carrizo,CNPC - Corporación Nacional de Petróleos de China S.A.,Etapa I - COSAPI,Sin afectación,0.0,3ra Evaluacion,,2022.0,Supervisado,PIURA,TALARA,LOBITOS
-81.18239,-4.39053,AA9989,Carrizo,CNPC - Corporación Nacional de Petróleos de China S.A.,Etapa I - COSAPI,No supervisada,0.0,1ra Evaluacion,,,Observado,PIURA,TALARA,LOBITOS
-81.18596,-4.39082,AA90,Carrizo,CNPC - Corporación Nacional de Petróleos de China S.A.,Etapa I - COSAPI,No supervisada,0.0,1ra Evaluacion,,,Observado,PIURA,TALARA,LOBITOS
-81.16934,-4.38526,AA6377,Carrizo,CNPC - Corporación Nacional de Petróleos de China S.A.,Etapa I - COSAPI,No supervisada,0.0,1ra Evaluacion,,,No supervisado,PIURA,TALARA,LOBITOS
-81.16966,-4.37925,AA7883,Carrizo,CNPC - Corporación Nacional de Petróleos de China S.A.,Etapa I - COSAPI,No supervisada,0.0,,,,No supervisado,PIURA,TALARA,LOBITOS
-81.1711,-4.38598,AA6947,Carrizo,CNPC - Corporación Nacional de Petróleos de China S.A.,Etapa I - COSAPI,No supervisada,0.0,1ra Evaluacion,,,No supervisado,PIURA,TALARA,LOBITOS
-81.16885,-4.38269,AA6397,Carrizo,CNPC - Corporación Nacional de Petróleos de China S.A.,Etapa I - COSAPI,Sin afectación,0.0,2da Evaluacion,,2022.0,Supervisado,PIURA,TALARA,LOBITOS
-81.1707,-4.3874,AA6394,Carrizo,CNPC - Corporación Nacional de Petróleos de China S.A.,Etapa I - COSAPI,Sin afectación,0.0,1ra Evaluacion,,2023.0,Supervisado,PIURA,TALARA,LOBITOS
-81.17276,-4.38639,AA6574,Carrizo,CNPC - Corporación Nacional de Petróleos de China S.A.,Etapa I - COSAPI,No supervisada,0.0,1ra Evaluacion,,,No supervisado,PIURA,TALARA,LOBITOS
-81.22185,-4.39446,PZA-BORRAS-605,Carrizo,CNPC - Corporación Nacional de Petróleos de China S.A.,Etapa I - COSAPI,No supervisada,0.0,1ra Evaluacion,,,No supervisado,PIURA,TALARA,LOBITOS
-81.16646,-4.38304,AA6378,Carrizo,CNPC - Corporación Nacional de Petróleos de China S.A.,Etapa I - COSAPI,No supervisada,0.0,2da Evaluacion,,,No supervisado,PIURA,TALARA,LOBITOS
-81.16382,-4.37964,AA6073,Carrizo,CNPC - Corporación Nacional de Petróleos de China S.A.,Etapa I - COSAPI,No supervisada,0.0,2da Evaluacion,,,No supervisado,PIURA,TALARA,LOBITOS
-81.16551,-4.38439,AA6951,Carrizo,CNPC - Corporación Nacional de Petróleos de China S.A.,Etapa I - COSAPI,No supervisada,0.0,,,,No supervisado,PIURA,TALARA,LOBITOS
-81.19097,-4.38393,PQA-AA1897,Carrizo,CNPC - Corporación Nacional de Petróleos de China S.A.,Etapa I - COSAPI,No supervisada,0.0,2da Evaluacion,,,No supervisado,PIURA,TALARA,LOBITOS
-81.18822,-4.38619,AA9192,Carrizo,CNPC - Corporación Nacional de Petróleos de China S.A.,Etapa I - COSAPI,No supervisada,0.0,2da Evaluacion,,,No supervisado,PIURA,TALARA,LOBITOS
-81.19302,-4.38501,AA10017,Carrizo,CNPC - Corporación Nacional de Petróleos de China S.A.,Etapa I - COSAPI,No supervisada,0.0,2da Evaluacion,,,No supervisado,PIURA,TALARA,LOBITOS
-81.18441,-4.39268,AA123,Carrizo,CNPC - Corporación Nacional de Petróleos de China S.A.,Etapa I - COSAPI,Sin afectación,0.0,2da Evaluacion,,2023.0,Supervisado,PIURA,TALARA,LOBITOS
-81.16667,-4.38702,AA6952,Carrizo,CNPC - Corporación Nacional de Petróleos de China S.A.,Etapa I - COSAPI,En ejecución,0.0,2da Evaluacion,,,Planificado,PIURA,TALARA,LOBITOS
-81.16497,-4.38725,AA6089,Carrizo,CNPC - Corporación Nacional de Petróleos de China S.A.,Etapa I - COSAPI,No supervisada,0.0,1ra Evaluacion,,,No supervisado,PIURA,TALARA,LOBITOS
-81.1633,-4.38534,AA2322E,Carrizo,CNPC - Corporación Nacional de Petróleos de China S.A.,Etapa I - COSAPI,No supervisada,0.0,2da Evaluacion,,,No supervisado,PIURA,TALARA,LOBITOS
-81.16582,-4.38077,AA6456,Carrizo,CNPC - Corporación Nacional de Petróleos de China S.A.,Etapa I - COSAPI,No supervisada,0.0,2da Evaluacion,,,No supervisado,PIURA,TALARA,LOBITOS
-81.17005,-4.37655,AA6793,Carrizo,CNPC - Corporación Nacional de Petróleos de China S.A.,Etapa I - COSAPI,Con afectación,133.67,2da Evaluacion,1,2022.0,Supervisado,PIURA,TALARA,LOBITOS
-81.16827,-4.38749,AA6274,Carrizo,CNPC - Corporación Nacional de Petróleos de China S.A.,Etapa I - COSAPI,No supervisada,0.0,1ra Evaluacion,,,No supervisado,PIURA,TALARA,LOBITOS
-81.17262,-4.3942,AA9998,Carrizo,CNPC - Corporación Nacional de Petróleos de China S.A.,Etapa I - COSAPI,No supervisada,0.0,1ra Evaluacion,,,Observado,PIURA,TALARA,LOBITOS
-81.17306,-4.39565,AA9999,Carrizo,CNPC - Corporación Nacional de Petróleos de China S.A.,Etapa I - COSAPI,No supervisada,0.0,2da Evaluacion,,,Observado,PIURA,TALARA,LOBITOS
-81.16407,-4.3821,AA6396,Carrizo,CNPC - Corporación Nacional de Petróleos de China S.A.,Etapa I - COSAPI,No supervisada,0.0,2da Evaluacion,,,No supervisado,PIURA,TALARA,LOBITOS
-81.17424,-4.37793,AA6944,Carrizo,CNPC - Corporación Nacional de Petróleos de China S.A.,Etapa I - COSAPI,Sin afectación,0.0,1ra Evaluacion,,2022.0,Supervisado,PIURA,TALARA,LOBITOS
-81.16784,-4.37771,AA1906,Carrizo,CNPC - Corporación Nacional de Petróleos de China S.A.,Etapa I - COSAPI,Con afectación,91.2,1ra Evaluacion,1,2022.0,Supervisado,PIURA,TALARA,LOBITOS
-81.17037,-4.37306,AA7611,Carrizo,CNPC - Corporación Nacional de Petróleos de China S.A.,Etapa I - COSAPI,Sin afectación,0.0,1ra Evaluacion,,2022.0,Supervisado,PIURA,TALARA,LOBITOS
-81.16837,-4.37508,AA6864,Carrizo,CNPC - Corporación Nacional de Petróleos de China S.A.,Etapa I - COSAPI,Con afectación,86.86,1ra Evaluacion,1,2022.0,Supervisado,PIURA,TALARA,LOBITOS
-81.17756,-4.38917,AA6676,Carrizo,CNPC - Corporación Nacional de Petróleos de China S.A.,Etapa I - COSAPI,No supervisada,0.0,No hay informacion,,,Observado,PIURA,TALARA,LOBITOS
-81.18467,-4.40233,AA9208,Carrizo,CNPC - Corporación Nacional de Petróleos de China S.A.,Etapa I - COSAPI,No supervisada,0.0,3ra Evaluacion,,,Observado,PIURA,TALARA,LOBITOS
-81.16799,-4.38077,AA6573,Carrizo,CNPC - Corporación Nacional de Petróleos de China S.A.,Etapa I - COSAPI,No supervisada,0.0,2da Evaluacion,,,No supervisado,PIURA,TALARA,LOBITOS
-81.17466,-4.39177,AA6108,Carrizo,CNPC - Corporación Nacional de Petróleos de China S.A.,Etapa I - COSAPI,No supervisada,0.0,,,,No supervisado,PIURA,TALARA,LOBITOS
-81.17407,-4.37573,AA7884,Carrizo,CNPC - Corporación Nacional de Petróleos de China S.A.,Etapa I - COSAPI,Sin afectación,0.0,2da Evaluacion,,2022.0,Supervisado,PIURA,TALARA,LOBITOS
-81.17201,-4.37535,AA6942,Carrizo,CNPC - Corporación Nacional de Petróleos de China S.A.,Etapa I - COSAPI,No supervisada,0.0,1ra Evaluacion,,,No supervisado,PIURA,TALARA,LOBITOS
-81.17003,-4.38137,AA6949,Carrizo,CNPC - Corporación Nacional de Petróleos de China S.A.,Etapa I - COSAPI,No supervisada,0.0,1ra Evaluacion,,,No supervisado,PIURA,TALARA,LOBITOS
-81.18011,-4.40129,AA6408,Carrizo,CNPC - Corporación Nacional de Petróleos de China S.A.,Etapa I - COSAPI,Con afectación,0.0,1ra Evaluacion,1,2023.0,Supervisado,PIURA,TALARA,LOBITOS
-81.1774,-4.40318,AA5974,Carrizo,CNPC - Corporación Nacional de Petróleos de China S.A.,Etapa I - COSAPI,No supervisada,0.0,4ta Evaluacion,,,Observado,PIURA,TALARA,LOBITOS
-81.17455,-4.40288,AA6528,Carrizo,CNPC - Corporación Nacional de Petróleos de China S.A.,Etapa I - COSAPI,No supervisada,0.0,2da Evaluacion,,,Observado,PIURA,TALARA,LOBITOS
-81.1774,-4.40318,AA6657,Carrizo,CNPC - Corporación Nacional de Petróleos de China S.A.,Etapa I - COSAPI,Sin afectación,0.0,2da Evaluacion,,2023.0,Supervisado,PIURA,TALARA,LOBITOS
-81.17455,-4.40288,AA2222,Carrizo,CNPC - Corporación Nacional de Petróleos de China S.A.,Etapa I - COSAPI,Sin afectación,0.0,2da Evaluacion,,2023.0,Supervisado,PIURA,TALARA,LOBITOS
-81.17451,-4.39773,AA1735,Carrizo,CNPC - Corporación Nacional de Petróleos de China S.A.,Etapa I - COSAPI,Sin afectación,0.0,1ra Evaluacion,,2023.0,Supervisado,PIURA,TALARA,LOBITOS
-81.18205,-4.40233,AA6023,Carrizo,CNPC - Corporación Nacional de Petróleos de China S.A.,Etapa I - COSAPI,Sin afectación,0.0,2da Evaluacion,,2023.0,Supervisado,PIURA,TALARA,LOBITOS
-81.18448,-4.39721,AA102,Carrizo,CNPC - Corporación Nacional de Petróleos de China S.A.,Etapa I - COSAPI,No supervisada,0.0,2da Evaluacion,,,No supervisado,PIURA,TALARA,LOBITOS
-81.17007,-4.3836,AA6948,Carrizo,CNPC - Corporación Nacional de Petróleos de China S.A.,Etapa I - COSAPI,Con afectación,120.21,2da Evaluacion,1,2022.0,Supervisado,PIURA,TALARA,LOBITOS
-81.18319,-4.40204,PQA-AA9171,Carrizo,CNPC - Corporación Nacional de Petróleos de China S.A.,Etapa I - COSAPI,No supervisada,0.0,1ra Evaluacion,,,Observado,PIURA,TALARA,LOBITOS
-81.17856,-4.39776,AA6494,Carrizo,CNPC - Corporación Nacional de Petróleos de China S.A.,Etapa I - COSAPI,No supervisada,0.0,1ra Evaluacion,,,Observado,PIURA,TALARA,LOBITOS
-81.18791,-4.39306,PQA-AA9181,Carrizo,CNPC - Corporación Nacional de Petróleos de China S.A.,Etapa I - COSAPI,No supervisada,0.0,1ra Evaluacion,,,No supervisado,PIURA,TALARA,LOBITOS
-81.18816,-4.39183,AA6454,Carrizo,CNPC - Corporación Nacional de Petróleos de China S.A.,Etapa I - COSAPI,No supervisada,0.0,3ra Evaluacion,,,No supervisado,PIURA,TALARA,LOBITOS
-81.17107,-4.38232,AA6572,Carrizo,CNPC - Corporación Nacional de Petróleos de China S.A.,Etapa I - COSAPI,Con afectación,56.63,1ra Evaluacion,1,2022.0,Supervisado,PIURA,TALARA,LOBITOS
-81.1774,-4.40318,AA7614,Carrizo,CNPC - Corporación Nacional de Petróleos de China S.A.,Etapa I - COSAPI,No supervisada,0.0,2da Evaluacion,,,No supervisado,PIURA,TALARA,LOBITOS
-81.16646,-4.3739,AA6943,Carrizo,CNPC - Corporación Nacional de Petróleos de China S.A.,Etapa I - COSAPI,Sin afectación,0.0,3ra Evaluacion,,2022.0,Supervisado,PIURA,TALARA,LOBITOS
-81.17451,-4.39773,AA9172,Carrizo,CNPC - Corporación Nacional de Petróleos de China S.A.,Etapa I - COSAPI,No supervisada,0.0,1ra Evaluacion,,,Observado,PIURA,TALARA,LOBITOS
-81.18205,-4.40233,AA9174,Carrizo,CNPC - Corporación Nacional de Petróleos de China S.A.,Etapa I - COSAPI,No supervisada,0.0,2da Evaluacion,,,Observado,PIURA,TALARA,LOBITOS
-81.17952,-4.39944,AA2207,Carrizo,CNPC - Corporación Nacional de Petróleos de China S.A.,Etapa I - COSAPI,No supervisada,0.0,4ta Evaluacion,,,Observado,PIURA,TALARA,LOBITOS
-81.17952,-4.39944,AA98,Carrizo,CNPC - Corporación Nacional de Petróleos de China S.A.,Etapa I - COSAPI,Con afectación,20.98,1ra Evaluacion,1,2023.0,Supervisado,PIURA,TALARA,LOBITOS
-81.18276,-4.39521,AA84,Carrizo,CNPC - Corporación Nacional de Petróleos de China S.A.,Etapa I - COSAPI,Con afectación,974.49,3ra Evaluacion,1,2022.0,Supervisado,PIURA,TALARA,LOBITOS
-81.18074,-4.39807,AA9137,Carrizo,CNPC - Corporación Nacional de Petróleos de China S.A.,Etapa I - COSAPI,Con afectación,75.53,2da Evaluacion,1,2023.0,Supervisado,PIURA,TALARA,LOBITOS
-81.18319,-4.40204,PQA-AA9993,Carrizo,CNPC - Corporación Nacional de Petróleos de China S.A.,Etapa I - COSAPI,No supervisada,0.0,1ra Evaluacion,,,Observado,PIURA,TALARA,LOBITOS
-81.18448,-4.39721,AA1639,Carrizo,CNPC - Corporación Nacional de Petróleos de China S.A.,Etapa I - COSAPI,Con afectación,161.19,2da Evaluacion,1,2023.0,Supervisado,PIURA,TALARA,LOBITOS
-81.18791,-4.39306,AA138,Carrizo,CNPC - Corporación Nacional de Petróleos de China S.A.,Etapa I - COSAPI,No supervisada,0.0,1ra Evaluacion,,,No supervisado,PIURA,TALARA,LOBITOS
-81.18816,-4.39183,AA6953,Carrizo,CNPC - Corporación Nacional de Petróleos de China S.A.,Etapa I - COSAPI,No supervisada,0.0,2da Evaluacion,,,No supervisado,PIURA,TALARA,LOBITOS
-81.18011,-4.40129,AA130,Carrizo,CNPC - Corporación Nacional de Petróleos de China S.A.,Etapa I - COSAPI,No supervisada,0.0,1ra Evaluacion,,,No supervisado,PIURA,TALARA,LOBITOS
-81.1774,-4.40318,AA5973,Carrizo,CNPC - Corporación Nacional de Petróleos de China S.A.,Etapa I - COSAPI,No supervisada,0.0,1ra Evaluacion,,,Observado,PIURA,TALARA,LOBITOS
-81.17455,-4.40288,AA6421,Carrizo,CNPC - Corporación Nacional de Petróleos de China S.A.,Etapa I - COSAPI,No supervisada,0.0,2da Evaluacion,,,Observado,PIURA,TALARA,LOBITOS
-81.17607,-4.39727,AA9168,Carrizo,CNPC - Corporación Nacional de Petróleos de China S.A.,Etapa I - COSAPI,Sin afectación,0.0,1ra Evaluacion,,2023.0,Supervisado,PIURA,TALARA,LOBITOS
-81.18205,-4.40233,AA9981,Carrizo,CNPC - Corporación Nacional de Petróleos de China S.A.,Etapa I - COSAPI,No supervisada,0.0,2da Evaluacion,,,No supervisado,PIURA,TALARA,LOBITOS
-81.17952,-4.39944,AA2173,Carrizo,CNPC - Corporación Nacional de Petróleos de China S.A.,Etapa I - COSAPI,No supervisada,0.0,2da Evaluacion,,,Observado,PIURA,TALARA,LOBITOS
-81.18074,-4.39807,AA87,Carrizo,CNPC - Corporación Nacional de Petróleos de China S.A.,Etapa I - COSAPI,No supervisada,0.0,2da Evaluacion,,,Observado,PIURA,TALARA,LOBITOS
-81.18448,-4.39721,PQA-AA9166,Carrizo,CNPC - Corporación Nacional de Petróleos de China S.A.,Etapa I - COSAPI,No supervisada,0.0,1ra Evaluacion,,,Observado,PIURA,TALARA,LOBITOS
-81.18198,-4.3968,AA1979,Carrizo,CNPC - Corporación Nacional de Petróleos de China S.A.,Etapa I - COSAPI,Sin afectación,0.0,2da Evaluacion,,2022.0,Supervisado,PIURA,TALARA,LOBITOS
-81.18319,-4.40204,AA9164,Carrizo,CNPC - Corporación Nacional de Petróleos de China S.A.,Etapa I - COSAPI,Sin afectación,0.0,1ra Evaluacion,,2023.0,Supervisado,PIURA,TALARA,LOBITOS
-81.17856,-4.39776,PQA-AA2177,Carrizo,CNPC - Corporación Nacional de Petróleos de China S.A.,Etapa I - COSAPI,No supervisada,0.0,2da Evaluacion,,,Observado,PIURA,TALARA,LOBITOS
-81.18338,-4.39939,AA9163,Carrizo,CNPC - Corporación Nacional de Petróleos de China S.A.,Etapa I - COSAPI,Sin afectación,0.0,2da Evaluacion,,2022.0,Supervisado,PIURA,TALARA,LOBITOS
-81.18816,-4.39183,AA9001,Carrizo,CNPC - Corporación Nacional de Petróleos de China S.A.,Etapa I - COSAPI,No supervisada,0.0,2da Evaluacion,,,No supervisado,PIURA,TALARA,LOBITOS
-81.18011,-4.40129,AA6012,Carrizo,CNPC - Corporación Nacional de Petróleos de China S.A.,Etapa I - COSAPI,No supervisada,0.0,2da Evaluacion,,,Observado,PIURA,TALARA,LOBITOS
-81.17856,-4.39776,AA9167,Carrizo,CNPC - Corporación Nacional de Petróleos de China S.A.,Etapa I - COSAPI,Sin afectación,0.0,1ra Evaluacion,,2023.0,Supervisado,PIURA,TALARA,LOBITOS
-81.17455,-4.40288,AA9986,Carrizo,CNPC - Corporación Nacional de Petróleos de China S.A.,Etapa I - COSAPI,No supervisada,0.0,1ra Evaluacion,,,No supervisado,PIURA,TALARA,LOBITOS
-81.15014,-4.38276,AA6821,Carrizo,CNPC - Corporación Nacional de Petróleos de China S.A.,Etapa I - COSAPI,Sin afectación,0.0,4ta Evaluacion,,2022.0,Supervisado,PIURA,TALARA,LOBITOS
-81.20794,-4.26499,PZA-BORRAS-BAT-TA26,Verde,CNPC - Corporación Nacional de Petróleos de China S.A.,Etapa I - COSAPI,Sin afectación,0.0,2da Evaluacion,,2016.0,Supervisado,PIURA,TALARA,EL ALTO
-81.18074,-4.39807,AA2019_TUB,Carrizo,CNPC - Corporación Nacional de Petróleos de China S.A.,Etapa I - COSAPI,No supervisada,0.0,1ra Evaluacion,,,No supervisado,PIURA,TALARA,LOBITOS
-81.18448,-4.39721,AA1564,Carrizo,CNPC - Corporación Nacional de Petróleos de China S.A.,Etapa I - COSAPI,Sin afectación,0.0,4ta Evaluacion,,2016.0,Supervisado,PIURA,TALARA,LOBITOS
-81.15256,-4.37233,AA6316,Carrizo,CNPC - Corporación Nacional de Petróleos de China S.A.,Etapa I - COSAPI,Sin afectación,0.0,1ra Evaluacion,,2022.0,Supervisado,PIURA,TALARA,LOBITOS
-81.18319,-4.40204,EA188,Reventones,CNPC - Corporación Nacional de Petróleos de China S.A.,Etapa I - COSAPI,Sin afectación,0.0,1ra Evaluacion,,2025.0,Supervisado,PIURA,TALARA,LOBITOS
-81.18722,-4.3929,AA9159,Carrizo,CNPC - Corporación Nacional de Petróleos de China S.A.,Etapa I - COSAPI,Con afectación,281.57,3ra Evaluacion,1,2023.0,Supervisado,PIURA,TALARA,LOBITOS
-81.18722,-4.3929,QDA-AA9159,Carrizo,CNPC - Corporación Nacional de Petróleos de China S.A.,Etapa I - COSAPI,Con afectación,0.0,4ta Evaluacion,,,Por definir,PIURA,TALARA,LOBITOS
-81.18791,-4.39306,AA6459,Carrizo,CNPC - Corporación Nacional de Petróleos de China S.A.,Etapa I - COSAPI,No supervisada,0.0,3ra Evaluacion,,,No supervisado,PIURA,TALARA,LOBITOS
-81.18816,-4.39183,AA1848,Carrizo,CNPC - Corporación Nacional de Petróleos de China S.A.,Etapa I - COSAPI,Sin afectación,0.0,2da Evaluacion,,2023.0,Supervisado,PIURA,TALARA,LOBITOS
-81.17625,-4.39597,AA9987,Carrizo,CNPC - Corporación Nacional de Petróleos de China S.A.,Etapa I - COSAPI,No supervisada,0.0,2da Evaluacion,,,Observado,PIURA,TALARA,LOBITOS
-81.17988,-4.39748,AA9879,Carrizo,CNPC - Corporación Nacional de Petróleos de China S.A.,Etapa I - COSAPI,No supervisada,0.0,1ra Evaluacion,,,Observado,PIURA,TALARA,LOBITOS
-81.17484,-4.39573,AA10201,Carrizo,CNPC - Corporación Nacional de Petróleos de China S.A.,Etapa I - COSAPI,Sin afectación,0.0,2da Evaluacion,,2023.0,Supervisado,PIURA,TALARA,LOBITOS
-81.15463,-4.37893,AA6589,Carrizo,CNPC - Corporación Nacional de Petróleos de China S.A.,Etapa I - COSAPI,Con afectación,91.98,2da Evaluacion,1,2022.0,Supervisado,PIURA,TALARA,LOBITOS
-81.16336,-4.39316,AA6094,Carrizo,CNPC - Corporación Nacional de Petróleos de China S.A.,Etapa I - COSAPI,No supervisada,0.0,2da Evaluacion,,,No supervisado,PIURA,TALARA,LOBITOS
-81.16667,-4.40028,AA6042,Carrizo,CNPC - Corporación Nacional de Petróleos de China S.A.,Etapa I - COSAPI,No supervisada,0.0,2da Evaluacion,,,No supervisado,PIURA,TALARA,LOBITOS
-81.15891,-4.38041,AA6281,Carrizo,CNPC - Corporación Nacional de Petróleos de China S.A.,Etapa I - COSAPI,No supervisada,0.0,3ra Evaluacion,,,No supervisado,PIURA,TALARA,LOBITOS
-81.16404,-4.39136,AA6618,Carrizo,CNPC - Corporación Nacional de Petróleos de China S.A.,Etapa I - COSAPI,No supervisada,0.0,4ta Evaluacion,,,No supervisado,PIURA,TALARA,LOBITOS
-81.1631,-4.39949,AA7606,Carrizo,CNPC - Corporación Nacional de Petróleos de China S.A.,Etapa I - COSAPI,No supervisada,0.0,1ra Evaluacion,,,No supervisado,PIURA,TALARA,LOBITOS
-81.16584,-4.39239,AA6619,Carrizo,CNPC - Corporación Nacional de Petróleos de China S.A.,Etapa I - COSAPI,Sin afectación,0.0,2da Evaluacion,,2023.0,Supervisado,PIURA,TALARA,LOBITOS
-81.16584,-4.39239,AA6369,Carrizo,CNPC - Corporación Nacional de Petróleos de China S.A.,Etapa I - COSAPI,No supervisada,0.0,2da Evaluacion,,,No supervisado,PIURA,TALARA,LOBITOS
-81.14786,-4.37915,AA6704,Carrizo,CNPC - Corporación Nacional de Petróleos de China S.A.,Etapa I - COSAPI,Sin afectación,0.0,2da Evaluacion,,2022.0,Supervisado,PIURA,TALARA,LOBITOS
-81.15002,-4.37527,AA6368,Carrizo,CNPC - Corporación Nacional de Petróleos de China S.A.,Etapa I - COSAPI,Sin afectación,0.0,2da Evaluacion,,2022.0,Supervisado,PIURA,TALARA,LOBITOS
-81.16217,-4.395,AA7609,Carrizo,CNPC - Corporación Nacional de Petróleos de China S.A.,Etapa I - COSAPI,No supervisada,0.0,2da Evaluacion,,,Observado,PIURA,TALARA,LOBITOS
-81.16336,-4.39316,AA6379,Carrizo,CNPC - Corporación Nacional de Petróleos de China S.A.,Etapa I - COSAPI,Sin afectación,0.0,2da Evaluacion,,2023.0,Supervisado,PIURA,TALARA,LOBITOS
-81.16584,-4.39239,AA2253,Carrizo,CNPC - Corporación Nacional de Petróleos de China S.A.,Etapa I - COSAPI,No supervisada,0.0,2da Evaluacion,,,No supervisado,PIURA,TALARA,LOBITOS
-81.16667,-4.40028,AA2229,Carrizo,CNPC - Corporación Nacional de Petróleos de China S.A.,Etapa I - COSAPI,Con afectación,80.93,4ta Evaluacion,1,2023.0,Supervisado,PIURA,TALARA,LOBITOS
-81.16584,-4.39239,AA6344,Carrizo,CNPC - Corporación Nacional de Petróleos de China S.A.,Etapa I - COSAPI,No supervisada,0.0,2da Evaluacion,,,No supervisado,PIURA,TALARA,LOBITOS
-81.16336,-4.39316,PQA-AA2369E,Carrizo,CNPC - Corporación Nacional de Petróleos de China S.A.,Etapa I - COSAPI,No supervisada,0.0,1ra Evaluacion,,,No supervisado,PIURA,TALARA,LOBITOS
-81.16667,-4.40028,AA6596,Carrizo,CNPC - Corporación Nacional de Petróleos de China S.A.,Etapa I - COSAPI,No supervisada,0.0,2da Evaluacion,,,No supervisado,PIURA,TALARA,LOBITOS
-81.15289,-4.38344,AA6759,Carrizo,CNPC - Corporación Nacional de Petróleos de China S.A.,Etapa I - COSAPI,No supervisada,0.0,2da Evaluacion,,,No supervisado,PIURA,TALARA,LOBITOS
-81.15708,-4.38173,AA6121,Carrizo,CNPC - Corporación Nacional de Petróleos de China S.A.,Etapa I - COSAPI,En ejecución,0.0,3ra Evaluacion,,,Planificado,PIURA,TALARA,LOBITOS
-81.15628,-4.37977,AA6349,Carrizo,CNPC - Corporación Nacional de Petróleos de China S.A.,Etapa I - COSAPI,No supervisada,0.0,2da Evaluacion,,,No supervisado,PIURA,TALARA,LOBITOS
-81.15801,-4.37455,AA5747,Carrizo,CNPC - Corporación Nacional de Petróleos de China S.A.,Etapa I - COSAPI,Sin afectación,0.0,3ra Evaluacion,,2022.0,Supervisado,PIURA,TALARA,LOBITOS
-81.15447,-4.38145,AA6277,Carrizo,CNPC - Corporación Nacional de Petróleos de China S.A.,Etapa I - COSAPI,En ejecución,0.0,2da Evaluacion,,,Planificado,PIURA,TALARA,LOBITOS
-81.1529,-4.37751,AA6191,Carrizo,CNPC - Corporación Nacional de Petróleos de China S.A.,Etapa I - COSAPI,En ejecución,0.0,2da Evaluacion,,,Planificado,PIURA,TALARA,LOBITOS
-81.15916,-4.3829,AA6112,Carrizo,CNPC - Corporación Nacional de Petróleos de China S.A.,Etapa I - COSAPI,No supervisada,0.0,2da Evaluacion,,,No supervisado,PIURA,TALARA,LOBITOS
-81.15195,-4.38078,AA6458,Carrizo,CNPC - Corporación Nacional de Petróleos de China S.A.,Etapa I - COSAPI,No supervisada,0.0,,,,No supervisado,PIURA,TALARA,LOBITOS
-81.15907,-4.38999,AA6003,Carrizo,CNPC - Corporación Nacional de Petróleos de China S.A.,Etapa I - COSAPI,No supervisada,0.0,2da Evaluacion,,,No supervisado,PIURA,TALARA,LOBITOS
-81.16181,-4.3835,AA6354,Carrizo,CNPC - Corporación Nacional de Petróleos de China S.A.,Etapa I - COSAPI,No supervisada,0.0,2da Evaluacion,,,No supervisado,PIURA,TALARA,LOBITOS
-81.15839,-4.38729,AA6113,Carrizo,CNPC - Corporación Nacional de Petróleos de China S.A.,Etapa I - COSAPI,No supervisada,0.0,3ra Evaluacion,,,No supervisado,PIURA,TALARA,LOBITOS
-81.16165,-4.39116,AA1820,Carrizo,CNPC - Corporación Nacional de Petróleos de China S.A.,Etapa I - COSAPI,Sin afectación,0.0,2da Evaluacion,,2023.0,Supervisado,PIURA,TALARA,LOBITOS
-81.16334,-4.38912,AA6146,Carrizo,CNPC - Corporación Nacional de Petróleos de China S.A.,Etapa I - COSAPI,No supervisada,0.0,2da Evaluacion,,,No supervisado,PIURA,TALARA,LOBITOS
-81.14809,-4.37054,AA5895,Carrizo,CNPC - Corporación Nacional de Petróleos de China S.A.,Etapa I - COSAPI,No supervisada,0.0,1ra Evaluacion,,,No supervisado,PIURA,TALARA,LOBITOS
-81.16246,-4.38697,AA6376,Carrizo,CNPC - Corporación Nacional de Petróleos de China S.A.,Etapa I - COSAPI,En ejecución,0.0,1ra Evaluacion,,,Planificado,PIURA,TALARA,LOBITOS
-81.16923,-4.39774,AA2219,Carrizo,CNPC - Corporación Nacional de Petróleos de China S.A.,Etapa I - COSAPI,Sin afectación,0.0,2da Evaluacion,,2023.0,Supervisado,PIURA,TALARA,LOBITOS
-81.16551,-4.39025,AA6328,Carrizo,CNPC - Corporación Nacional de Petróleos de China S.A.,Etapa I - COSAPI,Sin afectación,0.0,1ra Evaluacion,,2023.0,Supervisado,PIURA,TALARA,LOBITOS
-81.15984,-4.39183,AA6423,Carrizo,CNPC - Corporación Nacional de Petróleos de China S.A.,Etapa I - COSAPI,No supervisada,0.0,2da Evaluacion,,,No supervisado,PIURA,TALARA,LOBITOS
-81.15813,-4.38502,AA6461,Carrizo,CNPC - Corporación Nacional de Petróleos de China S.A.,Etapa I - COSAPI,No supervisada,0.0,1ra Evaluacion,,,No supervisado,PIURA,TALARA,LOBITOS
-81.15947,-4.37029,AA5904,Carrizo,CNPC - Corporación Nacional de Petróleos de China S.A.,Etapa I - COSAPI,En ejecución,0.0,2da Evaluacion,,,Planificado,PIURA,TALARA,LOBITOS
-81.18776,-4.37141,AA1550,Carrizo,CNPC - Corporación Nacional de Petróleos de China S.A.,Etapa I - COSAPI,No supervisada,0.0,2da Evaluacion,,,No supervisado,PIURA,TALARA,LOBITOS
-81.19523,-4.37399,AA1789,Carrizo,CNPC - Corporación Nacional de Petróleos de China S.A.,Etapa I - COSAPI,No supervisada,0.0,2da Evaluacion,,,No supervisado,PIURA,TALARA,LOBITOS
-81.20983,-4.25948,EA1522,Verde,CNPC - Corporación Nacional de Petróleos de China S.A.,Etapa I - COSAPI,Sin afectación,0.0,2da Evaluacion,,2016.0,Supervisado,PIURA,TALARA,EL ALTO
-81.17085,-4.38197,PZA-BORRAS-610,Carrizo,CNPC - Corporación Nacional de Petróleos de China S.A.,Etapa I - COSAPI,Sin afectación,0.0,1ra Evaluacion,,2023.0,Supervisado,PIURA,TALARA,LOBITOS
-81.15608,-4.38625,AA6162,Carrizo,CNPC - Corporación Nacional de Petróleos de China S.A.,Etapa I - COSAPI,En ejecución,0.0,2da Evaluacion,,,Planificado,PIURA,TALARA,LOBITOS
-81.19257,-4.3766,AA1742,Carrizo,CNPC - Corporación Nacional de Petróleos de China S.A.,Etapa I - COSAPI,No supervisada,0.0,1ra Evaluacion,,,No supervisado,PIURA,TALARA,LOBITOS
-81.15359,-4.38555,AA6331,Carrizo,CNPC - Corporación Nacional de Petróleos de China S.A.,Etapa I - COSAPI,No supervisada,0.0,2da Evaluacion,,,No supervisado,PIURA,TALARA,LOBITOS
-81.16762,-4.39899,AA9178,Carrizo,CNPC - Corporación Nacional de Petróleos de China S.A.,Etapa I - COSAPI,No supervisada,0.0,1ra Evaluacion,,,Observado,PIURA,TALARA,LOBITOS
-81.16979,-4.38956,AA1664,Carrizo,CNPC - Corporación Nacional de Petróleos de China S.A.,Etapa I - COSAPI,No supervisada,0.0,2da Evaluacion,,,No supervisado,PIURA,TALARA,LOBITOS
-81.15527,-4.38414,AA6592,Carrizo,CNPC - Corporación Nacional de Petróleos de China S.A.,Etapa I - COSAPI,No supervisada,0.0,2da Evaluacion,,,No supervisado,PIURA,TALARA,LOBITOS
-81.16946,-4.40143,AA10008,Carrizo,CNPC - Corporación Nacional de Petróleos de China S.A.,Etapa I - COSAPI,Sin afectación,0.0,1ra Evaluacion,,2023.0,Supervisado,PIURA,TALARA,LOBITOS
-81.16981,-4.40155,AA9997,Carrizo,CNPC - Corporación Nacional de Petróleos de China S.A.,Etapa I - COSAPI,No supervisada,0.0,2da Evaluacion,,,Observado,PIURA,TALARA,LOBITOS
-81.16895,-4.40013,AA9501,Carrizo,CNPC - Corporación Nacional de Petróleos de China S.A.,Etapa I - COSAPI,No supervisada,0.0,2da Evaluacion,,,Observado,PIURA,TALARA,LOBITOS
-81.17024,-4.4119,AA1560,Carrizo,CNPC - Corporación Nacional de Petróleos de China S.A.,Etapa I - COSAPI,No supervisada,0.0,2da Evaluacion,,,No supervisado,PIURA,TALARA,LOBITOS
-81.16791,-4.39889,PQA-AA9996,Carrizo,CNPC - Corporación Nacional de Petróleos de China S.A.,Etapa I - COSAPI,No supervisada,0.0,1ra Evaluacion,,,Observado,PIURA,TALARA,LOBITOS
-81.17019,-4.39892,PQA-AA9117,Carrizo,CNPC - Corporación Nacional de Petróleos de China S.A.,Etapa I - COSAPI,No supervisada,0.0,2da Evaluacion,,,Observado,PIURA,TALARA,LOBITOS
-81.17099,-4.39963,AA9892,Carrizo,CNPC - Corporación Nacional de Petróleos de China S.A.,Etapa I - COSAPI,No supervisada,0.0,2da Evaluacion,,,Observado,PIURA,TALARA,LOBITOS
-81.16794,-4.39766,AA10012,Carrizo,CNPC - Corporación Nacional de Petróleos de China S.A.,Etapa I - COSAPI,No supervisada,0.0,2da Evaluacion,,,Observado,PIURA,TALARA,LOBITOS
-81.16846,-4.40104,AA9179,Carrizo,CNPC - Corporación Nacional de Petróleos de China S.A.,Etapa I - COSAPI,No supervisada,0.0,1ra Evaluacion,,,Observado,PIURA,TALARA,LOBITOS
-81.1679,-4.3925,AA6419,Carrizo,CNPC - Corporación Nacional de Petróleos de China S.A.,Etapa I - COSAPI,No supervisada,0.0,1ra Evaluacion,,,Observado,PIURA,TALARA,LOBITOS
-81.15668,-4.38918,AA6041,Carrizo,CNPC - Corporación Nacional de Petróleos de China S.A.,Etapa I - COSAPI,En ejecución,0.0,2da Evaluacion,,,Planificado,PIURA,TALARA,LOBITOS
-81.17124,-4.40101,PQA-AA2208,Carrizo,CNPC - Corporación Nacional de Petróleos de China S.A.,Etapa I - COSAPI,No supervisada,0.0,1ra Evaluacion,,,Observado,PIURA,TALARA,LOBITOS
-81.16611,-4.39898,AA10009,Carrizo,CNPC - Corporación Nacional de Petróleos de China S.A.,Etapa I - COSAPI,Sin afectación,0.0,1ra Evaluacion,,2022.0,Supervisado,PIURA,TALARA,LOBITOS
-81.16215,-4.36348,AA5689,Carrizo,CNPC - Corporación Nacional de Petróleos de China S.A.,Etapa I - COSAPI,Con afectación,278.86,2da Evaluacion,1,2022.0,Supervisado,PIURA,TALARA,LOBITOS
-81.16375,-4.36844,AA5748,Carrizo,CNPC - Corporación Nacional de Petróleos de China S.A.,Etapa I - COSAPI,En ejecución,0.0,2da Evaluacion,,,Planificado,PIURA,TALARA,LOBITOS
-81.1606,-4.36684,AA5645,Carrizo,CNPC - Corporación Nacional de Petróleos de China S.A.,Etapa I - COSAPI,En ejecución,0.0,2da Evaluacion,,,Planificado,PIURA,TALARA,LOBITOS
-81.15282,-4.3596,AA6338,La Tuna,CNPC - Corporación Nacional de Petróleos de China S.A.,Etapa I - COSAPI,No supervisada,0.0,2da Evaluacion,,,No supervisado,PIURA,TALARA,LOBITOS
-81.15044,-4.35585,AA6451,La Tuna,CNPC - Corporación Nacional de Petróleos de China S.A.,Etapa I - COSAPI,En ejecución,0.0,2da Evaluacion,,,Planificado,PIURA,TALARA,LOBITOS
-81.14689,-4.35755,AA6631,La Tuna,CNPC - Corporación Nacional de Petróleos de China S.A.,Etapa I - COSAPI,No supervisada,0.0,2da Evaluacion,,,No supervisado,PIURA,TALARA,LOBITOS
-81.14629,-4.35951,AA7548,La Tuna,CNPC - Corporación Nacional de Petróleos de China S.A.,Etapa I - COSAPI,No supervisada,0.0,2da Evaluacion,,,No supervisado,PIURA,TALARA,LOBITOS
-81.15413,-4.36366,AA5761,Carrizo,CNPC - Corporación Nacional de Petróleos de China S.A.,Etapa I - COSAPI,En ejecución,0.0,2da Evaluacion,,,Planificado,PIURA,TALARA,LOBITOS
-81.14679,-4.35443,AA6682,La Tuna,CNPC - Corporación Nacional de Petróleos de China S.A.,Etapa I - COSAPI,No supervisada,0.0,2da Evaluacion,,,No supervisado,PIURA,TALARA,LOBITOS
-81.22781,-4.46327,ZONA_PT_FOLCHE,Folche,CNPC - Corporación Nacional de Petróleos de China S.A.,Etapa I - COSAPI,No supervisada,0.0,1ra Evaluacion,,,No supervisado,PIURA,TALARA,LOBITOS
-81.14917,-4.35969,AA2301E,La Tuna,CNPC - Corporación Nacional de Petróleos de China S.A.,Etapa I - COSAPI,No supervisada,0.0,3ra Evaluacion,,,No supervisado,PIURA,TALARA,LOBITOS
-81.14825,-4.36334,AA7549,Carrizo,CNPC - Corporación Nacional de Petróleos de China S.A.,Etapa I - COSAPI,Sin afectación,0.0,2da Evaluacion,,2022.0,Supervisado,PIURA,TALARA,LOBITOS
-81.14466,-4.36231,AA6799,Carrizo,CNPC - Corporación Nacional de Petróleos de China S.A.,Etapa I - COSAPI,Sin afectación,0.0,2da Evaluacion,,2022.0,Supervisado,PIURA,TALARA,LOBITOS
-81.14972,-4.36509,AA7582,Carrizo,CNPC - Corporación Nacional de Petróleos de China S.A.,Etapa I - COSAPI,Sin afectación,0.0,2da Evaluacion,,2022.0,Supervisado,PIURA,TALARA,LOBITOS
-81.14858,-4.35272,AA1599,La Tuna,CNPC - Corporación Nacional de Petróleos de China S.A.,Etapa I - COSAPI,En ejecución,0.0,2da Evaluacion,,,Planificado,PIURA,TALARA,LOBITOS
-81.15114,-4.38485,AA6363,Carrizo,CNPC - Corporación Nacional de Petróleos de China S.A.,Etapa I - COSAPI,No supervisada,0.0,2da Evaluacion,,,No supervisado,PIURA,TALARA,LOBITOS
-81.15427,-4.38798,AA6367,Carrizo,CNPC - Corporación Nacional de Petróleos de China S.A.,Etapa I - COSAPI,Sin afectación,0.0,2da Evaluacion,,2023.0,Supervisado,PIURA,TALARA,LOBITOS
-81.15175,-4.38695,AA6732,Carrizo,CNPC - Corporación Nacional de Petróleos de China S.A.,Etapa I - COSAPI,Sin afectación,0.0,2da Evaluacion,,2023.0,Supervisado,PIURA,TALARA,LOBITOS
-81.1658,-4.37859,AA6761,Carrizo,CNPC - Corporación Nacional de Petróleos de China S.A.,Etapa I - COSAPI,Sin afectación,0.0,2da Evaluacion,,2022.0,Supervisado,PIURA,TALARA,LOBITOS
-81.15754,-4.39141,AA6069,Carrizo,CNPC - Corporación Nacional de Petróleos de China S.A.,Etapa I - COSAPI,No supervisada,0.0,2da Evaluacion,,,No supervisado,PIURA,TALARA,LOBITOS
-81.14664,-4.36155,AA6689,Carrizo,CNPC - Corporación Nacional de Petróleos de China S.A.,Etapa I - COSAPI,Sin afectación,0.0,2da Evaluacion,,2022.0,Supervisado,PIURA,TALARA,LOBITOS
-81.14403,-4.35996,AA96,Carrizo,CNPC - Corporación Nacional de Petróleos de China S.A.,Etapa I - COSAPI,Sin afectación,0.0,2da Evaluacion,,2022.0,Supervisado,PIURA,TALARA,LOBITOS
-81.14168,-4.35937,AA6801,La Tuna,CNPC - Corporación Nacional de Petróleos de China S.A.,Etapa I - COSAPI,No supervisada,0.0,1ra Evaluacion,,,No supervisado,PIURA,TALARA,LOBITOS
-81.14393,-4.35472,AA89,La Tuna,CNPC - Corporación Nacional de Petróleos de China S.A.,Etapa I - COSAPI,No supervisada,0.0,2da Evaluacion,,,No supervisado,PIURA,TALARA,LOBITOS
-81.13933,-4.35743,AA63,La Tuna,CNPC - Corporación Nacional de Petróleos de China S.A.,Etapa I - COSAPI,No supervisada,0.0,2da Evaluacion,,,No supervisado,PIURA,TALARA,LOBITOS
-81.14241,-4.35743,AA6691,La Tuna,CNPC - Corporación Nacional de Petróleos de China S.A.,Etapa I - COSAPI,No supervisada,0.0,2da Evaluacion,,,No supervisado,PIURA,TALARA,LOBITOS
-81.14277,-4.35172,AA6886,La Tuna,CNPC - Corporación Nacional de Petróleos de China S.A.,Etapa I - COSAPI,En ejecución,0.0,2da Evaluacion,,,Planificado,PIURA,TALARA,LOBITOS
-81.13936,-4.35197,AA71,La Tuna,CNPC - Corporación Nacional de Petróleos de China S.A.,Etapa I - COSAPI,En ejecución,0.0,2da Evaluacion,,,Planificado,PIURA,TALARA,LOBITOS
-81.13492,-4.35489,AA72,La Tuna,CNPC - Corporación Nacional de Petróleos de China S.A.,Etapa I - COSAPI,En ejecución,0.0,3ra Evaluacion,,,Planificado,PIURA,TALARA,LOBITOS
-81.13689,-4.36033,AA6806,Carrizo,CNPC - Corporación Nacional de Petróleos de China S.A.,Etapa I - COSAPI,Sin afectación,0.0,2da Evaluacion,,2022.0,Supervisado,PIURA,TALARA,LOBITOS
-81.13123,-4.35643,AA1598,La Tuna,CNPC - Corporación Nacional de Petróleos de China S.A.,Etapa I - COSAPI,No supervisada,0.0,2da Evaluacion,,,No supervisado,PIURA,TALARA,LOBITOS
-81.13558,-4.35063,AA6359,La Tuna,CNPC - Corporación Nacional de Petróleos de China S.A.,Etapa I - COSAPI,En ejecución,0.0,2da Evaluacion,,,Planificado,PIURA,TALARA,EL ALTO
-81.12861,-4.35001,AA1862,La Tuna,CNPC - Corporación Nacional de Petróleos de China S.A.,Etapa I - COSAPI,En ejecución,0.0,2da Evaluacion,,,Planificado,PIURA,TALARA,EL ALTO
-81.13935,-4.3465,AA95,La Tuna,CNPC - Corporación Nacional de Petróleos de China S.A.,Etapa I - COSAPI,En ejecución,0.0,1ra Evaluacion,,,Planificado,PIURA,TALARA,EL ALTO
-81.13007,-4.35197,AA52,La Tuna,CNPC - Corporación Nacional de Petróleos de China S.A.,Etapa I - COSAPI,No supervisada,0.0,2da Evaluacion,,,No supervisado,PIURA,TALARA,EL ALTO
-81.13467,-4.34936,AA51,La Tuna,CNPC - Corporación Nacional de Petróleos de China S.A.,Etapa I - COSAPI,En ejecución,0.0,2da Evaluacion,,,Planificado,PIURA,TALARA,EL ALTO
-81.16672,-4.39655,AA6409,Carrizo,CNPC - Corporación Nacional de Petróleos de China S.A.,Etapa I - COSAPI,Con afectación,0.0,2da Evaluacion,1,2023.0,Supervisado,PIURA,TALARA,LOBITOS
-81.1497,-4.38646,AA6594,Carrizo,CNPC - Corporación Nacional de Petróleos de China S.A.,Etapa I - COSAPI,No supervisada,0.0,2da Evaluacion,,,No supervisado,PIURA,TALARA,LOBITOS
-81.13782,-4.38443,AA6729,Carrizo,CNPC - Corporación Nacional de Petróleos de China S.A.,Etapa I - COSAPI,No supervisada,0.0,2da Evaluacion,,,No supervisado,PIURA,TALARA,LOBITOS
-81.13701,-4.34529,AA50,La Tuna,CNPC - Corporación Nacional de Petróleos de China S.A.,Etapa I - COSAPI,En ejecución,0.0,2da Evaluacion,,,Planificado,PIURA,TALARA,EL ALTO
-81.17273,-4.37282,AA7612N,Carrizo,CNPC - Corporación Nacional de Petróleos de China S.A.,Etapa I - COSAPI,No supervisada,0.0,1ra Evaluacion,,,No supervisado,PIURA,TALARA,LOBITOS
-81.17336,-4.38259,AA6762,Carrizo,CNPC - Corporación Nacional de Petróleos de China S.A.,Etapa I - COSAPI,En ejecución,0.0,2da Evaluacion,,,Planificado,PIURA,TALARA,LOBITOS
-81.14657,-4.38387,AA6591,Carrizo,CNPC - Corporación Nacional de Petróleos de China S.A.,Etapa I - COSAPI,No supervisada,0.0,2da Evaluacion,,,No supervisado,PIURA,TALARA,LOBITOS
-81.17273,-4.37282,AA7612,Carrizo,CNPC - Corporación Nacional de Petróleos de China S.A.,Etapa I - COSAPI,En ejecución,0.0,1ra Evaluacion,,,Planificado,PIURA,TALARA,LOBITOS
-81.17176,-4.39261,AA6393,Carrizo,CNPC - Corporación Nacional de Petróleos de China S.A.,Etapa I - COSAPI,Sin afectación,0.0,1ra Evaluacion,,2023.0,Supervisado,PIURA,TALARA,LOBITOS
-81.16672,-4.39655,AA9983,Carrizo,CNPC - Corporación Nacional de Petróleos de China S.A.,Etapa I - COSAPI,Sin afectación,0.0,1ra Evaluacion,,2023.0,Supervisado,PIURA,TALARA,LOBITOS
-81.14371,-4.39428,PCI,Coyonitas,CNPC - Corporación Nacional de Petróleos de China S.A.,Etapa I - COSAPI,No supervisada,0.0,,,,No supervisado,PIURA,TALARA,LOBITOS
-81.14706,-4.35068,AA6754,La Tuna,CNPC - Corporación Nacional de Petróleos de China S.A.,Etapa I - COSAPI,En ejecución,0.0,2da Evaluacion,,,Planificado,PIURA,TALARA,LOBITOS
-81.14421,-4.34921,AA6884,La Tuna,CNPC - Corporación Nacional de Petróleos de China S.A.,Etapa I - COSAPI,En ejecución,0.0,2da Evaluacion,,,Planificado,PIURA,TALARA,EL ALTO
-81.14656,-4.34756,AA6888,La Tuna,CNPC - Corporación Nacional de Petróleos de China S.A.,Etapa I - COSAPI,En ejecución,0.0,2da Evaluacion,,,Planificado,PIURA,TALARA,EL ALTO
-81.14147,-4.34575,AA6887,La Tuna,CNPC - Corporación Nacional de Petróleos de China S.A.,Etapa I - COSAPI,En ejecución,0.0,2da Evaluacion,,,Planificado,PIURA,TALARA,EL ALTO
-81.1416,-4.34792,AA62,La Tuna,CNPC - Corporación Nacional de Petróleos de China S.A.,Etapa I - COSAPI,En ejecución,0.0,2da Evaluacion,,,Planificado,PIURA,TALARA,EL ALTO
-81.20354,-4.38442,AA1884,Carrizo,CNPC - Corporación Nacional de Petróleos de China S.A.,Etapa I - COSAPI,No supervisada,0.0,3ra Evaluacion,,,No supervisado,PIURA,TALARA,LOBITOS
-81.20304,-4.39,AA9374,Carrizo,CNPC - Corporación Nacional de Petróleos de China S.A.,Etapa I - COSAPI,No supervisada,0.0,1ra Evaluacion,,,No supervisado,PIURA,TALARA,LOBITOS
-81.1935,-4.39581,AA111,Carrizo,CNPC - Corporación Nacional de Petróleos de China S.A.,Etapa I - COSAPI,Sin afectación,0.0,2da Evaluacion,,2023.0,Supervisado,PIURA,TALARA,LOBITOS
-81.20177,-4.39157,AA9503,Carrizo,CNPC - Corporación Nacional de Petróleos de China S.A.,Etapa I - COSAPI,No supervisada,0.0,4ta Evaluacion,,,No supervisado,PIURA,TALARA,LOBITOS
-81.19396,-4.39592,AA2172,Carrizo,CNPC - Corporación Nacional de Petróleos de China S.A.,Etapa I - COSAPI,Con afectación,98.5,2da Evaluacion,1,2023.0,Supervisado,PIURA,TALARA,LOBITOS
-81.20464,-4.38646,PQA-AA1734,Carrizo,CNPC - Corporación Nacional de Petróleos de China S.A.,Etapa I - COSAPI,No supervisada,0.0,4ta Evaluacion,,,No supervisado,PIURA,TALARA,LOBITOS
-81.19759,-4.39339,AA1698,Carrizo,CNPC - Corporación Nacional de Petróleos de China S.A.,Etapa I - COSAPI,No supervisada,0.0,3ra Evaluacion,,,No supervisado,PIURA,TALARA,LOBITOS
-81.1935,-4.39581,AA1561,Carrizo,CNPC - Corporación Nacional de Petróleos de China S.A.,Etapa I - COSAPI,Sin afectación,0.0,2da Evaluacion,,2023.0,Supervisado,PIURA,TALARA,LOBITOS
-81.22643,-4.27201,PZA-BORRAS-EA6867,Taiman,CNPC - Corporación Nacional de Petróleos de China S.A.,Etapa I - COSAPI,No supervisada,0.0,1ra Evaluacion,,,No supervisado,PIURA,TALARA,EL ALTO
-81.1416,-4.34237,AA61,La Tuna,CNPC - Corporación Nacional de Petróleos de China S.A.,Etapa I - COSAPI,En ejecución,0.0,4ta Evaluacion,,,Planificado,PIURA,TALARA,EL ALTO
-81.1461,-4.34502,AA70,La Tuna,CNPC - Corporación Nacional de Petróleos de China S.A.,Etapa I - COSAPI,En ejecución,0.0,4ta Evaluacion,,,Planificado,PIURA,TALARA,EL ALTO
-81.13007,-4.34665,AA48,La Tuna,CNPC - Corporación Nacional de Petróleos de China S.A.,Etapa I - COSAPI,En ejecución,0.0,1ra Evaluacion,,,Planificado,PIURA,TALARA,EL ALTO
-81.13164,-4.34932,AA131,La Tuna,CNPC - Corporación Nacional de Petróleos de China S.A.,Etapa I - COSAPI,En ejecución,0.0,4ta Evaluacion,,,Planificado,PIURA,TALARA,EL ALTO
-81.1988,-4.39468,AA9419,Carrizo,CNPC - Corporación Nacional de Petróleos de China S.A.,Etapa I - COSAPI,No supervisada,0.0,2da Evaluacion,,,Observado,PIURA,TALARA,LOBITOS
-81.13693,-4.33982,AA49,La Tuna,CNPC - Corporación Nacional de Petróleos de China S.A.,Etapa I - COSAPI,En ejecución,0.0,2da Evaluacion,,,Planificado,PIURA,TALARA,EL ALTO
-81.13301,-4.34166,AA7887,La Tuna,CNPC - Corporación Nacional de Petróleos de China S.A.,Etapa I - COSAPI,En ejecución,0.0,1ra Evaluacion,,,Planificado,PIURA,TALARA,EL ALTO
-81.17631,-4.39304,AA9984,Carrizo,CNPC - Corporación Nacional de Petróleos de China S.A.,Etapa I - COSAPI,No supervisada,0.0,1ra Evaluacion,,,Observado,PIURA,TALARA,LOBITOS
-81.13451,-4.3438,AA136,La Tuna,CNPC - Corporación Nacional de Petróleos de China S.A.,Etapa I - COSAPI,Sin afectación,0.0,3ra Evaluacion,,2022.0,Supervisado,PIURA,TALARA,EL ALTO
-81.1371,-4.3363,AA1847,La Tuna,CNPC - Corporación Nacional de Petróleos de China S.A.,Etapa I - COSAPI,Sin afectación,0.0,3ra Evaluacion,,2024.0,Supervisado,PIURA,TALARA,EL ALTO
-81.13223,-4.34252,AA37,La Tuna,CNPC - Corporación Nacional de Petróleos de China S.A.,Etapa I - COSAPI,Con afectación,45859.0,2da Evaluacion,1,2022.0,Supervisado,PIURA,TALARA,EL ALTO
-81.13941,-4.33417,AA7861,La Tuna,CNPC - Corporación Nacional de Petróleos de China S.A.,Etapa I - COSAPI,No supervisada,0.0,1ra Evaluacion,,,Observado,PIURA,TALARA,EL ALTO
-81.12999,-4.34366,AA6206,La Tuna,CNPC - Corporación Nacional de Petróleos de China S.A.,Etapa I - COSAPI,En ejecución,0.0,3ra Evaluacion,,,Planificado,PIURA,TALARA,EL ALTO
-81.13762,-4.34808,AA7888,La Tuna,CNPC - Corporación Nacional de Petróleos de China S.A.,Etapa I - COSAPI,En ejecución,0.0,1ra Evaluacion,,,Planificado,PIURA,TALARA,EL ALTO
-81.1331,-4.33995,AA80,La Tuna,CNPC - Corporación Nacional de Petróleos de China S.A.,Etapa I - COSAPI,En ejecución,0.0,3ra Evaluacion,,,Planificado,PIURA,TALARA,EL ALTO
-81.18006,-4.38978,PQA-AA125,Carrizo,CNPC - Corporación Nacional de Petróleos de China S.A.,Etapa I - COSAPI,No supervisada,0.0,1ra Evaluacion,,,No supervisado,PIURA,TALARA,LOBITOS
-81.18482,-4.36371,AA1687,Carrizo,CNPC - Corporación Nacional de Petróleos de China S.A.,Etapa I - COSAPI,Sin afectación,0.0,1ra Evaluacion,,2022.0,Supervisado,PIURA,TALARA,LOBITOS
-81.18017,-4.36903,AA1689,Carrizo,CNPC - Corporación Nacional de Petróleos de China S.A.,Etapa I - COSAPI,No supervisada,0.0,1ra Evaluacion,,,No supervisado,PIURA,TALARA,LOBITOS
-81.16785,-4.38413,AA6946,Carrizo,CNPC - Corporación Nacional de Petróleos de China S.A.,Etapa I - COSAPI,No supervisada,0.0,1ra Evaluacion,,,No supervisado,PIURA,TALARA,LOBITOS
-81.18561,-4.39758,AA9101,Carrizo,CNPC - Corporación Nacional de Petróleos de China S.A.,Etapa I - COSAPI,Sin afectación,0.0,2da Evaluacion,,2023.0,Supervisado,PIURA,TALARA,LOBITOS
-81.22657,-4.39494,AA5801,Carrizo,CNPC - Corporación Nacional de Petróleos de China S.A.,Etapa I - COSAPI,No supervisada,0.0,2da Evaluacion,,,No supervisado,PIURA,TALARA,LOBITOS
-81.22659,-4.39179,AA6533,Carrizo,CNPC - Corporación Nacional de Petróleos de China S.A.,Etapa I - COSAPI,No supervisada,0.0,1ra Evaluacion,,,No supervisado,PIURA,TALARA,LOBITOS
-81.22558,-4.39747,AA5968,Carrizo,CNPC - Corporación Nacional de Petróleos de China S.A.,Etapa I - COSAPI,No supervisada,0.0,2da Evaluacion,,,No supervisado,PIURA,TALARA,LOBITOS
-81.22561,-4.3993,AA7209,Carrizo,CNPC - Corporación Nacional de Petróleos de China S.A.,Etapa I - COSAPI,No supervisada,0.0,2da Evaluacion,,,No supervisado,PIURA,TALARA,LOBITOS
-81.22315,-4.39375,AA6532,Carrizo,CNPC - Corporación Nacional de Petróleos de China S.A.,Etapa I - COSAPI,No supervisada,0.0,1ra Evaluacion,,,No supervisado,PIURA,TALARA,LOBITOS
-81.22,-4.40255,AA5893,Carrizo,CNPC - Corporación Nacional de Petróleos de China S.A.,Etapa I - COSAPI,No supervisada,0.0,2da Evaluacion,,,No supervisado,PIURA,TALARA,LOBITOS
-81.22305,-4.40055,AA5877,Carrizo,CNPC - Corporación Nacional de Petróleos de China S.A.,Etapa I - COSAPI,No supervisada,0.0,3ra Evaluacion,,,No supervisado,PIURA,TALARA,LOBITOS
-81.22346,-4.3976,AA5804,Carrizo,CNPC - Corporación Nacional de Petróleos de China S.A.,Etapa I - COSAPI,No supervisada,0.0,2da Evaluacion,,,No supervisado,PIURA,TALARA,LOBITOS
-81.22333,-4.39335,AA5802,Carrizo,CNPC - Corporación Nacional de Petróleos de China S.A.,Etapa I - COSAPI,No supervisada,0.0,1ra Evaluacion,,,No supervisado,PIURA,TALARA,LOBITOS
-81.21913,-4.40418,PQA-AA1686,Carrizo,CNPC - Corporación Nacional de Petróleos de China S.A.,Etapa I - COSAPI,No supervisada,0.0,No hay informacion,,,No supervisado,PIURA,TALARA,LOBITOS
-81.22423,-4.3895,AA7222,Carrizo,CNPC - Corporación Nacional de Petróleos de China S.A.,Etapa I - COSAPI,No supervisada,0.0,4ta Evaluacion,,,No supervisado,PIURA,TALARA,LOBITOS
-81.2243,-4.39176,AA5932,Carrizo,CNPC - Corporación Nacional de Petróleos de China S.A.,Etapa I - COSAPI,No supervisada,0.0,2da Evaluacion,,,No supervisado,PIURA,TALARA,LOBITOS
-81.22431,-4.39565,AA5717,Carrizo,CNPC - Corporación Nacional de Petróleos de China S.A.,Etapa I - COSAPI,No supervisada,0.0,2da Evaluacion,,,No supervisado,PIURA,TALARA,LOBITOS
-81.22193,-4.39629,AA5640,Carrizo,CNPC - Corporación Nacional de Petróleos de China S.A.,Etapa I - COSAPI,No supervisada,0.0,3ra Evaluacion,,,No supervisado,PIURA,TALARA,LOBITOS
-81.17317,-4.39577,AA2251,Carrizo,CNPC - Corporación Nacional de Petróleos de China S.A.,Etapa I - COSAPI,No supervisada,0.0,1ra Evaluacion,,,Observado,PIURA,TALARA,LOBITOS
-81.21769,-4.3935,AA1726,Carrizo,CNPC - Corporación Nacional de Petróleos de China S.A.,Etapa I - COSAPI,No supervisada,0.0,3ra Evaluacion,,,No supervisado,PIURA,TALARA,LOBITOS
-81.22094,-4.39421,AA5716,Carrizo,CNPC - Corporación Nacional de Petróleos de China S.A.,Etapa I - COSAPI,No supervisada,0.0,2da Evaluacion,,,No supervisado,PIURA,TALARA,LOBITOS
-81.17481,-4.37368,AA7886,Carrizo,CNPC - Corporación Nacional de Petróleos de China S.A.,Etapa I - COSAPI,No supervisada,0.0,1ra Evaluacion,,,No supervisado,PIURA,TALARA,LOBITOS
-81.21832,-4.39155,AA9136,Carrizo,CNPC - Corporación Nacional de Petróleos de China S.A.,Etapa I - COSAPI,Sin afectación,0.0,2da Evaluacion,,2022.0,Supervisado,PIURA,TALARA,LOBITOS
-81.21989,-4.39216,AA1753,Carrizo,CNPC - Corporación Nacional de Petróleos de China S.A.,Etapa I - COSAPI,No supervisada,0.0,3ra Evaluacion,,,No supervisado,PIURA,TALARA,LOBITOS
-81.22089,-4.38878,AA1851,Carrizo,CNPC - Corporación Nacional de Petróleos de China S.A.,Etapa I - COSAPI,No supervisada,0.0,3ra Evaluacion,,,No supervisado,PIURA,TALARA,LOBITOS
-81.2147,-4.40009,PQA-AA5878,Carrizo,CNPC - Corporación Nacional de Petróleos de China S.A.,Etapa I - COSAPI,No supervisada,0.0,No hay informacion,,,No supervisado,PIURA,TALARA,LOBITOS
-81.2162,-4.397,AA1771,Carrizo,CNPC - Corporación Nacional de Petróleos de China S.A.,Etapa I - COSAPI,No supervisada,0.0,3ra Evaluacion,,,No supervisado,PIURA,TALARA,LOBITOS
-81.16988,-4.37848,7883_TUB,Carrizo,CNPC - Corporación Nacional de Petróleos de China S.A.,Etapa I - COSAPI,No supervisada,0.0,2da Evaluacion,,,No supervisado,PIURA,TALARA,LOBITOS
-81.21844,-4.39579,PQA-AA1914,Carrizo,CNPC - Corporación Nacional de Petróleos de China S.A.,Etapa I - COSAPI,No supervisada,0.0,1ra Evaluacion,,,No supervisado,PIURA,TALARA,LOBITOS
-81.21483,-4.39045,AA9128,Carrizo,CNPC - Corporación Nacional de Petróleos de China S.A.,Etapa I - COSAPI,No supervisada,0.0,2da Evaluacion,,,No supervisado,PIURA,TALARA,LOBITOS
-81.21191,-4.38972,AA2487,Carrizo,CNPC - Corporación Nacional de Petróleos de China S.A.,Etapa I - COSAPI,No supervisada,0.0,3ra Evaluacion,,,No supervisado,PIURA,TALARA,LOBITOS
-81.21149,-4.38986,PQA-AA10211,Carrizo,CNPC - Corporación Nacional de Petróleos de China S.A.,Etapa I - COSAPI,No supervisada,0.0,4ta Evaluacion,,,No supervisado,PIURA,TALARA,LOBITOS
-81.21156,-4.39005,AA9207,Carrizo,CNPC - Corporación Nacional de Petróleos de China S.A.,Etapa I - COSAPI,No supervisada,0.0,1ra Evaluacion,,,No supervisado,PIURA,TALARA,LOBITOS
-81.2216,-4.39226,AA7223,Carrizo,CNPC - Corporación Nacional de Petróleos de China S.A.,Etapa I - COSAPI,No supervisada,0.0,2da Evaluacion,,,No supervisado,PIURA,TALARA,LOBITOS
-81.21427,-4.3924,AA1774,Carrizo,CNPC - Corporación Nacional de Petróleos de China S.A.,Etapa I - COSAPI,Sin afectación,0.0,1ra Evaluacion,,2022.0,Supervisado,PIURA,TALARA,LOBITOS
-81.21472,-4.39055,AA9514,Carrizo,CNPC - Corporación Nacional de Petróleos de China S.A.,Etapa I - COSAPI,No supervisada,0.0,2da Evaluacion,,,No supervisado,PIURA,TALARA,LOBITOS
-81.21642,-4.39122,PQA-AA1693,Carrizo,CNPC - Corporación Nacional de Petróleos de China S.A.,Etapa I - COSAPI,No supervisada,0.0,3ra Evaluacion,,,No supervisado,PIURA,TALARA,LOBITOS
-81.21759,-4.38785,PQA-AA1769,Carrizo,CNPC - Corporación Nacional de Petróleos de China S.A.,Etapa I - COSAPI,No supervisada,0.0,3ra Evaluacion,,,No supervisado,PIURA,TALARA,LOBITOS
-81.2188,-4.38793,PQA-AA9344,Carrizo,CNPC - Corporación Nacional de Petróleos de China S.A.,Etapa I - COSAPI,No supervisada,0.0,3ra Evaluacion,,,No supervisado,PIURA,TALARA,LOBITOS
-81.21333,-4.3904,AA1721,Carrizo,CNPC - Corporación Nacional de Petróleos de China S.A.,Etapa I - COSAPI,No supervisada,0.0,3ra Evaluacion,,,No supervisado,PIURA,TALARA,LOBITOS
-81.2187,-4.39003,PQA-AA1866,Carrizo,CNPC - Corporación Nacional de Petróleos de China S.A.,Etapa I - COSAPI,No supervisada,0.0,3ra Evaluacion,,,No supervisado,PIURA,TALARA,LOBITOS
-81.21703,-4.39909,AA1662,Carrizo,CNPC - Corporación Nacional de Petróleos de China S.A.,Etapa I - COSAPI,Sin afectación,0.0,1ra Evaluacion,,2022.0,Supervisado,PIURA,TALARA,LOBITOS
-81.21283,-4.39197,PQA-AA9341,Carrizo,CNPC - Corporación Nacional de Petróleos de China S.A.,Etapa I - COSAPI,No supervisada,0.0,1ra Evaluacion,,,No supervisado,PIURA,TALARA,LOBITOS
-81.2152,-4.38903,AA1739,Carrizo,CNPC - Corporación Nacional de Petróleos de China S.A.,Etapa I - COSAPI,No supervisada,0.0,2da Evaluacion,,,No supervisado,PIURA,TALARA,LOBITOS
-81.21274,-4.38471,AA1883,Carrizo,CNPC - Corporación Nacional de Petróleos de China S.A.,Etapa I - COSAPI,No supervisada,0.0,3ra Evaluacion,,,No supervisado,PIURA,TALARA,LOBITOS
-81.21593,-4.38579,AA1894,Carrizo,CNPC - Corporación Nacional de Petróleos de China S.A.,Etapa I - COSAPI,No supervisada,0.0,2da Evaluacion,,,No supervisado,PIURA,TALARA,LOBITOS
-81.21434,-4.38522,AA9141,Carrizo,CNPC - Corporación Nacional de Petróleos de China S.A.,Etapa I - COSAPI,No supervisada,0.0,1ra Evaluacion,,,No supervisado,PIURA,TALARA,LOBITOS
-81.21411,-4.38688,AA10038,Carrizo,CNPC - Corporación Nacional de Petróleos de China S.A.,Etapa I - COSAPI,No supervisada,0.0,3ra Evaluacion,,,No supervisado,PIURA,TALARA,LOBITOS
-81.20968,-4.38932,PQA-AA1773,Carrizo,CNPC - Corporación Nacional de Petróleos de China S.A.,Etapa I - COSAPI,No supervisada,0.0,1ra Evaluacion,,,No supervisado,PIURA,TALARA,LOBITOS
-81.20836,-4.3872,AA1812,Carrizo,CNPC - Corporación Nacional de Petróleos de China S.A.,Etapa I - COSAPI,No supervisada,0.0,3ra Evaluacion,,,No supervisado,PIURA,TALARA,LOBITOS
-81.21197,-4.38828,AA1778,Carrizo,CNPC - Corporación Nacional de Petróleos de China S.A.,Etapa I - COSAPI,No supervisada,0.0,1ra Evaluacion,,,No supervisado,PIURA,TALARA,LOBITOS
-81.21396,-4.38688,AA1752,Carrizo,CNPC - Corporación Nacional de Petróleos de China S.A.,Etapa I - COSAPI,No supervisada,0.0,3ra Evaluacion,,,No supervisado,PIURA,TALARA,LOBITOS
-81.2093,-4.38367,AA1864,Carrizo,CNPC - Corporación Nacional de Petróleos de China S.A.,Etapa I - COSAPI,No supervisada,0.0,2da Evaluacion,,,No supervisado,PIURA,TALARA,LOBITOS
-81.20994,-4.38203,AA9336,Carrizo,CNPC - Corporación Nacional de Petróleos de China S.A.,Etapa I - COSAPI,No supervisada,0.0,4ta Evaluacion,,,No supervisado,PIURA,TALARA,LOBITOS
-81.20936,-4.38588,AA1980,Carrizo,CNPC - Corporación Nacional de Petróleos de China S.A.,Etapa I - COSAPI,No supervisada,0.0,4ta Evaluacion,,,No supervisado,PIURA,TALARA,LOBITOS
-81.20591,-4.38135,AA9339,Carrizo,CNPC - Corporación Nacional de Petróleos de China S.A.,Etapa I - COSAPI,No supervisada,0.0,2da Evaluacion,,,No supervisado,PIURA,TALARA,LOBITOS
-81.20568,-4.38279,AA1930,Carrizo,CNPC - Corporación Nacional de Petróleos de China S.A.,Etapa I - COSAPI,No supervisada,0.0,2da Evaluacion,,,No supervisado,PIURA,TALARA,LOBITOS
-81.20782,-4.38916,AA9206,Carrizo,CNPC - Corporación Nacional de Petróleos de China S.A.,Etapa I - COSAPI,No supervisada,0.0,3ra Evaluacion,,,No supervisado,PIURA,TALARA,LOBITOS
-81.20904,-4.3932,AA1592,Carrizo,CNPC - Corporación Nacional de Petróleos de China S.A.,Etapa I - COSAPI,Sin afectación,0.0,2da Evaluacion,,2022.0,Supervisado,PIURA,TALARA,LOBITOS
-81.20674,-4.39365,AA1633,Carrizo,CNPC - Corporación Nacional de Petróleos de China S.A.,Etapa I - COSAPI,No supervisada,0.0,1ra Evaluacion,,,No supervisado,PIURA,TALARA,LOBITOS
-81.21052,-4.38598,AA1896,Carrizo,CNPC - Corporación Nacional de Petróleos de China S.A.,Etapa I - COSAPI,No supervisada,0.0,3ra Evaluacion,,,No supervisado,PIURA,TALARA,LOBITOS
-81.20627,-4.39589,AA1578,Carrizo,CNPC - Corporación Nacional de Petróleos de China S.A.,Etapa I - COSAPI,Con afectación,29.94,4ta Evaluacion,1,2023.0,Supervisado,PIURA,TALARA,LOBITOS
-81.21057,-4.39297,AA9142,Carrizo,CNPC - Corporación Nacional de Petróleos de China S.A.,Etapa I - COSAPI,No supervisada,0.0,1ra Evaluacion,,,No supervisado,PIURA,TALARA,LOBITOS
-81.2071,-4.38502,AA1838,Carrizo,CNPC - Corporación Nacional de Petróleos de China S.A.,Etapa I - COSAPI,No supervisada,0.0,3ra Evaluacion,,,No supervisado,PIURA,TALARA,LOBITOS
-81.20653,-4.38654,AA9346,Carrizo,CNPC - Corporación Nacional de Petróleos de China S.A.,Etapa I - COSAPI,No supervisada,0.0,2da Evaluacion,,,No supervisado,PIURA,TALARA,LOBITOS
-81.2075,-4.38327,AA9337,Carrizo,CNPC - Corporación Nacional de Petróleos de China S.A.,Etapa I - COSAPI,No supervisada,0.0,3ra Evaluacion,,,No supervisado,PIURA,TALARA,LOBITOS
-81.20616,-4.38866,PQA-AA1863,Carrizo,CNPC - Corporación Nacional de Petróleos de China S.A.,Etapa I - COSAPI,No supervisada,0.0,3ra Evaluacion,,,No supervisado,PIURA,TALARA,LOBITOS
-81.21122,-4.39151,AA1767,Carrizo,CNPC - Corporación Nacional de Petróleos de China S.A.,Etapa I - COSAPI,No supervisada,0.0,1ra Evaluacion,,,No supervisado,PIURA,TALARA,LOBITOS
-81.2123,-4.38649,AA9129,Carrizo,CNPC - Corporación Nacional de Petróleos de China S.A.,Etapa I - COSAPI,No supervisada,0.0,2da Evaluacion,,,No supervisado,PIURA,TALARA,LOBITOS
-81.21239,-4.39523,PQA-AA9516,Carrizo,CNPC - Corporación Nacional de Petróleos de China S.A.,Etapa I - COSAPI,No supervisada,0.0,1ra Evaluacion,,,No supervisado,PIURA,TALARA,LOBITOS
-81.20922,-4.39883,PQA-AA1614,Carrizo,CNPC - Corporación Nacional de Petróleos de China S.A.,Etapa I - COSAPI,No supervisada,0.0,1ra Evaluacion,,,No supervisado,PIURA,TALARA,LOBITOS
-81.20789,-4.38153,AA5922,Carrizo,CNPC - Corporación Nacional de Petróleos de China S.A.,Etapa I - COSAPI,No supervisada,0.0,3ra Evaluacion,,,No supervisado,PIURA,TALARA,LOBITOS
-81.20407,-4.38244,AA9338,Carrizo,CNPC - Corporación Nacional de Petróleos de China S.A.,Etapa I - COSAPI,No supervisada,0.0,2da Evaluacion,,,No supervisado,PIURA,TALARA,LOBITOS
-81.20929,-4.39897,MNF-MC02-605,Carrizo,CNPC - Corporación Nacional de Petróleos de China S.A.,Etapa I - COSAPI,Sin afectación,0.0,2da Evaluacion,,2023.0,Supervisado,PIURA,TALARA,LOBITOS
-81.21066,-4.40326,AA6517,Carrizo,CNPC - Corporación Nacional de Petróleos de China S.A.,Etapa I - COSAPI,Con afectación,68.11,2da Evaluacion,1,2023.0,Supervisado,PIURA,TALARA,LOBITOS
-81.2084,-4.40352,PQA-AA1638,Carrizo,CNPC - Corporación Nacional de Petróleos de China S.A.,Etapa I - COSAPI,No supervisada,0.0,3ra Evaluacion,,,No supervisado,PIURA,TALARA,LOBITOS
-81.20436,-4.39754,PQA-AA9343,Carrizo,CNPC - Corporación Nacional de Petróleos de China S.A.,Etapa I - COSAPI,No supervisada,0.0,1ra Evaluacion,,,No supervisado,PIURA,TALARA,LOBITOS
-81.21304,-4.40327,PQA-AA1723,Carrizo,CNPC - Corporación Nacional de Petróleos de China S.A.,Etapa I - COSAPI,No supervisada,0.0,2da Evaluacion,,,No supervisado,PIURA,TALARA,LOBITOS
-81.2084,-4.40352,AA9353,Carrizo,CNPC - Corporación Nacional de Petróleos de China S.A.,Etapa I - COSAPI,Sin afectación,0.0,1ra Evaluacion,,2023.0,Supervisado,PIURA,TALARA,LOBITOS
-81.2037,-4.40146,PQA-AA1692,Carrizo,CNPC - Corporación Nacional de Petróleos de China S.A.,Etapa I - COSAPI,No supervisada,0.0,3ra Evaluacion,,,No supervisado,PIURA,TALARA,LOBITOS
-81.20436,-4.39754,AA1691,Carrizo,CNPC - Corporación Nacional de Petróleos de China S.A.,Etapa I - COSAPI,Con afectación,43.06,2da Evaluacion,1,2023.0,Supervisado,PIURA,TALARA,LOBITOS
-81.21304,-4.40327,AA6518,Carrizo,CNPC - Corporación Nacional de Petróleos de China S.A.,Etapa I - COSAPI,Sin afectación,0.0,2da Evaluacion,,2023.0,Supervisado,PIURA,TALARA,LOBITOS
-81.21495,-4.40214,AA6568,Carrizo,CNPC - Corporación Nacional de Petróleos de China S.A.,Etapa I - COSAPI,Sin afectación,0.0,3ra Evaluacion,,2023.0,Supervisado,PIURA,TALARA,LOBITOS
-81.2037,-4.40146,AA1616,Carrizo,CNPC - Corporación Nacional de Petróleos de China S.A.,Etapa I - COSAPI,Sin afectación,0.0,3ra Evaluacion,,2023.0,Supervisado,PIURA,TALARA,LOBITOS
-81.20378,-4.39945,AA9119,Carrizo,CNPC - Corporación Nacional de Petróleos de China S.A.,Etapa I - COSAPI,Sin afectación,0.0,1ra Evaluacion,,2023.0,Supervisado,PIURA,TALARA,LOBITOS
-81.20203,-4.39659,AA135,Carrizo,CNPC - Corporación Nacional de Petróleos de China S.A.,Etapa I - COSAPI,Con afectación,21.39,2da Evaluacion,1,2023.0,Supervisado,PIURA,TALARA,LOBITOS
-81.20291,-4.4026,MNF-MC06-605,Carrizo,CNPC - Corporación Nacional de Petróleos de China S.A.,Etapa I - COSAPI,No supervisada,0.0,1ra Evaluacion,,,No supervisado,PIURA,TALARA,LOBITOS
-81.20559,-4.39895,AA9333,Carrizo,CNPC - Corporación Nacional de Petróleos de China S.A.,Etapa I - COSAPI,No supervisada,0.0,1ra Evaluacion,,,No supervisado,PIURA,TALARA,LOBITOS
-81.12316,-4.24149,EA9473,Somatito,CNPC - Corporación Nacional de Petróleos de China S.A.,Etapa I - COSAPI,Sin afectación,0.0,1ra Evaluacion,,2025.0,Supervisado,PIURA,TALARA,EL ALTO
-81.20895,-4.38533,AA9132,Carrizo,CNPC - Corporación Nacional de Petróleos de China S.A.,Etapa I - COSAPI,No supervisada,0.0,1ra Evaluacion,,,No supervisado,PIURA,TALARA,LOBITOS
-81.20333,-4.40775,AA1943,Carrizo,CNPC - Corporación Nacional de Petróleos de China S.A.,Etapa I - COSAPI,No supervisada,0.0,2da Evaluacion,,,No supervisado,PIURA,TALARA,LOBITOS
-81.20385,-4.40408,AA1634,Carrizo,CNPC - Corporación Nacional de Petróleos de China S.A.,Etapa I - COSAPI,Sin afectación,0.0,2da Evaluacion,,2023.0,Supervisado,PIURA,TALARA,LOBITOS
-81.20709,-4.40569,AA9352,Carrizo,CNPC - Corporación Nacional de Petróleos de China S.A.,Etapa I - COSAPI,No supervisada,0.0,3ra Evaluacion,,,No supervisado,PIURA,TALARA,LOBITOS
-81.2027,-4.40613,AA9364,Carrizo,CNPC - Corporación Nacional de Petróleos de China S.A.,Etapa I - COSAPI,No supervisada,0.0,1ra Evaluacion,,,No supervisado,PIURA,TALARA,LOBITOS
-81.20639,-4.40759,AA1641,Carrizo,CNPC - Corporación Nacional de Petróleos de China S.A.,Etapa I - COSAPI,No supervisada,0.0,4ta Evaluacion,,,No supervisado,PIURA,TALARA,LOBITOS
-81.20672,-4.40432,AA1932,Carrizo,CNPC - Corporación Nacional de Petróleos de China S.A.,Etapa I - COSAPI,No supervisada,0.0,3ra Evaluacion,,,No supervisado,PIURA,TALARA,LOBITOS
-81.1229,-4.27512,EA5865,Zapotal,CNPC - Corporación Nacional de Petróleos de China S.A.,Etapa I - COSAPI,Con afectación,51.06,1ra Evaluacion,1,2024.0,Supervisado,PIURA,TALARA,EL ALTO
-81.20172,-4.40418,AA9363,Carrizo,CNPC - Corporación Nacional de Petróleos de China S.A.,Etapa I - COSAPI,No supervisada,0.0,3ra Evaluacion,,,No supervisado,PIURA,TALARA,LOBITOS
-81.20101,-4.40585,AA1819,Carrizo,CNPC - Corporación Nacional de Petróleos de China S.A.,Etapa I - COSAPI,No supervisada,0.0,2da Evaluacion,,,No supervisado,PIURA,TALARA,LOBITOS
-81.20092,-4.40739,AA9367,Carrizo,CNPC - Corporación Nacional de Petróleos de China S.A.,Etapa I - COSAPI,No supervisada,0.0,2da Evaluacion,,,No supervisado,PIURA,TALARA,LOBITOS
-81.19905,-4.40682,AA9201,Carrizo,CNPC - Corporación Nacional de Petróleos de China S.A.,Etapa I - COSAPI,No supervisada,0.0,3ra Evaluacion,,,No supervisado,PIURA,TALARA,LOBITOS
-81.2064,-4.40418,AA9351,Carrizo,CNPC - Corporación Nacional de Petróleos de China S.A.,Etapa I - COSAPI,No supervisada,0.0,3ra Evaluacion,,,No supervisado,PIURA,TALARA,LOBITOS
-81.19623,-4.40085,AA133,Carrizo,CNPC - Corporación Nacional de Petróleos de China S.A.,Etapa I - COSAPI,Sin afectación,0.0,3ra Evaluacion,,2023.0,Supervisado,PIURA,TALARA,LOBITOS
-81.19652,-4.39847,AA9401,Carrizo,CNPC - Corporación Nacional de Petróleos de China S.A.,Etapa I - COSAPI,No supervisada,0.0,4ta Evaluacion,,,Observado,PIURA,TALARA,LOBITOS
-81.19466,-4.39807,AA1699,Carrizo,CNPC - Corporación Nacional de Petróleos de China S.A.,Etapa I - COSAPI,No supervisada,0.0,1ra Evaluacion,,,Observado,PIURA,TALARA,LOBITOS
-81.19869,-4.40087,AA9278,Carrizo,CNPC - Corporación Nacional de Petróleos de China S.A.,Etapa I - COSAPI,Sin afectación,0.0,2da Evaluacion,,2023.0,Supervisado,PIURA,TALARA,LOBITOS
-81.20004,-4.4035,AA1779,Carrizo,CNPC - Corporación Nacional de Petróleos de China S.A.,Etapa I - COSAPI,Sin afectación,0.0,2da Evaluacion,,2023.0,Supervisado,PIURA,TALARA,LOBITOS
-81.1977,-4.40303,AA1768,Carrizo,CNPC - Corporación Nacional de Petróleos de China S.A.,Etapa I - COSAPI,Sin afectación,0.0,3ra Evaluacion,,2023.0,Supervisado,PIURA,TALARA,LOBITOS
-81.19511,-4.39671,AA9356,Carrizo,CNPC - Corporación Nacional de Petróleos de China S.A.,Etapa I - COSAPI,Sin afectación,0.0,1ra Evaluacion,,2023.0,Supervisado,PIURA,TALARA,LOBITOS
-81.19592,-4.40214,AA10204,Carrizo,CNPC - Corporación Nacional de Petróleos de China S.A.,Etapa I - COSAPI,No supervisada,0.0,3ra Evaluacion,,,Observado,PIURA,TALARA,LOBITOS
-81.19819,-4.40765,AA1661,Carrizo,CNPC - Corporación Nacional de Petróleos de China S.A.,Etapa I - COSAPI,No supervisada,0.0,3ra Evaluacion,,,No supervisado,PIURA,TALARA,LOBITOS
-81.19933,-4.40512,AA9362,Carrizo,CNPC - Corporación Nacional de Petróleos de China S.A.,Etapa I - COSAPI,No supervisada,0.0,3ra Evaluacion,,,No supervisado,PIURA,TALARA,LOBITOS
-81.16008,-4.35001,AA1595,La Tuna,CNPC - Corporación Nacional de Petróleos de China S.A.,Etapa I - COSAPI,No supervisada,0.0,2da Evaluacion,,,No supervisado,PIURA,TALARA,LOBITOS
-81.1561,-4.34843,AA1926,La Tuna,CNPC - Corporación Nacional de Petróleos de China S.A.,Etapa I - COSAPI,En ejecución,0.0,2da Evaluacion,,,Planificado,PIURA,TALARA,LOBITOS
-81.15783,-4.34577,AA6629,La Tuna,CNPC - Corporación Nacional de Petróleos de China S.A.,Etapa I - COSAPI,En ejecución,0.0,2da Evaluacion,,,Planificado,PIURA,TALARA,LOBITOS
-81.14507,-4.33098,AA35,La Tuna,CNPC - Corporación Nacional de Petróleos de China S.A.,Etapa I - COSAPI,No supervisada,0.0,1ra Evaluacion,,,Observado,PIURA,TALARA,EL ALTO
-81.19508,-4.4058,PQA-AA1644,Carrizo,CNPC - Corporación Nacional de Petróleos de China S.A.,Etapa I - COSAPI,No supervisada,0.0,3ra Evaluacion,,,Observado,PIURA,TALARA,LOBITOS
-81.19128,-4.39773,AA1624,Carrizo,CNPC - Corporación Nacional de Petróleos de China S.A.,Etapa I - COSAPI,Sin afectación,0.0,2da Evaluacion,,2023.0,Supervisado,PIURA,TALARA,LOBITOS
-81.19524,-4.40329,AA1716,Carrizo,CNPC - Corporación Nacional de Petróleos de China S.A.,Etapa I - COSAPI,Con afectación,812.71,2da Evaluacion,1,2023.0,Supervisado,PIURA,TALARA,LOBITOS
-81.18961,-4.40241,AA9122,Carrizo,CNPC - Corporación Nacional de Petróleos de China S.A.,Etapa I - COSAPI,Sin afectación,0.0,1ra Evaluacion,,2023.0,Supervisado,PIURA,TALARA,LOBITOS
-81.19468,-4.40693,AA9182,Carrizo,CNPC - Corporación Nacional de Petróleos de China S.A.,Etapa I - COSAPI,Sin afectación,0.0,1ra Evaluacion,,2022.0,Supervisado,PIURA,TALARA,LOBITOS
-81.19262,-4.40743,AA1642,Carrizo,CNPC - Corporación Nacional de Petróleos de China S.A.,Etapa I - COSAPI,No supervisada,0.0,2da Evaluacion,,,Observado,PIURA,TALARA,LOBITOS
-81.19304,-4.40029,AA1772,Carrizo,CNPC - Corporación Nacional de Petróleos de China S.A.,Etapa I - COSAPI,No supervisada,0.0,2da Evaluacion,,,Observado,PIURA,TALARA,LOBITOS
-81.19281,-4.40365,AA1796,Carrizo,CNPC - Corporación Nacional de Petróleos de China S.A.,Etapa I - COSAPI,No supervisada,0.0,5ta Evaluacion,,,Observado,PIURA,TALARA,LOBITOS
-81.19297,-4.40592,AA9372,Carrizo,CNPC - Corporación Nacional de Petróleos de China S.A.,Etapa I - COSAPI,No supervisada,0.0,2da Evaluacion,,,Observado,PIURA,TALARA,LOBITOS
-81.20602,-4.39099,AA9383,Carrizo,CNPC - Corporación Nacional de Petróleos de China S.A.,Etapa I - COSAPI,No supervisada,0.0,4ta Evaluacion,,,No supervisado,PIURA,TALARA,LOBITOS
-81.19061,-4.39919,AA10208,Carrizo,CNPC - Corporación Nacional de Petróleos de China S.A.,Etapa I - COSAPI,No supervisada,0.0,1ra Evaluacion,,,Observado,PIURA,TALARA,LOBITOS
-81.21391,-4.39611,AA1643,Carrizo,CNPC - Corporación Nacional de Petróleos de China S.A.,Etapa I - COSAPI,No supervisada,0.0,2da Evaluacion,,,No supervisado,PIURA,TALARA,LOBITOS
-81.21422,-4.39076,AA5833,Carrizo,CNPC - Corporación Nacional de Petróleos de China S.A.,Etapa I - COSAPI,No supervisada,0.0,2da Evaluacion,,,No supervisado,PIURA,TALARA,LOBITOS
-81.1996,-4.39158,AA134,Carrizo,CNPC - Corporación Nacional de Petróleos de China S.A.,Etapa I - COSAPI,No supervisada,0.0,4ta Evaluacion,,,No supervisado,PIURA,TALARA,LOBITOS
-81.20061,-4.39426,AA1576,Carrizo,CNPC - Corporación Nacional de Petróleos de China S.A.,Etapa I - COSAPI,No supervisada,0.0,3ra Evaluacion,,,Observado,PIURA,TALARA,LOBITOS
-81.19034,-4.40024,AA110,Carrizo,CNPC - Corporación Nacional de Petróleos de China S.A.,Etapa I - COSAPI,Con afectación,79.22,4ta Evaluacion,1,2023.0,Supervisado,PIURA,TALARA,LOBITOS
-81.17749,-4.36458,AA6224,Carrizo,CNPC - Corporación Nacional de Petróleos de China S.A.,Etapa I - COSAPI,No supervisada,0.0,2da Evaluacion,,,No supervisado,PIURA,TALARA,LOBITOS
-81.19505,-4.38788,AA9184,Carrizo,CNPC - Corporación Nacional de Petróleos de China S.A.,Etapa I - COSAPI,No supervisada,0.0,2da Evaluacion,,,No supervisado,PIURA,TALARA,LOBITOS
-81.20226,-4.39324,AA9153,Carrizo,CNPC - Corporación Nacional de Petróleos de China S.A.,Etapa I - COSAPI,No supervisada,0.0,2da Evaluacion,,,Observado,PIURA,TALARA,LOBITOS
-81.19669,-4.3912,PQA-AA117,Carrizo,CNPC - Corporación Nacional de Petróleos de China S.A.,Etapa I - COSAPI,No supervisada,0.0,No hay informacion,,,No supervisado,PIURA,TALARA,LOBITOS
-81.19402,-4.39071,AA9183,Carrizo,CNPC - Corporación Nacional de Petróleos de China S.A.,Etapa I - COSAPI,No supervisada,0.0,1ra Evaluacion,,,No supervisado,PIURA,TALARA,LOBITOS
-81.19662,-4.39429,AA9151,Carrizo,CNPC - Corporación Nacional de Petróleos de China S.A.,Etapa I - COSAPI,No supervisada,0.0,3ra Evaluacion,,,No supervisado,PIURA,TALARA,LOBITOS
-81.19422,-4.38639,AA9191,Carrizo,CNPC - Corporación Nacional de Petróleos de China S.A.,Etapa I - COSAPI,No supervisada,0.0,2da Evaluacion,,,No supervisado,PIURA,TALARA,LOBITOS
-81.2001,-4.3986,AA1577,Carrizo,CNPC - Corporación Nacional de Petróleos de China S.A.,Etapa I - COSAPI,Con afectación,48.61,3ra Evaluacion,1,2023.0,Supervisado,PIURA,TALARA,LOBITOS
-81.19672,-4.38681,PQA-AA1849,Carrizo,CNPC - Corporación Nacional de Petróleos de China S.A.,Etapa I - COSAPI,No supervisada,0.0,2da Evaluacion,,,No supervisado,PIURA,TALARA,LOBITOS
-81.20304,-4.39437,AA1776,Carrizo,CNPC - Corporación Nacional de Petróleos de China S.A.,Etapa I - COSAPI,Sin afectación,0.0,2da Evaluacion,,2023.0,Supervisado,PIURA,TALARA,LOBITOS
-81.19616,-4.38898,AA10014,Carrizo,CNPC - Corporación Nacional de Petróleos de China S.A.,Etapa I - COSAPI,No supervisada,0.0,2da Evaluacion,,,No supervisado,PIURA,TALARA,LOBITOS
-81.20055,-4.39728,AA9978,Carrizo,CNPC - Corporación Nacional de Petróleos de China S.A.,Etapa I - COSAPI,No supervisada,0.0,2da Evaluacion,,,Observado,PIURA,TALARA,LOBITOS
-81.19781,-4.37719,PQA-AA1832,Carrizo,CNPC - Corporación Nacional de Petróleos de China S.A.,Etapa I - COSAPI,No supervisada,0.0,2da Evaluacion,,,No supervisado,PIURA,TALARA,LOBITOS
-81.19396,-4.38912,AA10013,Carrizo,CNPC - Corporación Nacional de Petróleos de China S.A.,Etapa I - COSAPI,No supervisada,0.0,2da Evaluacion,,,No supervisado,PIURA,TALARA,LOBITOS
-81.19222,-4.39301,AA9382,Carrizo,CNPC - Corporación Nacional de Petróleos de China S.A.,Etapa I - COSAPI,No supervisada,0.0,2da Evaluacion,,,No supervisado,PIURA,TALARA,LOBITOS
-81.19801,-4.39006,AA9152,Carrizo,CNPC - Corporación Nacional de Petróleos de China S.A.,Etapa I - COSAPI,No supervisada,0.0,2da Evaluacion,,,No supervisado,PIURA,TALARA,LOBITOS
-81.19032,-4.40442,AA1824,Carrizo,CNPC - Corporación Nacional de Petróleos de China S.A.,Etapa I - COSAPI,No supervisada,0.0,2da Evaluacion,,,Observado,PIURA,TALARA,LOBITOS
-81.19453,-4.40156,AA10202,Carrizo,CNPC - Corporación Nacional de Petróleos de China S.A.,Etapa I - COSAPI,No supervisada,0.0,2da Evaluacion,,,Observado,PIURA,TALARA,LOBITOS
-81.19916,-4.38657,AA1931,Carrizo,CNPC - Corporación Nacional de Petróleos de China S.A.,Etapa I - COSAPI,No supervisada,0.0,3ra Evaluacion,,,No supervisado,PIURA,TALARA,LOBITOS
-81.21155,-4.38256,AA9139,Carrizo,CNPC - Corporación Nacional de Petróleos de China S.A.,Etapa I - COSAPI,No supervisada,0.0,2da Evaluacion,,,No supervisado,PIURA,TALARA,LOBITOS
-81.19151,-4.39138,AA100,Carrizo,CNPC - Corporación Nacional de Petróleos de China S.A.,Etapa I - COSAPI,No supervisada,0.0,2da Evaluacion,,,No supervisado,PIURA,TALARA,LOBITOS
-81.20088,-4.38589,AA9203,Carrizo,CNPC - Corporación Nacional de Petróleos de China S.A.,Etapa I - COSAPI,No supervisada,0.0,2da Evaluacion,,,No supervisado,PIURA,TALARA,LOBITOS
-81.19157,-4.39671,AA6011,Carrizo,CNPC - Corporación Nacional de Petróleos de China S.A.,Etapa I - COSAPI,No supervisada,0.0,2da Evaluacion,,,Observado,PIURA,TALARA,LOBITOS
-81.20143,-4.38932,AA9376,Carrizo,CNPC - Corporación Nacional de Petróleos de China S.A.,Etapa I - COSAPI,No supervisada,0.0,2da Evaluacion,,,No supervisado,PIURA,TALARA,LOBITOS
-81.13983,-4.39552,PE180,Coyonitas,CNPC - Corporación Nacional de Petróleos de China S.A.,Etapa I - COSAPI,No supervisada,0.0,2da Evaluacion,,,No supervisado,PIURA,TALARA,LOBITOS
-81.19975,-4.38864,AA1813,Carrizo,CNPC - Corporación Nacional de Petróleos de China S.A.,Etapa I - COSAPI,No supervisada,0.0,2da Evaluacion,,,No supervisado,PIURA,TALARA,LOBITOS
-81.20141,-4.38769,AA9189,Carrizo,CNPC - Corporación Nacional de Petróleos de China S.A.,Etapa I - COSAPI,No supervisada,0.0,4ta Evaluacion,,,No supervisado,PIURA,TALARA,LOBITOS
-81.12303,-4.38653,PE43,Coyonitas,CNPC - Corporación Nacional de Petróleos de China S.A.,Etapa I - COSAPI,No supervisada,0.0,4ta Evaluacion,,,No supervisado,PIURA,TALARA,LOBITOS
-81.14078,-4.40927,PEX41,Coyonitas,CNPC - Corporación Nacional de Petróleos de China S.A.,Etapa I - COSAPI,No supervisada,0.0,2da Evaluacion,,,No supervisado,PIURA,TALARA,PARIÑAS
-81.13713,-4.40916,PE6714,Coyonitas,CNPC - Corporación Nacional de Petróleos de China S.A.,Etapa I - COSAPI,Sin afectación,0.0,2da Evaluacion,,2022.0,Supervisado,PIURA,TALARA,PARIÑAS
-81.12362,-4.38459,PE107,Coyonitas,CNPC - Corporación Nacional de Petróleos de China S.A.,Etapa I - COSAPI,No supervisada,0.0,4ta Evaluacion,,,No supervisado,PIURA,TALARA,LOBITOS
-81.12545,-4.38037,PE105,Coyonitas,CNPC - Corporación Nacional de Petróleos de China S.A.,Etapa I - COSAPI,No supervisada,0.0,1ra Evaluacion,,,No supervisado,PIURA,TALARA,LOBITOS
-81.19889,-4.39652,AA124,Carrizo,CNPC - Corporación Nacional de Petróleos de China S.A.,Etapa I - COSAPI,No supervisada,0.0,2da Evaluacion,,,Observado,PIURA,TALARA,LOBITOS
-81.12783,-4.3913,PE50,Coyonitas,CNPC - Corporación Nacional de Petróleos de China S.A.,Etapa I - COSAPI,No supervisada,0.0,3ra Evaluacion,,,No supervisado,PIURA,TALARA,LOBITOS
-81.13217,-4.39769,PE177,Coyonitas,CNPC - Corporación Nacional de Petróleos de China S.A.,Etapa I - COSAPI,No supervisada,0.0,3ra Evaluacion,,,No supervisado,PIURA,TALARA,LOBITOS
-81.1355,-4.39729,PE172,Coyonitas,CNPC - Corporación Nacional de Petróleos de China S.A.,Etapa I - COSAPI,No supervisada,0.0,1ra Evaluacion,,,No supervisado,PIURA,TALARA,LOBITOS
-81.1376,-4.39039,PE165,Coyonitas,CNPC - Corporación Nacional de Petróleos de China S.A.,Etapa I - COSAPI,No supervisada,0.0,1ra Evaluacion,,,No supervisado,PIURA,TALARA,LOBITOS
-81.12048,-4.38032,BP6182,Coyonitas,CNPC - Corporación Nacional de Petróleos de China S.A.,Etapa I - COSAPI,No supervisada,0.0,3ra Evaluacion,,,No supervisado,PIURA,TALARA,LOBITOS
-81.13586,-4.39013,MNF-EX_BAT_328,Coyonitas,CNPC - Corporación Nacional de Petróleos de China S.A.,Etapa I - COSAPI,No supervisada,0.0,2da Evaluacion,,,No supervisado,PIURA,TALARA,LOBITOS
-81.13657,-4.38786,PE162,Coyonitas,CNPC - Corporación Nacional de Petróleos de China S.A.,Etapa I - COSAPI,No supervisada,0.0,2da Evaluacion,,,No supervisado,PIURA,TALARA,LOBITOS
-81.13495,-4.39011,PE166,Coyonitas,CNPC - Corporación Nacional de Petróleos de China S.A.,Etapa I - COSAPI,No supervisada,0.0,1ra Evaluacion,,,No supervisado,PIURA,TALARA,LOBITOS
-81.12955,-4.38179,PEX6,Coyonitas,CNPC - Corporación Nacional de Petróleos de China S.A.,Etapa I - COSAPI,No supervisada,0.0,1ra Evaluacion,,,No supervisado,PIURA,TALARA,LOBITOS
-81.13387,-4.38317,PE108,Coyonitas,CNPC - Corporación Nacional de Petróleos de China S.A.,Etapa I - COSAPI,No supervisada,0.0,3ra Evaluacion,,,No supervisado,PIURA,TALARA,LOBITOS
-81.13542,-4.38547,PE160,Coyonitas,CNPC - Corporación Nacional de Petróleos de China S.A.,Etapa I - COSAPI,No supervisada,0.0,1ra Evaluacion,,,No supervisado,PIURA,TALARA,LOBITOS
-81.13292,-4.38836,MNF-GAS-E328,Coyonitas,CNPC - Corporación Nacional de Petróleos de China S.A.,Etapa I - COSAPI,No supervisada,0.0,3ra Evaluacion,,,No supervisado,PIURA,TALARA,LOBITOS
-81.13219,-4.38533,PE161,Coyonitas,CNPC - Corporación Nacional de Petróleos de China S.A.,Etapa I - COSAPI,No supervisada,0.0,2da Evaluacion,,,No supervisado,PIURA,TALARA,LOBITOS
-81.13601,-4.39259,PE169,Coyonitas,CNPC - Corporación Nacional de Petróleos de China S.A.,Etapa I - COSAPI,No supervisada,0.0,1ra Evaluacion,,,No supervisado,PIURA,TALARA,LOBITOS
-81.1334,-4.39227,PE164,Coyonitas,CNPC - Corporación Nacional de Petróleos de China S.A.,Etapa I - COSAPI,No supervisada,0.0,1ra Evaluacion,,,No supervisado,PIURA,TALARA,LOBITOS
-81.22044,-4.39808,AA5894,Carrizo,CNPC - Corporación Nacional de Petróleos de China S.A.,Etapa I - COSAPI,No supervisada,0.0,2da Evaluacion,,,No supervisado,PIURA,TALARA,LOBITOS
-81.1413,-4.4044,PQA-PE55,Coyonitas,CNPC - Corporación Nacional de Petróleos de China S.A.,Etapa I - COSAPI,No supervisada,0.0,3ra Evaluacion,,,No supervisado,PIURA,TALARA,PARIÑAS
-81.13714,-4.39513,PE171,Coyonitas,CNPC - Corporación Nacional de Petróleos de China S.A.,Etapa I - COSAPI,No supervisada,0.0,1ra Evaluacion,,,No supervisado,PIURA,TALARA,LOBITOS
-81.13065,-4.38755,PE170,Coyonitas,CNPC - Corporación Nacional de Petróleos de China S.A.,Etapa I - COSAPI,No supervisada,0.0,3ra Evaluacion,,,No supervisado,PIURA,TALARA,LOBITOS
-81.13198,-4.38217,PE30,Coyonitas,CNPC - Corporación Nacional de Petróleos de China S.A.,Etapa I - COSAPI,No supervisada,0.0,2da Evaluacion,,,No supervisado,PIURA,TALARA,LOBITOS
-81.13875,-4.3929,PE168,Coyonitas,CNPC - Corporación Nacional de Petróleos de China S.A.,Etapa I - COSAPI,No supervisada,0.0,1ra Evaluacion,,,No supervisado,PIURA,TALARA,LOBITOS
-81.13229,-4.38979,PE167,Coyonitas,CNPC - Corporación Nacional de Petróleos de China S.A.,Etapa I - COSAPI,No supervisada,0.0,1ra Evaluacion,,,No supervisado,PIURA,TALARA,LOBITOS
-81.13146,-4.37703,PE96,Coyonitas,CNPC - Corporación Nacional de Petróleos de China S.A.,Etapa I - COSAPI,No supervisada,0.0,2da Evaluacion,,,No supervisado,PIURA,TALARA,LOBITOS
-81.15783,-4.40459,AA16,Carrizo,CNPC - Corporación Nacional de Petróleos de China S.A.,Etapa I - COSAPI,No supervisada,0.0,2da Evaluacion,,,No supervisado,PIURA,TALARA,LOBITOS
-81.18507,-4.39268,AA6009,Carrizo,CNPC - Corporación Nacional de Petróleos de China S.A.,Etapa I - COSAPI,Con afectación,26.27,1ra Evaluacion,1,2023.0,Supervisado,PIURA,TALARA,LOBITOS
-81.18667,-4.40424,AA9899,Carrizo,CNPC - Corporación Nacional de Petróleos de China S.A.,Etapa I - COSAPI,No supervisada,0.0,2da Evaluacion,,,No supervisado,PIURA,TALARA,LOBITOS
-81.18212,-4.39267,AA6013,Carrizo,CNPC - Corporación Nacional de Petróleos de China S.A.,Etapa I - COSAPI,Sin afectación,0.0,3ra Evaluacion,,2023.0,Supervisado,PIURA,TALARA,LOBITOS
-81.18531,-4.39492,AA5923,Carrizo,CNPC - Corporación Nacional de Petróleos de China S.A.,Etapa I - COSAPI,Sin afectación,0.0,2da Evaluacion,,2023.0,Supervisado,PIURA,TALARA,LOBITOS
-81.19355,-4.39849,MNF-RS1,Carrizo,CNPC - Corporación Nacional de Petróleos de China S.A.,Etapa I - COSAPI,Sin afectación,0.0,3ra Evaluacion,,2023.0,Supervisado,PIURA,TALARA,LOBITOS
-81.18611,-4.39213,AA2043,Carrizo,CNPC - Corporación Nacional de Petróleos de China S.A.,Etapa I - COSAPI,No supervisada,0.0,2da Evaluacion,,,Observado,PIURA,TALARA,LOBITOS
-81.13333,-4.39506,PEX38,Coyonitas,CNPC - Corporación Nacional de Petróleos de China S.A.,Etapa I - COSAPI,No supervisada,0.0,1ra Evaluacion,,,No supervisado,PIURA,TALARA,LOBITOS
-81.21151,-4.3992,PQA-AA1728,Carrizo,CNPC - Corporación Nacional de Petróleos de China S.A.,Etapa I - COSAPI,No supervisada,0.0,1ra Evaluacion,,,No supervisado,PIURA,TALARA,LOBITOS
-81.19309,-4.38768,AA9381,Carrizo,CNPC - Corporación Nacional de Petróleos de China S.A.,Etapa I - COSAPI,No supervisada,0.0,2da Evaluacion,,,No supervisado,PIURA,TALARA,LOBITOS
-81.19048,-4.39419,AA128,Carrizo,CNPC - Corporación Nacional de Petróleos de China S.A.,Etapa I - COSAPI,No supervisada,0.0,1ra Evaluacion,,,Observado,PIURA,TALARA,LOBITOS
-81.18411,-4.39377,AA10209,Carrizo,CNPC - Corporación Nacional de Petróleos de China S.A.,Etapa I - COSAPI,No supervisada,0.0,2da Evaluacion,,,Observado,PIURA,TALARA,LOBITOS
-81.21022,-4.39771,PQA-AA9217,Carrizo,CNPC - Corporación Nacional de Petróleos de China S.A.,Etapa I - COSAPI,No supervisada,0.0,1ra Evaluacion,,,No supervisado,PIURA,TALARA,LOBITOS
-81.18679,-4.40236,AA1852,Carrizo,CNPC - Corporación Nacional de Petróleos de China S.A.,Etapa I - COSAPI,No supervisada,0.0,3ra Evaluacion,,,No supervisado,PIURA,TALARA,LOBITOS
-81.19169,-4.38602,AA10016,Carrizo,CNPC - Corporación Nacional de Petróleos de China S.A.,Etapa I - COSAPI,No supervisada,0.0,2da Evaluacion,,,No supervisado,PIURA,TALARA,LOBITOS
-81.18223,-4.39289,AA1999,Carrizo,CNPC - Corporación Nacional de Petróleos de China S.A.,Etapa I - COSAPI,Sin afectación,0.0,2da Evaluacion,,2022.0,Supervisado,PIURA,TALARA,LOBITOS
-81.12335,-4.34124,AA6037,La Tuna,CNPC - Corporación Nacional de Petróleos de China S.A.,Etapa I - COSAPI,En ejecución,0.0,3ra Evaluacion,,,Planificado,PIURA,TALARA,EL ALTO
-81.1271,-4.33843,AA81,La Tuna,CNPC - Corporación Nacional de Petróleos de China S.A.,Etapa I - COSAPI,En ejecución,0.0,2da Evaluacion,,,Planificado,PIURA,TALARA,EL ALTO
-81.19176,-4.38934,AA9379,Carrizo,CNPC - Corporación Nacional de Petróleos de China S.A.,Etapa I - COSAPI,No supervisada,0.0,2da Evaluacion,,,No supervisado,PIURA,TALARA,LOBITOS
-81.12142,-4.34285,AA6216,La Tuna,CNPC - Corporación Nacional de Petróleos de China S.A.,Etapa I - COSAPI,En ejecución,0.0,3ra Evaluacion,,,Planificado,PIURA,TALARA,EL ALTO
-81.12836,-4.33654,AA1940,La Tuna,CNPC - Corporación Nacional de Petróleos de China S.A.,Etapa I - COSAPI,En ejecución,0.0,3ra Evaluacion,,,Planificado,PIURA,TALARA,EL ALTO
-81.12882,-4.32838,AA6233,La Tuna,CNPC - Corporación Nacional de Petróleos de China S.A.,Etapa I - COSAPI,No supervisada,0.0,3ra Evaluacion,,,Observado,PIURA,TALARA,EL ALTO
-81.1255,-4.34121,AA47,La Tuna,CNPC - Corporación Nacional de Petróleos de China S.A.,Etapa I - COSAPI,No supervisada,0.0,3ra Evaluacion,,,No supervisado,PIURA,TALARA,EL ALTO
-81.12084,-4.3399,AA7881,La Tuna,CNPC - Corporación Nacional de Petróleos de China S.A.,Etapa I - COSAPI,En ejecución,0.0,2da Evaluacion,,,Planificado,PIURA,TALARA,EL ALTO
-81.12017,-4.33696,AA58,La Tuna,CNPC - Corporación Nacional de Petróleos de China S.A.,Etapa I - COSAPI,En ejecución,0.0,3ra Evaluacion,,,Planificado,PIURA,TALARA,EL ALTO
-81.12345,-4.35181,AA66,La Tuna,CNPC - Corporación Nacional de Petróleos de China S.A.,Etapa I - COSAPI,No supervisada,0.0,2da Evaluacion,,,No supervisado,PIURA,TALARA,EL ALTO
-81.18469,-4.39876,AA9162,Carrizo,CNPC - Corporación Nacional de Petróleos de China S.A.,Etapa I - COSAPI,No supervisada,0.0,1ra Evaluacion,,,Observado,PIURA,TALARA,LOBITOS
-81.12128,-4.34682,AA65,La Tuna,CNPC - Corporación Nacional de Petróleos de China S.A.,Etapa I - COSAPI,En ejecución,0.0,3ra Evaluacion,,,Planificado,PIURA,TALARA,EL ALTO
-81.12548,-4.33578,AA46,La Tuna,CNPC - Corporación Nacional de Petróleos de China S.A.,Etapa I - COSAPI,No supervisada,0.0,3ra Evaluacion,,,No supervisado,PIURA,TALARA,EL ALTO
-81.11901,-4.34173,AA64,La Tuna,CNPC - Corporación Nacional de Petróleos de China S.A.,Etapa I - COSAPI,En ejecución,0.0,2da Evaluacion,,,Planificado,PIURA,TALARA,EL ALTO
-81.12354,-4.33631,AA7923,La Tuna,CNPC - Corporación Nacional de Petróleos de China S.A.,Etapa I - COSAPI,En ejecución,0.0,2da Evaluacion,,,Planificado,PIURA,TALARA,EL ALTO
-81.12716,-4.34498,AA53,La Tuna,CNPC - Corporación Nacional de Petróleos de China S.A.,Etapa I - COSAPI,No supervisada,0.0,2da Evaluacion,,,No supervisado,PIURA,TALARA,EL ALTO
-81.13007,-4.34114,AA27,La Tuna,CNPC - Corporación Nacional de Petróleos de China S.A.,Etapa I - COSAPI,En ejecución,0.0,3ra Evaluacion,,,Planificado,PIURA,TALARA,EL ALTO
-81.18747,-4.39778,AA129,Carrizo,CNPC - Corporación Nacional de Petróleos de China S.A.,Etapa I - COSAPI,No supervisada,0.0,3ra Evaluacion,,,Observado,PIURA,TALARA,LOBITOS
-81.18871,-4.3953,AA127,Carrizo,CNPC - Corporación Nacional de Petróleos de China S.A.,Etapa I - COSAPI,No supervisada,0.0,1ra Evaluacion,,,Observado,PIURA,TALARA,LOBITOS
-81.16686,-4.38539,AA6343,Carrizo,CNPC - Corporación Nacional de Petróleos de China S.A.,Etapa I - COSAPI,No supervisada,0.0,4ta Evaluacion,,,No supervisado,PIURA,TALARA,LOBITOS
-81.16518,-4.37653,AA6848,Carrizo,CNPC - Corporación Nacional de Petróleos de China S.A.,Etapa I - COSAPI,Con afectación,103.52,3ra Evaluacion,1,2022.0,Supervisado,PIURA,TALARA,LOBITOS
-81.1301,-4.33858,QDA-AA39,La Tuna,CNPC - Corporación Nacional de Petróleos de China S.A.,Etapa I - COSAPI,En ejecución,0.0,3ra Evaluacion,,,Planificado,PIURA,TALARA,EL ALTO
-81.18769,-4.39562,AA88,Carrizo,CNPC - Corporación Nacional de Petróleos de China S.A.,Etapa I - COSAPI,Sin afectación,0.0,4ta Evaluacion,,2023.0,Supervisado,PIURA,TALARA,LOBITOS
-81.1746,-4.39403,AA109,Carrizo,CNPC - Corporación Nacional de Petróleos de China S.A.,Etapa I - COSAPI,Sin afectación,0.0,3ra Evaluacion,,2023.0,Supervisado,PIURA,TALARA,LOBITOS
-81.1154,-4.32465,AA1808,La Tuna,CNPC - Corporación Nacional de Petróleos de China S.A.,Etapa I - COSAPI,En ejecución,0.0,3ra Evaluacion,,,Planificado,PIURA,TALARA,EL ALTO
-81.19033,-4.40636,PQA-AA9894,Carrizo,CNPC - Corporación Nacional de Petróleos de China S.A.,Etapa I - COSAPI,No supervisada,0.0,2da Evaluacion,,,Observado,PIURA,TALARA,LOBITOS
-81.1851,-4.37394,AA1823,Carrizo,CNPC - Corporación Nacional de Petróleos de China S.A.,Etapa I - COSAPI,No supervisada,0.0,4ta Evaluacion,,,No supervisado,PIURA,TALARA,LOBITOS
-81.13923,-4.33051,AA107,La Tuna,CNPC - Corporación Nacional de Petróleos de China S.A.,Etapa I - COSAPI,No supervisada,0.0,4ta Evaluacion,,,Verificado,PIURA,TALARA,EL ALTO
-81.13459,-4.33579,AA45,La Tuna,CNPC - Corporación Nacional de Petróleos de China S.A.,Etapa I - COSAPI,Con afectación,19.86,3ra Evaluacion,1,2024.0,Supervisado,PIURA,TALARA,EL ALTO
-81.18166,-4.37257,AA5696,Carrizo,CNPC - Corporación Nacional de Petróleos de China S.A.,Etapa I - COSAPI,No supervisada,0.0,1ra Evaluacion,,,No supervisado,PIURA,TALARA,LOBITOS
-81.11207,-4.32612,AA1645,La Tuna,CNPC - Corporación Nacional de Petróleos de China S.A.,Etapa I - COSAPI,En ejecución,0.0,3ra Evaluacion,,,Planificado,PIURA,TALARA,EL ALTO
-81.18629,-4.39964,AA9359,Carrizo,CNPC - Corporación Nacional de Petróleos de China S.A.,Etapa I - COSAPI,No supervisada,0.0,2da Evaluacion,,,Observado,PIURA,TALARA,LOBITOS
-81.21355,-4.38862,PQA-AA9403,Carrizo,CNPC - Corporación Nacional de Petróleos de China S.A.,Etapa I - COSAPI,No supervisada,0.0,2da Evaluacion,,,No supervisado,PIURA,TALARA,LOBITOS
-81.11468,-4.32858,AA6634,La Tuna,CNPC - Corporación Nacional de Petróleos de China S.A.,Etapa I - COSAPI,En ejecución,0.0,3ra Evaluacion,,,Planificado,PIURA,TALARA,EL ALTO
-81.13972,-4.32598,AA6348,La Tuna,CNPC - Corporación Nacional de Petróleos de China S.A.,Etapa I - COSAPI,Sin afectación,0.0,3ra Evaluacion,,2024.0,Supervisado,PIURA,TALARA,EL ALTO
-81.18411,-4.36981,AA1898,Carrizo,CNPC - Corporación Nacional de Petróleos de China S.A.,Etapa I - COSAPI,No supervisada,0.0,3ra Evaluacion,,,No supervisado,PIURA,TALARA,LOBITOS
-81.1393,-4.32329,AA6192,La Tuna,CNPC - Corporación Nacional de Petróleos de China S.A.,Etapa I - COSAPI,Sin afectación,0.0,5ta Evaluacion,,2024.0,Supervisado,PIURA,TALARA,EL ALTO
-81.14445,-4.31897,AA6481,Merina,CNPC - Corporación Nacional de Petróleos de China S.A.,Etapa I - COSAPI,Sin afectación,0.0,3ra Evaluacion,,2024.0,Supervisado,PIURA,TALARA,EL ALTO
-81.14443,-4.31629,AA6273,Merina,CNPC - Corporación Nacional de Petróleos de China S.A.,Etapa I - COSAPI,Con afectación,30.49,3ra Evaluacion,1,2024.0,Supervisado,PIURA,TALARA,EL ALTO
-81.13805,-4.32355,AA7636,La Tuna,CNPC - Corporación Nacional de Petróleos de China S.A.,Etapa I - COSAPI,Con afectación,121.45,2da Evaluacion,1,2024.0,Supervisado,PIURA,TALARA,EL ALTO
-81.14228,-4.31555,AA6717,Merina,CNPC - Corporación Nacional de Petróleos de China S.A.,Etapa I - COSAPI,Con afectación,33.87,2da Evaluacion,1,2024.0,Supervisado,PIURA,TALARA,EL ALTO
-81.13622,-4.32666,AA6117,La Tuna,CNPC - Corporación Nacional de Petróleos de China S.A.,Etapa I - COSAPI,Sin afectación,0.0,3ra Evaluacion,,2024.0,Supervisado,PIURA,TALARA,EL ALTO
-81.13257,-4.3202,AA6024,Merina,CNPC - Corporación Nacional de Petróleos de China S.A.,Etapa I - COSAPI,Sin afectación,0.0,4ta Evaluacion,,2024.0,Supervisado,PIURA,TALARA,EL ALTO
-81.14197,-4.31779,AA6219,Merina,CNPC - Corporación Nacional de Petróleos de China S.A.,Etapa I - COSAPI,Sin afectación,0.0,2da Evaluacion,,2024.0,Supervisado,PIURA,TALARA,EL ALTO
-81.13806,-4.31648,AA6968,Merina,CNPC - Corporación Nacional de Petróleos de China S.A.,Etapa I - COSAPI,Sin afectación,0.0,3ra Evaluacion,,2024.0,Supervisado,PIURA,TALARA,EL ALTO
-81.13456,-4.32455,AA86,La Tuna,CNPC - Corporación Nacional de Petróleos de China S.A.,Etapa I - COSAPI,Sin afectación,0.0,3ra Evaluacion,,2024.0,Supervisado,PIURA,TALARA,EL ALTO
-81.13399,-4.31798,AA6067,Merina,CNPC - Corporación Nacional de Petróleos de China S.A.,Etapa I - COSAPI,Sin afectación,0.0,3ra Evaluacion,,2022.0,Supervisado,PIURA,TALARA,EL ALTO
-81.14305,-4.31341,AA6967,Merina,CNPC - Corporación Nacional de Petróleos de China S.A.,Etapa I - COSAPI,Sin afectación,0.0,3ra Evaluacion,,2024.0,Supervisado,PIURA,TALARA,EL ALTO
-81.14009,-4.31941,AA6189,Merina,CNPC - Corporación Nacional de Petróleos de China S.A.,Etapa I - COSAPI,Sin afectación,0.0,4ta Evaluacion,,2024.0,Supervisado,PIURA,TALARA,EL ALTO
-81.13554,-4.3207,AA6131,Merina,CNPC - Corporación Nacional de Petróleos de China S.A.,Etapa I - COSAPI,Sin afectación,0.0,4ta Evaluacion,,2024.0,Supervisado,PIURA,TALARA,EL ALTO
-81.1249,-4.32565,AA6060,La Tuna,CNPC - Corporación Nacional de Petróleos de China S.A.,Etapa I - COSAPI,Con afectación,13.44,2da Evaluacion,1,2024.0,Supervisado,PIURA,TALARA,EL ALTO
-81.13149,-4.31776,AA5983,Merina,CNPC - Corporación Nacional de Petróleos de China S.A.,Etapa I - COSAPI,Sin afectación,0.0,3ra Evaluacion,,2024.0,Supervisado,PIURA,TALARA,EL ALTO
-81.13587,-4.32051,MNF-MC-AA6131,Merina,CNPC - Corporación Nacional de Petróleos de China S.A.,Etapa I - COSAPI,Con afectación,21.38,1ra Evaluacion,1,2024.0,Supervisado,PIURA,TALARA,EL ALTO
-81.13765,-4.3187,AA6234,Merina,CNPC - Corporación Nacional de Petróleos de China S.A.,Etapa I - COSAPI,Sin afectación,0.0,2da Evaluacion,,2024.0,Supervisado,PIURA,TALARA,EL ALTO
-81.1374,-4.32485,AA6221,La Tuna,CNPC - Corporación Nacional de Petróleos de China S.A.,Etapa I - COSAPI,No supervisada,0.0,1ra Evaluacion,,,Observado,PIURA,TALARA,EL ALTO
-81.1362,-4.32287,AA6186,Merina,CNPC - Corporación Nacional de Petróleos de China S.A.,Etapa I - COSAPI,Sin afectación,0.0,3ra Evaluacion,,2024.0,Supervisado,PIURA,TALARA,EL ALTO
-81.13017,-4.31985,AA6091,Merina,CNPC - Corporación Nacional de Petróleos de China S.A.,Etapa I - COSAPI,Sin afectación,0.0,2da Evaluacion,,2024.0,Supervisado,PIURA,TALARA,EL ALTO
-81.13361,-4.32238,AA6078,Merina,CNPC - Corporación Nacional de Petróleos de China S.A.,Etapa I - COSAPI,Con afectación,5.26,3ra Evaluacion,1,2024.0,Supervisado,PIURA,TALARA,EL ALTO
-81.13467,-4.33042,AA54,La Tuna,CNPC - Corporación Nacional de Petróleos de China S.A.,Etapa I - COSAPI,No supervisada,0.0,4ta Evaluacion,,,Observado,PIURA,TALARA,EL ALTO
-81.11711,-4.31054,AA2203E,Merina,CNPC - Corporación Nacional de Petróleos de China S.A.,Etapa I - COSAPI,No supervisada,0.0,No hay informacion,,,No supervisado,PIURA,TALARA,EL ALTO
-81.10642,-4.30416,AA2466,Merina,CNPC - Corporación Nacional de Petróleos de China S.A.,Etapa I - COSAPI,En ejecución,0.0,3ra Evaluacion,,,Planificado,PIURA,TALARA,EL ALTO
-81.11375,-4.31058,AA2164P,Merina,CNPC - Corporación Nacional de Petróleos de China S.A.,Etapa I - COSAPI,En ejecución,0.0,4ta Evaluacion,,,Planificado,PIURA,TALARA,EL ALTO
-81.13403,-4.32786,AA5982,La Tuna,CNPC - Corporación Nacional de Petróleos de China S.A.,Etapa I - COSAPI,Sin afectación,0.0,2da Evaluacion,,2024.0,Supervisado,PIURA,TALARA,EL ALTO
-81.10866,-4.31262,AA2523,Merina,CNPC - Corporación Nacional de Petróleos de China S.A.,Etapa I - COSAPI,En ejecución,0.0,2da Evaluacion,,,Planificado,PIURA,TALARA,EL ALTO
-81.13122,-4.32781,AA6107,La Tuna,CNPC - Corporación Nacional de Petróleos de China S.A.,Etapa I - COSAPI,Con afectación,147.17,3ra Evaluacion,1,2024.0,Supervisado,PIURA,TALARA,EL ALTO
-81.10388,-4.30663,AA2103,Merina,CNPC - Corporación Nacional de Petróleos de China S.A.,Etapa I - COSAPI,En ejecución,0.0,3ra Evaluacion,,,Planificado,PIURA,TALARA,EL ALTO
-81.13211,-4.32464,AA6043,La Tuna,CNPC - Corporación Nacional de Petróleos de China S.A.,Etapa I - COSAPI,Sin afectación,0.0,2da Evaluacion,,2024.0,Supervisado,PIURA,TALARA,EL ALTO
-81.14662,-4.31762,AA6387,Merina,CNPC - Corporación Nacional de Petróleos de China S.A.,Etapa I - COSAPI,Sin afectación,0.0,2da Evaluacion,,2024.0,Supervisado,PIURA,TALARA,EL ALTO
-81.10935,-4.30885,AA6737,Merina,CNPC - Corporación Nacional de Petróleos de China S.A.,Etapa I - COSAPI,En ejecución,0.0,2da Evaluacion,,,Planificado,PIURA,TALARA,EL ALTO
-81.12769,-4.31959,AA6136,Merina,CNPC - Corporación Nacional de Petróleos de China S.A.,Etapa I - COSAPI,Sin afectación,0.0,2da Evaluacion,,2024.0,Supervisado,PIURA,TALARA,EL ALTO
-81.11214,-4.3225,AA6633,Merina,CNPC - Corporación Nacional de Petróleos de China S.A.,Etapa I - COSAPI,En ejecución,0.0,2da Evaluacion,,,Planificado,PIURA,TALARA,EL ALTO
-81.11306,-4.31841,AA5631,Merina,CNPC - Corporación Nacional de Petróleos de China S.A.,Etapa I - COSAPI,En ejecución,0.0,3ra Evaluacion,,,Planificado,PIURA,TALARA,EL ALTO
-81.12998,-4.33292,AA44,La Tuna,CNPC - Corporación Nacional de Petróleos de China S.A.,Etapa I - COSAPI,Con afectación,60.3,1ra Evaluacion,1,2024.0,Supervisado,PIURA,TALARA,EL ALTO
-81.10541,-4.30992,AA2061,Merina,CNPC - Corporación Nacional de Petróleos de China S.A.,Etapa I - COSAPI,En ejecución,0.0,3ra Evaluacion,,,Planificado,PIURA,TALARA,EL ALTO
-81.11231,-4.30768,AA6641,Merina,CNPC - Corporación Nacional de Petróleos de China S.A.,Etapa I - COSAPI,En ejecución,0.0,3ra Evaluacion,,,Planificado,PIURA,TALARA,EL ALTO
-81.12317,-4.30801,AA7491,Merina,CNPC - Corporación Nacional de Petróleos de China S.A.,Etapa I - COSAPI,Sin afectación,0.0,3ra Evaluacion,,2024.0,Supervisado,PIURA,TALARA,EL ALTO
-81.11722,-4.31679,AA6261,Merina,CNPC - Corporación Nacional de Petróleos de China S.A.,Etapa I - COSAPI,En ejecución,0.0,2da Evaluacion,,,Planificado,PIURA,TALARA,EL ALTO
-81.1194,-4.31087,AA6254,Merina,CNPC - Corporación Nacional de Petróleos de China S.A.,Etapa I - COSAPI,Sin afectación,0.0,4ta Evaluacion,,2024.0,Supervisado,PIURA,TALARA,EL ALTO
-81.12084,-4.3052,AA7489,Merina,CNPC - Corporación Nacional de Petróleos de China S.A.,Etapa I - COSAPI,Sin afectación,0.0,3ra Evaluacion,,2024.0,Supervisado,PIURA,TALARA,EL ALTO
-81.1155,-4.31371,AA6057,Merina,CNPC - Corporación Nacional de Petróleos de China S.A.,Etapa I - COSAPI,En ejecución,0.0,3ra Evaluacion,,,Planificado,PIURA,TALARA,EL ALTO
-81.12019,-4.29729,AA7312,Merina,CNPC - Corporación Nacional de Petróleos de China S.A.,Etapa I - COSAPI,Sin afectación,0.0,2da Evaluacion,,2025.0,Supervisado,PIURA,TALARA,EL ALTO
-81.11804,-4.31289,AA6342,Merina,CNPC - Corporación Nacional de Petróleos de China S.A.,Etapa I - COSAPI,Sin afectación,0.0,3ra Evaluacion,,2024.0,Supervisado,PIURA,TALARA,EL ALTO
-81.119,-4.31282,AA6807,Merina,CNPC - Corporación Nacional de Petróleos de China S.A.,Etapa I - COSAPI,Con afectación,42.19,3ra Evaluacion,1,2024.0,Supervisado,PIURA,TALARA,EL ALTO
-81.11977,-4.30815,AA7629,Merina,CNPC - Corporación Nacional de Petróleos de China S.A.,Etapa I - COSAPI,Sin afectación,0.0,3ra Evaluacion,,2024.0,Supervisado,PIURA,TALARA,EL ALTO
-81.12198,-4.31145,AA6247,Merina,CNPC - Corporación Nacional de Petróleos de China S.A.,Etapa I - COSAPI,No supervisada,0.0,4ta Evaluacion,,,Observado,PIURA,TALARA,EL ALTO
-81.11984,-4.30032,AA7487,Merina,CNPC - Corporación Nacional de Petróleos de China S.A.,Etapa I - COSAPI,Con afectación,19.8,4ta Evaluacion,1,2024.0,Supervisado,PIURA,TALARA,EL ALTO
-81.1173,-4.29791,AA7486,Merina,CNPC - Corporación Nacional de Petróleos de China S.A.,Etapa I - COSAPI,Sin afectación,0.0,2da Evaluacion,,2024.0,Supervisado,PIURA,TALARA,EL ALTO
-81.12173,-4.31117,PQA-AA1725,Merina,CNPC - Corporación Nacional de Petróleos de China S.A.,Etapa I - COSAPI,Sin afectación,0.0,2da Evaluacion,,2024.0,Supervisado,PIURA,TALARA,EL ALTO
-81.11527,-4.3141,MNF-MC-AA6057,Merina,CNPC - Corporación Nacional de Petróleos de China S.A.,Etapa I - COSAPI,En ejecución,0.0,1ra Evaluacion,,,Planificado,PIURA,TALARA,EL ALTO
-81.13025,-4.29996,AA7481,Merina,CNPC - Corporación Nacional de Petróleos de China S.A.,Etapa I - COSAPI,Sin afectación,0.0,3ra Evaluacion,,2024.0,Supervisado,PIURA,TALARA,EL ALTO
-81.12306,-4.30144,AA7488,Merina,CNPC - Corporación Nacional de Petróleos de China S.A.,Etapa I - COSAPI,Sin afectación,0.0,2da Evaluacion,,2024.0,Supervisado,PIURA,TALARA,EL ALTO
-81.12486,-4.31167,AA7658,Merina,CNPC - Corporación Nacional de Petróleos de China S.A.,Etapa I - COSAPI,Sin afectación,0.0,2da Evaluacion,,2024.0,Supervisado,PIURA,TALARA,EL ALTO
-81.13231,-4.29857,AA7314,Merina,CNPC - Corporación Nacional de Petróleos de China S.A.,Etapa I - COSAPI,Sin afectación,0.0,2da Evaluacion,,2024.0,Supervisado,PIURA,TALARA,EL ALTO
-81.12022,-4.29581,EA7169,Zapotal,CNPC - Corporación Nacional de Petróleos de China S.A.,Etapa I - COSAPI,Sin afectación,0.0,2da Evaluacion,,2025.0,Supervisado,PIURA,TALARA,EL ALTO
-81.12556,-4.29841,EA7189,Merina,CNPC - Corporación Nacional de Petróleos de China S.A.,Etapa I - COSAPI,Sin afectación,0.0,4ta Evaluacion,,2024.0,Supervisado,PIURA,TALARA,EL ALTO
-81.12863,-4.29867,AA7313,Merina,CNPC - Corporación Nacional de Petróleos de China S.A.,Etapa I - COSAPI,Sin afectación,0.0,3ra Evaluacion,,2024.0,Supervisado,PIURA,TALARA,EL ALTO
-81.12996,-4.30198,AA7332,Merina,CNPC - Corporación Nacional de Petróleos de China S.A.,Etapa I - COSAPI,No supervisada,0.0,2da Evaluacion,,,Observado,PIURA,TALARA,EL ALTO
-81.12657,-4.30829,AA7492,Merina,CNPC - Corporación Nacional de Petróleos de China S.A.,Etapa I - COSAPI,Con afectación,29.92,2da Evaluacion,1,2024.0,Supervisado,PIURA,TALARA,EL ALTO
-81.12973,-4.31064,AA2047,Merina,CNPC - Corporación Nacional de Petróleos de China S.A.,Etapa I - COSAPI,Sin afectación,0.0,2da Evaluacion,,2022.0,Supervisado,PIURA,TALARA,EL ALTO
-81.12603,-4.31472,AA7657,Merina,CNPC - Corporación Nacional de Petróleos de China S.A.,Etapa I - COSAPI,Con afectación,142.35,2da Evaluacion,1,2024.0,Supervisado,PIURA,TALARA,EL ALTO
-81.12639,-4.30173,AA7331,Merina,CNPC - Corporación Nacional de Petróleos de China S.A.,Etapa I - COSAPI,Sin afectación,0.0,3ra Evaluacion,,2024.0,Supervisado,PIURA,TALARA,EL ALTO
-81.13165,-4.31308,AA6453,Merina,CNPC - Corporación Nacional de Petróleos de China S.A.,Etapa I - COSAPI,Sin afectación,0.0,2da Evaluacion,,2024.0,Supervisado,PIURA,TALARA,EL ALTO
-81.12385,-4.3047,AA7329,Merina,CNPC - Corporación Nacional de Petróleos de China S.A.,Etapa I - COSAPI,Sin afectación,0.0,2da Evaluacion,,2024.0,Supervisado,PIURA,TALARA,EL ALTO
-81.13467,-4.30749,AA6098,Merina,CNPC - Corporación Nacional de Petróleos de China S.A.,Etapa I - COSAPI,Con afectación,21.96,2da Evaluacion,1,2024.0,Supervisado,PIURA,TALARA,EL ALTO
-81.11542,-4.30742,AA6262,Merina,CNPC - Corporación Nacional de Petróleos de China S.A.,Etapa I - COSAPI,No supervisada,0.0,2da Evaluacion,,,No supervisado,PIURA,TALARA,EL ALTO
-81.13733,-4.30619,AA6417,Merina,CNPC - Corporación Nacional de Petróleos de China S.A.,Etapa I - COSAPI,Sin afectación,0.0,2da Evaluacion,,2024.0,Supervisado,PIURA,TALARA,EL ALTO
-81.13806,-4.32113,AA6156,Merina,CNPC - Corporación Nacional de Petróleos de China S.A.,Etapa I - COSAPI,Sin afectación,0.0,2da Evaluacion,,2024.0,Supervisado,PIURA,TALARA,EL ALTO
-81.13206,-4.3054,AA6346,Merina,CNPC - Corporación Nacional de Petróleos de China S.A.,Etapa I - COSAPI,Sin afectación,0.0,2da Evaluacion,,2024.0,Supervisado,PIURA,TALARA,EL ALTO
-81.1325,-4.31576,AA6889,Merina,CNPC - Corporación Nacional de Petróleos de China S.A.,Etapa I - COSAPI,Sin afectación,0.0,3ra Evaluacion,,2024.0,Supervisado,PIURA,TALARA,EL ALTO
-81.13577,-4.29858,EA7188,Merina,CNPC - Corporación Nacional de Petróleos de China S.A.,Etapa I - COSAPI,Sin afectación,0.0,3ra Evaluacion,,2024.0,Supervisado,PIURA,TALARA,EL ALTO
-81.14031,-4.30973,AA6398,Merina,CNPC - Corporación Nacional de Petróleos de China S.A.,Etapa I - COSAPI,Sin afectación,0.0,3ra Evaluacion,,2024.0,Supervisado,PIURA,TALARA,EL ALTO
-81.14178,-4.30379,AA2506,Merina,CNPC - Corporación Nacional de Petróleos de China S.A.,Etapa I - COSAPI,No supervisada,0.0,3ra Evaluacion,,,Observado,PIURA,TALARA,EL ALTO
-81.12814,-4.38379,PE32,Coyonitas,CNPC - Corporación Nacional de Petróleos de China S.A.,Etapa I - COSAPI,No supervisada,0.0,2da Evaluacion,,,No supervisado,PIURA,TALARA,LOBITOS
-81.13515,-4.30334,AA6772,Merina,CNPC - Corporación Nacional de Petróleos de China S.A.,Etapa I - COSAPI,Sin afectación,0.0,2da Evaluacion,,2024.0,Supervisado,PIURA,TALARA,EL ALTO
-81.13945,-4.30486,AA6347,Merina,CNPC - Corporación Nacional de Petróleos de China S.A.,Etapa I - COSAPI,Sin afectación,0.0,2da Evaluacion,,2024.0,Supervisado,PIURA,TALARA,EL ALTO
-81.14323,-4.30005,AA6644,Merina,CNPC - Corporación Nacional de Petróleos de China S.A.,Etapa I - COSAPI,Sin afectación,0.0,2da Evaluacion,,2024.0,Supervisado,PIURA,TALARA,EL ALTO
-81.13046,-4.31535,AA5926,Merina,CNPC - Corporación Nacional de Petróleos de China S.A.,Etapa I - COSAPI,No supervisada,0.0,,,,Observado,PIURA,TALARA,EL ALTO
-81.14136,-4.30115,AA6527,Merina,CNPC - Corporación Nacional de Petróleos de China S.A.,Etapa I - COSAPI,Sin afectación,0.0,3ra Evaluacion,,2024.0,Supervisado,PIURA,TALARA,EL ALTO
-81.1436,-4.30227,AA6039,Merina,CNPC - Corporación Nacional de Petróleos de China S.A.,Etapa I - COSAPI,Sin afectación,0.0,2da Evaluacion,,2024.0,Supervisado,PIURA,TALARA,EL ALTO
-81.14395,-4.30485,AA2449,Merina,CNPC - Corporación Nacional de Petróleos de China S.A.,Etapa I - COSAPI,Sin afectación,0.0,3ra Evaluacion,,2022.0,Supervisado,PIURA,TALARA,EL ALTO
-81.14748,-4.30847,AA5931,Merina,CNPC - Corporación Nacional de Petróleos de China S.A.,Etapa I - COSAPI,Sin afectación,0.0,1ra Evaluacion,,2024.0,Supervisado,PIURA,TALARA,EL ALTO
-81.13702,-4.30408,AA6373,Merina,CNPC - Corporación Nacional de Petróleos de China S.A.,Etapa I - COSAPI,Sin afectación,0.0,2da Evaluacion,,2024.0,Supervisado,PIURA,TALARA,EL ALTO
-81.12747,-4.30507,AA5700,Merina,CNPC - Corporación Nacional de Petróleos de China S.A.,Etapa I - COSAPI,Sin afectación,0.0,3ra Evaluacion,,2024.0,Supervisado,PIURA,TALARA,EL ALTO
-81.13684,-4.3019,AA6726,Merina,CNPC - Corporación Nacional de Petróleos de China S.A.,Etapa I - COSAPI,No supervisada,0.0,3ra Evaluacion,,,Observado,PIURA,TALARA,EL ALTO
-81.13217,-4.30792,AA6054,Merina,CNPC - Corporación Nacional de Petróleos de China S.A.,Etapa I - COSAPI,Sin afectación,0.0,2da Evaluacion,,2024.0,Supervisado,PIURA,TALARA,EL ALTO
-81.18387,-4.39389,PQA-AA9146,Carrizo,CNPC - Corporación Nacional de Petróleos de China S.A.,Etapa I - COSAPI,No supervisada,0.0,4ta Evaluacion,,,Observado,PIURA,TALARA,LOBITOS
-81.13237,-4.31064,AA2081,Merina,CNPC - Corporación Nacional de Petróleos de China S.A.,Etapa I - COSAPI,Sin afectación,0.0,1ra Evaluacion,,2024.0,Supervisado,PIURA,TALARA,EL ALTO
-81.1288,-4.31307,AA2417,Merina,CNPC - Corporación Nacional de Petróleos de China S.A.,Etapa I - COSAPI,Sin afectación,0.0,3ra Evaluacion,,2024.0,Supervisado,PIURA,TALARA,EL ALTO
-81.12246,-4.30895,AA2082,Merina,CNPC - Corporación Nacional de Petróleos de China S.A.,Etapa I - COSAPI,No supervisada,0.0,1ra Evaluacion,,,Observado,PIURA,TALARA,EL ALTO
-81.18343,-4.35247,AA6000,Carrizo,CNPC - Corporación Nacional de Petróleos de China S.A.,Etapa I - COSAPI,No supervisada,0.0,2da Evaluacion,,,No supervisado,PIURA,TALARA,LOBITOS
-81.12389,-4.30002,AA5870,Merina,CNPC - Corporación Nacional de Petróleos de China S.A.,Etapa I - COSAPI,Sin afectación,0.0,2da Evaluacion,,2022.0,Supervisado,PIURA,TALARA,EL ALTO
-81.11864,-4.30862,AA6386,Merina,CNPC - Corporación Nacional de Petróleos de China S.A.,Etapa I - COSAPI,No supervisada,0.0,1ra Evaluacion,,,Observado,PIURA,TALARA,EL ALTO
-81.12891,-4.30557,AA6099,Merina,CNPC - Corporación Nacional de Petróleos de China S.A.,Etapa I - COSAPI,Sin afectación,0.0,1ra Evaluacion,,2024.0,Supervisado,PIURA,TALARA,EL ALTO
-81.13478,-4.31004,PQA-AA6399,Merina,CNPC - Corporación Nacional de Petróleos de China S.A.,Etapa I - COSAPI,Sin afectación,0.0,1ra Evaluacion,,2024.0,Supervisado,PIURA,TALARA,EL ALTO
-81.14532,-4.30698,AA2524,Merina,CNPC - Corporación Nacional de Petróleos de China S.A.,Etapa I - COSAPI,Sin afectación,0.0,3ra Evaluacion,,2024.0,Supervisado,PIURA,TALARA,EL ALTO
-81.1466,-4.30075,AA6646,Merina,CNPC - Corporación Nacional de Petróleos de China S.A.,Etapa I - COSAPI,Sin afectación,0.0,1ra Evaluacion,,2024.0,Supervisado,PIURA,TALARA,EL ALTO
-81.13076,-4.30644,AA7754,Merina,CNPC - Corporación Nacional de Petróleos de China S.A.,Etapa I - COSAPI,Sin afectación,0.0,1ra Evaluacion,,2024.0,Supervisado,PIURA,TALARA,EL ALTO
-81.14355,-4.30874,AA5771,Merina,CNPC - Corporación Nacional de Petróleos de China S.A.,Etapa I - COSAPI,Sin afectación,0.0,3ra Evaluacion,,2024.0,Supervisado,PIURA,TALARA,EL ALTO
-81.13987,-4.30732,AA6372,Merina,CNPC - Corporación Nacional de Petróleos de China S.A.,Etapa I - COSAPI,Sin afectación,0.0,2da Evaluacion,,2024.0,Supervisado,PIURA,TALARA,EL ALTO
-81.10777,-4.30064,AA2481,Merina,CNPC - Corporación Nacional de Petróleos de China S.A.,Etapa I - COSAPI,En ejecución,0.0,1ra Evaluacion,,,Planificado,PIURA,TALARA,EL ALTO
-81.1418,-4.30626,AA5632,Merina,CNPC - Corporación Nacional de Petróleos de China S.A.,Etapa I - COSAPI,Sin afectación,0.0,2da Evaluacion,,2024.0,Supervisado,PIURA,TALARA,EL ALTO
-81.20285,-4.38666,PQA-AA1982,Carrizo,CNPC - Corporación Nacional de Petróleos de China S.A.,Etapa I - COSAPI,No supervisada,0.0,2da Evaluacion,,,No supervisado,PIURA,TALARA,LOBITOS
-81.20517,-4.38469,PQA-AA9327,Carrizo,CNPC - Corporación Nacional de Petróleos de China S.A.,Etapa I - COSAPI,No supervisada,0.0,2da Evaluacion,,,No supervisado,PIURA,TALARA,LOBITOS
-81.12154,-4.31379,AA2497,Merina,CNPC - Corporación Nacional de Petróleos de China S.A.,Etapa I - COSAPI,No supervisada,0.0,1ra Evaluacion,,,Observado,PIURA,TALARA,EL ALTO
-81.11794,-4.30589,AA7863,Merina,CNPC - Corporación Nacional de Petróleos de China S.A.,Etapa I - COSAPI,No supervisada,0.0,1ra Evaluacion,,,Observado,PIURA,TALARA,EL ALTO
-81.2092,-4.39125,PQA-AA9328,Carrizo,CNPC - Corporación Nacional de Petróleos de China S.A.,Etapa I - COSAPI,No supervisada,0.0,3ra Evaluacion,,,No supervisado,PIURA,TALARA,LOBITOS
-81.12697,-4.30709,AA6053,Merina,CNPC - Corporación Nacional de Petróleos de China S.A.,Etapa I - COSAPI,No supervisada,0.0,1ra Evaluacion,,,Observado,PIURA,TALARA,EL ALTO
-81.23279,-4.40352,AA1585,Carrizo,CNPC - Corporación Nacional de Petróleos de China S.A.,Etapa I - COSAPI,Sin afectación,0.0,2da Evaluacion,,2022.0,Supervisado,PIURA,TALARA,LOBITOS
-81.13895,-4.3024,AA6314,Merina,CNPC - Corporación Nacional de Petróleos de China S.A.,Etapa I - COSAPI,Sin afectación,0.0,3ra Evaluacion,,2024.0,Supervisado,PIURA,TALARA,EL ALTO
-81.20676,-4.40041,PQA-AA9366,Carrizo,CNPC - Corporación Nacional de Petróleos de China S.A.,Etapa I - COSAPI,No supervisada,0.0,3ra Evaluacion,,,No supervisado,PIURA,TALARA,LOBITOS
-81.20486,-4.39364,PQA-AA9332,Carrizo,CNPC - Corporación Nacional de Petróleos de China S.A.,Etapa I - COSAPI,No supervisada,0.0,1ra Evaluacion,,,Observado,PIURA,TALARA,LOBITOS
-81.24039,-4.41236,AA132,Carrizo,CNPC - Corporación Nacional de Petróleos de China S.A.,Etapa I - COSAPI,No supervisada,0.0,1ra Evaluacion,,,No supervisado,PIURA,TALARA,LOBITOS
-81.20095,-4.40133,PQA-AA1579,Carrizo,CNPC - Corporación Nacional de Petróleos de China S.A.,Etapa I - COSAPI,Sin afectación,0.0,2da Evaluacion,,2023.0,Supervisado,PIURA,TALARA,LOBITOS
-81.19396,-4.40459,PQA-AA9371,Carrizo,CNPC - Corporación Nacional de Petróleos de China S.A.,Etapa I - COSAPI,No supervisada,0.0,2da Evaluacion,,,Observado,PIURA,TALARA,LOBITOS
-81.13795,-4.30001,AA7691,Merina,CNPC - Corporación Nacional de Petróleos de China S.A.,Etapa I - COSAPI,No supervisada,0.0,1ra Evaluacion,,,Observado,PIURA,TALARA,EL ALTO
-81.1975,-4.39926,PQA-AA9157,Carrizo,CNPC - Corporación Nacional de Petróleos de China S.A.,Etapa I - COSAPI,No supervisada,0.0,1ra Evaluacion,,,Observado,PIURA,TALARA,LOBITOS
-81.20891,-4.39596,PQA-AA1632,Carrizo,CNPC - Corporación Nacional de Petróleos de China S.A.,Etapa I - COSAPI,No supervisada,0.0,3ra Evaluacion,,,No supervisado,PIURA,TALARA,LOBITOS
-81.15111,-4.30288,AA6007,Merina,CNPC - Corporación Nacional de Petróleos de China S.A.,Etapa I - COSAPI,No supervisada,0.0,3ra Evaluacion,,,Observado,PIURA,TALARA,EL ALTO
-81.14964,-4.30094,AA6071,Merina,CNPC - Corporación Nacional de Petróleos de China S.A.,Etapa I - COSAPI,Sin afectación,0.0,3ra Evaluacion,,2016.0,Supervisado,PIURA,TALARA,EL ALTO
-81.14868,-4.30628,AA5901,Merina,CNPC - Corporación Nacional de Petróleos de China S.A.,Etapa I - COSAPI,Sin afectación,0.0,2da Evaluacion,,2016.0,Supervisado,PIURA,TALARA,EL ALTO
-81.14942,-4.30385,AA6036,Merina,CNPC - Corporación Nacional de Petróleos de China S.A.,Etapa I - COSAPI,Con afectación,41.47,1ra Evaluacion,1,2024.0,Supervisado,PIURA,TALARA,EL ALTO
-81.20169,-4.40021,PQA-AA9977,Carrizo,CNPC - Corporación Nacional de Petróleos de China S.A.,Etapa I - COSAPI,No supervisada,0.0,2da Evaluacion,,,Observado,PIURA,TALARA,LOBITOS
-81.14746,-4.30281,AA6416,Merina,CNPC - Corporación Nacional de Petróleos de China S.A.,Etapa I - COSAPI,Sin afectación,0.0,1ra Evaluacion,,2022.0,Supervisado,PIURA,TALARA,EL ALTO
-81.15017,-4.30789,AA5658,Merina,CNPC - Corporación Nacional de Petróleos de China S.A.,Etapa I - COSAPI,Sin afectación,0.0,3ra Evaluacion,,2022.0,Supervisado,PIURA,TALARA,EL ALTO
-81.14932,-4.31019,AA5971,Merina,CNPC - Corporación Nacional de Petróleos de China S.A.,Etapa I - COSAPI,Con afectación,98.16,2da Evaluacion,1,2024.0,Supervisado,PIURA,TALARA,EL ALTO
-81.15157,-4.31082,AA6869,Merina,CNPC - Corporación Nacional de Petróleos de China S.A.,Etapa I - COSAPI,Sin afectación,0.0,2da Evaluacion,,2016.0,Supervisado,PIURA,TALARA,EL ALTO
-81.17859,-4.39378,AA9891,Carrizo,CNPC - Corporación Nacional de Petróleos de China S.A.,Etapa I - COSAPI,No supervisada,0.0,1ra Evaluacion,,,Observado,PIURA,TALARA,LOBITOS
-81.19672,-4.40471,PQA-AA9369,Carrizo,CNPC - Corporación Nacional de Petróleos de China S.A.,Etapa I - COSAPI,No supervisada,0.0,2da Evaluacion,,,Observado,PIURA,TALARA,LOBITOS
-81.19137,-4.40237,PQA-AA9204,Carrizo,CNPC - Corporación Nacional de Petróleos de China S.A.,Etapa I - COSAPI,No supervisada,0.0,2da Evaluacion,,,Observado,PIURA,TALARA,LOBITOS
-81.20755,-4.39059,PQA-AA1818,Carrizo,CNPC - Corporación Nacional de Petróleos de China S.A.,Etapa I - COSAPI,No supervisada,0.0,2da Evaluacion,,,No supervisado,PIURA,TALARA,LOBITOS
-81.19813,-4.40209,PQA-AA10206,Carrizo,CNPC - Corporación Nacional de Petróleos de China S.A.,Etapa I - COSAPI,No supervisada,0.0,2da Evaluacion,,,No supervisado,PIURA,TALARA,LOBITOS
-81.14623,-4.32826,AA1504,La Tuna,CNPC - Corporación Nacional de Petróleos de China S.A.,Etapa I - COSAPI,Sin afectación,0.0,3ra Evaluacion,,2022.0,Supervisado,PIURA,TALARA,EL ALTO
-81.20672,-4.40034,AA1727,Carrizo,CNPC - Corporación Nacional de Petróleos de China S.A.,Etapa I - COSAPI,No supervisada,0.0,1ra Evaluacion,,,No supervisado,PIURA,TALARA,LOBITOS
-81.15258,-4.3087,AA5612,Merina,CNPC - Corporación Nacional de Petróleos de China S.A.,Etapa I - COSAPI,Sin afectación,0.0,2da Evaluacion,,2024.0,Supervisado,PIURA,TALARA,EL ALTO
-81.16058,-4.30078,AA118,Merina,CNPC - Corporación Nacional de Petróleos de China S.A.,Etapa I - COSAPI,Sin afectación,0.0,1ra Evaluacion,,2024.0,Supervisado,PIURA,TALARA,EL ALTO
-81.19052,-4.38347,OLD-AA1897,Carrizo,CNPC - Corporación Nacional de Petróleos de China S.A.,Etapa I - COSAPI,No supervisada,0.0,2da Evaluacion,,,No supervisado,PIURA,TALARA,LOBITOS
-81.18542,-4.40084,PQA-AA9176,Carrizo,CNPC - Corporación Nacional de Petróleos de China S.A.,Etapa I - COSAPI,No supervisada,0.0,2da Evaluacion,,,Observado,PIURA,TALARA,LOBITOS
-81.18934,-4.39635,AA9358,Carrizo,CNPC - Corporación Nacional de Petróleos de China S.A.,Etapa I - COSAPI,No supervisada,0.0,1ra Evaluacion,,,No supervisado,PIURA,TALARA,LOBITOS
-81.18659,-4.39393,AA9126,Carrizo,CNPC - Corporación Nacional de Petróleos de China S.A.,Etapa I - COSAPI,No supervisada,0.0,1ra Evaluacion,,,Observado,PIURA,TALARA,LOBITOS
-81.1755,-4.39846,MNF-MC01-CA22,Carrizo,CNPC - Corporación Nacional de Petróleos de China S.A.,Etapa I - COSAPI,No supervisada,0.0,No hay informacion,,,No supervisado,PIURA,TALARA,LOBITOS
-81.18878,-4.40352,AA9373,Carrizo,CNPC - Corporación Nacional de Petróleos de China S.A.,Etapa I - COSAPI,No supervisada,0.0,2da Evaluacion,,,Observado,PIURA,TALARA,LOBITOS
-81.17194,-4.39788,AA2176,Carrizo,CNPC - Corporación Nacional de Petróleos de China S.A.,Etapa I - COSAPI,No supervisada,0.0,2da Evaluacion,,,Observado,PIURA,TALARA,LOBITOS
-81.15501,-4.37519,AA6371,Carrizo,CNPC - Corporación Nacional de Petróleos de China S.A.,Etapa I - COSAPI,En ejecución,0.0,3ra Evaluacion,,,Planificado,PIURA,TALARA,LOBITOS
-81.19377,-4.38593,OLD-AA9191,Carrizo,CNPC - Corporación Nacional de Petróleos de China S.A.,Etapa I - COSAPI,No supervisada,0.0,2da Evaluacion,,,No supervisado,PIURA,TALARA,LOBITOS
-81.22453,-4.40683,OLD-AA1585,Carrizo,CNPC - Corporación Nacional de Petróleos de China S.A.,Etapa I - COSAPI,No supervisada,0.0,3ra Evaluacion,,,No supervisado,PIURA,TALARA,LOBITOS
-81.18901,-4.39794,AA9123,Carrizo,CNPC - Corporación Nacional de Petróleos de China S.A.,Etapa I - COSAPI,No supervisada,0.0,2da Evaluacion,,,Observado,PIURA,TALARA,LOBITOS
-81.16045,-4.30331,AA106,Merina,CNPC - Corporación Nacional de Petróleos de China S.A.,Etapa I - COSAPI,Sin afectación,0.0,2da Evaluacion,,2024.0,Supervisado,PIURA,TALARA,EL ALTO
-81.19486,-4.40292,MNF-MC10-CA23,Carrizo,CNPC - Corporación Nacional de Petróleos de China S.A.,Etapa I - COSAPI,No supervisada,0.0,No hay informacion,,,No supervisado,PIURA,TALARA,LOBITOS
-81.15326,-4.30626,AA2511,Merina,CNPC - Corporación Nacional de Petróleos de China S.A.,Etapa I - COSAPI,Con afectación,376.62,2da Evaluacion,1,2024.0,Supervisado,PIURA,TALARA,EL ALTO
-81.20114,-4.39395,MNF-MCB-605,Carrizo,CNPC - Corporación Nacional de Petróleos de China S.A.,Etapa I - COSAPI,No supervisada,0.0,No hay informacion,,,No supervisado,PIURA,TALARA,LOBITOS
-81.15739,-4.36522,AA5701,Carrizo,CNPC - Corporación Nacional de Petróleos de China S.A.,Etapa I - COSAPI,En ejecución,0.0,2da Evaluacion,,,Planificado,PIURA,TALARA,LOBITOS
-81.18301,-4.39208,AA9177,Carrizo,CNPC - Corporación Nacional de Petróleos de China S.A.,Etapa I - COSAPI,Con afectación,52.82,2da Evaluacion,2,2023.0,Supervisado,PIURA,TALARA,LOBITOS
-81.2024,-4.3862,MNF-MC5H-CA23,Carrizo,CNPC - Corporación Nacional de Petróleos de China S.A.,Etapa I - COSAPI,No supervisada,0.0,2da Evaluacion,,,No supervisado,PIURA,TALARA,LOBITOS
-81.15802,-4.30361,AA5862,Merina,CNPC - Corporación Nacional de Petróleos de China S.A.,Etapa I - COSAPI,Sin afectación,0.0,1ra Evaluacion,,2024.0,Supervisado,PIURA,TALARA,EL ALTO
-81.18675,-4.39625,AA9161,Carrizo,CNPC - Corporación Nacional de Petróleos de China S.A.,Etapa I - COSAPI,No supervisada,0.0,1ra Evaluacion,,,Observado,PIURA,TALARA,LOBITOS
-81.17227,-4.37744,AA6866,Carrizo,CNPC - Corporación Nacional de Petróleos de China S.A.,Etapa I - COSAPI,No supervisada,0.0,2da Evaluacion,,,No supervisado,PIURA,TALARA,LOBITOS
-81.22199,-4.39614,BAT-605,Carrizo,CNPC - Corporación Nacional de Petróleos de China S.A.,Etapa I - COSAPI,No supervisada,0.0,1ra Evaluacion,,,No supervisado,PIURA,TALARA,LOBITOS
-81.15496,-4.30771,AA6171,Merina,CNPC - Corporación Nacional de Petróleos de China S.A.,Etapa I - COSAPI,Sin afectación,0.0,No hay informacion,,2024.0,Supervisado,PIURA,TALARA,EL ALTO
-81.15103,-4.30559,AA5861,Merina,CNPC - Corporación Nacional de Petróleos de China S.A.,Etapa I - COSAPI,No supervisada,0.0,1ra Evaluacion,,,Observado,PIURA,TALARA,EL ALTO
-81.18194,-4.39008,MNF-MCB-603,Carrizo,CNPC - Corporación Nacional de Petróleos de China S.A.,Etapa I - COSAPI,No supervisada,0.0,1ra Evaluacion,,,No supervisado,PIURA,TALARA,LOBITOS
-81.22148,-4.39584,MNF-MCPB-605,Carrizo,CNPC - Corporación Nacional de Petróleos de China S.A.,Etapa I - COSAPI,No supervisada,0.0,2da Evaluacion,,,No supervisado,PIURA,TALARA,LOBITOS
-81.1826,-4.39201,Pza-Bat-603,Carrizo,CNPC - Corporación Nacional de Petróleos de China S.A.,Etapa I - COSAPI,No supervisada,0.0,1ra Evaluacion,,,No supervisado,PIURA,TALARA,LOBITOS
-81.18397,-4.39685,MNF-MC02-603,Carrizo,CNPC - Corporación Nacional de Petróleos de China S.A.,Etapa I - COSAPI,Con afectación,67.18,1ra Evaluacion,1,2023.0,Supervisado,PIURA,TALARA,LOBITOS
-81.18141,-4.39303,BAT-603,Carrizo,CNPC - Corporación Nacional de Petróleos de China S.A.,Etapa I - COSAPI,No supervisada,0.0,No hay informacion,,,No supervisado,PIURA,TALARA,LOBITOS
-81.20016,-4.39381,CMP-BAT-605,Carrizo,CNPC - Corporación Nacional de Petróleos de China S.A.,Etapa I - COSAPI,No supervisada,0.0,1ra Evaluacion,,,No supervisado,PIURA,TALARA,LOBITOS
-81.17193,-4.38288,BAT-610,Carrizo,CNPC - Corporación Nacional de Petróleos de China S.A.,Etapa I - COSAPI,No supervisada,0.0,No hay informacion,,,No supervisado,PIURA,TALARA,LOBITOS
-81.19007,-4.38619,AA108,Carrizo,CNPC - Corporación Nacional de Petróleos de China S.A.,Etapa I - COSAPI,No supervisada,0.0,1ra Evaluacion,,,No supervisado,PIURA,TALARA,LOBITOS
-81.15321,-4.38033,BAT-608,Carrizo,CNPC - Corporación Nacional de Petróleos de China S.A.,Etapa I - COSAPI,No supervisada,0.0,No hay informacion,,,No supervisado,PIURA,TALARA,LOBITOS
-81.17534,-4.36895,AA1876,Carrizo,CNPC - Corporación Nacional de Petróleos de China S.A.,Etapa I - COSAPI,No supervisada,0.0,1ra Evaluacion,,,No supervisado,PIURA,TALARA,LOBITOS
-81.12325,-4.24382,EA9423,Somatito,CNPC - Corporación Nacional de Petróleos de China S.A.,Etapa I - COSAPI,Con afectación,6.47,1ra Evaluacion,1,2023.0,Supervisado,PIURA,TALARA,EL ALTO
-81.19231,-4.39679,AA9144,Carrizo,CNPC - Corporación Nacional de Petróleos de China S.A.,Etapa I - COSAPI,Con afectación,27.17,1ra Evaluacion,1,2023.0,Supervisado,PIURA,TALARA,LOBITOS
-81.15756,-4.30989,AA121,Merina,CNPC - Corporación Nacional de Petróleos de China S.A.,Etapa I - COSAPI,Sin afectación,0.0,1ra Evaluacion,,2024.0,Supervisado,PIURA,TALARA,EL ALTO
-81.15847,-4.30663,AA2427,Merina,CNPC - Corporación Nacional de Petróleos de China S.A.,Etapa I - COSAPI,Con afectación,22.71,1ra Evaluacion,1,2024.0,Supervisado,PIURA,TALARA,EL ALTO
-81.2026,-4.3957,QDA-BAT-605,Carrizo,CNPC - Corporación Nacional de Petróleos de China S.A.,Etapa I - COSAPI,No supervisada,0.0,2da Evaluacion,,,No supervisado,PIURA,TALARA,LOBITOS
-81.17799,-4.39469,CMP-BAT-603,Carrizo,CNPC - Corporación Nacional de Petróleos de China S.A.,Etapa I - COSAPI,No supervisada,0.0,1ra Evaluacion,,,No supervisado,PIURA,TALARA,LOBITOS
-81.14658,-4.30481,AA43,Merina,CNPC - Corporación Nacional de Petróleos de China S.A.,Etapa I - COSAPI,Sin afectación,0.0,1ra Evaluacion,,2024.0,Supervisado,PIURA,TALARA,EL ALTO
-81.14311,-4.35825,BAT-CA19,La Tuna,CNPC - Corporación Nacional de Petróleos de China S.A.,Etapa I - COSAPI,No supervisada,0.0,1ra Evaluacion,,,No supervisado,PIURA,TALARA,LOBITOS
-81.15336,-4.31311,AA5687,Merina,CNPC - Corporación Nacional de Petróleos de China S.A.,Etapa I - COSAPI,Con afectación,19.21,1ra Evaluacion,1,2024.0,Supervisado,PIURA,TALARA,EL ALTO
-81.15652,-4.31435,AA5733,Merina,CNPC - Corporación Nacional de Petróleos de China S.A.,Etapa I - COSAPI,Con afectación,129.99,1ra Evaluacion,1,2024.0,Supervisado,PIURA,TALARA,EL ALTO
-81.15523,-4.31123,AA83,Merina,CNPC - Corporación Nacional de Petróleos de China S.A.,Etapa I - COSAPI,Con afectación,43.72,1ra Evaluacion,1,2024.0,Supervisado,PIURA,TALARA,EL ALTO
-81.16206,-4.30766,AA6988,Merina,CNPC - Corporación Nacional de Petróleos de China S.A.,Etapa I - COSAPI,Con afectación,11.56,1ra Evaluacion,1,2024.0,Supervisado,PIURA,TALARA,EL ALTO
-81.15596,-4.30935,AA6992,Merina,CNPC - Corporación Nacional de Petróleos de China S.A.,Etapa I - COSAPI,No supervisada,0.0,1ra Evaluacion,,,Observado,PIURA,TALARA,EL ALTO
-81.12224,-4.31443,BAT-607,Merina,CNPC - Corporación Nacional de Petróleos de China S.A.,Etapa I - COSAPI,No supervisada,0.0,1ra Evaluacion,,,Observado,PIURA,TALARA,EL ALTO
-81.15776,-4.30526,AA6998,Merina,CNPC - Corporación Nacional de Petróleos de China S.A.,Etapa I - COSAPI,No supervisada,0.0,1ra Evaluacion,,,Observado,PIURA,TALARA,EL ALTO
-81.15583,-4.3057,AA99,Merina,CNPC - Corporación Nacional de Petróleos de China S.A.,Etapa I - COSAPI,No supervisada,0.0,1ra Evaluacion,,,Observado,PIURA,TALARA,EL ALTO
-81.15775,-4.312,AA5917,Merina,CNPC - Corporación Nacional de Petróleos de China S.A.,Etapa I - COSAPI,Con afectación,14.61,1ra Evaluacion,1,2024.0,Supervisado,PIURA,TALARA,EL ALTO
-81.16023,-4.30613,AA6999,Merina,CNPC - Corporación Nacional de Petróleos de China S.A.,Etapa I - COSAPI,Sin afectación,0.0,1ra Evaluacion,,2024.0,Supervisado,PIURA,TALARA,EL ALTO
-81.15848,-4.30068,AA6751,Merina,CNPC - Corporación Nacional de Petróleos de China S.A.,Etapa I - COSAPI,No supervisada,0.0,1ra Evaluacion,,,Observado,PIURA,TALARA,EL ALTO
-81.16259,-4.30163,AA6744,Merina,CNPC - Corporación Nacional de Petróleos de China S.A.,Etapa I - COSAPI,Con afectación,20.29,1ra Evaluacion,1,2024.0,Supervisado,PIURA,TALARA,EL ALTO
-81.15717,-4.30762,AA6819,Merina,CNPC - Corporación Nacional de Petróleos de China S.A.,Etapa I - COSAPI,Sin afectación,0.0,1ra Evaluacion,,2022.0,Supervisado,PIURA,TALARA,EL ALTO
-81.15211,-4.31153,MNF-MC02-CA17,Merina,CNPC - Corporación Nacional de Petróleos de China S.A.,Etapa I - COSAPI,Sin afectación,0.0,1ra Evaluacion,,2024.0,Supervisado,PIURA,TALARA,EL ALTO
-81.16312,-4.30451,MNF-MC01-CA17,Merina,CNPC - Corporación Nacional de Petróleos de China S.A.,Etapa I - COSAPI,Sin afectación,0.0,1ra Evaluacion,,2024.0,Supervisado,PIURA,TALARA,EL ALTO
-81.16193,-4.3043,AA6989,Merina,CNPC - Corporación Nacional de Petróleos de China S.A.,Etapa I - COSAPI,Sin afectación,0.0,1ra Evaluacion,,2024.0,Supervisado,PIURA,TALARA,EL ALTO
-81.1595,-4.30482,AA6979,Merina,CNPC - Corporación Nacional de Petróleos de China S.A.,Etapa I - COSAPI,No supervisada,0.0,1ra Evaluacion,,,Observado,PIURA,TALARA,EL ALTO
-81.16364,-4.3083,AA7201,Merina,CNPC - Corporación Nacional de Petróleos de China S.A.,Etapa I - COSAPI,Sin afectación,0.0,1ra Evaluacion,,2024.0,Supervisado,PIURA,TALARA,EL ALTO
-81.15991,-4.3087,AA94,Merina,CNPC - Corporación Nacional de Petróleos de China S.A.,Etapa I - COSAPI,Sin afectación,0.0,1ra Evaluacion,,2024.0,Supervisado,PIURA,TALARA,EL ALTO
-81.16435,-4.30331,AA6124,Merina,CNPC - Corporación Nacional de Petróleos de China S.A.,Etapa I - COSAPI,No supervisada,0.0,1ra Evaluacion,,,Observado,PIURA,TALARA,EL ALTO
-81.15933,-4.31014,AA6991,Merina,CNPC - Corporación Nacional de Petróleos de China S.A.,Etapa I - COSAPI,Sin afectación,0.0,1ra Evaluacion,,2024.0,Supervisado,PIURA,TALARA,EL ALTO
-81.16589,-4.30465,AA7373,Merina,CNPC - Corporación Nacional de Petróleos de China S.A.,Etapa I - COSAPI,No supervisada,0.0,1ra Evaluacion,,,Observado,PIURA,TALARA,EL ALTO
-81.16493,-4.30641,AA105,Merina,CNPC - Corporación Nacional de Petróleos de China S.A.,Etapa I - COSAPI,No supervisada,0.0,1ra Evaluacion,,,Observado,PIURA,TALARA,EL ALTO
-81.16426,-4.30152,AA7374,Merina,CNPC - Corporación Nacional de Petróleos de China S.A.,Etapa I - COSAPI,No supervisada,0.0,1ra Evaluacion,,,Observado,PIURA,TALARA,EL ALTO
-81.16888,-4.29939,AA6982,Merina,CNPC - Corporación Nacional de Petróleos de China S.A.,Etapa I - COSAPI,Sin afectación,0.0,1ra Evaluacion,,2022.0,Supervisado,PIURA,TALARA,EL ALTO
-81.16501,-4.2999,AA6666,Merina,CNPC - Corporación Nacional de Petróleos de China S.A.,Etapa I - COSAPI,Sin afectación,0.0,1ra Evaluacion,,2024.0,Supervisado,PIURA,TALARA,EL ALTO
-81.16941,-4.3013,AA6818,Merina,CNPC - Corporación Nacional de Petróleos de China S.A.,Etapa I - COSAPI,Sin afectación,0.0,1ra Evaluacion,,2024.0,Supervisado,PIURA,TALARA,EL ALTO
-81.16422,-4.29813,AA7874,Merina,CNPC - Corporación Nacional de Petróleos de China S.A.,Etapa I - COSAPI,Sin afectación,0.0,1ra Evaluacion,,2024.0,Supervisado,PIURA,TALARA,EL ALTO
-81.1627,-4.29931,AA6008,Merina,CNPC - Corporación Nacional de Petróleos de China S.A.,Etapa I - COSAPI,No supervisada,0.0,1ra Evaluacion,,,Verificado,PIURA,TALARA,EL ALTO
-81.15983,-4.31829,AA5731,Merina,CNPC - Corporación Nacional de Petróleos de China S.A.,Etapa I - COSAPI,Con afectación,46010.0,1ra Evaluacion,1,2024.0,Supervisado,PIURA,TALARA,EL ALTO
-81.1602,-4.31165,AA5686,Merina,CNPC - Corporación Nacional de Petróleos de China S.A.,Etapa I - COSAPI,Con afectación,44.22,1ra Evaluacion,1,2024.0,Supervisado,PIURA,TALARA,EL ALTO
-81.16082,-4.31593,AA5684,Merina,CNPC - Corporación Nacional de Petróleos de China S.A.,Etapa I - COSAPI,Sin afectación,0.0,1ra Evaluacion,,2024.0,Supervisado,PIURA,TALARA,EL ALTO
-81.1706,-4.30005,AA7372,Merina,CNPC - Corporación Nacional de Petróleos de China S.A.,Etapa I - COSAPI,No supervisada,0.0,1ra Evaluacion,,,Observado,PIURA,TALARA,EL ALTO
-81.15939,-4.31401,AA68,Merina,CNPC - Corporación Nacional de Petróleos de China S.A.,Etapa I - COSAPI,No supervisada,0.0,1ra Evaluacion,,,Observado,PIURA,TALARA,EL ALTO
-81.1618,-4.31357,AA5634,Merina,CNPC - Corporación Nacional de Petróleos de China S.A.,Etapa I - COSAPI,Con afectación,10.8,1ra Evaluacion,1,2024.0,Supervisado,PIURA,TALARA,EL ALTO
-81.14835,-4.32465,AA1667,La Tuna,CNPC - Corporación Nacional de Petróleos de China S.A.,Etapa I - COSAPI,Sin afectación,0.0,1ra Evaluacion,,2024.0,Supervisado,PIURA,TALARA,EL ALTO
-81.16525,-4.30958,AA7941,Merina,CNPC - Corporación Nacional de Petróleos de China S.A.,Etapa I - COSAPI,Sin afectación,0.0,1ra Evaluacion,,2024.0,Supervisado,PIURA,TALARA,EL ALTO
-81.16987,-4.30308,AA996,Merina,CNPC - Corporación Nacional de Petróleos de China S.A.,Etapa I - COSAPI,Sin afectación,0.0,1ra Evaluacion,,2024.0,Supervisado,PIURA,TALARA,EL ALTO
-81.16605,-4.30181,AA6868,Merina,CNPC - Corporación Nacional de Petróleos de China S.A.,Etapa I - COSAPI,Con afectación,22.76,1ra Evaluacion,1,2024.0,Supervisado,PIURA,TALARA,EL ALTO
-81.16394,-4.31303,AA7896,Merina,CNPC - Corporación Nacional de Petróleos de China S.A.,Etapa I - COSAPI,Sin afectación,0.0,1ra Evaluacion,,2022.0,Supervisado,PIURA,TALARA,EL ALTO
-81.16722,-4.3001,AA6739,Merina,CNPC - Corporación Nacional de Petróleos de China S.A.,Etapa I - COSAPI,Con afectación,54.64,1ra Evaluacion,1,2024.0,Supervisado,PIURA,TALARA,EL ALTO
-81.17161,-4.30173,AA5707,Merina,CNPC - Corporación Nacional de Petróleos de China S.A.,Etapa I - COSAPI,Sin afectación,0.0,1ra Evaluacion,,2024.0,Supervisado,PIURA,TALARA,EL ALTO
-81.15081,-4.32757,AA76,La Tuna,CNPC - Corporación Nacional de Petróleos de China S.A.,Etapa I - COSAPI,No supervisada,0.0,1ra Evaluacion,,,Observado,PIURA,TALARA,EL ALTO
-81.16282,-4.3113,AA5732,Merina,CNPC - Corporación Nacional de Petróleos de China S.A.,Etapa I - COSAPI,No supervisada,0.0,1ra Evaluacion,,,Observado,PIURA,TALARA,EL ALTO
-81.16788,-4.30274,AA7376,Merina,CNPC - Corporación Nacional de Petróleos de China S.A.,Etapa I - COSAPI,Con afectación,45866.0,1ra Evaluacion,1,2024.0,Supervisado,PIURA,TALARA,EL ALTO
-81.1761,-4.30296,AA7973,Merina,CNPC - Corporación Nacional de Petróleos de China S.A.,Etapa I - COSAPI,Sin afectación,0.0,1ra Evaluacion,,2024.0,Supervisado,PIURA,TALARA,EL ALTO
-81.15839,-4.31528,BAT-604,Merina,CNPC - Corporación Nacional de Petróleos de China S.A.,Etapa I - COSAPI,No supervisada,0.0,No hay informacion,,,Observado,PIURA,TALARA,EL ALTO
-81.13085,-4.3407,BAT-602,La Tuna,CNPC - Corporación Nacional de Petróleos de China S.A.,Etapa I - COSAPI,No supervisada,0.0,No hay informacion,,,No supervisado,PIURA,TALARA,EL ALTO
-81.13667,-4.293,EA7161,Zapotal,CNPC - Corporación Nacional de Petróleos de China S.A.,Etapa I - COSAPI,No supervisada,0.0,1ra Evaluacion,,,No supervisado,PIURA,TALARA,EL ALTO
-81.13381,-4.29247,EA7174,Zapotal,CNPC - Corporación Nacional de Petróleos de China S.A.,Etapa I - COSAPI,Sin afectación,0.0,1ra Evaluacion,,2025.0,Supervisado,PIURA,TALARA,EL ALTO
-81.13895,-4.28767,EA9533,Zapotal,CNPC - Corporación Nacional de Petróleos de China S.A.,Etapa I - COSAPI,Sin afectación,0.0,1ra Evaluacion,,2023.0,Supervisado,PIURA,TALARA,EL ALTO
-81.13783,-4.28907,EA9707,Zapotal,CNPC - Corporación Nacional de Petróleos de China S.A.,Etapa I - COSAPI,No supervisada,0.0,1ra Evaluacion,,,Verificado,PIURA,TALARA,EL ALTO
-81.13642,-4.29067,EA9706,Zapotal,CNPC - Corporación Nacional de Petróleos de China S.A.,Etapa I - COSAPI,No supervisada,0.0,1ra Evaluacion,,,Verificado,PIURA,TALARA,EL ALTO
-81.13289,-4.28929,EA9287,Zapotal,CNPC - Corporación Nacional de Petróleos de China S.A.,Etapa I - COSAPI,Sin afectación,0.0,1ra Evaluacion,,2023.0,Supervisado,PIURA,TALARA,EL ALTO
-81.1373,-4.28735,EA9828,Zapotal,CNPC - Corporación Nacional de Petróleos de China S.A.,Etapa I - COSAPI,Sin afectación,0.0,1ra Evaluacion,,2023.0,Supervisado,PIURA,TALARA,EL ALTO
-81.137,-4.28588,EA9404,Zapotal,CNPC - Corporación Nacional de Petróleos de China S.A.,Etapa I - COSAPI,No supervisada,0.0,1ra Evaluacion,,,Observado,PIURA,TALARA,EL ALTO
-81.13013,-4.29515,EA7141,Zapotal,CNPC - Corporación Nacional de Petróleos de China S.A.,Etapa I - COSAPI,Sin afectación,0.0,1ra Evaluacion,,2025.0,Supervisado,PIURA,TALARA,EL ALTO
-81.13268,-4.28983,EA1259,Zapotal,CNPC - Corporación Nacional de Petróleos de China S.A.,Etapa I - COSAPI,No supervisada,0.0,1ra Evaluacion,,,Verificado,PIURA,TALARA,EL ALTO
-81.1341,-4.28824,EA9704,Zapotal,CNPC - Corporación Nacional de Petróleos de China S.A.,Etapa I - COSAPI,Sin afectación,0.0,1ra Evaluacion,,2025.0,Supervisado,PIURA,TALARA,EL ALTO
-81.13416,-4.28882,EA7173,Zapotal,CNPC - Corporación Nacional de Petróleos de China S.A.,Etapa I - COSAPI,Con afectación,110.55,1ra Evaluacion,2,2023.0,Supervisado,PIURA,TALARA,EL ALTO
-81.13479,-4.29021,EA1189,Zapotal,CNPC - Corporación Nacional de Petróleos de China S.A.,Etapa I - COSAPI,Con afectación,4.0,1ra Evaluacion,1,2025.0,Supervisado,PIURA,TALARA,EL ALTO
-81.13215,-4.28391,EA5880,Zapotal,CNPC - Corporación Nacional de Petróleos de China S.A.,Etapa I - COSAPI,Sin afectación,0.0,1ra Evaluacion,,2025.0,Supervisado,PIURA,TALARA,EL ALTO
-81.13605,-4.28893,PQA-EA9528,Zapotal,CNPC - Corporación Nacional de Petróleos de China S.A.,Etapa I - COSAPI,No supervisada,0.0,1ra Evaluacion,,,Verificado,PIURA,TALARA,EL ALTO
-81.13424,-4.28985,MNF-MC6H-ZA02,Zapotal,CNPC - Corporación Nacional de Petróleos de China S.A.,Etapa I - COSAPI,No supervisada,0.0,No hay informacion,,,Verificado,PIURA,TALARA,EL ALTO
-81.13491,-4.28563,EA9721,Zapotal,CNPC - Corporación Nacional de Petróleos de China S.A.,Etapa I - COSAPI,Sin afectación,0.0,1ra Evaluacion,,2025.0,Supervisado,PIURA,TALARA,EL ALTO
-81.13226,-4.28351,EA1063,Zapotal,CNPC - Corporación Nacional de Petróleos de China S.A.,Etapa I - COSAPI,Sin afectación,0.0,1ra Evaluacion,,2025.0,Supervisado,PIURA,TALARA,EL ALTO
-81.13104,-4.2883,EA1159,Zapotal,CNPC - Corporación Nacional de Petróleos de China S.A.,Etapa I - COSAPI,Sin afectación,0.0,1ra Evaluacion,,2023.0,Supervisado,PIURA,TALARA,EL ALTO
-81.12995,-4.2915,EA7084,Zapotal,CNPC - Corporación Nacional de Petróleos de China S.A.,Etapa I - COSAPI,No supervisada,0.0,1ra Evaluacion,,,No supervisado,PIURA,TALARA,EL ALTO
-81.13166,-4.28676,EA9311,Zapotal,CNPC - Corporación Nacional de Petróleos de China S.A.,Etapa I - COSAPI,Sin afectación,0.0,1ra Evaluacion,,2023.0,Supervisado,PIURA,TALARA,EL ALTO
-81.13029,-4.29024,EA9286,Zapotal,CNPC - Corporación Nacional de Petróleos de China S.A.,Etapa I - COSAPI,No supervisada,0.0,1ra Evaluacion,,,Verificado,PIURA,TALARA,EL ALTO
-81.12835,-4.28841,EA7111,Zapotal,CNPC - Corporación Nacional de Petróleos de China S.A.,Etapa I - COSAPI,Sin afectación,0.0,1ra Evaluacion,,2025.0,Supervisado,PIURA,TALARA,EL ALTO
-81.12702,-4.29327,EA7132,Zapotal,CNPC - Corporación Nacional de Petróleos de China S.A.,Etapa I - COSAPI,Sin afectación,0.0,1ra Evaluacion,,2025.0,Supervisado,PIURA,TALARA,EL ALTO
-81.13338,-4.28565,EA9309,Zapotal,CNPC - Corporación Nacional de Petróleos de China S.A.,Etapa I - COSAPI,Sin afectación,0.0,1ra Evaluacion,,2025.0,Supervisado,PIURA,TALARA,EL ALTO
-81.12772,-4.28618,EA9863,Zapotal,CNPC - Corporación Nacional de Petróleos de China S.A.,Etapa I - COSAPI,Sin afectación,0.0,1ra Evaluacion,,2022.0,Supervisado,PIURA,TALARA,EL ALTO
-81.13577,-4.28707,EA1158,Zapotal,CNPC - Corporación Nacional de Petróleos de China S.A.,Etapa I - COSAPI,Sin afectación,0.0,1ra Evaluacion,,2023.0,Supervisado,PIURA,TALARA,EL ALTO
-81.1281,-4.28465,EA7112,Zapotal,CNPC - Corporación Nacional de Petróleos de China S.A.,Etapa I - COSAPI,Con afectación,3.0,1ra Evaluacion,1,2025.0,Supervisado,PIURA,TALARA,EL ALTO
-81.12748,-4.28479,EA1160,Zapotal,CNPC - Corporación Nacional de Petróleos de China S.A.,Etapa I - COSAPI,Sin afectación,0.0,1ra Evaluacion,,2025.0,Supervisado,PIURA,TALARA,EL ALTO
-81.12923,-4.28419,EA9281,Zapotal,CNPC - Corporación Nacional de Petróleos de China S.A.,Etapa I - COSAPI,Sin afectación,0.0,1ra Evaluacion,,2025.0,Supervisado,PIURA,TALARA,EL ALTO
-81.13302,-4.2872,EA9832,Zapotal,CNPC - Corporación Nacional de Petróleos de China S.A.,Etapa I - COSAPI,No supervisada,0.0,1ra Evaluacion,,,Verificado,PIURA,TALARA,EL ALTO
-81.12512,-4.28266,EA6267,Zapotal,CNPC - Corporación Nacional de Petróleos de China S.A.,Etapa I - COSAPI,No supervisada,0.0,1ra Evaluacion,,,No supervisado,PIURA,TALARA,EL ALTO
-81.12412,-4.28116,EA1179,Zapotal,CNPC - Corporación Nacional de Petróleos de China S.A.,Etapa I - COSAPI,Sin afectación,0.0,1ra Evaluacion,,2025.0,Supervisado,PIURA,TALARA,EL ALTO
-81.13052,-4.28542,EA9532,Zapotal,CNPC - Corporación Nacional de Petróleos de China S.A.,Etapa I - COSAPI,En ejecución,0.0,1ra Evaluacion,,,Planificado,PIURA,TALARA,EL ALTO
-81.12858,-4.28716,EA9284,Zapotal,CNPC - Corporación Nacional de Petróleos de China S.A.,Etapa I - COSAPI,Sin afectación,0.0,1ra Evaluacion,,2025.0,Supervisado,PIURA,TALARA,EL ALTO
-81.12934,-4.28575,EA5873,Zapotal,CNPC - Corporación Nacional de Petróleos de China S.A.,Etapa I - COSAPI,Sin afectación,0.0,1ra Evaluacion,,2025.0,Supervisado,PIURA,TALARA,EL ALTO
-81.12338,-4.2821,EA10422,Zapotal,CNPC - Corporación Nacional de Petróleos de China S.A.,Etapa I - COSAPI,No supervisada,0.0,1ra Evaluacion,,,Verificado,PIURA,TALARA,EL ALTO
-81.12801,-4.28295,EA9862,Zapotal,CNPC - Corporación Nacional de Petróleos de China S.A.,Etapa I - COSAPI,Sin afectación,0.0,1ra Evaluacion,,2025.0,Supervisado,PIURA,TALARA,EL ALTO
-81.12646,-4.28347,EA10423,Zapotal,CNPC - Corporación Nacional de Petróleos de China S.A.,Etapa I - COSAPI,Sin afectación,0.0,1ra Evaluacion,,2025.0,Supervisado,PIURA,TALARA,EL ALTO
-81.12682,-4.28054,EA9553,Zapotal,CNPC - Corporación Nacional de Petróleos de China S.A.,Etapa I - COSAPI,Sin afectación,0.0,1ra Evaluacion,,2025.0,Supervisado,PIURA,TALARA,EL ALTO
-81.12487,-4.28753,EA6269,Zapotal,CNPC - Corporación Nacional de Petróleos de China S.A.,Etapa I - COSAPI,Sin afectación,0.0,1ra Evaluacion,,2023.0,Supervisado,PIURA,TALARA,EL ALTO
-81.12277,-4.28331,EA9594,Zapotal,CNPC - Corporación Nacional de Petróleos de China S.A.,Etapa I - COSAPI,Con afectación,4.0,1ra Evaluacion,1,2025.0,Supervisado,PIURA,TALARA,EL ALTO
-81.12679,-4.28205,EA2346,Zapotal,CNPC - Corporación Nacional de Petróleos de China S.A.,Etapa I - COSAPI,Sin afectación,0.0,1ra Evaluacion,,2025.0,Supervisado,PIURA,TALARA,EL ALTO
-81.12569,-4.28545,EA9593,Zapotal,CNPC - Corporación Nacional de Petróleos de China S.A.,Etapa I - COSAPI,Con afectación,4.0,1ra Evaluacion,1,2025.0,Supervisado,PIURA,TALARA,EL ALTO
-81.12456,-4.28029,MNF-MC02-ZA02,Zapotal,CNPC - Corporación Nacional de Petróleos de China S.A.,Etapa I - COSAPI,Con afectación,8.0,1ra Evaluacion,2,2025.0,Supervisado,PIURA,TALARA,EL ALTO
-81.12417,-4.28793,EA6079,Zapotal,CNPC - Corporación Nacional de Petróleos de China S.A.,Etapa I - COSAPI,Con afectación,4.0,1ra Evaluacion,1,2025.0,Supervisado,PIURA,TALARA,EL ALTO
-81.12238,-4.29003,EA6538,Zapotal,CNPC - Corporación Nacional de Petróleos de China S.A.,Etapa I - COSAPI,Sin afectación,0.0,1ra Evaluacion,,2025.0,Supervisado,PIURA,TALARA,EL ALTO
-81.12564,-4.29081,EA7108,Zapotal,CNPC - Corporación Nacional de Petróleos de China S.A.,Etapa I - COSAPI,Sin afectación,0.0,1ra Evaluacion,,2025.0,Supervisado,PIURA,TALARA,EL ALTO
-81.13098,-4.28328,EA9872,Zapotal,CNPC - Corporación Nacional de Petróleos de China S.A.,Etapa I - COSAPI,No supervisada,0.0,1ra Evaluacion,,,Verificado,PIURA,TALARA,EL ALTO
-81.1242,-4.2908,EA7511,Zapotal,CNPC - Corporación Nacional de Petróleos de China S.A.,Etapa I - COSAPI,Sin afectación,0.0,1ra Evaluacion,,2025.0,Supervisado,PIURA,TALARA,EL ALTO
-81.11695,-4.26301,EA7137,Zapotal,CNPC - Corporación Nacional de Petróleos de China S.A.,Etapa I - COSAPI,Sin afectación,0.0,1ra Evaluacion,,2024.0,Supervisado,PIURA,TALARA,EL ALTO
-81.1245,-4.29549,EA7117,Zapotal,CNPC - Corporación Nacional de Petróleos de China S.A.,Etapa I - COSAPI,Sin afectación,0.0,1ra Evaluacion,,2025.0,Supervisado,PIURA,TALARA,EL ALTO
-81.12732,-4.29589,EA7168,Zapotal,CNPC - Corporación Nacional de Petróleos de China S.A.,Etapa I - COSAPI,Sin afectación,0.0,1ra Evaluacion,,2025.0,Supervisado,PIURA,TALARA,EL ALTO
-81.13055,-4.28694,MNF-MC03-999,No Definido,CNPC - Corporación Nacional de Petróleos de China S.A.,Etapa I - COSAPI,No supervisada,0.0,1ra Evaluacion,,2025.0,Observado,PIURA,TALARA,EL ALTO
-81.12267,-4.28598,EA1181,Zapotal,CNPC - Corporación Nacional de Petróleos de China S.A.,Etapa I - COSAPI,Con afectación,4.0,1ra Evaluacion,1,2025.0,Supervisado,PIURA,TALARA,EL ALTO
-81.11787,-4.28777,EA7008,Zapotal,CNPC - Corporación Nacional de Petróleos de China S.A.,Etapa I - COSAPI,Sin afectación,0.0,1ra Evaluacion,,2025.0,Supervisado,PIURA,TALARA,EL ALTO
-81.12562,-4.2945,EA7508,Zapotal,CNPC - Corporación Nacional de Petróleos de China S.A.,Etapa I - COSAPI,Sin afectación,0.0,1ra Evaluacion,,2025.0,Supervisado,PIURA,TALARA,EL ALTO
-81.12092,-4.28868,EA7512,Zapotal,CNPC - Corporación Nacional de Petróleos de China S.A.,Etapa I - COSAPI,Con afectación,4.0,1ra Evaluacion,1,2025.0,Supervisado,PIURA,TALARA,EL ALTO
-81.12244,-4.28502,EA6252,Zapotal,CNPC - Corporación Nacional de Petróleos de China S.A.,Etapa I - COSAPI,Sin afectación,0.0,1ra Evaluacion,,2025.0,Supervisado,PIURA,TALARA,EL ALTO
-81.11727,-4.29109,EA78,Zapotal,CNPC - Corporación Nacional de Petróleos de China S.A.,Etapa I - COSAPI,En ejecución,0.0,1ra Evaluacion,,,Planificado,PIURA,TALARA,EL ALTO
-81.11983,-4.28747,EA6264,Zapotal,CNPC - Corporación Nacional de Petróleos de China S.A.,Etapa I - COSAPI,Sin afectación,0.0,1ra Evaluacion,,2025.0,Supervisado,PIURA,TALARA,EL ALTO
-81.11909,-4.28946,EA7503,Zapotal,CNPC - Corporación Nacional de Petróleos de China S.A.,Etapa I - COSAPI,Sin afectación,0.0,1ra Evaluacion,,2025.0,Supervisado,PIURA,TALARA,EL ALTO
-81.11745,-4.29084,EA7021,Zapotal,CNPC - Corporación Nacional de Petróleos de China S.A.,Etapa I - COSAPI,En ejecución,0.0,1ra Evaluacion,,,Planificado,PIURA,TALARA,EL ALTO
-81.13535,-4.27653,EA5964,Zapotal,CNPC - Corporación Nacional de Petróleos de China S.A.,Etapa I - COSAPI,Con afectación,62.46,1ra Evaluacion,1,2023.0,Supervisado,PIURA,TALARA,EL ALTO
-81.11438,-4.29398,EA7134,Zapotal,CNPC - Corporación Nacional de Petróleos de China S.A.,Etapa I - COSAPI,Sin afectación,0.0,1ra Evaluacion,,2022.0,Supervisado,PIURA,TALARA,EL ALTO
-81.11811,-4.29434,EA7139,Zapotal,CNPC - Corporación Nacional de Petróleos de China S.A.,Etapa I - COSAPI,En ejecución,0.0,1ra Evaluacion,,,Planificado,PIURA,TALARA,EL ALTO
-81.12844,-4.28129,EA9004,Zapotal,CNPC - Corporación Nacional de Petróleos de China S.A.,Etapa I - COSAPI,Sin afectación,0.0,1ra Evaluacion,,2023.0,Supervisado,PIURA,TALARA,EL ALTO
-81.12991,-4.28115,EA7058,Zapotal,CNPC - Corporación Nacional de Petróleos de China S.A.,Etapa I - COSAPI,Con afectación,6.0,1ra Evaluacion,2,2025.0,Supervisado,PIURA,TALARA,EL ALTO
-81.13026,-4.28183,EA9961,Zapotal,CNPC - Corporación Nacional de Petróleos de China S.A.,Etapa I - COSAPI,Sin afectación,0.0,1ra Evaluacion,,2022.0,Supervisado,PIURA,TALARA,EL ALTO
-81.13751,-4.27991,EA9557,Zapotal,CNPC - Corporación Nacional de Petróleos de China S.A.,Etapa I - COSAPI,Sin afectación,0.0,1ra Evaluacion,,2023.0,Supervisado,PIURA,TALARA,EL ALTO
-81.13137,-4.27997,EA5956,Zapotal,CNPC - Corporación Nacional de Petróleos de China S.A.,Etapa I - COSAPI,No supervisada,0.0,1ra Evaluacion,,,No supervisado,PIURA,TALARA,EL ALTO
-81.13837,-4.27907,EA10037,Zapotal,CNPC - Corporación Nacional de Petróleos de China S.A.,Etapa I - COSAPI,Sin afectación,0.0,1ra Evaluacion,,2023.0,Supervisado,PIURA,TALARA,EL ALTO
-81.12883,-4.28004,EA1161,Zapotal,CNPC - Corporación Nacional de Petróleos de China S.A.,Etapa I - COSAPI,Sin afectación,0.0,1ra Evaluacion,,2025.0,Supervisado,PIURA,TALARA,EL ALTO
-81.13657,-4.28111,EA9597,Zapotal,CNPC - Corporación Nacional de Petróleos de China S.A.,Etapa I - COSAPI,Sin afectación,0.0,1ra Evaluacion,,2022.0,Supervisado,PIURA,TALARA,EL ALTO
-81.13586,-4.27826,EA10281,Zapotal,CNPC - Corporación Nacional de Petróleos de China S.A.,Etapa I - COSAPI,No supervisada,0.0,1ra Evaluacion,,,Observado,PIURA,TALARA,EL ALTO
-81.1341,-4.28165,EA2327,Zapotal,CNPC - Corporación Nacional de Petróleos de China S.A.,Etapa I - COSAPI,Con afectación,46.5,1ra Evaluacion,1,2023.0,Supervisado,PIURA,TALARA,EL ALTO
-81.13565,-4.28252,EA9556,Zapotal,CNPC - Corporación Nacional de Petróleos de China S.A.,Etapa I - COSAPI,Sin afectación,0.0,1ra Evaluacion,,2023.0,Supervisado,PIURA,TALARA,EL ALTO
-81.13425,-4.2798,EA10419,Zapotal,CNPC - Corporación Nacional de Petróleos de China S.A.,Etapa I - COSAPI,Sin afectación,0.0,1ra Evaluacion,,2023.0,Supervisado,PIURA,TALARA,EL ALTO
-81.1353,-4.28033,EA10516,Zapotal,CNPC - Corporación Nacional de Petróleos de China S.A.,Etapa I - COSAPI,No supervisada,0.0,1ra Evaluacion,,,Verificado,PIURA,TALARA,EL ALTO
-81.13694,-4.28231,EA1145,Zapotal,CNPC - Corporación Nacional de Petróleos de China S.A.,Etapa I - COSAPI,No supervisada,0.0,1ra Evaluacion,,,No supervisado,PIURA,TALARA,EL ALTO
-81.13616,-4.27945,EA1203,Zapotal,CNPC - Corporación Nacional de Petróleos de China S.A.,Etapa I - COSAPI,Con afectación,26.62,1ra Evaluacion,1,2023.0,Supervisado,PIURA,TALARA,EL ALTO
-81.13209,-4.28228,EA9873,Zapotal,CNPC - Corporación Nacional de Petróleos de China S.A.,Etapa I - COSAPI,Sin afectación,0.0,1ra Evaluacion,,2025.0,Supervisado,PIURA,TALARA,EL ALTO
-81.13843,-4.27766,EA1057,Zapotal,CNPC - Corporación Nacional de Petróleos de China S.A.,Etapa I - COSAPI,Sin afectación,0.0,1ra Evaluacion,,2023.0,Supervisado,PIURA,TALARA,EL ALTO
-81.13641,-4.27536,EA9861,Zapotal,CNPC - Corporación Nacional de Petróleos de China S.A.,Etapa I - COSAPI,Con afectación,181.58,1ra Evaluacion,1,2023.0,Supervisado,PIURA,TALARA,EL ALTO
-81.14042,-4.27632,EA2127,Zapotal,CNPC - Corporación Nacional de Petróleos de China S.A.,Etapa I - COSAPI,Sin afectación,0.0,1ra Evaluacion,,2023.0,Supervisado,PIURA,TALARA,EL ALTO
-81.13581,-4.27521,EA10272,Zapotal,CNPC - Corporación Nacional de Petróleos de China S.A.,Etapa I - COSAPI,Sin afectación,0.0,1ra Evaluacion,,2023.0,Supervisado,PIURA,TALARA,EL ALTO
-81.13753,-4.27598,EA9683,Zapotal,CNPC - Corporación Nacional de Petróleos de China S.A.,Etapa I - COSAPI,Sin afectación,0.0,1ra Evaluacion,,2023.0,Supervisado,PIURA,TALARA,EL ALTO
-81.12287,-4.27987,EA6251,Zapotal,CNPC - Corporación Nacional de Petróleos de China S.A.,Etapa I - COSAPI,Sin afectación,0.0,1ra Evaluacion,,2025.0,Supervisado,PIURA,TALARA,EL ALTO
-81.13671,-4.27265,EA9798,Zapotal,CNPC - Corporación Nacional de Petróleos de China S.A.,Etapa I - COSAPI,Con afectación,77.82,1ra Evaluacion,1,2023.0,Supervisado,PIURA,TALARA,EL ALTO
-81.12585,-4.27741,EA6333,Zapotal,CNPC - Corporación Nacional de Petróleos de China S.A.,Etapa I - COSAPI,Sin afectación,0.0,1ra Evaluacion,,2025.0,Supervisado,PIURA,TALARA,EL ALTO
-81.1413,-4.26954,EA10118,Zapotal,CNPC - Corporación Nacional de Petróleos de China S.A.,Etapa I - COSAPI,Con afectación,6.0,1ra Evaluacion,2,2025.0,Supervisado,PIURA,TALARA,EL ALTO
-81.13468,-4.27393,EA594,Zapotal,CNPC - Corporación Nacional de Petróleos de China S.A.,Etapa I - COSAPI,Con afectación,69.13,1ra Evaluacion,1,2023.0,Supervisado,PIURA,TALARA,EL ALTO
-81.13248,-4.27758,EA10131,Zapotal,CNPC - Corporación Nacional de Petróleos de China S.A.,Etapa I - COSAPI,No supervisada,0.0,1ra Evaluacion,,,Observado,PIURA,TALARA,EL ALTO
-81.1373,-4.27862,EA10121,Zapotal,CNPC - Corporación Nacional de Petróleos de China S.A.,Etapa I - COSAPI,Con afectación,101.73,1ra Evaluacion,1,2023.0,Supervisado,PIURA,TALARA,EL ALTO
-81.1383,-4.27258,EA9681,Zapotal,CNPC - Corporación Nacional de Petróleos de China S.A.,Etapa I - COSAPI,Sin afectación,0.0,1ra Evaluacion,,2023.0,Supervisado,PIURA,TALARA,EL ALTO
-81.11741,-4.28242,EA7093,Zapotal,CNPC - Corporación Nacional de Petróleos de China S.A.,Etapa I - COSAPI,Sin afectación,0.0,1ra Evaluacion,,2024.0,Supervisado,PIURA,TALARA,EL ALTO
-81.13943,-4.27378,EA9194,Zapotal,CNPC - Corporación Nacional de Petróleos de China S.A.,Etapa I - COSAPI,No supervisada,0.0,1ra Evaluacion,,,Observado,PIURA,TALARA,EL ALTO
-81.12506,-4.2778,EA9312,Zapotal,CNPC - Corporación Nacional de Petróleos de China S.A.,Etapa I - COSAPI,Sin afectación,0.0,1ra Evaluacion,,2022.0,Supervisado,PIURA,TALARA,EL ALTO
-81.1191,-4.28251,EA1180,Zapotal,CNPC - Corporación Nacional de Petróleos de China S.A.,Etapa I - COSAPI,Sin afectación,0.0,1ra Evaluacion,,2022.0,Supervisado,PIURA,TALARA,EL ALTO
-81.13684,-4.27735,EA9686,Zapotal,CNPC - Corporación Nacional de Petróleos de China S.A.,Etapa I - COSAPI,Con afectación,13.55,1ra Evaluacion,1,2023.0,Supervisado,PIURA,TALARA,EL ALTO
-81.12329,-4.27909,EA9867,Zapotal,CNPC - Corporación Nacional de Petróleos de China S.A.,Etapa I - COSAPI,Sin afectación,0.0,1ra Evaluacion,,2023.0,Supervisado,PIURA,TALARA,EL ALTO
-81.12013,-4.28256,EA6167,Zapotal,CNPC - Corporación Nacional de Petróleos de China S.A.,Etapa I - COSAPI,Sin afectación,0.0,1ra Evaluacion,,2025.0,Supervisado,PIURA,TALARA,EL ALTO
-81.12911,-4.27451,EA9709,Zapotal,CNPC - Corporación Nacional de Petróleos de China S.A.,Etapa I - COSAPI,Sin afectación,0.0,1ra Evaluacion,,2025.0,Supervisado,PIURA,TALARA,EL ALTO
-81.13012,-4.27735,EA2358,Zapotal,CNPC - Corporación Nacional de Petróleos de China S.A.,Etapa I - COSAPI,Sin afectación,0.0,1ra Evaluacion,,2025.0,Supervisado,PIURA,TALARA,EL ALTO
-81.11737,-4.28483,EA6103,Zapotal,CNPC - Corporación Nacional de Petróleos de China S.A.,Etapa I - COSAPI,Sin afectación,0.0,1ra Evaluacion,,2024.0,Supervisado,PIURA,TALARA,EL ALTO
-81.11474,-4.28531,EA7502,Zapotal,CNPC - Corporación Nacional de Petróleos de China S.A.,Etapa I - COSAPI,Sin afectación,0.0,1ra Evaluacion,,2024.0,Supervisado,PIURA,TALARA,EL ALTO
-81.11927,-4.28611,EA6174,Zapotal,CNPC - Corporación Nacional de Petróleos de China S.A.,Etapa I - COSAPI,Sin afectación,0.0,1ra Evaluacion,,2025.0,Supervisado,PIURA,TALARA,EL ALTO
-81.11532,-4.28817,EA5899,Zapotal,CNPC - Corporación Nacional de Petróleos de China S.A.,Etapa I - COSAPI,En ejecución,0.0,1ra Evaluacion,,,Planificado,PIURA,TALARA,EL ALTO
-81.11691,-4.28924,EA7513,Zapotal,CNPC - Corporación Nacional de Petróleos de China S.A.,Etapa I - COSAPI,En ejecución,0.0,1ra Evaluacion,,,Planificado,PIURA,TALARA,EL ALTO
-81.11812,-4.28354,EA10413,Zapotal,CNPC - Corporación Nacional de Petróleos de China S.A.,Etapa I - COSAPI,Sin afectación,0.0,1ra Evaluacion,,2025.0,Supervisado,PIURA,TALARA,EL ALTO
-81.13988,-4.27777,EA9702,Zapotal,CNPC - Corporación Nacional de Petróleos de China S.A.,Etapa I - COSAPI,Sin afectación,0.0,1ra Evaluacion,,2023.0,Supervisado,PIURA,TALARA,EL ALTO
-81.12037,-4.28038,EA9963,Zapotal,CNPC - Corporación Nacional de Petróleos de China S.A.,Etapa I - COSAPI,Con afectación,4.0,1ra Evaluacion,1,2025.0,Supervisado,PIURA,TALARA,EL ALTO
-81.12112,-4.28243,EA9301,Zapotal,CNPC - Corporación Nacional de Petróleos de China S.A.,Etapa I - COSAPI,Sin afectación,0.0,1ra Evaluacion,,2025.0,Supervisado,PIURA,TALARA,EL ALTO
-81.11631,-4.28656,EA7516,Zapotal,CNPC - Corporación Nacional de Petróleos de China S.A.,Etapa I - COSAPI,En ejecución,0.0,1ra Evaluacion,,,Planificado,PIURA,TALARA,EL ALTO
-81.13881,-4.28051,EA2283,Zapotal,CNPC - Corporación Nacional de Petróleos de China S.A.,Etapa I - COSAPI,No supervisada,0.0,1ra Evaluacion,,,Observado,PIURA,TALARA,EL ALTO
-81.13125,-4.27647,PQA-EA10122,Zapotal,CNPC - Corporación Nacional de Petróleos de China S.A.,Etapa I - COSAPI,No supervisada,0.0,1ra Evaluacion,,,Observado,PIURA,TALARA,EL ALTO
-81.14021,-4.27982,EA9283,Zapotal,CNPC - Corporación Nacional de Petróleos de China S.A.,Etapa I - COSAPI,No supervisada,0.0,1ra Evaluacion,,,Observado,PIURA,TALARA,EL ALTO
-81.14111,-4.27553,EA9574,Zapotal,CNPC - Corporación Nacional de Petróleos de China S.A.,Etapa I - COSAPI,Sin afectación,0.0,1ra Evaluacion,,2022.0,Supervisado,PIURA,TALARA,EL ALTO
-81.12951,-4.27667,EA10271,Zapotal,CNPC - Corporación Nacional de Petróleos de China S.A.,Etapa I - COSAPI,Con afectación,52.79,1ra Evaluacion,1,2023.0,Supervisado,PIURA,TALARA,EL ALTO
-81.12737,-4.27794,EA9308,Zapotal,CNPC - Corporación Nacional de Petróleos de China S.A.,Etapa I - COSAPI,Sin afectación,0.0,1ra Evaluacion,,2025.0,Supervisado,PIURA,TALARA,EL ALTO
-81.1328,-4.276,EA2351,Zapotal,CNPC - Corporación Nacional de Petróleos de China S.A.,Etapa I - COSAPI,Sin afectación,0.0,1ra Evaluacion,,2025.0,Supervisado,PIURA,TALARA,EL ALTO
-81.12692,-4.27749,MNF-MC01-ZA02,Zapotal,CNPC - Corporación Nacional de Petróleos de China S.A.,Etapa I - COSAPI,No supervisada,0.0,No hay informacion,,,Verificado,PIURA,TALARA,EL ALTO
-81.12245,-4.27409,EA10408,Zapotal,CNPC - Corporación Nacional de Petróleos de China S.A.,Etapa I - COSAPI,Sin afectación,0.0,1ra Evaluacion,,2024.0,Supervisado,PIURA,TALARA,EL ALTO
-81.14031,-4.27083,EA10518,Zapotal,CNPC - Corporación Nacional de Petróleos de China S.A.,Etapa I - COSAPI,No supervisada,0.0,1ra Evaluacion,,,Observado,PIURA,TALARA,EL ALTO
-81.11889,-4.27362,EA6268,Zapotal,CNPC - Corporación Nacional de Petróleos de China S.A.,Etapa I - COSAPI,Con afectación,145.61,1ra Evaluacion,2,2024.0,Supervisado,PIURA,TALARA,EL ALTO
-81.11983,-4.27643,EA10502,Zapotal,CNPC - Corporación Nacional de Petróleos de China S.A.,Etapa I - COSAPI,Sin afectación,0.0,1ra Evaluacion,,2024.0,Supervisado,PIURA,TALARA,EL ALTO
-81.12036,-4.27366,EA10409,Zapotal,CNPC - Corporación Nacional de Petróleos de China S.A.,Etapa I - COSAPI,Sin afectación,0.0,1ra Evaluacion,,2024.0,Supervisado,PIURA,TALARA,EL ALTO
-81.12026,-4.27775,EA1250,Zapotal,CNPC - Corporación Nacional de Petróleos de China S.A.,Etapa I - COSAPI,Con afectación,14.54,1ra Evaluacion,1,2024.0,Supervisado,PIURA,TALARA,EL ALTO
-81.12133,-4.27705,EA9713,Zapotal,CNPC - Corporación Nacional de Petróleos de China S.A.,Etapa I - COSAPI,Sin afectación,0.0,1ra Evaluacion,,2024.0,Supervisado,PIURA,TALARA,EL ALTO
-81.11765,-4.27532,EA10503,Zapotal,CNPC - Corporación Nacional de Petróleos de China S.A.,Etapa I - COSAPI,Sin afectación,0.0,1ra Evaluacion,,2024.0,Supervisado,PIURA,TALARA,EL ALTO
-81.11785,-4.27896,EA10416,Zapotal,CNPC - Corporación Nacional de Petróleos de China S.A.,Etapa I - COSAPI,Con afectación,70.03,1ra Evaluacion,2,2024.0,Supervisado,PIURA,TALARA,EL ALTO
-81.12109,-4.27523,EA9591,Zapotal,CNPC - Corporación Nacional de Petróleos de China S.A.,Etapa I - COSAPI,No supervisada,0.0,1ra Evaluacion,,,Verificado,PIURA,TALARA,EL ALTO
-81.12312,-4.2774,EA2366,Zapotal,CNPC - Corporación Nacional de Petróleos de China S.A.,Etapa I - COSAPI,Sin afectación,0.0,1ra Evaluacion,,2024.0,Supervisado,PIURA,TALARA,EL ALTO
-81.11753,-4.27998,EA6072,Zapotal,CNPC - Corporación Nacional de Petróleos de China S.A.,Etapa I - COSAPI,Sin afectación,0.0,1ra Evaluacion,,2023.0,Supervisado,PIURA,TALARA,EL ALTO
-81.11638,-4.27676,EA6128,Zapotal,CNPC - Corporación Nacional de Petróleos de China S.A.,Etapa I - COSAPI,Con afectación,43.22,1ra Evaluacion,1,2023.0,Supervisado,PIURA,TALARA,EL ALTO
-81.12014,-4.27731,EA6168,Zapotal,CNPC - Corporación Nacional de Petróleos de China S.A.,Etapa I - COSAPI,Con afectación,83.28,1ra Evaluacion,2,2024.0,Supervisado,PIURA,TALARA,EL ALTO
-81.11556,-4.27279,EA6249,Zapotal,CNPC - Corporación Nacional de Petróleos de China S.A.,Etapa I - COSAPI,Sin afectación,0.0,1ra Evaluacion,,2024.0,Supervisado,PIURA,TALARA,EL ALTO
-81.11358,-4.27746,EA7501,Zapotal,CNPC - Corporación Nacional de Petróleos de China S.A.,Etapa I - COSAPI,Con afectación,63.33,1ra Evaluacion,1,2024.0,Supervisado,PIURA,TALARA,EL ALTO
-81.11693,-4.2744,EA1257,Zapotal,CNPC - Corporación Nacional de Petróleos de China S.A.,Etapa I - COSAPI,Sin afectación,0.0,1ra Evaluacion,,2024.0,Supervisado,PIURA,TALARA,EL ALTO
-81.11298,-4.27528,EA6127,Zapotal,CNPC - Corporación Nacional de Petróleos de China S.A.,Etapa I - COSAPI,Con afectación,57.14,1ra Evaluacion,1,2022.0,Supervisado,PIURA,TALARA,EL ALTO
-81.11911,-4.27962,EA10411,Zapotal,CNPC - Corporación Nacional de Petróleos de China S.A.,Etapa I - COSAPI,Sin afectación,0.0,1ra Evaluacion,,2024.0,Supervisado,PIURA,TALARA,EL ALTO
-81.11031,-4.27762,EA6017,Zapotal,CNPC - Corporación Nacional de Petróleos de China S.A.,Etapa I - COSAPI,Con afectación,24.48,1ra Evaluacion,1,2024.0,Supervisado,PIURA,TALARA,EL ALTO
-81.12708,-4.27627,EA10421,Zapotal,CNPC - Corporación Nacional de Petróleos de China S.A.,Etapa I - COSAPI,Sin afectación,0.0,1ra Evaluacion,,2025.0,Supervisado,PIURA,TALARA,EL ALTO
-81.1245,-4.27564,EA9319,Zapotal,CNPC - Corporación Nacional de Petróleos de China S.A.,Etapa I - COSAPI,Sin afectación,0.0,1ra Evaluacion,,2025.0,Supervisado,PIURA,TALARA,EL ALTO
-81.11217,-4.28537,EA5812,Zapotal,CNPC - Corporación Nacional de Petróleos de China S.A.,Etapa I - COSAPI,Sin afectación,0.0,1ra Evaluacion,,2022.0,Supervisado,PIURA,TALARA,EL ALTO
-81.11191,-4.29035,EA5872,Zapotal,CNPC - Corporación Nacional de Petróleos de China S.A.,Etapa I - COSAPI,En ejecución,0.0,1ra Evaluacion,,,Planificado,PIURA,TALARA,EL ALTO
-81.1093,-4.276,EA9417,Zapotal,CNPC - Corporación Nacional de Petróleos de China S.A.,Etapa I - COSAPI,Con afectación,196.3,1ra Evaluacion,1,2024.0,Supervisado,PIURA,TALARA,EL ALTO
-81.11477,-4.2828,EA6019,Zapotal,CNPC - Corporación Nacional de Petróleos de China S.A.,Etapa I - COSAPI,Con afectación,173.34,1ra Evaluacion,1,2024.0,Supervisado,PIURA,TALARA,EL ALTO
-81.10597,-4.28854,EA7123,Zapotal,CNPC - Corporación Nacional de Petróleos de China S.A.,Etapa I - COSAPI,En ejecución,0.0,1ra Evaluacion,,,Planificado,PIURA,TALARA,EL ALTO
-81.10721,-4.285,EA5924,Zapotal,CNPC - Corporación Nacional de Petróleos de China S.A.,Etapa I - COSAPI,Con afectación,130.98,1ra Evaluacion,1,2024.0,Supervisado,PIURA,TALARA,EL ALTO
-81.10977,-4.28264,EA1745,Zapotal,CNPC - Corporación Nacional de Petróleos de China S.A.,Etapa I - COSAPI,Con afectación,37.6,1ra Evaluacion,1,2024.0,Supervisado,PIURA,TALARA,EL ALTO
-81.12763,-4.27474,EA10403,Zapotal,CNPC - Corporación Nacional de Petróleos de China S.A.,Etapa I - COSAPI,No supervisada,0.0,1ra Evaluacion,,,Verificado,PIURA,TALARA,EL ALTO
-81.11258,-4.28029,EA5891,Zapotal,CNPC - Corporación Nacional de Petróleos de China S.A.,Etapa I - COSAPI,Con afectación,62.24,1ra Evaluacion,2,2024.0,Supervisado,PIURA,TALARA,EL ALTO
-81.10952,-4.28782,EA7102,Zapotal,CNPC - Corporación Nacional de Petróleos de China S.A.,Etapa I - COSAPI,En ejecución,0.0,1ra Evaluacion,,,Planificado,PIURA,TALARA,EL ALTO
-81.11615,-4.28223,EA10412,Zapotal,CNPC - Corporación Nacional de Petróleos de China S.A.,Etapa I - COSAPI,Con afectación,55.3,1ra Evaluacion,1,2024.0,Supervisado,PIURA,TALARA,EL ALTO
-81.10829,-4.2919,EA7116,Zapotal,CNPC - Corporación Nacional de Petróleos de China S.A.,Etapa I - COSAPI,Sin afectación,0.0,1ra Evaluacion,,2022.0,Supervisado,PIURA,TALARA,EL ALTO
-81.1081,-4.27446,EA6202,Zapotal,CNPC - Corporación Nacional de Petróleos de China S.A.,Etapa I - COSAPI,Sin afectación,0.0,1ra Evaluacion,,2024.0,Supervisado,PIURA,TALARA,EL ALTO
-81.11102,-4.28034,EA1258,Zapotal,CNPC - Corporación Nacional de Petróleos de China S.A.,Etapa I - COSAPI,Con afectación,54.72,1ra Evaluacion,2,2024.0,Supervisado,PIURA,TALARA,EL ALTO
-81.12106,-4.39645,BP5935,Coyonitas,CNPC - Corporación Nacional de Petróleos de China S.A.,Etapa I - COSAPI,No supervisada,0.0,1ra Evaluacion,,,No supervisado,PIURA,TALARA,LOBITOS
-81.10756,-4.27988,EA5859,Zapotal,CNPC - Corporación Nacional de Petróleos de China S.A.,Etapa I - COSAPI,Sin afectación,0.0,1ra Evaluacion,,2024.0,Supervisado,PIURA,TALARA,EL ALTO
-81.11319,-4.38952,BP4740,Coyonitas,CNPC - Corporación Nacional de Petróleos de China S.A.,Etapa I - COSAPI,No supervisada,0.0,1ra Evaluacion,,,No supervisado,PIURA,TALARA,LOBITOS
-81.11146,-4.29371,EA7124,Zapotal,CNPC - Corporación Nacional de Petróleos de China S.A.,Etapa I - COSAPI,En ejecución,0.0,1ra Evaluacion,,,Planificado,PIURA,TALARA,EL ALTO
-81.11427,-4.28401,EA1274,Zapotal,CNPC - Corporación Nacional de Petróleos de China S.A.,Etapa I - COSAPI,Sin afectación,0.0,1ra Evaluacion,,2022.0,Supervisado,PIURA,TALARA,EL ALTO
-81.12544,-4.27427,EA10406,Zapotal,CNPC - Corporación Nacional de Petróleos de China S.A.,Etapa I - COSAPI,No supervisada,0.0,1ra Evaluacion,,,Verificado,PIURA,TALARA,EL ALTO
-81.13704,-4.27149,EA9708,Zapotal,CNPC - Corporación Nacional de Petróleos de China S.A.,Etapa I - COSAPI,Con afectación,24.86,1ra Evaluacion,1,2022.0,Supervisado,PIURA,TALARA,EL ALTO
-81.1154,-4.3899,BP5021,Coyonitas,CNPC - Corporación Nacional de Petróleos de China S.A.,Etapa I - COSAPI,No supervisada,0.0,1ra Evaluacion,,,No supervisado,PIURA,TALARA,LOBITOS
-81.13191,-4.27455,EA10517,Zapotal,CNPC - Corporación Nacional de Petróleos de China S.A.,Etapa I - COSAPI,No supervisada,0.0,1ra Evaluacion,,,Observado,PIURA,TALARA,EL ALTO
-81.1332,-4.27382,EA9868,Zapotal,CNPC - Corporación Nacional de Petróleos de China S.A.,Etapa I - COSAPI,Sin afectación,0.0,1ra Evaluacion,,2023.0,Supervisado,PIURA,TALARA,EL ALTO
-81.13471,-4.28056,MNF-MC03-ZA01,Zapotal,CNPC - Corporación Nacional de Petróleos de China S.A.,Etapa I - COSAPI,Sin afectación,0.0,1ra Evaluacion,,2023.0,Supervisado,PIURA,TALARA,EL ALTO
-81.10277,-4.27456,EA5961,Zapotal,CNPC - Corporación Nacional de Petróleos de China S.A.,Etapa I - COSAPI,Sin afectación,0.0,1ra Evaluacion,,2024.0,Supervisado,PIURA,TALARA,EL ALTO
-81.13417,-4.27217,EA9304,Zapotal,CNPC - Corporación Nacional de Petróleos de China S.A.,Etapa I - COSAPI,No supervisada,0.0,1ra Evaluacion,,,Observado,PIURA,TALARA,EL ALTO
-81.13217,-4.27192,EA10274,Zapotal,CNPC - Corporación Nacional de Petróleos de China S.A.,Etapa I - COSAPI,Sin afectación,0.0,1ra Evaluacion,,2023.0,Supervisado,PIURA,TALARA,EL ALTO
-81.135,-4.26731,EA9196,Zapotal,CNPC - Corporación Nacional de Petróleos de China S.A.,Etapa I - COSAPI,Con afectación,5.0,1ra Evaluacion,1,2025.0,Supervisado,PIURA,TALARA,EL ALTO
-81.13729,-4.26843,EA9002,Zapotal,CNPC - Corporación Nacional de Petróleos de China S.A.,Etapa I - COSAPI,Sin afectación,0.0,1ra Evaluacion,,2025.0,Supervisado,PIURA,TALARA,EL ALTO
-81.11433,-4.28132,EA10512,Zapotal,CNPC - Corporación Nacional de Petróleos de China S.A.,Etapa I - COSAPI,Sin afectación,0.0,1ra Evaluacion,,2024.0,Supervisado,PIURA,TALARA,EL ALTO
-81.13203,-4.27365,EA2363,Zapotal,CNPC - Corporación Nacional de Petróleos de China S.A.,Etapa I - COSAPI,No supervisada,0.0,1ra Evaluacion,,,Observado,PIURA,TALARA,EL ALTO
-81.1335,-4.26861,EA10234,Zapotal,CNPC - Corporación Nacional de Petróleos de China S.A.,Etapa I - COSAPI,No supervisada,0.0,1ra Evaluacion,,,Observado,PIURA,TALARA,EL ALTO
-81.13446,-4.26835,EA9696,Zapotal,CNPC - Corporación Nacional de Petróleos de China S.A.,Etapa I - COSAPI,Sin afectación,0.0,1ra Evaluacion,,2025.0,Supervisado,PIURA,TALARA,EL ALTO
-81.13613,-4.26922,EA1026,Zapotal,CNPC - Corporación Nacional de Petróleos de China S.A.,Etapa I - COSAPI,No supervisada,0.0,1ra Evaluacion,,,Observado,PIURA,TALARA,EL ALTO
-81.13512,-4.27022,EA9197,Zapotal,CNPC - Corporación Nacional de Petróleos de China S.A.,Etapa I - COSAPI,Sin afectación,0.0,1ra Evaluacion,,2025.0,Supervisado,PIURA,TALARA,EL ALTO
-81.13762,-4.26663,EA2167,Zapotal,CNPC - Corporación Nacional de Petróleos de China S.A.,Etapa I - COSAPI,No supervisada,0.0,1ra Evaluacion,,,Observado,PIURA,TALARA,EL ALTO
-81.13437,-4.2693,EA10006,Zapotal,CNPC - Corporación Nacional de Petróleos de China S.A.,Etapa I - COSAPI,No supervisada,0.0,1ra Evaluacion,,,Observado,PIURA,TALARA,EL ALTO
-81.13785,-4.26992,EA9907,Zapotal,CNPC - Corporación Nacional de Petróleos de China S.A.,Etapa I - COSAPI,Sin afectación,0.0,1ra Evaluacion,,2022.0,Supervisado,PIURA,TALARA,EL ALTO
-81.10492,-4.28233,EA6327,Zapotal,CNPC - Corporación Nacional de Petróleos de China S.A.,Etapa I - COSAPI,Sin afectación,0.0,1ra Evaluacion,,2024.0,Supervisado,PIURA,TALARA,EL ALTO
-81.13932,-4.26831,EA1079,Zapotal,CNPC - Corporación Nacional de Petróleos de China S.A.,Etapa I - COSAPI,No supervisada,0.0,1ra Evaluacion,,,Observado,PIURA,TALARA,EL ALTO
-81.13895,-4.26744,EA9386,Zapotal,CNPC - Corporación Nacional de Petróleos de China S.A.,Etapa I - COSAPI,Sin afectación,0.0,1ra Evaluacion,,2023.0,Supervisado,PIURA,TALARA,EL ALTO
-81.13251,-4.25992,EA7152,Zapotal,CNPC - Corporación Nacional de Petróleos de China S.A.,Etapa I - COSAPI,Sin afectación,0.0,1ra Evaluacion,,2023.0,Supervisado,PIURA,TALARA,EL ALTO
-81.10511,-4.27721,EA5913,Zapotal,CNPC - Corporación Nacional de Petróleos de China S.A.,Etapa I - COSAPI,Sin afectación,0.0,1ra Evaluacion,,2024.0,Supervisado,PIURA,TALARA,EL ALTO
-81.1371,-4.26439,EA1323,Zapotal,CNPC - Corporación Nacional de Petróleos de China S.A.,Etapa I - COSAPI,Sin afectación,0.0,1ra Evaluacion,,2023.0,Supervisado,PIURA,TALARA,EL ALTO
-81.13987,-4.26667,EA10126,Zapotal,CNPC - Corporación Nacional de Petróleos de China S.A.,Etapa I - COSAPI,Con afectación,45807.0,1ra Evaluacion,1,2023.0,Supervisado,PIURA,TALARA,EL ALTO
-81.13332,-4.25987,EA10113,Zapotal,CNPC - Corporación Nacional de Petróleos de China S.A.,Etapa I - COSAPI,Sin afectación,0.0,1ra Evaluacion,,2023.0,Supervisado,PIURA,TALARA,EL ALTO
-81.1357,-4.2709,EA10117,Zapotal,CNPC - Corporación Nacional de Petróleos de China S.A.,Etapa I - COSAPI,Con afectación,6.0,1ra Evaluacion,2,2025.0,Supervisado,PIURA,TALARA,EL ALTO
-81.13713,-4.26299,EA10519,Zapotal,CNPC - Corporación Nacional de Petróleos de China S.A.,Etapa I - COSAPI,Sin afectación,0.0,1ra Evaluacion,,2023.0,Supervisado,PIURA,TALARA,EL ALTO
-81.14108,-4.26625,EA1080,Zapotal,CNPC - Corporación Nacional de Petróleos de China S.A.,Etapa I - COSAPI,Sin afectación,0.0,1ra Evaluacion,,2023.0,Supervisado,PIURA,TALARA,EL ALTO
-81.13417,-4.26543,EA1167,Zapotal,CNPC - Corporación Nacional de Petróleos de China S.A.,Etapa I - COSAPI,Con afectación,9.0,1ra Evaluacion,3,2025.0,Supervisado,PIURA,TALARA,EL ALTO
-81.14772,-4.27494,EA10127,Zapotal,CNPC - Corporación Nacional de Petróleos de China S.A.,Etapa I - COSAPI,Sin afectación,0.0,1ra Evaluacion,,2023.0,Supervisado,PIURA,TALARA,EL ALTO
-81.13549,-4.265,EA9384,Zapotal,CNPC - Corporación Nacional de Petróleos de China S.A.,Etapa I - COSAPI,Sin afectación,0.0,1ra Evaluacion,,2023.0,Supervisado,PIURA,TALARA,EL ALTO
-81.13894,-4.26542,EA10116,Zapotal,CNPC - Corporación Nacional de Petróleos de China S.A.,Etapa I - COSAPI,Sin afectación,0.0,1ra Evaluacion,,2023.0,Supervisado,PIURA,TALARA,EL ALTO
-81.10768,-4.28266,BAT-900,Zapotal,CNPC - Corporación Nacional de Petróleos de China S.A.,Etapa I - COSAPI,No supervisada,0.0,1ra Evaluacion,,,Verificado,PIURA,TALARA,EL ALTO
-81.13969,-4.26452,EA2163,Zapotal,CNPC - Corporación Nacional de Petróleos de China S.A.,Etapa I - COSAPI,Con afectación,41.93,1ra Evaluacion,2,2023.0,Supervisado,PIURA,TALARA,EL ALTO
-81.13372,-4.26373,EA10004,Zapotal,CNPC - Corporación Nacional de Petróleos de China S.A.,Etapa I - COSAPI,Sin afectación,0.0,1ra Evaluacion,,2025.0,Supervisado,PIURA,TALARA,EL ALTO
-81.10318,-4.26929,EA6139,Zapotal,CNPC - Corporación Nacional de Petróleos de China S.A.,Etapa I - COSAPI,Sin afectación,0.0,1ra Evaluacion,,2022.0,Supervisado,PIURA,TALARA,EL ALTO
-81.10551,-4.27208,EA6083,Zapotal,CNPC - Corporación Nacional de Petróleos de China S.A.,Etapa I - COSAPI,Con afectación,48.7,1ra Evaluacion,1,2024.0,Supervisado,PIURA,TALARA,EL ALTO
-81.09667,-4.2785,EA7142,Zapotal,CNPC - Corporación Nacional de Petróleos de China S.A.,Etapa I - COSAPI,Sin afectación,0.0,1ra Evaluacion,,2024.0,Supervisado,PIURA,TALARA,EL ALTO
-81.14678,-4.26574,EA9198,Zapotal,CNPC - Corporación Nacional de Petróleos de China S.A.,Etapa I - COSAPI,Con afectación,6.47,1ra Evaluacion,1,2023.0,Supervisado,PIURA,TALARA,EL ALTO
-81.14532,-4.26528,EA9796,Zapotal,CNPC - Corporación Nacional de Petróleos de China S.A.,Etapa I - COSAPI,Sin afectación,0.0,1ra Evaluacion,,2025.0,Supervisado,PIURA,TALARA,EL ALTO
-81.09893,-4.27577,EA1800,Zapotal,CNPC - Corporación Nacional de Petróleos de China S.A.,Etapa I - COSAPI,Sin afectación,0.0,1ra Evaluacion,,2024.0,Supervisado,PIURA,TALARA,EL ALTO
-81.10166,-4.27809,EA6326,Zapotal,CNPC - Corporación Nacional de Petróleos de China S.A.,Etapa I - COSAPI,Sin afectación,0.0,1ra Evaluacion,,2024.0,Supervisado,PIURA,TALARA,EL ALTO
-81.10768,-4.27231,EA6312,Zapotal,CNPC - Corporación Nacional de Petróleos de China S.A.,Etapa I - COSAPI,Con afectación,9.88,1ra Evaluacion,1,2024.0,Supervisado,PIURA,TALARA,EL ALTO
-81.1058,-4.26684,EA6324,Zapotal,CNPC - Corporación Nacional de Petróleos de China S.A.,Etapa I - COSAPI,Sin afectación,0.0,1ra Evaluacion,,2024.0,Supervisado,PIURA,TALARA,EL ALTO
-81.10678,-4.27073,BAT-ZA04,Zapotal,CNPC - Corporación Nacional de Petróleos de China S.A.,Etapa I - COSAPI,No supervisada,0.0,1ra Evaluacion,,,Verificado,PIURA,TALARA,EL ALTO
-81.11357,-4.26984,EA6478,Zapotal,CNPC - Corporación Nacional de Petróleos de China S.A.,Etapa I - COSAPI,Sin afectación,0.0,1ra Evaluacion,,2024.0,Supervisado,PIURA,TALARA,EL ALTO
-81.12191,-4.26137,EA7536,Zapotal,CNPC - Corporación Nacional de Petróleos de China S.A.,Etapa I - COSAPI,Sin afectación,0.0,1ra Evaluacion,,2024.0,Supervisado,PIURA,TALARA,EL ALTO
-81.11107,-4.26723,EA6411,Zapotal,CNPC - Corporación Nacional de Petróleos de China S.A.,Etapa I - COSAPI,Con afectación,18.77,1ra Evaluacion,1,2024.0,Supervisado,PIURA,TALARA,EL ALTO
-81.11097,-4.27233,EA6259,Zapotal,CNPC - Corporación Nacional de Petróleos de China S.A.,Etapa I - COSAPI,Sin afectación,0.0,1ra Evaluacion,,2024.0,Supervisado,PIURA,TALARA,EL ALTO
-81.11092,-4.26262,EA7118,Zapotal,CNPC - Corporación Nacional de Petróleos de China S.A.,Etapa I - COSAPI,Sin afectación,0.0,1ra Evaluacion,,2024.0,Supervisado,PIURA,TALARA,EL ALTO
-81.14089,-4.26333,EA7063,Zapotal,CNPC - Corporación Nacional de Petróleos de China S.A.,Etapa I - COSAPI,Sin afectación,0.0,1ra Evaluacion,,2023.0,Supervisado,PIURA,TALARA,EL ALTO
-81.13732,-4.27409,EA2284,Zapotal,CNPC - Corporación Nacional de Petróleos de China S.A.,Etapa I - COSAPI,No supervisada,0.0,1ra Evaluacion,,,Observado,PIURA,TALARA,EL ALTO
-81.1159,-4.26745,EA7122,Zapotal,CNPC - Corporación Nacional de Petróleos de China S.A.,Etapa I - COSAPI,Sin afectación,0.0,1ra Evaluacion,,2024.0,Supervisado,PIURA,TALARA,EL ALTO
-81.10687,-4.26223,EA7094,Zapotal,CNPC - Corporación Nacional de Petróleos de China S.A.,Etapa I - COSAPI,Sin afectación,0.0,1ra Evaluacion,,2024.0,Supervisado,PIURA,TALARA,EL ALTO
-81.12772,-4.26695,EA1106,Zapotal,CNPC - Corporación Nacional de Petróleos de China S.A.,Etapa I - COSAPI,Con afectación,16.76,1ra Evaluacion,1,2024.0,Supervisado,PIURA,TALARA,EL ALTO
-81.14939,-4.26299,EA9543,Zapotal,CNPC - Corporación Nacional de Petróleos de China S.A.,Etapa I - COSAPI,Sin afectación,0.0,1ra Evaluacion,,2025.0,Supervisado,PIURA,TALARA,EL ALTO
-81.14062,-4.26788,EA1025,Zapotal,CNPC - Corporación Nacional de Petróleos de China S.A.,Etapa I - COSAPI,Con afectación,25.72,1ra Evaluacion,1,2023.0,Supervisado,PIURA,TALARA,EL ALTO
-81.10844,-4.26476,EA7097,Zapotal,CNPC - Corporación Nacional de Petróleos de China S.A.,Etapa I - COSAPI,Sin afectación,0.0,1ra Evaluacion,,2024.0,Supervisado,PIURA,TALARA,EL ALTO
-81.1006,-4.26927,EA7507,Zapotal,CNPC - Corporación Nacional de Petróleos de China S.A.,Etapa I - COSAPI,Sin afectación,0.0,1ra Evaluacion,,2024.0,Supervisado,PIURA,TALARA,EL ALTO
-81.09577,-4.26659,EA6201,Zapotal,CNPC - Corporación Nacional de Petróleos de China S.A.,Etapa I - COSAPI,Con afectación,338.48,1ra Evaluacion,2,2024.0,Supervisado,PIURA,TALARA,EL ALTO
-81.12188,-4.29412,EA7138,Zapotal,CNPC - Corporación Nacional de Petróleos de China S.A.,Etapa I - COSAPI,Sin afectación,0.0,1ra Evaluacion,,2025.0,Supervisado,PIURA,TALARA,EL ALTO
-81.09821,-4.26924,EA6088,Zapotal,CNPC - Corporación Nacional de Petróleos de China S.A.,Etapa I - COSAPI,Sin afectación,0.0,1ra Evaluacion,,2024.0,Supervisado,PIURA,TALARA,EL ALTO
-81.11371,-4.26479,EA7121,Zapotal,CNPC - Corporación Nacional de Petróleos de China S.A.,Etapa I - COSAPI,Sin afectación,0.0,1ra Evaluacion,,2024.0,Supervisado,PIURA,TALARA,EL ALTO
-81.14507,-4.26373,EA2228,Zapotal,CNPC - Corporación Nacional de Petróleos de China S.A.,Etapa I - COSAPI,Sin afectación,0.0,1ra Evaluacion,,2023.0,Supervisado,PIURA,TALARA,EL ALTO
-81.09956,-4.27971,EA7156,Zapotal,CNPC - Corporación Nacional de Petróleos de China S.A.,Etapa I - COSAPI,No supervisada,0.0,1ra Evaluacion,,,Verificado,PIURA,TALARA,EL ALTO
-81.14138,-4.26239,EA10628,Zapotal,CNPC - Corporación Nacional de Petróleos de China S.A.,Etapa I - COSAPI,No supervisada,0.0,1ra Evaluacion,,,Verificado,PIURA,TALARA,EL ALTO
-81.09463,-4.27005,EA6406,Zapotal,CNPC - Corporación Nacional de Petróleos de China S.A.,Etapa I - COSAPI,Sin afectación,0.0,1ra Evaluacion,,2024.0,Supervisado,PIURA,TALARA,EL ALTO
-81.09827,-4.2667,EA7131,Zapotal,CNPC - Corporación Nacional de Petróleos de China S.A.,Etapa I - COSAPI,Sin afectación,0.0,1ra Evaluacion,,2024.0,Supervisado,PIURA,TALARA,EL ALTO
-81.11408,-4.26148,EA7136,Zapotal,CNPC - Corporación Nacional de Petróleos de China S.A.,Etapa I - COSAPI,Sin afectación,0.0,1ra Evaluacion,,2024.0,Supervisado,PIURA,TALARA,EL ALTO
-81.10826,-4.26962,EA7098,Zapotal,CNPC - Corporación Nacional de Petróleos de China S.A.,Etapa I - COSAPI,Con afectación,45.53,1ra Evaluacion,1,2024.0,Supervisado,PIURA,TALARA,EL ALTO
-81.14477,-4.26213,EA10002,Zapotal,CNPC - Corporación Nacional de Petróleos de China S.A.,Etapa I - COSAPI,Sin afectación,0.0,1ra Evaluacion,,2025.0,Supervisado,PIURA,TALARA,EL ALTO
-81.09713,-4.27269,EA6243,Zapotal,CNPC - Corporación Nacional de Petróleos de China S.A.,Etapa I - COSAPI,Sin afectación,0.0,1ra Evaluacion,,2024.0,Supervisado,PIURA,TALARA,EL ALTO
-81.14269,-4.26216,EA9823,Zapotal,CNPC - Corporación Nacional de Petróleos de China S.A.,Etapa I - COSAPI,Sin afectación,0.0,1ra Evaluacion,,2023.0,Supervisado,PIURA,TALARA,EL ALTO
-81.10208,-4.26348,EA7059,Zapotal,CNPC - Corporación Nacional de Petróleos de China S.A.,Etapa I - COSAPI,Sin afectación,0.0,1ra Evaluacion,,2024.0,Supervisado,PIURA,TALARA,EL ALTO
-81.11789,-4.2701,EA6414,Zapotal,CNPC - Corporación Nacional de Petróleos de China S.A.,Etapa I - COSAPI,Sin afectación,0.0,1ra Evaluacion,,2024.0,Supervisado,PIURA,TALARA,EL ALTO
-81.0984,-4.26402,EA7043,Zapotal,CNPC - Corporación Nacional de Petróleos de China S.A.,Etapa I - COSAPI,Sin afectación,0.0,1ra Evaluacion,,2022.0,Supervisado,PIURA,TALARA,EL ALTO
-81.14215,-4.26311,EA1190,Zapotal,CNPC - Corporación Nacional de Petróleos de China S.A.,Etapa I - COSAPI,Con afectación,3.0,1ra Evaluacion,1,2025.0,Supervisado,PIURA,TALARA,EL ALTO
-81.0942,-4.27585,EA7128,Zapotal,CNPC - Corporación Nacional de Petróleos de China S.A.,Etapa I - COSAPI,Con afectación,95.73,1ra Evaluacion,1,2022.0,Supervisado,PIURA,TALARA,EL ALTO
-81.09284,-4.27302,EA7061,Zapotal,CNPC - Corporación Nacional de Petróleos de China S.A.,Etapa I - COSAPI,Sin afectación,0.0,1ra Evaluacion,,2024.0,Supervisado,PIURA,TALARA,EL ALTO
-81.09172,-4.27047,EA7114,Zapotal,CNPC - Corporación Nacional de Petróleos de China S.A.,Etapa I - COSAPI,Sin afectación,0.0,1ra Evaluacion,,2024.0,Supervisado,PIURA,TALARA,EL ALTO
-81.1007,-4.26674,EA6318,Zapotal,CNPC - Corporación Nacional de Petróleos de China S.A.,Etapa I - COSAPI,Sin afectación,0.0,1ra Evaluacion,,2024.0,Supervisado,PIURA,TALARA,EL ALTO
-81.08964,-4.27201,EA7047,Zapotal,CNPC - Corporación Nacional de Petróleos de China S.A.,Etapa I - COSAPI,Sin afectación,0.0,1ra Evaluacion,,2024.0,Supervisado,PIURA,TALARA,EL ALTO
-81.09235,-4.26743,EA7056,Zapotal,CNPC - Corporación Nacional de Petróleos de China S.A.,Etapa I - COSAPI,Sin afectación,0.0,1ra Evaluacion,,2024.0,Supervisado,PIURA,TALARA,EL ALTO
-81.08681,-4.26981,EA7101,Zapotal,CNPC - Corporación Nacional de Petróleos de China S.A.,Etapa I - COSAPI,Con afectación,107.04,1ra Evaluacion,2,2024.0,Supervisado,PIURA,TALARA,EL ALTO
-81.08622,-4.26466,EA7057,Zapotal,CNPC - Corporación Nacional de Petróleos de China S.A.,Etapa I - COSAPI,Sin afectación,0.0,1ra Evaluacion,,2024.0,Supervisado,PIURA,TALARA,EL ALTO
-81.08988,-4.26474,EA6407,Zapotal,CNPC - Corporación Nacional de Petróleos de China S.A.,Etapa I - COSAPI,Sin afectación,0.0,1ra Evaluacion,,2024.0,Supervisado,PIURA,TALARA,EL ALTO
-81.09336,-4.26397,EA6313,Zapotal,CNPC - Corporación Nacional de Petróleos de China S.A.,Etapa I - COSAPI,Con afectación,12.94,1ra Evaluacion,1,2024.0,Supervisado,PIURA,TALARA,EL ALTO
-81.08885,-4.26795,EA7113,Zapotal,CNPC - Corporación Nacional de Petróleos de China S.A.,Etapa I - COSAPI,No supervisada,0.0,1ra Evaluacion,,,Verificado,PIURA,TALARA,EL ALTO
-81.08353,-4.26207,EA7041,Zapotal,CNPC - Corporación Nacional de Petróleos de China S.A.,Etapa I - COSAPI,Sin afectación,0.0,1ra Evaluacion,,2024.0,Supervisado,PIURA,TALARA,EL ALTO
-81.09592,-4.26139,EA7044,Zapotal,CNPC - Corporación Nacional de Petróleos de China S.A.,Etapa I - COSAPI,Con afectación,32.7,1ra Evaluacion,1,2024.0,Supervisado,PIURA,TALARA,EL ALTO
-81.09942,-4.26049,EA7064,Zapotal,CNPC - Corporación Nacional de Petróleos de China S.A.,Etapa I - COSAPI,No supervisada,0.0,1ra Evaluacion,,,Verificado,PIURA,TALARA,EL ALTO
-81.08717,-4.26123,EA7039,Zapotal,CNPC - Corporación Nacional de Petróleos de China S.A.,Etapa I - COSAPI,Sin afectación,0.0,1ra Evaluacion,,2024.0,Supervisado,PIURA,TALARA,EL ALTO
-81.10068,-4.27194,EA6018,Zapotal,CNPC - Corporación Nacional de Petróleos de China S.A.,Etapa I - COSAPI,No supervisada,0.0,1ra Evaluacion,,,Verificado,PIURA,TALARA,EL ALTO
-81.09147,-4.26128,EA7092,Zapotal,CNPC - Corporación Nacional de Petróleos de China S.A.,Etapa I - COSAPI,Sin afectación,0.0,1ra Evaluacion,,2024.0,Supervisado,PIURA,TALARA,EL ALTO
-81.13546,-4.26162,EA10007,Zapotal,CNPC - Corporación Nacional de Petróleos de China S.A.,Etapa I - COSAPI,Con afectación,9.13,1ra Evaluacion,1,2023.0,Supervisado,PIURA,TALARA,EL ALTO
-81.14196,-4.26053,EA2249,Zapotal,CNPC - Corporación Nacional de Petróleos de China S.A.,Etapa I - COSAPI,Sin afectación,0.0,1ra Evaluacion,,2023.0,Supervisado,PIURA,TALARA,EL ALTO
-81.13353,-4.26138,EA9679,Zapotal,CNPC - Corporación Nacional de Petróleos de China S.A.,Etapa I - COSAPI,No supervisada,0.0,1ra Evaluacion,,,Observado,PIURA,TALARA,EL ALTO
-81.14025,-4.26043,EA10631,Zapotal,CNPC - Corporación Nacional de Petróleos de China S.A.,Etapa I - COSAPI,No supervisada,0.0,1ra Evaluacion,,,Verificado,PIURA,TALARA,EL ALTO
-81.13443,-4.26066,EA1344,Zapotal,CNPC - Corporación Nacional de Petróleos de China S.A.,Etapa I - COSAPI,Con afectación,54.97,1ra Evaluacion,1,2023.0,Supervisado,PIURA,TALARA,EL ALTO
-81.13886,-4.25989,EA1309,Zapotal,CNPC - Corporación Nacional de Petróleos de China S.A.,Etapa I - COSAPI,No supervisada,0.0,1ra Evaluacion,,,Observado,PIURA,TALARA,EL ALTO
-81.13694,-4.26122,EA10114,Zapotal,CNPC - Corporación Nacional de Petróleos de China S.A.,Etapa I - COSAPI,Sin afectación,0.0,1ra Evaluacion,,2023.0,Supervisado,PIURA,TALARA,EL ALTO
-81.14827,-4.26057,EA10144,Zapotal,CNPC - Corporación Nacional de Petróleos de China S.A.,Etapa I - COSAPI,No supervisada,0.0,No hay informacion,,,Observado,PIURA,TALARA,EL ALTO
-81.14455,-4.26056,EA2142,Zapotal,CNPC - Corporación Nacional de Petróleos de China S.A.,Etapa I - COSAPI,Sin afectación,0.0,1ra Evaluacion,,2025.0,Supervisado,PIURA,TALARA,EL ALTO
-81.13497,-4.26307,EA2057,Zapotal,CNPC - Corporación Nacional de Petróleos de China S.A.,Etapa I - COSAPI,Sin afectación,0.0,1ra Evaluacion,,2023.0,Supervisado,PIURA,TALARA,EL ALTO
-81.1496,-4.26643,EA9711,Zapotal,CNPC - Corporación Nacional de Petróleos de China S.A.,Etapa I - COSAPI,Sin afectación,0.0,1ra Evaluacion,,2023.0,Supervisado,PIURA,TALARA,EL ALTO
-81.14412,-4.2711,EA9599,Zapotal,CNPC - Corporación Nacional de Petróleos de China S.A.,Etapa I - COSAPI,No supervisada,0.0,1ra Evaluacion,,,Observado,PIURA,TALARA,EL ALTO
-81.14281,-4.26063,EA10288,Zapotal,CNPC - Corporación Nacional de Petróleos de China S.A.,Etapa I - COSAPI,Sin afectación,0.0,1ra Evaluacion,,2023.0,Supervisado,PIURA,TALARA,EL ALTO
-81.14461,-4.27661,EA9316,Zapotal,CNPC - Corporación Nacional de Petróleos de China S.A.,Etapa I - COSAPI,Sin afectación,0.0,1ra Evaluacion,,2023.0,Supervisado,PIURA,TALARA,EL ALTO
-81.14347,-4.2642,EA10231,Zapotal,CNPC - Corporación Nacional de Petróleos de China S.A.,Etapa I - COSAPI,Sin afectación,0.0,1ra Evaluacion,,2023.0,Supervisado,PIURA,TALARA,EL ALTO
-81.13583,-4.26197,EA7166,Zapotal,CNPC - Corporación Nacional de Petróleos de China S.A.,Etapa I - COSAPI,Sin afectación,0.0,1ra Evaluacion,,2023.0,Supervisado,PIURA,TALARA,EL ALTO
-81.14445,-4.27438,EA9544,Zapotal,CNPC - Corporación Nacional de Petróleos de China S.A.,Etapa I - COSAPI,Sin afectación,0.0,1ra Evaluacion,,2023.0,Supervisado,PIURA,TALARA,EL ALTO
-81.14655,-4.26257,EA10257,Zapotal,CNPC - Corporación Nacional de Petróleos de China S.A.,Etapa I - COSAPI,Sin afectación,0.0,1ra Evaluacion,,2023.0,Supervisado,PIURA,TALARA,EL ALTO
-81.1453,-4.27917,EA9851,Zapotal,CNPC - Corporación Nacional de Petróleos de China S.A.,Etapa I - COSAPI,No supervisada,0.0,1ra Evaluacion,,,Observado,PIURA,TALARA,EL ALTO
-81.14703,-4.27089,EA10501,Zapotal,CNPC - Corporación Nacional de Petróleos de China S.A.,Etapa I - COSAPI,No supervisada,0.0,No hay informacion,,,Observado,PIURA,TALARA,EL ALTO
-81.14523,-4.26914,EA9578,Zapotal,CNPC - Corporación Nacional de Petróleos de China S.A.,Etapa I - COSAPI,No supervisada,0.0,1ra Evaluacion,,,Observado,PIURA,TALARA,EL ALTO
-81.13964,-4.26985,EA9303,Zapotal,CNPC - Corporación Nacional de Petróleos de China S.A.,Etapa I - COSAPI,No supervisada,0.0,1ra Evaluacion,,,Observado,PIURA,TALARA,EL ALTO
-81.13736,-4.26435,EA1055,Zapotal,CNPC - Corporación Nacional de Petróleos de China S.A.,Etapa I - COSAPI,No supervisada,0.0,1ra Evaluacion,,,Observado,PIURA,TALARA,EL ALTO
-81.14991,-4.27609,EA5799,Zapotal,CNPC - Corporación Nacional de Petróleos de China S.A.,Etapa I - COSAPI,Sin afectación,0.0,1ra Evaluacion,,2023.0,Supervisado,PIURA,TALARA,EL ALTO
-81.0955,-4.26411,EA7198,Zapotal,CNPC - Corporación Nacional de Petróleos de China S.A.,Etapa I - COSAPI,No supervisada,0.0,1ra Evaluacion,,2024.0,Observado,PIURA,TALARA,EL ALTO
-81.14707,-4.27569,EA9576,Zapotal,CNPC - Corporación Nacional de Petróleos de China S.A.,Etapa I - COSAPI,Sin afectación,0.0,1ra Evaluacion,,2023.0,Supervisado,PIURA,TALARA,EL ALTO
-81.14605,-4.27403,EA2297,Zapotal,CNPC - Corporación Nacional de Petróleos de China S.A.,Etapa I - COSAPI,No supervisada,0.0,1ra Evaluacion,,,Observado,PIURA,TALARA,EL ALTO
-81.14982,-4.27687,EA9958,Zapotal,CNPC - Corporación Nacional de Petróleos de China S.A.,Etapa I - COSAPI,Con afectación,14.46,1ra Evaluacion,2,2023.0,Supervisado,PIURA,TALARA,EL ALTO
-81.14345,-4.27648,MNF-MC4H-ZA01,Zapotal,CNPC - Corporación Nacional de Petróleos de China S.A.,Etapa I - COSAPI,Sin afectación,0.0,1ra Evaluacion,,2023.0,Supervisado,PIURA,TALARA,EL ALTO
-81.14309,-4.27623,EA1024,Zapotal,CNPC - Corporación Nacional de Petróleos de China S.A.,Etapa I - COSAPI,No supervisada,0.0,1ra Evaluacion,,,Observado,PIURA,TALARA,EL ALTO
-81.1496,-4.27278,EA2286,Zapotal,CNPC - Corporación Nacional de Petróleos de China S.A.,Etapa I - COSAPI,Con afectación,10.18,1ra Evaluacion,1,2023.0,Supervisado,PIURA,TALARA,EL ALTO
-81.1464,-4.27742,EA9546,Zapotal,CNPC - Corporación Nacional de Petróleos de China S.A.,Etapa I - COSAPI,No supervisada,0.0,1ra Evaluacion,,,Observado,PIURA,TALARA,EL ALTO
-81.13736,-4.26543,EA1027,Zapotal,CNPC - Corporación Nacional de Petróleos de China S.A.,Etapa I - COSAPI,Sin afectación,0.0,1ra Evaluacion,,2023.0,Supervisado,PIURA,TALARA,EL ALTO
-81.14127,-4.2794,EA7147,Zapotal,CNPC - Corporación Nacional de Petróleos de China S.A.,Etapa I - COSAPI,Sin afectación,0.0,1ra Evaluacion,,2023.0,Supervisado,PIURA,TALARA,EL ALTO
-81.1422,-4.27036,BAT-ZA01,Zapotal,CNPC - Corporación Nacional de Petróleos de China S.A.,Etapa I - COSAPI,Con afectación,15.0,1ra Evaluacion,5,2025.0,Supervisado,PIURA,TALARA,EL ALTO
-81.08511,-4.24818,EA7002,Laguna,CNPC - Corporación Nacional de Petróleos de China S.A.,Etapa I - COSAPI,Sin afectación,0.0,1ra Evaluacion,,2023.0,Supervisado,PIURA,TALARA,EL ALTO
-81.08774,-4.25114,EA7003,Laguna,CNPC - Corporación Nacional de Petróleos de China S.A.,Etapa I - COSAPI,Sin afectación,0.0,1ra Evaluacion,,2024.0,Supervisado,PIURA,TALARA,EL ALTO
-81.08407,-4.25167,EA5910,Laguna,CNPC - Corporación Nacional de Petróleos de China S.A.,Etapa I - COSAPI,Sin afectación,0.0,2da Evaluacion,,2023.0,Supervisado,PIURA,TALARA,EL ALTO
-81.14323,-4.27262,EA2357,Zapotal,CNPC - Corporación Nacional de Petróleos de China S.A.,Etapa I - COSAPI,Sin afectación,0.0,1ra Evaluacion,,2022.0,Supervisado,PIURA,TALARA,EL ALTO
-81.14234,-4.27874,EA10418,Zapotal,CNPC - Corporación Nacional de Petróleos de China S.A.,Etapa I - COSAPI,No supervisada,0.0,1ra Evaluacion,,,Observado,PIURA,TALARA,EL ALTO
-81.14266,-4.27395,EA9314,Zapotal,CNPC - Corporación Nacional de Petróleos de China S.A.,Etapa I - COSAPI,No supervisada,0.0,1ra Evaluacion,,,Observado,PIURA,TALARA,EL ALTO
-81.08326,-4.25517,EA7006,Laguna,CNPC - Corporación Nacional de Petróleos de China S.A.,Etapa I - COSAPI,Sin afectación,0.0,1ra Evaluacion,,2024.0,Supervisado,PIURA,TALARA,EL ALTO
-81.08286,-4.24587,EA7022,Laguna,CNPC - Corporación Nacional de Petróleos de China S.A.,Etapa I - COSAPI,Sin afectación,0.0,1ra Evaluacion,,2024.0,Supervisado,PIURA,TALARA,EL ALTO
-81.08646,-4.24505,EA7024,Laguna,CNPC - Corporación Nacional de Petróleos de China S.A.,Etapa I - COSAPI,Sin afectación,0.0,1ra Evaluacion,,2023.0,Supervisado,PIURA,TALARA,EL ALTO
-81.09019,-4.25729,EA7042,Laguna,CNPC - Corporación Nacional de Petróleos de China S.A.,Etapa I - COSAPI,Sin afectación,0.0,2da Evaluacion,,2024.0,Supervisado,PIURA,TALARA,EL ALTO
-81.09025,-4.25395,EA7034,Laguna,CNPC - Corporación Nacional de Petróleos de China S.A.,Etapa I - COSAPI,No supervisada,0.0,No hay informacion,,,Verificado,PIURA,TALARA,EL ALTO
-81.14368,-4.27886,EA5951,Zapotal,CNPC - Corporación Nacional de Petróleos de China S.A.,Etapa I - COSAPI,Con afectación,11.48,1ra Evaluacion,1,2023.0,Supervisado,PIURA,TALARA,EL ALTO
-81.0856,-4.25785,EA7028,Laguna,CNPC - Corporación Nacional de Petróleos de China S.A.,Etapa I - COSAPI,Sin afectación,0.0,1ra Evaluacion,,2024.0,Supervisado,PIURA,TALARA,EL ALTO
-81.08211,-4.25866,EA7023,Laguna,CNPC - Corporación Nacional de Petróleos de China S.A.,Etapa I - COSAPI,Sin afectación,0.0,1ra Evaluacion,,2024.0,Supervisado,PIURA,TALARA,EL ALTO
-81.08045,-4.25258,EA6412,Laguna,CNPC - Corporación Nacional de Petróleos de China S.A.,Etapa I - COSAPI,Sin afectación,0.0,1ra Evaluacion,,2024.0,Supervisado,PIURA,TALARA,EL ALTO
-81.0782,-4.24986,EA7031,Laguna,CNPC - Corporación Nacional de Petróleos de China S.A.,Etapa I - COSAPI,Sin afectación,0.0,1ra Evaluacion,,2024.0,Supervisado,PIURA,TALARA,EL ALTO
-81.08154,-4.24903,EA7001,Laguna,CNPC - Corporación Nacional de Petróleos de China S.A.,Etapa I - COSAPI,Sin afectación,0.0,1ra Evaluacion,,2024.0,Supervisado,PIURA,TALARA,EL ALTO
-81.07922,-4.2464,EA7033,Laguna,CNPC - Corporación Nacional de Petróleos de China S.A.,Etapa I - COSAPI,Con afectación,327.69,1ra Evaluacion,1,2024.0,Supervisado,PIURA,TALARA,EL ALTO
-81.08049,-4.24314,EA7107,Laguna,CNPC - Corporación Nacional de Petróleos de China S.A.,Etapa I - COSAPI,Con afectación,45746.0,1ra Evaluacion,1,2023.0,Supervisado,PIURA,TALARA,EL ALTO
-81.08656,-4.25439,EA7004,Laguna,CNPC - Corporación Nacional de Petróleos de China S.A.,Etapa I - COSAPI,Sin afectación,0.0,1ra Evaluacion,,2024.0,Supervisado,PIURA,TALARA,EL ALTO
-81.07699,-4.24244,EA7076,Laguna,CNPC - Corporación Nacional de Petróleos de China S.A.,Etapa I - COSAPI,No supervisada,0.0,No hay informacion,,,Verificado,PIURA,TALARA,EL ALTO
-81.08135,-4.24003,EA6413,Laguna,CNPC - Corporación Nacional de Petróleos de China S.A.,Etapa I - COSAPI,Sin afectación,0.0,1ra Evaluacion,,2022.0,Supervisado,PIURA,TALARA,EL ALTO
-81.07788,-4.23928,EA7012,Laguna,CNPC - Corporación Nacional de Petróleos de China S.A.,Etapa I - COSAPI,Con afectación,341.05,1ra Evaluacion,2,2024.0,Supervisado,PIURA,TALARA,EL ALTO
-81.08366,-4.24249,EA7007,Laguna,CNPC - Corporación Nacional de Petróleos de China S.A.,Etapa I - COSAPI,Con afectación,50.92,1ra Evaluacion,2,2024.0,Supervisado,PIURA,TALARA,EL ALTO
-81.09333,-4.25888,EA6479,Laguna,CNPC - Corporación Nacional de Petróleos de China S.A.,Etapa I - COSAPI,Sin afectación,0.0,1ra Evaluacion,,2024.0,Supervisado,PIURA,TALARA,EL ALTO
-81.13686,-4.25722,EA2422,Somatito,CNPC - Corporación Nacional de Petróleos de China S.A.,Etapa I - COSAPI,Con afectación,24.61,1ra Evaluacion,1,2023.0,Supervisado,PIURA,TALARA,EL ALTO
-81.07565,-4.24581,EA7106,Laguna,CNPC - Corporación Nacional de Petróleos de China S.A.,Etapa I - COSAPI,Con afectación,244.79,1ra Evaluacion,1,2023.0,Supervisado,PIURA,TALARA,EL ALTO
-81.09661,-4.25285,EA7054,Laguna,CNPC - Corporación Nacional de Petróleos de China S.A.,Etapa I - COSAPI,Sin afectación,0.0,1ra Evaluacion,,2024.0,Supervisado,PIURA,TALARA,EL ALTO
-81.07461,-4.23992,EA7104,Laguna,CNPC - Corporación Nacional de Petróleos de China S.A.,Etapa I - COSAPI,Sin afectación,0.0,1ra Evaluacion,,2023.0,Supervisado,PIURA,TALARA,EL ALTO
-81.09038,-4.24646,EA7069,Laguna,CNPC - Corporación Nacional de Petróleos de China S.A.,Etapa I - COSAPI,Con afectación,64.86,1ra Evaluacion,1,2024.0,Supervisado,PIURA,TALARA,EL ALTO
-81.09662,-4.23634,EA5671,Laguna,CNPC - Corporación Nacional de Petróleos de China S.A.,Etapa I - COSAPI,Sin afectación,0.0,1ra Evaluacion,,2023.0,Supervisado,PIURA,TALARA,EL ALTO
-81.0932,-4.24305,EA7071,Laguna,CNPC - Corporación Nacional de Petróleos de China S.A.,Etapa I - COSAPI,No supervisada,0.0,No hay informacion,,,Verificado,PIURA,TALARA,EL ALTO
-81.07992,-4.2427,MNF-MC7107-LA09,Laguna,CNPC - Corporación Nacional de Petróleos de China S.A.,Etapa I - COSAPI,No supervisada,0.0,1ra Evaluacion,,2024.0,Observado,PIURA,TALARA,EL ALTO
-81.09103,-4.24988,EA5655,Laguna,CNPC - Corporación Nacional de Petróleos de China S.A.,Etapa I - COSAPI,Con afectación,64.87,1ra Evaluacion,1,2023.0,Supervisado,PIURA,TALARA,EL ALTO
-81.09652,-4.23994,EA5822,Laguna,CNPC - Corporación Nacional de Petróleos de China S.A.,Etapa I - COSAPI,Sin afectación,0.0,1ra Evaluacion,,2022.0,Supervisado,PIURA,TALARA,EL ALTO
-81.09635,-4.23231,EA5623A,Laguna,CNPC - Corporación Nacional de Petróleos de China S.A.,Etapa I - COSAPI,Sin afectación,0.0,1ra Evaluacion,,2023.0,Supervisado,PIURA,TALARA,EL ALTO
-81.09154,-4.23937,EA7016,Laguna,CNPC - Corporación Nacional de Petróleos de China S.A.,Etapa I - COSAPI,Sin afectación,0.0,1ra Evaluacion,,2023.0,Supervisado,PIURA,TALARA,EL ALTO
-81.1009,-4.23577,EA6068,Laguna,CNPC - Corporación Nacional de Petróleos de China S.A.,Etapa I - COSAPI,Sin afectación,0.0,1ra Evaluacion,,2023.0,Supervisado,PIURA,TALARA,EL ALTO
-81.0995,-4.23813,EA5927,Laguna,CNPC - Corporación Nacional de Petróleos de China S.A.,Etapa I - COSAPI,Sin afectación,0.0,1ra Evaluacion,,2023.0,Supervisado,PIURA,TALARA,EL ALTO
-81.0934,-4.25537,EA7052,Laguna,CNPC - Corporación Nacional de Petróleos de China S.A.,Etapa I - COSAPI,Sin afectación,0.0,1ra Evaluacion,,2024.0,Supervisado,PIURA,TALARA,EL ALTO
-81.09352,-4.23464,EA5619,Laguna,CNPC - Corporación Nacional de Petróleos de China S.A.,Etapa I - COSAPI,Sin afectación,0.0,1ra Evaluacion,,2023.0,Supervisado,PIURA,TALARA,EL ALTO
-81.08998,-4.24192,EA7197,Laguna,CNPC - Corporación Nacional de Petróleos de China S.A.,Etapa I - COSAPI,No supervisada,0.0,1ra Evaluacion,,,Verificado,PIURA,TALARA,EL ALTO
-81.0904,-4.23208,EA1955,Laguna,CNPC - Corporación Nacional de Petróleos de China S.A.,Etapa I - COSAPI,Con afectación,111.38,1ra Evaluacion,1,2023.0,Supervisado,PIURA,TALARA,EL ALTO
-81.08945,-4.236,EA5727,Laguna,CNPC - Corporación Nacional de Petróleos de China S.A.,Etapa I - COSAPI,Sin afectación,0.0,1ra Evaluacion,,2023.0,Supervisado,PIURA,TALARA,EL ALTO
-81.15663,-4.24434,EA7228,Ballena,CNPC - Corporación Nacional de Petróleos de China S.A.,Etapa I - COSAPI,Sin afectación,0.0,1ra Evaluacion,,2023.0,Supervisado,PIURA,TALARA,EL ALTO
-81.14059,-4.24865,EA9459,Somatito,CNPC - Corporación Nacional de Petróleos de China S.A.,Etapa I - COSAPI,Sin afectación,0.0,1ra Evaluacion,,2025.0,Supervisado,PIURA,TALARA,EL ALTO
-81.1493,-4.24715,PQA-EA9431,Somatito,CNPC - Corporación Nacional de Petróleos de China S.A.,Etapa I - COSAPI,Sin afectación,0.0,1ra Evaluacion,,2025.0,Supervisado,PIURA,TALARA,EL ALTO
-81.18683,-4.25546,EA6823,Ballena,CNPC - Corporación Nacional de Petróleos de China S.A.,Etapa I - COSAPI,Sin afectación,0.0,1ra Evaluacion,,2023.0,Supervisado,PIURA,TALARA,EL ALTO
-81.19172,-4.25761,EA2519,Ballena,CNPC - Corporación Nacional de Petróleos de China S.A.,Etapa I - COSAPI,Sin afectación,0.0,1ra Evaluacion,,2023.0,Supervisado,PIURA,TALARA,EL ALTO
-81.19159,-4.26088,EA5667,Ballena,CNPC - Corporación Nacional de Petróleos de China S.A.,Etapa I - COSAPI,Sin afectación,0.0,1ra Evaluacion,,2023.0,Supervisado,PIURA,TALARA,EL ALTO
-81.19445,-4.26001,EA1975,Ballena,CNPC - Corporación Nacional de Petróleos de China S.A.,Etapa I - COSAPI,Con afectación,1147.16,1ra Evaluacion,3,2024.0,Supervisado,PIURA,TALARA,EL ALTO
-81.19268,-4.26298,EA5621,Ballena,CNPC - Corporación Nacional de Petróleos de China S.A.,Etapa I - COSAPI,Sin afectación,0.0,1ra Evaluacion,,2023.0,Supervisado,PIURA,TALARA,EL ALTO
-81.18382,-4.25577,EA6104,Ballena,CNPC - Corporación Nacional de Petróleos de China S.A.,Etapa I - COSAPI,Sin afectación,0.0,1ra Evaluacion,,2023.0,Supervisado,PIURA,TALARA,EL ALTO
-81.18232,-4.25391,EA6026,Ballena,CNPC - Corporación Nacional de Petróleos de China S.A.,Etapa I - COSAPI,Sin afectación,0.0,1ra Evaluacion,,2023.0,Supervisado,PIURA,TALARA,EL ALTO
-81.18976,-4.24877,EA5856,Ballena,CNPC - Corporación Nacional de Petróleos de China S.A.,Etapa I - COSAPI,Con afectación,21.27,1ra Evaluacion,1,2022.0,Supervisado,PIURA,TALARA,EL ALTO
-81.18371,-4.26517,EA1509,Ballena,CNPC - Corporación Nacional de Petróleos de China S.A.,Etapa I - COSAPI,Sin afectación,0.0,1ra Evaluacion,,2025.0,Supervisado,PIURA,TALARA,EL ALTO
-81.19379,-4.25683,EA6736,Ballena,CNPC - Corporación Nacional de Petróleos de China S.A.,Etapa I - COSAPI,Sin afectación,0.0,1ra Evaluacion,,2023.0,Supervisado,PIURA,TALARA,EL ALTO
-81.18455,-4.24113,EA6767,Ballena,CNPC - Corporación Nacional de Petróleos de China S.A.,Etapa I - COSAPI,Sin afectación,0.0,1ra Evaluacion,,2023.0,Supervisado,PIURA,TALARA,EL ALTO
-81.19065,-4.2634,EA1286,Ballena,CNPC - Corporación Nacional de Petróleos de China S.A.,Etapa I - COSAPI,Sin afectación,0.0,1ra Evaluacion,,2023.0,Supervisado,PIURA,TALARA,EL ALTO
-81.19012,-4.25375,EA7219,Ballena,CNPC - Corporación Nacional de Petróleos de China S.A.,Etapa I - COSAPI,Sin afectación,0.0,1ra Evaluacion,,2023.0,Supervisado,PIURA,TALARA,EL ALTO
-81.19492,-4.25481,EA7871,Ballena,CNPC - Corporación Nacional de Petróleos de China S.A.,Etapa I - COSAPI,Sin afectación,0.0,1ra Evaluacion,,2023.0,Supervisado,PIURA,TALARA,EL ALTO
-81.18822,-4.24706,EA7212,Ballena,CNPC - Corporación Nacional de Petróleos de China S.A.,Etapa I - COSAPI,Sin afectación,0.0,1ra Evaluacion,,2023.0,Supervisado,PIURA,TALARA,EL ALTO
-81.17794,-4.23791,EA7226,Ballena,CNPC - Corporación Nacional de Petróleos de China S.A.,Etapa I - COSAPI,Con afectación,12.38,1ra Evaluacion,1,2023.0,Supervisado,PIURA,TALARA,EL ALTO
-81.18471,-4.23763,EA5705,Ballena,CNPC - Corporación Nacional de Petróleos de China S.A.,Etapa I - COSAPI,Sin afectación,0.0,1ra Evaluacion,,2023.0,Supervisado,PIURA,TALARA,EL ALTO
-81.18939,-4.25769,EA6106,Ballena,CNPC - Corporación Nacional de Petróleos de China S.A.,Etapa I - COSAPI,Sin afectación,0.0,1ra Evaluacion,,2024.0,Supervisado,PIURA,TALARA,EL ALTO
-81.19028,-4.26556,EA5788,Ballena,CNPC - Corporación Nacional de Petróleos de China S.A.,Etapa I - COSAPI,Sin afectación,0.0,1ra Evaluacion,,2024.0,Supervisado,PIURA,TALARA,EL ALTO
-81.14866,-4.24946,EA9468,Somatito,CNPC - Corporación Nacional de Petróleos de China S.A.,Etapa I - COSAPI,No supervisada,0.0,1ra Evaluacion,,,Observado,PIURA,TALARA,EL ALTO
-81.14465,-4.25167,PQA-EA9461,Somatito,CNPC - Corporación Nacional de Petróleos de China S.A.,Etapa I - COSAPI,Sin afectación,0.0,1ra Evaluacion,,2025.0,Supervisado,PIURA,TALARA,EL ALTO
-81.20495,-4.24085,EA6105,Verde,CNPC - Corporación Nacional de Petróleos de China S.A.,Etapa I - COSAPI,Con afectación,4.0,1ra Evaluacion,1,2025.0,Supervisado,PIURA,TALARA,EL ALTO
-81.15463,-4.24948,EA300,Ballena,CNPC - Corporación Nacional de Petróleos de China S.A.,Etapa I - COSAPI,Sin afectación,0.0,1ra Evaluacion,,2025.0,Supervisado,PIURA,TALARA,EL ALTO
-81.18288,-4.23612,EA5884,Ballena,CNPC - Corporación Nacional de Petróleos de China S.A.,Etapa I - COSAPI,Con afectación,14.0,1ra Evaluacion,2,2025.0,Supervisado,PIURA,TALARA,EL ALTO
-81.16073,-4.24637,EA6632,Ballena,CNPC - Corporación Nacional de Petróleos de China S.A.,Etapa I - COSAPI,Sin afectación,0.0,1ra Evaluacion,,2023.0,Supervisado,PIURA,TALARA,EL ALTO
-81.17115,-4.24375,EA6566,Ballena,CNPC - Corporación Nacional de Petróleos de China S.A.,Etapa I - COSAPI,Sin afectación,0.0,1ra Evaluacion,,2023.0,Supervisado,PIURA,TALARA,EL ALTO
-81.16972,-4.24649,EA6583,Ballena,CNPC - Corporación Nacional de Petróleos de China S.A.,Etapa I - COSAPI,Sin afectación,0.0,1ra Evaluacion,,2023.0,Supervisado,PIURA,TALARA,EL ALTO
-81.1684,-4.24712,EA354,Ballena,CNPC - Corporación Nacional de Petróleos de China S.A.,Etapa I - COSAPI,Con afectación,36.23,1ra Evaluacion,1,2023.0,Supervisado,PIURA,TALARA,EL ALTO
-81.16682,-4.24895,EA5697,Ballena,CNPC - Corporación Nacional de Petróleos de China S.A.,Etapa I - COSAPI,Sin afectación,0.0,1ra Evaluacion,,2022.0,Supervisado,PIURA,TALARA,EL ALTO
-81.16558,-4.24756,EA7564,Ballena,CNPC - Corporación Nacional de Petróleos de China S.A.,Etapa I - COSAPI,Con afectación,53.89,1ra Evaluacion,2,2024.0,Supervisado,PIURA,TALARA,EL ALTO
-81.17198,-4.25057,EA1351,Ballena,CNPC - Corporación Nacional de Petróleos de China S.A.,Etapa I - COSAPI,Con afectación,55.15,1ra Evaluacion,2,2023.0,Supervisado,PIURA,TALARA,EL ALTO
-81.19019,-4.24558,EA5829,Ballena,CNPC - Corporación Nacional de Petróleos de China S.A.,Etapa I - COSAPI,Sin afectación,0.0,1ra Evaluacion,,2023.0,Supervisado,PIURA,TALARA,EL ALTO
-81.1637,-4.2468,EA6723,Ballena,CNPC - Corporación Nacional de Petróleos de China S.A.,Etapa I - COSAPI,Con afectación,157.34,1ra Evaluacion,1,2023.0,Supervisado,PIURA,TALARA,EL ALTO
-81.18043,-4.23493,EA1178,Ballena,CNPC - Corporación Nacional de Petróleos de China S.A.,Etapa I - COSAPI,Sin afectación,0.0,1ra Evaluacion,,2023.0,Supervisado,PIURA,TALARA,EL ALTO
-81.17417,-4.25093,EA6707,Ballena,CNPC - Corporación Nacional de Petróleos de China S.A.,Etapa I - COSAPI,Sin afectación,0.0,1ra Evaluacion,,2023.0,Supervisado,PIURA,TALARA,EL ALTO
-81.16929,-4.24961,EA2098,Ballena,CNPC - Corporación Nacional de Petróleos de China S.A.,Etapa I - COSAPI,Sin afectación,0.0,1ra Evaluacion,,2022.0,Supervisado,PIURA,TALARA,EL ALTO
-81.17088,-4.2582,EA2148,Ballena,CNPC - Corporación Nacional de Petróleos de China S.A.,Etapa I - COSAPI,Con afectación,38.08,1ra Evaluacion,1,2024.0,Supervisado,PIURA,TALARA,EL ALTO
-81.17336,-4.25306,EA6588,Ballena,CNPC - Corporación Nacional de Petróleos de China S.A.,Etapa I - COSAPI,Con afectación,99.15,1ra Evaluacion,1,2024.0,Supervisado,PIURA,TALARA,EL ALTO
-81.17238,-4.25673,EA6581,Ballena,CNPC - Corporación Nacional de Petróleos de China S.A.,Etapa I - COSAPI,Con afectación,225.6,1ra Evaluacion,2,2024.0,Supervisado,PIURA,TALARA,EL ALTO
-81.17246,-4.25987,EA2147,Central,CNPC - Corporación Nacional de Petróleos de China S.A.,Etapa I - COSAPI,Sin afectación,0.0,1ra Evaluacion,,2024.0,Supervisado,PIURA,TALARA,EL ALTO
-81.17059,-4.26112,EA2137,Central,CNPC - Corporación Nacional de Petróleos de China S.A.,Etapa I - COSAPI,Sin afectación,0.0,1ra Evaluacion,,2023.0,Supervisado,PIURA,TALARA,EL ALTO
-81.19862,-4.25086,EA7301,Verde,CNPC - Corporación Nacional de Petróleos de China S.A.,Etapa I - COSAPI,Con afectación,203.14,1ra Evaluacion,2,2024.0,Supervisado,PIURA,TALARA,EL ALTO
-81.18625,-4.26161,EA7878,Ballena,CNPC - Corporación Nacional de Petróleos de China S.A.,Etapa I - COSAPI,Sin afectación,0.0,1ra Evaluacion,,2023.0,Supervisado,PIURA,TALARA,EL ALTO
-81.1834,-4.26284,EA7866,Ballena,CNPC - Corporación Nacional de Petróleos de China S.A.,Etapa I - COSAPI,Con afectación,39.67,1ra Evaluacion,1,2023.0,Supervisado,PIURA,TALARA,EL ALTO
-81.17821,-4.26375,EA2403,Ballena,CNPC - Corporación Nacional de Petróleos de China S.A.,Etapa I - COSAPI,Con afectación,99.98,1ra Evaluacion,1,2022.0,Supervisado,PIURA,TALARA,EL ALTO
-81.15984,-4.25643,EA2331,Ballena,CNPC - Corporación Nacional de Petróleos de China S.A.,Etapa I - COSAPI,Sin afectación,0.0,1ra Evaluacion,,2025.0,Supervisado,PIURA,TALARA,EL ALTO
-81.15891,-4.24962,EA1114,Ballena,CNPC - Corporación Nacional de Petróleos de China S.A.,Etapa I - COSAPI,Con afectación,631.41,1ra Evaluacion,1,2023.0,Supervisado,PIURA,TALARA,EL ALTO
-81.18393,-4.24683,BAT-BA34,Ballena,CNPC - Corporación Nacional de Petróleos de China S.A.,Etapa I - COSAPI,No supervisada,0.0,1ra Evaluacion,,,Planificado,PIURA,TALARA,EL ALTO
-81.15465,-4.25207,EA2154,Ballena,CNPC - Corporación Nacional de Petróleos de China S.A.,Etapa I - COSAPI,Sin afectación,0.0,1ra Evaluacion,,2025.0,Supervisado,PIURA,TALARA,EL ALTO
-81.17379,-4.24829,EA2122,Ballena,CNPC - Corporación Nacional de Petróleos de China S.A.,Etapa I - COSAPI,Con afectación,37.08,1ra Evaluacion,1,2023.0,Supervisado,PIURA,TALARA,EL ALTO
-81.1771,-4.25649,EA2371,Ballena,CNPC - Corporación Nacional de Petróleos de China S.A.,Etapa I - COSAPI,Con afectación,37.64,1ra Evaluacion,1,2024.0,Supervisado,PIURA,TALARA,EL ALTO
-81.17395,-4.25853,EA7929,Ballena,CNPC - Corporación Nacional de Petróleos de China S.A.,Etapa I - COSAPI,Sin afectación,0.0,1ra Evaluacion,,2023.0,Supervisado,PIURA,TALARA,EL ALTO
-81.17609,-4.25832,EA7904,Ballena,CNPC - Corporación Nacional de Petróleos de China S.A.,Etapa I - COSAPI,Sin afectación,0.0,1ra Evaluacion,,2023.0,Supervisado,PIURA,TALARA,EL ALTO
-81.16969,-4.25625,EA2146,Ballena,CNPC - Corporación Nacional de Petróleos de China S.A.,Etapa I - COSAPI,Sin afectación,0.0,1ra Evaluacion,,2024.0,Supervisado,PIURA,TALARA,EL ALTO
-81.17205,-4.25479,EA1364,Ballena,CNPC - Corporación Nacional de Petróleos de China S.A.,Etapa I - COSAPI,Sin afectación,0.0,1ra Evaluacion,,2025.0,Supervisado,PIURA,TALARA,EL ALTO
-81.17568,-4.25195,EA7552,Ballena,CNPC - Corporación Nacional de Petróleos de China S.A.,Etapa I - COSAPI,Sin afectación,0.0,1ra Evaluacion,,2024.0,Supervisado,PIURA,TALARA,EL ALTO
-81.17474,-4.25593,EA7991,Ballena,CNPC - Corporación Nacional de Petróleos de China S.A.,Etapa I - COSAPI,Con afectación,282.0,1ra Evaluacion,1,2023.0,Supervisado,PIURA,TALARA,EL ALTO
-81.17758,-4.25254,EA6684,Ballena,CNPC - Corporación Nacional de Petróleos de China S.A.,Etapa I - COSAPI,Con afectación,122.63,1ra Evaluacion,1,2023.0,Supervisado,PIURA,TALARA,EL ALTO
-81.18284,-4.26017,EA7928,Ballena,CNPC - Corporación Nacional de Petróleos de China S.A.,Etapa I - COSAPI,Con afectación,55.8,1ra Evaluacion,1,2023.0,Supervisado,PIURA,TALARA,EL ALTO
-81.1809,-4.26145,EA7291,Ballena,CNPC - Corporación Nacional de Petróleos de China S.A.,Etapa I - COSAPI,Sin afectación,0.0,1ra Evaluacion,,2023.0,Supervisado,PIURA,TALARA,EL ALTO
-81.18083,-4.25949,EA7917,Ballena,CNPC - Corporación Nacional de Petróleos de China S.A.,Etapa I - COSAPI,Sin afectación,0.0,1ra Evaluacion,,2023.0,Supervisado,PIURA,TALARA,EL ALTO
-81.17898,-4.2606,EA7868,Ballena,CNPC - Corporación Nacional de Petróleos de China S.A.,Etapa I - COSAPI,Sin afectación,0.0,1ra Evaluacion,,2023.0,Supervisado,PIURA,TALARA,EL ALTO
-81.17234,-4.25593,BAT-BA35,Ballena,CNPC - Corporación Nacional de Petróleos de China S.A.,Etapa I - COSAPI,Sin afectación,0.0,1ra Evaluacion,,2025.0,Supervisado,PIURA,TALARA,EL ALTO
-81.17689,-4.26195,EA2067,Central,CNPC - Corporación Nacional de Petróleos de China S.A.,Etapa I - COSAPI,Sin afectación,0.0,1ra Evaluacion,,2023.0,Supervisado,PIURA,TALARA,EL ALTO
-81.18427,-4.25877,EA7882,Ballena,CNPC - Corporación Nacional de Petróleos de China S.A.,Etapa I - COSAPI,Sin afectación,0.0,1ra Evaluacion,,2023.0,Supervisado,PIURA,TALARA,EL ALTO
-81.17953,-4.26242,EA7901,Ballena,CNPC - Corporación Nacional de Petróleos de China S.A.,Etapa I - COSAPI,Sin afectación,0.0,1ra Evaluacion,,2023.0,Supervisado,PIURA,TALARA,EL ALTO
-81.08707,-4.27362,PE148,Zapotal,CNPC - Corporación Nacional de Petróleos de China S.A.,Etapa I - COSAPI,No supervisada,0.0,1ra Evaluacion,,,Verificado,PIURA,TALARA,EL ALTO
-81.17548,-4.25395,EA322,Ballena,CNPC - Corporación Nacional de Petróleos de China S.A.,Etapa I - COSAPI,Sin afectación,0.0,1ra Evaluacion,,2023.0,Supervisado,PIURA,TALARA,EL ALTO
-81.16117,-4.24856,EA5843,Ballena,CNPC - Corporación Nacional de Petróleos de China S.A.,Etapa I - COSAPI,Sin afectación,0.0,1ra Evaluacion,,2023.0,Supervisado,PIURA,TALARA,EL ALTO
-81.15639,-4.25423,MNF-MC-BA35,Ballena,CNPC - Corporación Nacional de Petróleos de China S.A.,Etapa I - COSAPI,No supervisada,0.0,1ra Evaluacion,,,Observado,PIURA,TALARA,EL ALTO
-81.17904,-4.26723,EA5744,Ballena,CNPC - Corporación Nacional de Petróleos de China S.A.,Etapa I - COSAPI,Sin afectación,0.0,1ra Evaluacion,,2023.0,Supervisado,PIURA,TALARA,EL ALTO
-81.16022,-4.26104,EA1875,Central,CNPC - Corporación Nacional de Petróleos de China S.A.,Etapa I - COSAPI,Sin afectación,0.0,1ra Evaluacion,,2025.0,Supervisado,PIURA,TALARA,EL ALTO
-81.1643,-4.25852,EA6788,Ballena,CNPC - Corporación Nacional de Petróleos de China S.A.,Etapa I - COSAPI,Sin afectación,0.0,1ra Evaluacion,,2024.0,Supervisado,PIURA,TALARA,EL ALTO
-81.18121,-4.26356,EA7867,Ballena,CNPC - Corporación Nacional de Petróleos de China S.A.,Etapa I - COSAPI,Sin afectación,0.0,1ra Evaluacion,,2023.0,Supervisado,PIURA,TALARA,EL ALTO
-81.16127,-4.25853,EA2319,Ballena,CNPC - Corporación Nacional de Petróleos de China S.A.,Etapa I - COSAPI,Sin afectación,0.0,1ra Evaluacion,,2025.0,Supervisado,PIURA,TALARA,EL ALTO
-81.17362,-4.26642,EA9008,Central,CNPC - Corporación Nacional de Petróleos de China S.A.,Etapa I - COSAPI,Sin afectación,0.0,1ra Evaluacion,,2023.0,Supervisado,PIURA,TALARA,EL ALTO
-81.16636,-4.25977,EA2332,Ballena,CNPC - Corporación Nacional de Petróleos de China S.A.,Etapa I - COSAPI,Con afectación,7.0,1ra Evaluacion,2,2025.0,Supervisado,PIURA,TALARA,EL ALTO
-81.16289,-4.26033,EA2303E,Central,CNPC - Corporación Nacional de Petróleos de China S.A.,Etapa I - COSAPI,Con afectación,126.45,1ra Evaluacion,1,2024.0,Supervisado,PIURA,TALARA,EL ALTO
-81.16575,-4.25685,EA331,Ballena,CNPC - Corporación Nacional de Petróleos de China S.A.,Etapa I - COSAPI,Sin afectación,0.0,1ra Evaluacion,,2024.0,Supervisado,PIURA,TALARA,EL ALTO
-81.1656,-4.26326,EA2426,Central,CNPC - Corporación Nacional de Petróleos de China S.A.,Etapa I - COSAPI,Sin afectación,0.0,1ra Evaluacion,,2023.0,Supervisado,PIURA,TALARA,EL ALTO
-81.16745,-4.2552,EA2151,Ballena,CNPC - Corporación Nacional de Petróleos de China S.A.,Etapa I - COSAPI,Sin afectación,0.0,1ra Evaluacion,,2024.0,Supervisado,PIURA,TALARA,EL ALTO
-81.16898,-4.2596,EA2106P,Ballena,CNPC - Corporación Nacional de Petróleos de China S.A.,Etapa I - COSAPI,Con afectación,32.06,1ra Evaluacion,1,2024.0,Supervisado,PIURA,TALARA,EL ALTO
-81.16777,-4.25769,EA2138,Ballena,CNPC - Corporación Nacional de Petróleos de China S.A.,Etapa I - COSAPI,Sin afectación,0.0,1ra Evaluacion,,2024.0,Supervisado,PIURA,TALARA,EL ALTO
-81.16721,-4.25304,EA2149,Ballena,CNPC - Corporación Nacional de Petróleos de China S.A.,Etapa I - COSAPI,Sin afectación,0.0,1ra Evaluacion,,2024.0,Supervisado,PIURA,TALARA,EL ALTO
-81.16356,-4.2557,EA5857,Ballena,CNPC - Corporación Nacional de Petróleos de China S.A.,Etapa I - COSAPI,Sin afectación,0.0,1ra Evaluacion,,2024.0,Supervisado,PIURA,TALARA,EL ALTO
-81.16046,-4.27146,EA1041,Central,CNPC - Corporación Nacional de Petróleos de China S.A.,Etapa I - COSAPI,Sin afectación,0.0,1ra Evaluacion,,2024.0,Supervisado,PIURA,TALARA,EL ALTO
-81.1594,-4.27487,EA9407,Central,CNPC - Corporación Nacional de Petróleos de China S.A.,Etapa I - COSAPI,Sin afectación,0.0,1ra Evaluacion,,2024.0,Supervisado,PIURA,TALARA,EL ALTO
-81.15944,-4.27595,EA9568,Central,CNPC - Corporación Nacional de Petróleos de China S.A.,Etapa I - COSAPI,Sin afectación,0.0,1ra Evaluacion,,2024.0,Supervisado,PIURA,TALARA,EL ALTO
-81.16119,-4.27423,EA1046,Central,CNPC - Corporación Nacional de Petróleos de China S.A.,Etapa I - COSAPI,Sin afectación,0.0,1ra Evaluacion,,2024.0,Supervisado,PIURA,TALARA,EL ALTO
-81.16018,-4.27309,PQA-EA9563,Central,CNPC - Corporación Nacional de Petróleos de China S.A.,Etapa I - COSAPI,Sin afectación,0.0,1ra Evaluacion,,2025.0,Supervisado,PIURA,TALARA,EL ALTO
-81.15818,-4.27676,EA9066,Central,CNPC - Corporación Nacional de Petróleos de China S.A.,Etapa I - COSAPI,Sin afectación,0.0,1ra Evaluacion,,2025.0,Supervisado,PIURA,TALARA,EL ALTO
-81.17804,-4.25458,EA7906,Ballena,CNPC - Corporación Nacional de Petróleos de China S.A.,Etapa I - COSAPI,Sin afectación,0.0,1ra Evaluacion,,2023.0,Supervisado,PIURA,TALARA,EL ALTO
-81.17995,-4.25558,EA2434,Ballena,CNPC - Corporación Nacional de Petróleos de China S.A.,Etapa I - COSAPI,Sin afectación,0.0,1ra Evaluacion,,2024.0,Supervisado,PIURA,TALARA,EL ALTO
-81.1787,-4.25082,EA7997,Ballena,CNPC - Corporación Nacional de Petróleos de China S.A.,Etapa I - COSAPI,Sin afectación,0.0,1ra Evaluacion,,2023.0,Supervisado,PIURA,TALARA,EL ALTO
-81.17218,-4.27114,EA9234,Central,CNPC - Corporación Nacional de Petróleos de China S.A.,Etapa I - COSAPI,Sin afectación,0.0,1ra Evaluacion,,2024.0,Supervisado,PIURA,TALARA,EL ALTO
-81.18238,-4.26104,EA294,Ballena,CNPC - Corporación Nacional de Petróleos de China S.A.,Etapa I - COSAPI,Sin afectación,0.0,1ra Evaluacion,,2024.0,Supervisado,PIURA,TALARA,EL ALTO
-81.17709,-4.26019,EA7916,Central,CNPC - Corporación Nacional de Petróleos de China S.A.,Etapa I - COSAPI,Sin afectación,0.0,1ra Evaluacion,,2023.0,Supervisado,PIURA,TALARA,EL ALTO
-81.17315,-4.26802,EA963,Central,CNPC - Corporación Nacional de Petróleos de China S.A.,Etapa I - COSAPI,Sin afectación,0.0,1ra Evaluacion,,2024.0,Supervisado,PIURA,TALARA,EL ALTO
-81.1728,-4.26973,EA9254,Central,CNPC - Corporación Nacional de Petróleos de China S.A.,Etapa I - COSAPI,Sin afectación,0.0,1ra Evaluacion,,2024.0,Supervisado,PIURA,TALARA,EL ALTO
-81.16155,-4.27259,EA9032,Central,CNPC - Corporación Nacional de Petróleos de China S.A.,Etapa I - COSAPI,Sin afectación,0.0,1ra Evaluacion,,2024.0,Supervisado,PIURA,TALARA,EL ALTO
-81.17679,-4.24937,EA1284,Ballena,CNPC - Corporación Nacional de Petróleos de China S.A.,Etapa I - COSAPI,Con afectación,99.39,1ra Evaluacion,1,2023.0,Supervisado,PIURA,TALARA,EL ALTO
-81.18189,-4.25611,EA7989,Ballena,CNPC - Corporación Nacional de Petróleos de China S.A.,Etapa I - COSAPI,Con afectación,16.85,1ra Evaluacion,1,2024.0,Supervisado,PIURA,TALARA,EL ALTO
-81.17764,-4.26631,EA9243,Ballena,CNPC - Corporación Nacional de Petróleos de China S.A.,Etapa I - COSAPI,Sin afectación,0.0,1ra Evaluacion,,2023.0,Supervisado,PIURA,TALARA,EL ALTO
-81.17985,-4.26583,EA2368,Ballena,CNPC - Corporación Nacional de Petróleos de China S.A.,Etapa I - COSAPI,Sin afectación,0.0,1ra Evaluacion,,2023.0,Supervisado,PIURA,TALARA,EL ALTO
-81.17776,-4.26852,EA9047,Ballena,CNPC - Corporación Nacional de Petróleos de China S.A.,Etapa I - COSAPI,No supervisada,0.0,,,,Verificado,PIURA,TALARA,EL ALTO
-81.17542,-4.2661,EA9016,Central,CNPC - Corporación Nacional de Petróleos de China S.A.,Etapa I - COSAPI,Sin afectación,0.0,1ra Evaluacion,,2025.0,Supervisado,PIURA,TALARA,EL ALTO
-81.15738,-4.27233,EA1018,Central,CNPC - Corporación Nacional de Petróleos de China S.A.,Etapa I - COSAPI,Sin afectación,0.0,1ra Evaluacion,,2024.0,Supervisado,PIURA,TALARA,EL ALTO
-81.16076,-4.27582,EA512,Central,CNPC - Corporación Nacional de Petróleos de China S.A.,Etapa I - COSAPI,Sin afectación,0.0,1ra Evaluacion,,2022.0,Supervisado,PIURA,TALARA,EL ALTO
-81.17506,-4.26373,EA2056,Central,CNPC - Corporación Nacional de Petróleos de China S.A.,Etapa I - COSAPI,Sin afectación,0.0,1ra Evaluacion,,2025.0,Supervisado,PIURA,TALARA,EL ALTO
-81.16257,-4.27359,EA9024,Central,CNPC - Corporación Nacional de Petróleos de China S.A.,Etapa I - COSAPI,Sin afectación,0.0,1ra Evaluacion,,2024.0,Supervisado,PIURA,TALARA,EL ALTO
-81.17303,-4.26193,EA2367,Central,CNPC - Corporación Nacional de Petróleos de China S.A.,Etapa I - COSAPI,Sin afectación,0.0,1ra Evaluacion,,2023.0,Supervisado,PIURA,TALARA,EL ALTO
-81.17352,-4.27036,EA5752,Central,CNPC - Corporación Nacional de Petróleos de China S.A.,Etapa I - COSAPI,Sin afectación,0.0,1ra Evaluacion,,2025.0,Supervisado,PIURA,TALARA,EL ALTO
-81.16746,-4.26243,EA6731,Central,CNPC - Corporación Nacional de Petróleos de China S.A.,Etapa I - COSAPI,Sin afectación,0.0,1ra Evaluacion,,2024.0,Supervisado,PIURA,TALARA,EL ALTO
-81.16176,-4.26278,EA2328,Central,CNPC - Corporación Nacional de Petróleos de China S.A.,Etapa I - COSAPI,Sin afectación,0.0,1ra Evaluacion,,2023.0,Supervisado,PIURA,TALARA,EL ALTO
-81.16087,-4.26988,EA911,Central,CNPC - Corporación Nacional de Petróleos de China S.A.,Etapa I - COSAPI,Sin afectación,0.0,1ra Evaluacion,,2024.0,Supervisado,PIURA,TALARA,EL ALTO
-81.17693,-4.26437,PQA-EA5776,Central,CNPC - Corporación Nacional de Petróleos de China S.A.,Etapa I - COSAPI,Con afectación,101.0,1ra Evaluacion,1,2022.0,Supervisado,PIURA,TALARA,EL ALTO
-81.15969,-4.26869,EA916,Central,CNPC - Corporación Nacional de Petróleos de China S.A.,Etapa I - COSAPI,Sin afectación,0.0,1ra Evaluacion,,2024.0,Supervisado,PIURA,TALARA,EL ALTO
-81.17392,-4.2676,EA2087,Central,CNPC - Corporación Nacional de Petróleos de China S.A.,Etapa I - COSAPI,Sin afectación,0.0,1ra Evaluacion,,2023.0,Supervisado,PIURA,TALARA,EL ALTO
-81.17205,-4.25557,CMP-BAT-BA35,Ballena,CNPC - Corporación Nacional de Petróleos de China S.A.,Etapa I - COSAPI,No supervisada,0.0,1ra Evaluacion,,,Observado,PIURA,TALARA,EL ALTO
-81.17995,-4.25769,EA7921,Ballena,CNPC - Corporación Nacional de Petróleos de China S.A.,Etapa I - COSAPI,Con afectación,11.9,1ra Evaluacion,1,2024.0,Supervisado,PIURA,TALARA,EL ALTO
-81.13341,-4.29097,PQA-EA9842,Zapotal,CNPC - Corporación Nacional de Petróleos de China S.A.,Etapa I - COSAPI,Sin afectación,0.0,1ra Evaluacion,,2023.0,Supervisado,PIURA,TALARA,EL ALTO
-81.18666,-4.24322,MNF-MC04-BA34,Ballena,CNPC - Corporación Nacional de Petróleos de China S.A.,Etapa I - COSAPI,Sin afectación,0.0,1ra Evaluacion,,2025.0,Supervisado,PIURA,TALARA,EL ALTO
-81.15834,-4.27836,EA9822,Central,CNPC - Corporación Nacional de Petróleos de China S.A.,Etapa I - COSAPI,Con afectación,82.94,1ra Evaluacion,1,2024.0,Supervisado,PIURA,TALARA,EL ALTO
-81.1622,-4.27116,EA9562,Central,CNPC - Corporación Nacional de Petróleos de China S.A.,Etapa I - COSAPI,Sin afectación,0.0,1ra Evaluacion,,2025.0,Supervisado,PIURA,TALARA,EL ALTO
-81.16931,-4.2542,EA2139,Ballena,CNPC - Corporación Nacional de Petróleos de China S.A.,Etapa I - COSAPI,Con afectación,84.65,1ra Evaluacion,1,2024.0,Supervisado,PIURA,TALARA,EL ALTO
-81.10782,-4.21878,EA10428,Laguna,CNPC - Corporación Nacional de Petróleos de China S.A.,Etapa I - COSAPI,No supervisada,0.0,1ra Evaluacion,,,Observado,PIURA,TALARA,LOS ORGANOS
-81.17983,-4.2324,EA5779,Org. Sur,CNPC - Corporación Nacional de Petróleos de China S.A.,Etapa I - COSAPI,Con afectación,68.48,1ra Evaluacion,1,2023.0,Supervisado,PIURA,TALARA,EL ALTO
-81.13587,-4.25308,EA9513,Somatito,CNPC - Corporación Nacional de Petróleos de China S.A.,Etapa I - COSAPI,Sin afectación,0.0,1ra Evaluacion,,2025.0,Supervisado,PIURA,TALARA,EL ALTO
-81.18769,-4.24202,EA1177,Ballena,CNPC - Corporación Nacional de Petróleos de China S.A.,Etapa I - COSAPI,No supervisada,0.0,1ra Evaluacion,,2025.0,Observado,PIURA,TALARA,EL ALTO
-81.1647,-4.25344,EA2201,Ballena,CNPC - Corporación Nacional de Petróleos de China S.A.,Etapa I - COSAPI,Sin afectación,0.0,1ra Evaluacion,,2024.0,Supervisado,PIURA,TALARA,EL ALTO
-81.17401,-4.27088,EA957,Central,CNPC - Corporación Nacional de Petróleos de China S.A.,Etapa I - COSAPI,Sin afectación,0.0,1ra Evaluacion,,2025.0,Supervisado,PIURA,TALARA,EL ALTO
-81.17398,-4.27074,EA9061,Central,CNPC - Corporación Nacional de Petróleos de China S.A.,Etapa I - COSAPI,Sin afectación,0.0,1ra Evaluacion,,2024.0,Supervisado,PIURA,TALARA,EL ALTO
-81.17579,-4.26462,PQA-EA9017,Central,CNPC - Corporación Nacional de Petróleos de China S.A.,Etapa I - COSAPI,Sin afectación,0.0,1ra Evaluacion,,2025.0,Supervisado,PIURA,TALARA,EL ALTO
-81.15844,-4.27391,EA1956,Central,CNPC - Corporación Nacional de Petróleos de China S.A.,Etapa I - COSAPI,Sin afectación,0.0,1ra Evaluacion,,2024.0,Supervisado,PIURA,TALARA,EL ALTO
-81.17298,-4.26526,EA1730,Central,CNPC - Corporación Nacional de Petróleos de China S.A.,Etapa I - COSAPI,Sin afectación,0.0,1ra Evaluacion,,2023.0,Supervisado,PIURA,TALARA,EL ALTO
-81.16026,-4.27829,EA1293,Central,CNPC - Corporación Nacional de Petróleos de China S.A.,Etapa I - COSAPI,Sin afectación,0.0,1ra Evaluacion,,2025.0,Supervisado,PIURA,TALARA,EL ALTO
-81.17574,-4.26766,EA9889,Central,CNPC - Corporación Nacional de Petróleos de China S.A.,Etapa I - COSAPI,Sin afectación,0.0,1ra Evaluacion,,2024.0,Supervisado,PIURA,TALARA,EL ALTO
-81.16061,-4.2655,EA914,Central,CNPC - Corporación Nacional de Petróleos de China S.A.,Etapa I - COSAPI,Sin afectación,0.0,1ra Evaluacion,,2023.0,Supervisado,PIURA,TALARA,EL ALTO
-81.17655,-4.26564,PQA-EA2084,Central,CNPC - Corporación Nacional de Petróleos de China S.A.,Etapa I - COSAPI,Sin afectación,0.0,1ra Evaluacion,,2023.0,Supervisado,PIURA,TALARA,EL ALTO
-81.17423,-4.26484,EA9009,Central,CNPC - Corporación Nacional de Petróleos de China S.A.,Etapa I - COSAPI,Sin afectación,0.0,1ra Evaluacion,,2025.0,Supervisado,PIURA,TALARA,EL ALTO
-81.17493,-4.26174,EA1369,Central,CNPC - Corporación Nacional de Petróleos de China S.A.,Etapa I - COSAPI,Sin afectación,0.0,1ra Evaluacion,,2025.0,Supervisado,PIURA,TALARA,EL ALTO
-81.14012,-4.24258,PQA-EA2069,Somatito,CNPC - Corporación Nacional de Petróleos de China S.A.,Etapa I - COSAPI,Sin afectación,0.0,1ra Evaluacion,,2025.0,Supervisado,PIURA,TALARA,EL ALTO
-81.19935,-4.24351,EA1315,Verde,CNPC - Corporación Nacional de Petróleos de China S.A.,Etapa I - COSAPI,No supervisada,0.0,1ra Evaluacion,,,No supervisado,PIURA,TALARA,EL ALTO
-81.17147,-4.26426,EA9298,Central,CNPC - Corporación Nacional de Petróleos de China S.A.,Etapa I - COSAPI,Sin afectación,0.0,1ra Evaluacion,,2025.0,Supervisado,PIURA,TALARA,EL ALTO
-81.12816,-4.25526,MNF-MC04-ZA04,Zapotal,CNPC - Corporación Nacional de Petróleos de China S.A.,Etapa I - COSAPI,Con afectación,9.0,1ra Evaluacion,3,2025.0,Supervisado,PIURA,TALARA,EL ALTO
-81.17125,-4.26498,EA1292,Central,CNPC - Corporación Nacional de Petróleos de China S.A.,Etapa I - COSAPI,Sin afectación,0.0,1ra Evaluacion,,2025.0,Supervisado,PIURA,TALARA,EL ALTO
-81.18524,-4.28406,EA9089,Central,CNPC - Corporación Nacional de Petróleos de China S.A.,Etapa I - COSAPI,Sin afectación,0.0,1ra Evaluacion,,2025.0,Supervisado,PIURA,TALARA,EL ALTO
-81.196,-4.25267,EA7949,Verde,CNPC - Corporación Nacional de Petróleos de China S.A.,Etapa I - COSAPI,Con afectación,23.15,1ra Evaluacion,1,2023.0,Supervisado,PIURA,TALARA,EL ALTO
-81.18434,-4.27698,PQA-EA9957,Central,CNPC - Corporación Nacional de Petróleos de China S.A.,Etapa I - COSAPI,Sin afectación,0.0,1ra Evaluacion,,2025.0,Supervisado,PIURA,TALARA,EL ALTO
-81.17001,-4.26449,EA2086,Central,CNPC - Corporación Nacional de Petróleos de China S.A.,Etapa I - COSAPI,Sin afectación,0.0,1ra Evaluacion,,2025.0,Supervisado,PIURA,TALARA,EL ALTO
-81.1935,-4.24802,EA227,Ballena,CNPC - Corporación Nacional de Petróleos de China S.A.,Etapa I - COSAPI,Sin afectación,0.0,1ra Evaluacion,,2023.0,Supervisado,PIURA,TALARA,EL ALTO
-81.19222,-4.24701,EA95,Ballena,CNPC - Corporación Nacional de Petróleos de China S.A.,Etapa I - COSAPI,Sin afectación,0.0,1ra Evaluacion,,2023.0,Supervisado,PIURA,TALARA,EL ALTO
-81.17345,-4.27239,EA9216,Central,CNPC - Corporación Nacional de Petróleos de China S.A.,Etapa I - COSAPI,Sin afectación,0.0,1ra Evaluacion,,2024.0,Supervisado,PIURA,TALARA,EL ALTO
-81.16619,-4.26519,EA9971,Central,CNPC - Corporación Nacional de Petróleos de China S.A.,Etapa I - COSAPI,Sin afectación,0.0,1ra Evaluacion,,2023.0,Supervisado,PIURA,TALARA,EL ALTO
-81.17048,-4.26716,EA9809,Central,CNPC - Corporación Nacional de Petróleos de China S.A.,Etapa I - COSAPI,Sin afectación,0.0,1ra Evaluacion,,2024.0,Supervisado,PIURA,TALARA,EL ALTO
-81.16756,-4.26959,EA5824,Central,CNPC - Corporación Nacional de Petróleos de China S.A.,Etapa I - COSAPI,Sin afectación,0.0,1ra Evaluacion,,2024.0,Supervisado,PIURA,TALARA,EL ALTO
-81.16491,-4.26586,EA915,Central,CNPC - Corporación Nacional de Petróleos de China S.A.,Etapa I - COSAPI,Sin afectación,0.0,1ra Evaluacion,,2023.0,Supervisado,PIURA,TALARA,EL ALTO
-81.16803,-4.26794,EA1290,Central,CNPC - Corporación Nacional de Petróleos de China S.A.,Etapa I - COSAPI,Sin afectación,0.0,1ra Evaluacion,,2022.0,Supervisado,PIURA,TALARA,EL ALTO
-81.17098,-4.26574,EA9297,Central,CNPC - Corporación Nacional de Petróleos de China S.A.,Etapa I - COSAPI,Sin afectación,0.0,1ra Evaluacion,,2025.0,Supervisado,PIURA,TALARA,EL ALTO
-81.17208,-4.26697,EA9294,Central,CNPC - Corporación Nacional de Petróleos de China S.A.,Etapa I - COSAPI,Sin afectación,0.0,1ra Evaluacion,,2022.0,Supervisado,PIURA,TALARA,EL ALTO
-81.16952,-4.26899,EA9056,Central,CNPC - Corporación Nacional de Petróleos de China S.A.,Etapa I - COSAPI,Sin afectación,0.0,1ra Evaluacion,,2024.0,Supervisado,PIURA,TALARA,EL ALTO
-81.16923,-4.2661,EA9034,Central,CNPC - Corporación Nacional de Petróleos de China S.A.,Etapa I - COSAPI,Sin afectación,0.0,1ra Evaluacion,,2023.0,Supervisado,PIURA,TALARA,EL ALTO
-81.17171,-4.26852,EA968,Central,CNPC - Corporación Nacional de Petróleos de China S.A.,Etapa I - COSAPI,No supervisada,0.0,1ra Evaluacion,,,Observado,PIURA,TALARA,EL ALTO
-81.16402,-4.26889,EA9883,Central,CNPC - Corporación Nacional de Petróleos de China S.A.,Etapa I - COSAPI,Sin afectación,0.0,1ra Evaluacion,,2024.0,Supervisado,PIURA,TALARA,EL ALTO
-81.16523,-4.27018,EA1014,Central,CNPC - Corporación Nacional de Petróleos de China S.A.,Etapa I - COSAPI,Sin afectación,0.0,1ra Evaluacion,,2024.0,Supervisado,PIURA,TALARA,EL ALTO
-81.16249,-4.26941,EA918,Central,CNPC - Corporación Nacional de Petróleos de China S.A.,Etapa I - COSAPI,Sin afectación,0.0,1ra Evaluacion,,2024.0,Supervisado,PIURA,TALARA,EL ALTO
-81.16461,-4.2675,EA920,Central,CNPC - Corporación Nacional de Petróleos de China S.A.,Etapa I - COSAPI,Sin afectación,0.0,1ra Evaluacion,,2025.0,Supervisado,PIURA,TALARA,EL ALTO
-81.14101,-4.29598,EA7157,Zapotal,CNPC - Corporación Nacional de Petróleos de China S.A.,Etapa I - COSAPI,Sin afectación,0.0,1ra Evaluacion,,2025.0,Supervisado,PIURA,TALARA,EL ALTO
-81.12442,-4.24264,EA1976,Somatito,CNPC - Corporación Nacional de Petróleos de China S.A.,Etapa I - COSAPI,No supervisada,0.0,1ra Evaluacion,,2023.0,Observado,PIURA,TALARA,EL ALTO
-81.16173,-4.26663,EA909,Central,CNPC - Corporación Nacional de Petróleos de China S.A.,Etapa I - COSAPI,Sin afectación,0.0,1ra Evaluacion,,2024.0,Supervisado,PIURA,TALARA,EL ALTO
-81.13877,-4.25396,EA9487,Somatito,CNPC - Corporación Nacional de Petróleos de China S.A.,Etapa I - COSAPI,Con afectación,3.0,1ra Evaluacion,1,2025.0,Supervisado,PIURA,TALARA,EL ALTO
-81.11692,-4.22217,EA10138,Somatito,CNPC - Corporación Nacional de Petróleos de China S.A.,Etapa I - COSAPI,Sin afectación,0.0,1ra Evaluacion,,2025.0,Supervisado,PIURA,TALARA,LOS ORGANOS
-81.13691,-4.25473,EA2041,Somatito,CNPC - Corporación Nacional de Petróleos de China S.A.,Etapa I - COSAPI,Sin afectación,0.0,1ra Evaluacion,,2023.0,Supervisado,PIURA,TALARA,EL ALTO
-81.13348,-4.24581,EA9408,Somatito,CNPC - Corporación Nacional de Petróleos de China S.A.,Etapa I - COSAPI,Con afectación,29.92,1ra Evaluacion,1,2023.0,Supervisado,PIURA,TALARA,EL ALTO
-81.12822,-4.24497,EA9482,Somatito,CNPC - Corporación Nacional de Petróleos de China S.A.,Etapa I - COSAPI,Sin afectación,0.0,1ra Evaluacion,,2022.0,Supervisado,PIURA,TALARA,EL ALTO
-81.16319,-4.26671,PQA-EA9882,Central,CNPC - Corporación Nacional de Petróleos de China S.A.,Etapa I - COSAPI,No supervisada,0.0,1ra Evaluacion,,,Observado,PIURA,TALARA,EL ALTO
-81.13113,-4.2377,PQA-EA2223,Somatito,CNPC - Corporación Nacional de Petróleos de China S.A.,Etapa I - COSAPI,Sin afectación,0.0,1ra Evaluacion,,2025.0,Supervisado,PIURA,TALARA,EL ALTO
-81.09706,-4.23284,PQA-EA5623,Laguna,CNPC - Corporación Nacional de Petróleos de China S.A.,Etapa I - COSAPI,Sin afectación,0.0,1ra Evaluacion,,2022.0,Supervisado,PIURA,TALARA,EL ALTO
-81.16575,-4.27277,EA9951,Central,CNPC - Corporación Nacional de Petróleos de China S.A.,Etapa I - COSAPI,Sin afectación,0.0,1ra Evaluacion,,2024.0,Supervisado,PIURA,TALARA,EL ALTO
-81.14714,-4.21731,MNF-MC1007-CE10,Central,CNPC - Corporación Nacional de Petróleos de China S.A.,Etapa I - COSAPI,No supervisada,0.0,1ra Evaluacion,,,Verificado,PIURA,TALARA,LOS ORGANOS
-81.16633,-4.2718,EA9029,Central,CNPC - Corporación Nacional de Petróleos de China S.A.,Etapa I - COSAPI,Sin afectación,0.0,1ra Evaluacion,,2024.0,Supervisado,PIURA,TALARA,EL ALTO
-81.16565,-4.26858,EA1015,Central,CNPC - Corporación Nacional de Petróleos de China S.A.,Etapa I - COSAPI,Sin afectación,0.0,1ra Evaluacion,,2024.0,Supervisado,PIURA,TALARA,EL ALTO
-81.16436,-4.27345,EA9018,Central,CNPC - Corporación Nacional de Petróleos de China S.A.,Etapa I - COSAPI,Sin afectación,0.0,1ra Evaluacion,,2024.0,Supervisado,PIURA,TALARA,EL ALTO
-81.16735,-4.27105,EA2089,Central,CNPC - Corporación Nacional de Petróleos de China S.A.,Etapa I - COSAPI,Sin afectación,0.0,1ra Evaluacion,,2024.0,Supervisado,PIURA,TALARA,EL ALTO
-81.17195,-4.27272,EA9808,Central,CNPC - Corporación Nacional de Petróleos de China S.A.,Etapa I - COSAPI,Sin afectación,0.0,1ra Evaluacion,,2024.0,Supervisado,PIURA,TALARA,EL ALTO
-81.18158,-4.27034,PQA-EA428,Central,CNPC - Corporación Nacional de Petróleos de China S.A.,Etapa I - COSAPI,No supervisada,0.0,1ra Evaluacion,,,Verificado,PIURA,TALARA,EL ALTO
-81.1691,-4.27214,EA9078,Central,CNPC - Corporación Nacional de Petróleos de China S.A.,Etapa I - COSAPI,Sin afectación,0.0,1ra Evaluacion,,2024.0,Supervisado,PIURA,TALARA,EL ALTO
-81.0361,-4.22782,PT2,Tunal,CNPC - Corporación Nacional de Petróleos de China S.A.,Etapa I - COSAPI,No supervisada,0.0,1ra Evaluacion,,,Planificado,PIURA,TALARA,EL ALTO
-81.16653,-4.27572,EA9811,Central,CNPC - Corporación Nacional de Petróleos de China S.A.,Etapa I - COSAPI,Sin afectación,0.0,1ra Evaluacion,,2024.0,Supervisado,PIURA,TALARA,EL ALTO
-81.03607,-4.22528,PT7,Tunal,CNPC - Corporación Nacional de Petróleos de China S.A.,Etapa I - COSAPI,No supervisada,0.0,1ra Evaluacion,,,Planificado,PIURA,TALARA,LOS ORGANOS
-81.03354,-4.22824,PT9,Tunal,CNPC - Corporación Nacional de Petróleos de China S.A.,Etapa I - COSAPI,No supervisada,0.0,1ra Evaluacion,,,Observado,PIURA,TALARA,EL ALTO
-81.03365,-4.2254,PT4-3,Tunal,CNPC - Corporación Nacional de Petróleos de China S.A.,Etapa I - COSAPI,No supervisada,0.0,1ra Evaluacion,,,Planificado,PIURA,TALARA,LOS ORGANOS
-81.03168,-4.21761,PT12,Tunal,CNPC - Corporación Nacional de Petróleos de China S.A.,Etapa I - COSAPI,No supervisada,0.0,1ra Evaluacion,,,Planificado,PIURA,TALARA,LOS ORGANOS
-81.04101,-4.22828,PT3,Tunal,CNPC - Corporación Nacional de Petróleos de China S.A.,Etapa I - COSAPI,No supervisada,0.0,1ra Evaluacion,,,Planificado,PIURA,TALARA,EL ALTO
-81.03078,-4.21997,PT13,Tunal,CNPC - Corporación Nacional de Petróleos de China S.A.,Etapa I - COSAPI,No supervisada,0.0,1ra Evaluacion,,,Planificado,PIURA,TALARA,LOS ORGANOS
-81.00947,-4.22057,PT6065,Tunal,CNPC - Corporación Nacional de Petróleos de China S.A.,Etapa I - COSAPI,No supervisada,0.0,1ra Evaluacion,,,Planificado,PIURA,TALARA,LOS ORGANOS
-81.02865,-4.21796,PT26,Tunal,CNPC - Corporación Nacional de Petróleos de China S.A.,Etapa I - COSAPI,No supervisada,0.0,1ra Evaluacion,,,Planificado,PIURA,TALARA,LOS ORGANOS
-81.03367,-4.22207,PT20,Tunal,CNPC - Corporación Nacional de Petróleos de China S.A.,Etapa I - COSAPI,No supervisada,0.0,1ra Evaluacion,,,Planificado,PIURA,TALARA,LOS ORGANOS
-81.0251,-4.2204,PT16,Tunal,CNPC - Corporación Nacional de Petróleos de China S.A.,Etapa I - COSAPI,No supervisada,0.0,1ra Evaluacion,,,Planificado,PIURA,TALARA,LOS ORGANOS
-81.02632,-4.218,PT22,Tunal,CNPC - Corporación Nacional de Petróleos de China S.A.,Etapa I - COSAPI,No supervisada,0.0,1ra Evaluacion,,,Planificado,PIURA,TALARA,LOS ORGANOS
-81.03352,-4.2197,PT5,Tunal,CNPC - Corporación Nacional de Petróleos de China S.A.,Etapa I - COSAPI,No supervisada,0.0,1ra Evaluacion,,,Planificado,PIURA,TALARA,LOS ORGANOS
-81.03126,-4.22474,BAT-TU05,Tunal,CNPC - Corporación Nacional de Petróleos de China S.A.,Etapa I - COSAPI,No supervisada,0.0,,,,Planificado,PIURA,TALARA,LOS ORGANOS
-81.03616,-4.22253,PT1,Tunal,CNPC - Corporación Nacional de Petróleos de China S.A.,Etapa I - COSAPI,No supervisada,0.0,1ra Evaluacion,,,Planificado,PIURA,TALARA,LOS ORGANOS
-81.02628,-4.22284,PT14,Tunal,CNPC - Corporación Nacional de Petróleos de China S.A.,Etapa I - COSAPI,No supervisada,0.0,1ra Evaluacion,,,No supervisado,PIURA,TALARA,LOS ORGANOS
-81.00688,-4.21827,PT7648,Tunal,CNPC - Corporación Nacional de Petróleos de China S.A.,Etapa I - COSAPI,No supervisada,0.0,1ra Evaluacion,,,Planificado,PIURA,TALARA,LOS ORGANOS
-81.03136,-4.22294,PT4,Tunal,CNPC - Corporación Nacional de Petróleos de China S.A.,Etapa I - COSAPI,No supervisada,0.0,1ra Evaluacion,,,Observado,PIURA,TALARA,LOS ORGANOS
-81.02406,-4.21288,PT2-2,Tunal,CNPC - Corporación Nacional de Petróleos de China S.A.,Etapa I - COSAPI,No supervisada,0.0,1ra Evaluacion,,,Planificado,PIURA,TALARA,LOS ORGANOS
-81.16608,-4.267,EA9967,Central,CNPC - Corporación Nacional de Petróleos de China S.A.,Etapa I - COSAPI,Sin afectación,0.0,1ra Evaluacion,,2024.0,Supervisado,PIURA,TALARA,EL ALTO
-81.17076,-4.27008,EA2088,Central,CNPC - Corporación Nacional de Petróleos de China S.A.,Etapa I - COSAPI,Sin afectación,0.0,1ra Evaluacion,,2024.0,Supervisado,PIURA,TALARA,EL ALTO
-81.16982,-4.27495,EA9233,Central,CNPC - Corporación Nacional de Petróleos de China S.A.,Etapa I - COSAPI,Sin afectación,0.0,1ra Evaluacion,,2024.0,Supervisado,PIURA,TALARA,EL ALTO
-81.17423,-4.27498,EA9241,Central,CNPC - Corporación Nacional de Petróleos de China S.A.,Etapa I - COSAPI,Sin afectación,0.0,1ra Evaluacion,,2024.0,Supervisado,PIURA,TALARA,EL ALTO
-81.16314,-4.27219,EA1047,Central,CNPC - Corporación Nacional de Petróleos de China S.A.,Etapa I - COSAPI,Con afectación,16.46,1ra Evaluacion,1,2024.0,Supervisado,PIURA,TALARA,EL ALTO
-81.16369,-4.2707,PQA-EA9027,Central,CNPC - Corporación Nacional de Petróleos de China S.A.,Etapa I - COSAPI,No supervisada,0.0,1ra Evaluacion,,,Observado,PIURA,TALARA,EL ALTO
-81.1641,-4.27502,EA1040,Central,CNPC - Corporación Nacional de Petróleos de China S.A.,Etapa I - COSAPI,Sin afectación,0.0,1ra Evaluacion,,2025.0,Supervisado,PIURA,TALARA,EL ALTO
-81.18143,-4.26974,EA5669,Central,CNPC - Corporación Nacional de Petróleos de China S.A.,Etapa I - COSAPI,Con afectación,96.71,1ra Evaluacion,1,2023.0,Supervisado,PIURA,TALARA,EL ALTO
-81.04163,-4.23091,PT31,Tunal,CNPC - Corporación Nacional de Petróleos de China S.A.,Etapa I - COSAPI,No supervisada,0.0,1ra Evaluacion,,,Planificado,PIURA,TALARA,EL ALTO
-81.02816,-4.22515,PT11,Tunal,CNPC - Corporación Nacional de Petróleos de China S.A.,Etapa I - COSAPI,No supervisada,0.0,1ra Evaluacion,,,Planificado,PIURA,TALARA,LOS ORGANOS
-81.03845,-4.22526,PT4-1,Tunal,CNPC - Corporación Nacional de Petróleos de China S.A.,Etapa I - COSAPI,No supervisada,0.0,1ra Evaluacion,,,Planificado,PIURA,TALARA,LOS ORGANOS
-81.17875,-4.27549,PQA-EA9411,Central,CNPC - Corporación Nacional de Petróleos de China S.A.,Etapa I - COSAPI,No supervisada,0.0,1ra Evaluacion,,,Observado,PIURA,TALARA,EL ALTO
-81.17766,-4.27445,EA473,Central,CNPC - Corporación Nacional de Petróleos de China S.A.,Etapa I - COSAPI,Sin afectación,0.0,1ra Evaluacion,,2025.0,Supervisado,PIURA,TALARA,EL ALTO
-81.17043,-4.27324,PQA-EA9296,Central,CNPC - Corporación Nacional de Petróleos de China S.A.,Etapa I - COSAPI,Sin afectación,0.0,1ra Evaluacion,,2024.0,Supervisado,PIURA,TALARA,EL ALTO
-81.17156,-4.27454,PQA-EA9231,Central,CNPC - Corporación Nacional de Petróleos de China S.A.,Etapa I - COSAPI,Sin afectación,0.0,1ra Evaluacion,,2024.0,Supervisado,PIURA,TALARA,EL ALTO
-81.18028,-4.27513,EA9223,Central,CNPC - Corporación Nacional de Petróleos de China S.A.,Etapa I - COSAPI,Sin afectación,0.0,1ra Evaluacion,,2023.0,Supervisado,PIURA,TALARA,EL ALTO
-81.03849,-4.22914,PT21,Tunal,CNPC - Corporación Nacional de Petróleos de China S.A.,Etapa I - COSAPI,No supervisada,0.0,1ra Evaluacion,,,Observado,PIURA,TALARA,EL ALTO
-81.18212,-4.27562,EA10279,Central,CNPC - Corporación Nacional de Petróleos de China S.A.,Etapa I - COSAPI,Sin afectación,0.0,1ra Evaluacion,,2023.0,Supervisado,PIURA,TALARA,EL ALTO
-81.17731,-4.27458,EA9069,Central,CNPC - Corporación Nacional de Petróleos de China S.A.,Etapa I - COSAPI,Sin afectación,0.0,1ra Evaluacion,,2024.0,Supervisado,PIURA,TALARA,EL ALTO
-81.17595,-4.27472,PQA-EA9031,Central,CNPC - Corporación Nacional de Petróleos de China S.A.,Etapa I - COSAPI,Con afectación,28.89,1ra Evaluacion,1,2022.0,Supervisado,PIURA,TALARA,EL ALTO
-81.18544,-4.2766,BAT-CE10-950,Central,CNPC - Corporación Nacional de Petróleos de China S.A.,Etapa I - COSAPI,Sin afectación,0.0,1ra Evaluacion,,2025.0,Supervisado,PIURA,TALARA,EL ALTO
-81.17524,-4.27628,EA9064,Central,CNPC - Corporación Nacional de Petróleos de China S.A.,Etapa I - COSAPI,Con afectación,17.73,1ra Evaluacion,1,2024.0,Supervisado,PIURA,TALARA,EL ALTO
-81.17277,-4.27553,EA9569,Central,CNPC - Corporación Nacional de Petróleos de China S.A.,Etapa I - COSAPI,Con afectación,3.0,1ra Evaluacion,1,2025.0,Supervisado,PIURA,TALARA,EL ALTO
-81.17605,-4.27569,PQA-EA5719,Central,CNPC - Corporación Nacional de Petróleos de China S.A.,Etapa I - COSAPI,Sin afectación,0.0,1ra Evaluacion,,2025.0,Supervisado,PIURA,TALARA,EL ALTO
-81.17435,-4.27426,EA5766,Central,CNPC - Corporación Nacional de Petróleos de China S.A.,Etapa I - COSAPI,Sin afectación,0.0,1ra Evaluacion,,2024.0,Supervisado,PIURA,TALARA,EL ALTO
-81.17462,-4.273,EA9079,Central,CNPC - Corporación Nacional de Petróleos de China S.A.,Etapa I - COSAPI,Sin afectación,0.0,1ra Evaluacion,,2024.0,Supervisado,PIURA,TALARA,EL ALTO
-81.18458,-4.27532,PQA-EA616,Central,CNPC - Corporación Nacional de Petróleos de China S.A.,Etapa I - COSAPI,Con afectación,21.29,1ra Evaluacion,1,2024.0,Supervisado,PIURA,TALARA,EL ALTO
-81.17968,-4.27061,EA9251,Central,CNPC - Corporación Nacional de Petróleos de China S.A.,Etapa I - COSAPI,Sin afectación,0.0,1ra Evaluacion,,2023.0,Supervisado,PIURA,TALARA,EL ALTO
-81.18506,-4.27376,EA611,Central,CNPC - Corporación Nacional de Petróleos de China S.A.,Etapa I - COSAPI,Sin afectación,0.0,1ra Evaluacion,,2024.0,Supervisado,PIURA,TALARA,EL ALTO
-81.17769,-4.27229,EA5702,Central,CNPC - Corporación Nacional de Petróleos de China S.A.,Etapa I - COSAPI,Sin afectación,0.0,1ra Evaluacion,,2025.0,Supervisado,PIURA,TALARA,EL ALTO
-81.17782,-4.2726,EA9019,Central,CNPC - Corporación Nacional de Petróleos de China S.A.,Etapa I - COSAPI,Sin afectación,0.0,1ra Evaluacion,,2025.0,Supervisado,PIURA,TALARA,EL ALTO
-81.17706,-4.26988,EA9227,Central,CNPC - Corporación Nacional de Petróleos de China S.A.,Etapa I - COSAPI,Sin afectación,0.0,1ra Evaluacion,,2025.0,Supervisado,PIURA,TALARA,EL ALTO
-81.16528,-4.27446,EA9081,Central,CNPC - Corporación Nacional de Petróleos de China S.A.,Etapa I - COSAPI,Sin afectación,0.0,1ra Evaluacion,,2024.0,Supervisado,PIURA,TALARA,EL ALTO
-81.16985,-4.27233,EA5798,Central,CNPC - Corporación Nacional de Petróleos de China S.A.,Etapa I - COSAPI,Sin afectación,0.0,1ra Evaluacion,,2024.0,Supervisado,PIURA,TALARA,EL ALTO
-81.1708,-4.27466,EA5769,Central,CNPC - Corporación Nacional de Petróleos de China S.A.,Etapa I - COSAPI,Sin afectación,0.0,1ra Evaluacion,,2024.0,Supervisado,PIURA,TALARA,EL ALTO
-81.17306,-4.27411,EA9807,Central,CNPC - Corporación Nacional de Petróleos de China S.A.,Etapa I - COSAPI,Sin afectación,0.0,1ra Evaluacion,,2024.0,Supervisado,PIURA,TALARA,EL ALTO
-81.17518,-4.26888,MNF-MC1013-CE10,Central,CNPC - Corporación Nacional de Petróleos de China S.A.,Etapa I - COSAPI,Sin afectación,0.0,1ra Evaluacion,,2025.0,Supervisado,PIURA,TALARA,EL ALTO
-81.17808,-4.27122,EA9212,Central,CNPC - Corporación Nacional de Petróleos de China S.A.,Etapa I - COSAPI,Con afectación,22.92,1ra Evaluacion,1,2023.0,Supervisado,PIURA,TALARA,EL ALTO
-81.17638,-4.27315,PQA-EA450,Central,CNPC - Corporación Nacional de Petróleos de China S.A.,Etapa I - COSAPI,Sin afectación,0.0,1ra Evaluacion,,2023.0,Supervisado,PIURA,TALARA,EL ALTO
-81.17894,-4.27396,PQA-EA9249,Central,CNPC - Corporación Nacional de Petróleos de China S.A.,Etapa I - COSAPI,Sin afectación,0.0,1ra Evaluacion,,2023.0,Supervisado,PIURA,TALARA,EL ALTO
-81.10685,-4.20929,EA5681,Laguna,CNPC - Corporación Nacional de Petróleos de China S.A.,Etapa I - COSAPI,Con afectación,10.0,1ra Evaluacion,2,2025.0,Supervisado,PIURA,TALARA,LOS ORGANOS
-81.13899,-4.22965,EA1947,Somatito,CNPC - Corporación Nacional de Petróleos de China S.A.,Etapa I - COSAPI,Sin afectación,0.0,1ra Evaluacion,,2025.0,Supervisado,PIURA,TALARA,EL ALTO
-81.13639,-4.2357,EA2162E,Somatito,CNPC - Corporación Nacional de Petróleos de China S.A.,Etapa I - COSAPI,No supervisada,0.0,1ra Evaluacion,,,Planificado,PIURA,TALARA,EL ALTO
-81.11736,-4.21961,PQA-EA10537,Somatito,CNPC - Corporación Nacional de Petróleos de China S.A.,Etapa I - COSAPI,No supervisada,0.0,1ra Evaluacion,,,Observado,PIURA,TALARA,LOS ORGANOS
-81.14765,-4.23914,PQA-EA5783,Somatito,CNPC - Corporación Nacional de Petróleos de China S.A.,Etapa I - COSAPI,No supervisada,0.0,1ra Evaluacion,,,Observado,PIURA,TALARA,EL ALTO
-81.17556,-4.26892,EA2402,Central,CNPC - Corporación Nacional de Petróleos de China S.A.,Etapa I - COSAPI,Con afectación,93.87,1ra Evaluacion,1,2023.0,Supervisado,PIURA,TALARA,EL ALTO
-81.18689,-4.26667,EA1893,Ballena,CNPC - Corporación Nacional de Petróleos de China S.A.,Etapa I - COSAPI,Sin afectación,0.0,1ra Evaluacion,,2024.0,Supervisado,PIURA,TALARA,EL ALTO
-81.18163,-4.26768,EA2083,Ballena,CNPC - Corporación Nacional de Petróleos de China S.A.,Etapa I - COSAPI,Sin afectación,0.0,1ra Evaluacion,,2024.0,Supervisado,PIURA,TALARA,EL ALTO
-81.17438,-4.26907,EA9011,Central,CNPC - Corporación Nacional de Petróleos de China S.A.,Etapa I - COSAPI,Sin afectación,0.0,1ra Evaluacion,,2023.0,Supervisado,PIURA,TALARA,EL ALTO
-81.13082,-4.24154,EA9483,Somatito,CNPC - Corporación Nacional de Petróleos de China S.A.,Etapa I - COSAPI,No supervisada,0.0,1ra Evaluacion,,,Observado,PIURA,TALARA,EL ALTO
-81.1819,-4.27453,EA10527,Central,CNPC - Corporación Nacional de Petróleos de China S.A.,Etapa I - COSAPI,Sin afectación,0.0,1ra Evaluacion,,2023.0,Supervisado,PIURA,TALARA,EL ALTO
-81.1838,-4.26849,EA2508,Ballena,CNPC - Corporación Nacional de Petróleos de China S.A.,Etapa I - COSAPI,Sin afectación,0.0,1ra Evaluacion,,2023.0,Supervisado,PIURA,TALARA,EL ALTO
-81.18068,-4.27189,EA431,Central,CNPC - Corporación Nacional de Petróleos de China S.A.,Etapa I - COSAPI,Sin afectación,0.0,1ra Evaluacion,,2023.0,Supervisado,PIURA,TALARA,EL ALTO
-81.17998,-4.27408,MNF-MC1014-CE10,Central,CNPC - Corporación Nacional de Petróleos de China S.A.,Etapa I - COSAPI,Sin afectación,0.0,1ra Evaluacion,,2024.0,Supervisado,PIURA,TALARA,EL ALTO
-81.17562,-4.27038,EA9014,Central,CNPC - Corporación Nacional de Petróleos de China S.A.,Etapa I - COSAPI,Sin afectación,0.0,1ra Evaluacion,,2023.0,Supervisado,PIURA,TALARA,EL ALTO
-81.17669,-4.27151,PQA-EA456,Central,CNPC - Corporación Nacional de Petróleos de China S.A.,Etapa I - COSAPI,Sin afectación,0.0,1ra Evaluacion,,2023.0,Supervisado,PIURA,TALARA,EL ALTO
-81.17382,-4.27676,EA830,Central,CNPC - Corporación Nacional de Petróleos de China S.A.,Etapa I - COSAPI,Con afectación,14.49,1ra Evaluacion,1,2024.0,Supervisado,PIURA,TALARA,EL ALTO
-81.18014,-4.26903,EA9053,Central,CNPC - Corporación Nacional de Petróleos de China S.A.,Etapa I - COSAPI,Sin afectación,0.0,1ra Evaluacion,,2023.0,Supervisado,PIURA,TALARA,EL ALTO
-81.1919,-4.26499,EA7956,Ballena,CNPC - Corporación Nacional de Petróleos de China S.A.,Etapa I - COSAPI,Sin afectación,0.0,1ra Evaluacion,,2023.0,Supervisado,PIURA,TALARA,EL ALTO
-81.13165,-4.24339,EA9484,Somatito,CNPC - Corporación Nacional de Petróleos de China S.A.,Etapa I - COSAPI,Sin afectación,0.0,1ra Evaluacion,,2023.0,Supervisado,PIURA,TALARA,EL ALTO
-81.17935,-4.2723,EA9228,Central,CNPC - Corporación Nacional de Petróleos de China S.A.,Etapa I - COSAPI,Con afectación,18.92,1ra Evaluacion,1,2023.0,Supervisado,PIURA,TALARA,EL ALTO
-81.17329,-4.27833,EA9044,Central,CNPC - Corporación Nacional de Petróleos de China S.A.,Etapa I - COSAPI,Sin afectación,0.0,1ra Evaluacion,,2023.0,Supervisado,PIURA,TALARA,EL ALTO
-81.15613,-4.27019,EA5772,Central,CNPC - Corporación Nacional de Petróleos de China S.A.,Etapa I - COSAPI,Sin afectación,0.0,1ra Evaluacion,,2024.0,Supervisado,PIURA,TALARA,EL ALTO
-81.16674,-4.26991,PQA-EA9968,Central,CNPC - Corporación Nacional de Petróleos de China S.A.,Etapa I - COSAPI,No supervisada,0.0,1ra Evaluacion,,,Observado,PIURA,TALARA,EL ALTO
-81.18294,-4.27569,PQA-EA621,Central,CNPC - Corporación Nacional de Petróleos de China S.A.,Etapa I - COSAPI,Sin afectación,0.0,1ra Evaluacion,,2023.0,Supervisado,PIURA,TALARA,EL ALTO
-81.18063,-4.27346,EA9038,Central,CNPC - Corporación Nacional de Petróleos de China S.A.,Etapa I - COSAPI,Sin afectación,0.0,1ra Evaluacion,,2024.0,Supervisado,PIURA,TALARA,EL ALTO
-81.17205,-4.27659,EA2261,Central,CNPC - Corporación Nacional de Petróleos de China S.A.,Etapa I - COSAPI,Sin afectación,0.0,1ra Evaluacion,,2024.0,Supervisado,PIURA,TALARA,EL ALTO
-81.18299,-4.26991,EA9028,Central,CNPC - Corporación Nacional de Petróleos de China S.A.,Etapa I - COSAPI,Sin afectación,0.0,1ra Evaluacion,,2023.0,Supervisado,PIURA,TALARA,EL ALTO
-81.17835,-4.25871,EA2382,Ballena,CNPC - Corporación Nacional de Petróleos de China S.A.,Etapa I - COSAPI,Sin afectación,0.0,1ra Evaluacion,,2025.0,Supervisado,PIURA,TALARA,EL ALTO
-81.17229,-4.27916,EX-TANQUE01-CE10,Central,CNPC - Corporación Nacional de Petróleos de China S.A.,Etapa I - COSAPI,No supervisada,0.0,1ra Evaluacion,,,Observado,PIURA,TALARA,EL ALTO
-81.17795,-4.28895,PQA-EA749,Central,CNPC - Corporación Nacional de Petróleos de China S.A.,Etapa I - COSAPI,Sin afectación,0.0,1ra Evaluacion,,2024.0,Supervisado,PIURA,TALARA,EL ALTO
-81.17511,-4.27215,PQA-EA9966,Central,CNPC - Corporación Nacional de Petróleos de China S.A.,Etapa I - COSAPI,Sin afectación,0.0,1ra Evaluacion,,2025.0,Supervisado,PIURA,TALARA,EL ALTO
-81.17267,-4.28221,PQA-EA9272,Central,CNPC - Corporación Nacional de Petróleos de China S.A.,Etapa I - COSAPI,No supervisada,0.0,1ra Evaluacion,,,Verificado,PIURA,TALARA,EL ALTO
-81.17911,-4.27725,PQA-EA2119,Central,CNPC - Corporación Nacional de Petróleos de China S.A.,Etapa I - COSAPI,Sin afectación,0.0,1ra Evaluacion,,2025.0,Supervisado,PIURA,TALARA,EL ALTO
-81.17764,-4.2846,PQA-EA9086,Central,CNPC - Corporación Nacional de Petróleos de China S.A.,Etapa I - COSAPI,Sin afectación,0.0,1ra Evaluacion,,2024.0,Supervisado,PIURA,TALARA,EL ALTO
-81.18378,-4.2726,PQA-EA610,Central,CNPC - Corporación Nacional de Petróleos de China S.A.,Etapa I - COSAPI,Con afectación,11.53,1ra Evaluacion,1,2024.0,Supervisado,PIURA,TALARA,EL ALTO
-81.17142,-4.28025,EA9036,Central,CNPC - Corporación Nacional de Petróleos de China S.A.,Etapa I - COSAPI,Con afectación,12.98,1ra Evaluacion,1,2023.0,Supervisado,PIURA,TALARA,EL ALTO
-81.18506,-4.26955,PQA-EA5641,Central,CNPC - Corporación Nacional de Petróleos de China S.A.,Etapa I - COSAPI,Sin afectación,0.0,1ra Evaluacion,,2023.0,Supervisado,PIURA,TALARA,EL ALTO
-81.17565,-4.28059,EA9049,Central,CNPC - Corporación Nacional de Petróleos de China S.A.,Etapa I - COSAPI,Sin afectación,0.0,1ra Evaluacion,,2023.0,Supervisado,PIURA,TALARA,EL ALTO
-81.17675,-4.28779,EA10214,Central,CNPC - Corporación Nacional de Petróleos de China S.A.,Etapa I - COSAPI,Sin afectación,0.0,1ra Evaluacion,,2023.0,Supervisado,PIURA,TALARA,EL ALTO
-81.17188,-4.27874,PQA-EA9812,Central,CNPC - Corporación Nacional de Petróleos de China S.A.,Etapa I - COSAPI,Sin afectación,0.0,1ra Evaluacion,,2025.0,Supervisado,PIURA,TALARA,EL ALTO
-81.17411,-4.28126,EA9271,Central,CNPC - Corporación Nacional de Petróleos de China S.A.,Etapa I - COSAPI,Sin afectación,0.0,1ra Evaluacion,,2023.0,Supervisado,PIURA,TALARA,EL ALTO
-81.16373,-4.26466,PQA-EA912,Central,CNPC - Corporación Nacional de Petróleos de China S.A.,Etapa I - COSAPI,Sin afectación,0.0,1ra Evaluacion,,2023.0,Supervisado,PIURA,TALARA,EL ALTO
-81.17811,-4.27925,GEN25-CE10,Central,CNPC - Corporación Nacional de Petróleos de China S.A.,Etapa I - COSAPI,Sin afectación,0.0,1ra Evaluacion,,2025.0,Supervisado,PIURA,TALARA,EL ALTO
-81.17893,-4.27926,MNF-MC1011-CE10,Central,CNPC - Corporación Nacional de Petróleos de China S.A.,Etapa I - COSAPI,Sin afectación,0.0,1ra Evaluacion,,2023.0,Supervisado,PIURA,TALARA,EL ALTO
-81.17293,-4.27989,EA9293,Central,CNPC - Corporación Nacional de Petróleos de China S.A.,Etapa I - COSAPI,Sin afectación,0.0,1ra Evaluacion,,2023.0,Supervisado,PIURA,TALARA,EL ALTO
-81.18251,-4.27117,EA9839,Central,CNPC - Corporación Nacional de Petróleos de China S.A.,Etapa I - COSAPI,Sin afectación,0.0,1ra Evaluacion,,2024.0,Supervisado,PIURA,TALARA,EL ALTO
-81.17411,-4.28113,EA706,Central,CNPC - Corporación Nacional de Petróleos de China S.A.,Etapa I - COSAPI,Sin afectación,0.0,1ra Evaluacion,,2024.0,Supervisado,PIURA,TALARA,EL ALTO
-81.17616,-4.28505,PQA-EA10216,Central,CNPC - Corporación Nacional de Petróleos de China S.A.,Etapa I - COSAPI,No supervisada,0.0,,,,Verificado,PIURA,TALARA,EL ALTO
-81.16303,-4.26792,EA910,Central,CNPC - Corporación Nacional de Petróleos de China S.A.,Etapa I - COSAPI,Sin afectación,0.0,1ra Evaluacion,,2025.0,Supervisado,PIURA,TALARA,EL ALTO
-81.17506,-4.27198,EA969,Central,CNPC - Corporación Nacional de Petróleos de China S.A.,Etapa I - COSAPI,Sin afectación,0.0,1ra Evaluacion,,2023.0,Supervisado,PIURA,TALARA,EL ALTO
-81.17107,-4.27607,PQA-EA9082,Central,CNPC - Corporación Nacional de Petróleos de China S.A.,Etapa I - COSAPI,Sin afectación,0.0,1ra Evaluacion,,2025.0,Supervisado,PIURA,TALARA,EL ALTO
-81.18336,-4.2742,EA626,Central,CNPC - Corporación Nacional de Petróleos de China S.A.,Etapa I - COSAPI,Sin afectación,0.0,1ra evaluacion,,2024.0,Supervisado,PIURA,TALARA,EL ALTO
-81.1766,-4.28337,EA9039,Central,CNPC - Corporación Nacional de Petróleos de China S.A.,Etapa I - COSAPI,Sin afectación,0.0,1ra Evaluacion,,2023.0,Supervisado,PIURA,TALARA,EL ALTO
-81.18417,-4.27091,PQA-EA9043,Central,CNPC - Corporación Nacional de Petróleos de China S.A.,Etapa I - COSAPI,Sin afectación,0.0,1ra Evaluacion,,2024.0,Supervisado,PIURA,TALARA,EL ALTO
-81.17656,-4.28348,EA612,Central,CNPC - Corporación Nacional de Petróleos de China S.A.,Etapa I - COSAPI,Sin afectación,0.0,1ra Evaluacion,,2024.0,Supervisado,PIURA,TALARA,EL ALTO
-81.17364,-4.28262,EA9048,Central,CNPC - Corporación Nacional de Petróleos de China S.A.,Etapa I - COSAPI,Sin afectación,0.0,1ra Evaluacion,,2023.0,Supervisado,PIURA,TALARA,EL ALTO
-81.18228,-4.27313,EA9841,Central,CNPC - Corporación Nacional de Petróleos de China S.A.,Etapa I - COSAPI,Sin afectación,0.0,1ra Evaluacion,,2024.0,Supervisado,PIURA,TALARA,EL ALTO
-81.18539,-4.26711,EA2374,Ballena,CNPC - Corporación Nacional de Petróleos de China S.A.,Etapa I - COSAPI,No supervisada,0.0,1ra Evaluacion,,,Verificado,PIURA,TALARA,EL ALTO
-81.18657,-4.27335,PQA-EA633,Central,CNPC - Corporación Nacional de Petróleos de China S.A.,Etapa I - COSAPI,Sin afectación,0.0,1ra Evaluacion,,2024.0,Supervisado,PIURA,TALARA,EL ALTO
-81.17271,-4.28063,EA2121,Central,CNPC - Corporación Nacional de Petróleos de China S.A.,Etapa I - COSAPI,Sin afectación,0.0,1ra Evaluacion,,2023.0,Supervisado,PIURA,TALARA,EL ALTO
-81.17867,-4.28606,EA9291,Central,CNPC - Corporación Nacional de Petróleos de China S.A.,Etapa I - COSAPI,Sin afectación,0.0,1ra Evaluacion,,2023.0,Supervisado,PIURA,TALARA,EL ALTO
-81.16852,-4.27367,EA9888,Central,CNPC - Corporación Nacional de Petróleos de China S.A.,Etapa I - COSAPI,Con afectación,42.38,1ra Evaluacion,1,2024.0,Supervisado,PIURA,TALARA,EL ALTO
-81.17856,-4.26944,EA9062,Central,CNPC - Corporación Nacional de Petróleos de China S.A.,Etapa I - COSAPI,Sin afectación,0.0,1ra Evaluacion,,2024.0,Supervisado,PIURA,TALARA,EL ALTO
-81.21251,-4.24805,EA1994,Verde,CNPC - Corporación Nacional de Petróleos de China S.A.,Etapa I - COSAPI,Con afectación,4.0,1ra Evaluacion,1,2025.0,Supervisado,PIURA,TALARA,EL ALTO
-81.21804,-4.25375,PQA-EA1519,Verde,CNPC - Corporación Nacional de Petróleos de China S.A.,Etapa I - COSAPI,No supervisada,0.0,1ra Evaluacion,,,Observado,PIURA,TALARA,EL ALTO
-81.21341,-4.25319,EA1501,Verde,CNPC - Corporación Nacional de Petróleos de China S.A.,Etapa I - COSAPI,No supervisada,0.0,1ra Evaluacion,,,Observado,PIURA,TALARA,EL ALTO
-81.21006,-4.25091,EA1958,Verde,CNPC - Corporación Nacional de Petróleos de China S.A.,Etapa I - COSAPI,Con afectación,4.0,1ra Evaluacion,1,2025.0,Supervisado,PIURA,TALARA,EL ALTO
-81.20987,-4.24575,EA2008,Verde,CNPC - Corporación Nacional de Petróleos de China S.A.,Etapa I - COSAPI,Sin afectación,0.0,1ra Evaluacion,,2025.0,Supervisado,PIURA,TALARA,EL ALTO
-81.20739,-4.2483,EA6683,Verde,CNPC - Corporación Nacional de Petróleos de China S.A.,Etapa I - COSAPI,Sin afectación,0.0,1ra Evaluacion,,2025.0,Supervisado,PIURA,TALARA,EL ALTO
-81.20046,-4.2538,EA5616,Verde,CNPC - Corporación Nacional de Petróleos de China S.A.,Etapa I - COSAPI,Con afectación,17.69,1ra Evaluacion,1,2024.0,Supervisado,PIURA,TALARA,EL ALTO
-81.1806,-4.2853,PQA-EA9052,Central,CNPC - Corporación Nacional de Petróleos de China S.A.,Etapa I - COSAPI,Sin afectación,0.0,1ra Evaluacion,,2023.0,Supervisado,PIURA,TALARA,EL ALTO
-81.21435,-4.25697,EA1130,Verde,CNPC - Corporación Nacional de Petróleos de China S.A.,Etapa I - COSAPI,Con afectación,16.29,1ra Evaluacion,1,2022.0,Supervisado,PIURA,TALARA,EL ALTO
-81.17687,-4.28187,EA9238,Central,CNPC - Corporación Nacional de Petróleos de China S.A.,Etapa I - COSAPI,Sin afectación,0.0,1ra Evaluacion,,2023.0,Supervisado,PIURA,TALARA,EL ALTO
-81.18205,-4.2791,EA693,Central,CNPC - Corporación Nacional de Petróleos de China S.A.,Etapa I - COSAPI,Con afectación,23.59,1ra Evaluacion,1,2023.0,Supervisado,PIURA,TALARA,EL ALTO
-81.17828,-4.27752,PQA-EA9904A,Central,CNPC - Corporación Nacional de Petróleos de China S.A.,Etapa I - COSAPI,No supervisada,0.0,1ra Evaluacion,,,Observado,PIURA,TALARA,EL ALTO
-81.17658,-4.27772,EA9068,Central,CNPC - Corporación Nacional de Petróleos de China S.A.,Etapa I - COSAPI,Sin afectación,0.0,1ra Evaluacion,,2025.0,Supervisado,PIURA,TALARA,EL ALTO
-81.17844,-4.2817,MNF-MC1010-CE10,Central,CNPC - Corporación Nacional de Petróleos de China S.A.,Etapa I - COSAPI,Sin afectación,0.0,1ra Evaluacion,,2023.0,Supervisado,PIURA,TALARA,EL ALTO
-81.17919,-4.27814,PQA-EA9244,Central,CNPC - Corporación Nacional de Petróleos de China S.A.,Etapa I - COSAPI,Sin afectación,0.0,1ra Evaluacion,,2022.0,Supervisado,PIURA,TALARA,EL ALTO
-81.17537,-4.28242,EA9269,Central,CNPC - Corporación Nacional de Petróleos de China S.A.,Etapa I - COSAPI,Sin afectación,0.0,1ra Evaluacion,,2023.0,Supervisado,PIURA,TALARA,EL ALTO
-81.17866,-4.28171,PQA-EA9063,Central,CNPC - Corporación Nacional de Petróleos de China S.A.,Etapa I - COSAPI,Sin afectación,0.0,1ra Evaluacion,,2024.0,Supervisado,PIURA,TALARA,EL ALTO
-81.17333,-4.28018,MNF-MC1004-CE10,Central,CNPC - Corporación Nacional de Petróleos de China S.A.,Etapa I - COSAPI,Sin afectación,0.0,1ra Evaluacion,,2023.0,Supervisado,PIURA,TALARA,EL ALTO
-81.14173,-4.21579,MNF-MC1012-CE10,Central,CNPC - Corporación Nacional de Petróleos de China S.A.,Etapa I - COSAPI,No supervisada,0.0,1ra Evaluacion,,,No supervisado,PIURA,TALARA,LOS ORGANOS
-81.17465,-4.2797,PQA-EA9258,Central,CNPC - Corporación Nacional de Petróleos de China S.A.,Etapa I - COSAPI,Sin afectación,0.0,1ra Evaluacion,,2025.0,Supervisado,PIURA,TALARA,EL ALTO
-81.18036,-4.27933,EA9084,Central,CNPC - Corporación Nacional de Petróleos de China S.A.,Etapa I - COSAPI,Sin afectación,0.0,1ra Evaluacion,,2023.0,Supervisado,PIURA,TALARA,EL ALTO
-81.21809,-4.26046,PQA-EA746,Verde,CNPC - Corporación Nacional de Petróleos de China S.A.,Etapa I - COSAPI,Sin afectación,0.0,1ra Evaluacion,,2022.0,Supervisado,PIURA,TALARA,EL ALTO
-81.16482,-4.27625,EA9277,Central,CNPC - Corporación Nacional de Petróleos de China S.A.,Etapa I - COSAPI,Sin afectación,0.0,1ra Evaluacion,,2024.0,Supervisado,PIURA,TALARA,EL ALTO
-81.1831,-4.26695,EA9219,Ballena,CNPC - Corporación Nacional de Petróleos de China S.A.,Etapa I - COSAPI,Sin afectación,0.0,1ra Evaluacion,,2025.0,Supervisado,PIURA,TALARA,EL ALTO
-81.18832,-4.26497,EA7954,Ballena,CNPC - Corporación Nacional de Petróleos de China S.A.,Etapa I - COSAPI,Sin afectación,0.0,1ra Evaluacion,,2023.0,Supervisado,PIURA,TALARA,EL ALTO
-81.20307,-4.24527,EA771,Verde,CNPC - Corporación Nacional de Petróleos de China S.A.,Etapa I - COSAPI,Sin afectación,0.0,1ra Evaluacion,,2025.0,Supervisado,PIURA,TALARA,EL ALTO
-81.21779,-4.26089,MNF-MC02-TA26,Taiman,CNPC - Corporación Nacional de Petróleos de China S.A.,Etapa I - COSAPI,No supervisada,0.0,1ra Evaluacion,,,Observado,PIURA,TALARA,EL ALTO
-81.2106,-4.24416,EA1067,Verde,CNPC - Corporación Nacional de Petróleos de China S.A.,Etapa I - COSAPI,No supervisada,0.0,1ra Evaluacion,,,Observado,PIURA,TALARA,EL ALTO
-81.20834,-4.24106,EA1589,Verde,CNPC - Corporación Nacional de Petróleos de China S.A.,Etapa I - COSAPI,Sin afectación,0.0,1ra Evaluacion,,2025.0,Supervisado,PIURA,TALARA,EL ALTO
-81.18092,-4.27804,EA9222,Central,CNPC - Corporación Nacional de Petróleos de China S.A.,Etapa I - COSAPI,Sin afectación,0.0,1ra Evaluacion,,2025.0,Supervisado,PIURA,TALARA,EL ALTO
-81.20276,-4.28212,EA694,Central,CNPC - Corporación Nacional de Petróleos de China S.A.,Etapa I - COSAPI,Sin afectación,0.0,1ra Evaluacion,,2023.0,Supervisado,PIURA,TALARA,EL ALTO
-81.16138,-4.26832,PQA-EA9881,Central,CNPC - Corporación Nacional de Petróleos de China S.A.,Etapa I - COSAPI,No supervisada,0.0,1ra Evaluacion,,,Observado,PIURA,TALARA,EL ALTO
-81.20676,-4.28283,EA710,Taiman,CNPC - Corporación Nacional de Petróleos de China S.A.,Etapa I - COSAPI,No supervisada,0.0,1ra Evaluacion,,,Observado,PIURA,TALARA,EL ALTO
-81.1802,-4.28102,PQA-EA9071,Central,CNPC - Corporación Nacional de Petróleos de China S.A.,Etapa I - COSAPI,Sin afectación,0.0,1ra Evaluacion,,2025.0,Supervisado,PIURA,TALARA,EL ALTO
-81.18902,-4.26233,EA7877,Ballena,CNPC - Corporación Nacional de Petróleos de China S.A.,Etapa I - COSAPI,Sin afectación,0.0,1ra Evaluacion,,2023.0,Supervisado,PIURA,TALARA,EL ALTO
-81.17966,-4.28263,EA9059,Central,CNPC - Corporación Nacional de Petróleos de China S.A.,Etapa I - COSAPI,Sin afectación,0.0,1ra Evaluacion,,2024.0,Supervisado,PIURA,TALARA,EL ALTO
-81.16229,-4.27543,EA9012,Central,CNPC - Corporación Nacional de Petróleos de China S.A.,Etapa I - COSAPI,Sin afectación,0.0,1ra Evaluacion,,2024.0,Supervisado,PIURA,TALARA,EL ALTO
-81.14817,-4.25022,EA5642,Somatito,CNPC - Corporación Nacional de Petróleos de China S.A.,Etapa I - COSAPI,Sin afectación,0.0,1ra Evaluacion,,2025.0,Supervisado,PIURA,TALARA,EL ALTO
-81.18,-4.28612,EA5760,Central,CNPC - Corporación Nacional de Petróleos de China S.A.,Etapa I - COSAPI,No supervisada,0.0,1ra Evaluacion,,,Observado,PIURA,TALARA,EL ALTO
-81.16274,-4.27476,MNF-MC1008-CE10,Central,CNPC - Corporación Nacional de Petróleos de China S.A.,Etapa I - COSAPI,Sin afectación,0.0,1ra Evaluacion,,2024.0,Supervisado,PIURA,TALARA,EL ALTO
-81.17722,-4.28629,PQA-EA623,Central,CNPC - Corporación Nacional de Petróleos de China S.A.,Etapa I - COSAPI,Sin afectación,0.0,1ra Evaluacion,,2022.0,Supervisado,PIURA,TALARA,EL ALTO
-81.20252,-4.27623,EA1544,Taiman,CNPC - Corporación Nacional de Petróleos de China S.A.,Etapa I - COSAPI,No supervisada,0.0,,,,Observado,PIURA,TALARA,EL ALTO
-81.16092,-4.27941,EA2197,Central,CNPC - Corporación Nacional de Petróleos de China S.A.,Etapa I - COSAPI,Sin afectación,0.0,1ra Evaluacion,,2024.0,Supervisado,PIURA,TALARA,EL ALTO
-81.19013,-4.27147,EA1600,Central,CNPC - Corporación Nacional de Petróleos de China S.A.,Etapa I - COSAPI,Sin afectación,0.0,1ra Evaluacion,,2024.0,Supervisado,PIURA,TALARA,EL ALTO
-81.18615,-4.26459,EA939,Ballena,CNPC - Corporación Nacional de Petróleos de China S.A.,Etapa I - COSAPI,Con afectación,3.5,1ra Evaluacion,2,2025.0,Supervisado,PIURA,TALARA,EL ALTO
-81.18731,-4.26321,EA5853,Ballena,CNPC - Corporación Nacional de Petróleos de China S.A.,Etapa I - COSAPI,Sin afectación,0.0,1ra Evaluacion,,2023.0,Supervisado,PIURA,TALARA,EL ALTO
-81.17407,-4.29314,EA808,Central,CNPC - Corporación Nacional de Petróleos de China S.A.,Etapa I - COSAPI,En ejecución,0.0,1ra Evaluacion,,,Planificado,PIURA,TALARA,EL ALTO
-81.18327,-4.28616,EA9072,Central,CNPC - Corporación Nacional de Petróleos de China S.A.,Etapa I - COSAPI,No supervisada,0.0,1ra Evaluacion,,,Observado,PIURA,TALARA,EL ALTO
-81.15668,-4.27424,EA9226,Central,CNPC - Corporación Nacional de Petróleos de China S.A.,Etapa I - COSAPI,Con afectación,22.6,1ra Evaluacion,1,2024.0,Supervisado,PIURA,TALARA,EL ALTO
-81.16223,-4.27688,PQA-EA5698,Central,CNPC - Corporación Nacional de Petróleos de China S.A.,Etapa I - COSAPI,Sin afectación,0.0,1ra Evaluacion,,2025.0,Supervisado,PIURA,TALARA,EL ALTO
-81.19456,-4.27167,EA1786,Central,CNPC - Corporación Nacional de Petróleos de China S.A.,Etapa I - COSAPI,Sin afectación,0.0,1ra Evaluacion,,2024.0,Supervisado,PIURA,TALARA,EL ALTO
-81.16145,-4.28237,PQA-EA1296,Central,CNPC - Corporación Nacional de Petróleos de China S.A.,Etapa I - COSAPI,Sin afectación,0.0,1ra Evaluacion,,2025.0,Supervisado,PIURA,TALARA,EL ALTO
-81.19245,-4.2709,EA7678,Central,CNPC - Corporación Nacional de Petróleos de China S.A.,Etapa I - COSAPI,Sin afectación,0.0,1ra Evaluacion,,2024.0,Supervisado,PIURA,TALARA,EL ALTO
-81.18044,-4.28975,EA9567,Central,CNPC - Corporación Nacional de Petróleos de China S.A.,Etapa I - COSAPI,Sin afectación,0.0,1ra Evaluacion,,2022.0,Supervisado,PIURA,TALARA,EL ALTO
-81.18496,-4.2798,EA662,Central,CNPC - Corporación Nacional de Petróleos de China S.A.,Etapa I - COSAPI,No supervisada,0.0,1ra Evaluacion,,,Observado,PIURA,TALARA,EL ALTO
-81.17907,-4.27979,EA9041,Central,CNPC - Corporación Nacional de Petróleos de China S.A.,Etapa I - COSAPI,Sin afectación,0.0,1ra Evaluacion,,2023.0,Supervisado,PIURA,TALARA,EL ALTO
-81.17922,-4.28411,PQA-EA9087,Central,CNPC - Corporación Nacional de Petróleos de China S.A.,Etapa I - COSAPI,Sin afectación,0.0,1ra Evaluacion,,2022.0,Supervisado,PIURA,TALARA,EL ALTO
-81.17489,-4.26765,EA962,Central,CNPC - Corporación Nacional de Petróleos de China S.A.,Etapa I - COSAPI,Sin afectación,0.0,1ra Evaluacion,,2025.0,Supervisado,PIURA,TALARA,EL ALTO
-81.16406,-4.2841,EA2198,Central,CNPC - Corporación Nacional de Petróleos de China S.A.,Etapa I - COSAPI,Con afectación,95.15,1ra Evaluacion,2,2023.0,Supervisado,PIURA,TALARA,EL ALTO
-81.1636,-4.2825,EA9022,Central,CNPC - Corporación Nacional de Petróleos de China S.A.,Etapa I - COSAPI,Sin afectación,0.0,1ra Evaluacion,,2025.0,Supervisado,PIURA,TALARA,EL ALTO
-81.18442,-4.28735,EA647,Central,CNPC - Corporación Nacional de Petróleos de China S.A.,Etapa I - COSAPI,No supervisada,0.0,1ra Evaluacion,,,Observado,PIURA,TALARA,EL ALTO
-81.16434,-4.27899,EA1537,Central,CNPC - Corporación Nacional de Petróleos de China S.A.,Etapa I - COSAPI,Sin afectación,0.0,1ra Evaluacion,,2025.0,Supervisado,PIURA,TALARA,EL ALTO
-81.17432,-4.29155,EA782,Central,CNPC - Corporación Nacional de Petróleos de China S.A.,Etapa I - COSAPI,Sin afectación,0.0,1ra Evaluacion,,2024.0,Supervisado,PIURA,TALARA,EL ALTO
-81.19131,-4.26727,EA7677,Ballena,CNPC - Corporación Nacional de Petróleos de China S.A.,Etapa I - COSAPI,Sin afectación,0.0,1ra Evaluacion,,2024.0,Supervisado,PIURA,TALARA,EL ALTO
-81.19511,-4.26955,EA7676,Central,CNPC - Corporación Nacional de Petróleos de China S.A.,Etapa I - COSAPI,Sin afectación,0.0,1ra Evaluacion,,2024.0,Supervisado,PIURA,TALARA,EL ALTO
-81.16304,-4.28419,EA1059,Central,CNPC - Corporación Nacional de Petróleos de China S.A.,Etapa I - COSAPI,Sin afectación,0.0,1ra Evaluacion,,2024.0,Supervisado,PIURA,TALARA,EL ALTO
-81.16017,-4.27741,EA9013,Central,CNPC - Corporación Nacional de Petróleos de China S.A.,Etapa I - COSAPI,Sin afectación,0.0,1ra Evaluacion,,2024.0,Supervisado,PIURA,TALARA,EL ALTO
-81.19677,-4.26623,EA250,Verde,CNPC - Corporación Nacional de Petróleos de China S.A.,Etapa I - COSAPI,Sin afectación,0.0,1ra Evaluacion,,2024.0,Supervisado,PIURA,TALARA,EL ALTO
-81.1858,-4.27058,PQA-EA620,Central,CNPC - Corporación Nacional de Petróleos de China S.A.,Etapa I - COSAPI,Sin afectación,0.0,1ra Evaluacion,,2023.0,Supervisado,PIURA,TALARA,EL ALTO
-81.16245,-4.28609,EA5648,Central,CNPC - Corporación Nacional de Petróleos de China S.A.,Etapa I - COSAPI,Sin afectación,0.0,1ra Evaluacion,,2024.0,Supervisado,PIURA,TALARA,EL ALTO
-81.16233,-4.27758,EA1294,Central,CNPC - Corporación Nacional de Petróleos de China S.A.,Etapa I - COSAPI,Sin afectación,0.0,1ra Evaluacion,,2024.0,Supervisado,PIURA,TALARA,EL ALTO
-81.17848,-4.28302,PQA-EA5851,Central,CNPC - Corporación Nacional de Petróleos de China S.A.,Etapa I - COSAPI,Sin afectación,0.0,1ra Evaluacion,,2023.0,Supervisado,PIURA,TALARA,EL ALTO
-81.17715,-4.29224,EA802,Central,CNPC - Corporación Nacional de Petróleos de China S.A.,Etapa I - COSAPI,En ejecución,0.0,1ra Evaluacion,,,Planificado,PIURA,TALARA,EL ALTO
-81.18529,-4.26162,MNF-MC02-BA35,Ballena,CNPC - Corporación Nacional de Petróleos de China S.A.,Etapa I - COSAPI,No supervisada,0.0,1ra Evaluacion,,,Observado,PIURA,TALARA,EL ALTO
-81.18938,-4.2681,EA266,Ballena,CNPC - Corporación Nacional de Petróleos de China S.A.,Etapa I - COSAPI,Sin afectación,0.0,1ra Evaluacion,,2024.0,Supervisado,PIURA,TALARA,EL ALTO
-81.19826,-4.26102,EA6777,Verde,CNPC - Corporación Nacional de Petróleos de China S.A.,Etapa I - COSAPI,No supervisada,0.0,1ra Evaluacion,,,Verificado,PIURA,TALARA,EL ALTO
-81.19317,-4.26625,EA1511,Ballena,CNPC - Corporación Nacional de Petróleos de China S.A.,Etapa I - COSAPI,No supervisada,0.0,1ra Evaluacion,,,Observado,PIURA,TALARA,EL ALTO
-81.16178,-4.28364,EA2502,Central,CNPC - Corporación Nacional de Petróleos de China S.A.,Etapa I - COSAPI,Sin afectación,0.0,1ra Evaluacion,,2024.0,Supervisado,PIURA,TALARA,EL ALTO
-81.16169,-4.28895,EA1090,Central,CNPC - Corporación Nacional de Petróleos de China S.A.,Etapa I - COSAPI,Sin afectación,0.0,1ra Evaluacion,,2024.0,Supervisado,PIURA,TALARA,EL ALTO
-81.16714,-4.27415,EA922,Central,CNPC - Corporación Nacional de Petróleos de China S.A.,Etapa I - COSAPI,Sin afectación,0.0,1ra Evaluacion,,2025.0,Supervisado,PIURA,TALARA,EL ALTO
-81.16314,-4.2807,EA2213,Central,CNPC - Corporación Nacional de Petróleos de China S.A.,Etapa I - COSAPI,Sin afectación,0.0,1ra Evaluacion,,2023.0,Supervisado,PIURA,TALARA,EL ALTO
-81.18524,-4.27813,EA657,Central,CNPC - Corporación Nacional de Petróleos de China S.A.,Etapa I - COSAPI,Sin afectación,0.0,1ra Evaluacion,,2016.0,Supervisado,PIURA,TALARA,EL ALTO
-81.1733,-4.28428,EA9299,Central,CNPC - Corporación Nacional de Petróleos de China S.A.,Etapa I - COSAPI,Con afectación,57.13,1ra Evaluacion,1,2023.0,Supervisado,PIURA,TALARA,EL ALTO
-81.17505,-4.29422,EA784,Central,CNPC - Corporación Nacional de Petróleos de China S.A.,Etapa I - COSAPI,Sin afectación,0.0,1ra Evaluacion,,2024.0,Supervisado,PIURA,TALARA,EL ALTO
-81.17731,-4.29,MNF-MC1002-CE10,Central,CNPC - Corporación Nacional de Petróleos de China S.A.,Etapa I - COSAPI,Sin afectación,0.0,1ra Evaluacion,,2023.0,Supervisado,PIURA,TALARA,EL ALTO
-81.18242,-4.28932,PQA-EA10213,Central,CNPC - Corporación Nacional de Petróleos de China S.A.,Etapa I - COSAPI,Sin afectación,0.0,1ra Evaluacion,,2023.0,Supervisado,PIURA,TALARA,EL ALTO
-81.17635,-4.27943,EA9292,Central,CNPC - Corporación Nacional de Petróleos de China S.A.,Etapa I - COSAPI,Sin afectación,0.0,1ra Evaluacion,,2025.0,Supervisado,PIURA,TALARA,EL ALTO
-81.19574,-4.26733,EA1868,Verde,CNPC - Corporación Nacional de Petróleos de China S.A.,Etapa I - COSAPI,Con afectación,142.06,1ra Evaluacion,1,2024.0,Supervisado,PIURA,TALARA,EL ALTO
-81.17347,-4.29464,EA792,Central,CNPC - Corporación Nacional de Petróleos de China S.A.,Etapa I - COSAPI,Sin afectación,0.0,1ra Evaluacion,,2024.0,Supervisado,PIURA,TALARA,EL ALTO
-81.1746,-4.28384,EA9268,Central,CNPC - Corporación Nacional de Petróleos de China S.A.,Etapa I - COSAPI,Con afectación,35.63,1ra Evaluacion,1,2023.0,Supervisado,PIURA,TALARA,EL ALTO
-81.18946,-4.269,EA7281,Central,CNPC - Corporación Nacional de Petróleos de China S.A.,Etapa I - COSAPI,Sin afectación,0.0,1ra Evaluacion,,2024.0,Supervisado,PIURA,TALARA,EL ALTO
-81.19917,-4.26555,EA1132,Verde,CNPC - Corporación Nacional de Petróleos de China S.A.,Etapa I - COSAPI,Sin afectación,0.0,1ra Evaluacion,,2022.0,Supervisado,PIURA,TALARA,EL ALTO
-81.18082,-4.2827,EA5787,Central,CNPC - Corporación Nacional de Petróleos de China S.A.,Etapa I - COSAPI,Sin afectación,0.0,1ra Evaluacion,,2025.0,Supervisado,PIURA,TALARA,EL ALTO
-81.19491,-4.2645,EA6638,Ballena,CNPC - Corporación Nacional de Petróleos de China S.A.,Etapa I - COSAPI,Sin afectación,0.0,1ra Evaluacion,,2024.0,Supervisado,PIURA,TALARA,EL ALTO
-81.17401,-4.28708,EA755,Central,CNPC - Corporación Nacional de Petróleos de China S.A.,Etapa I - COSAPI,Con afectación,13.17,1ra Evaluacion,1,2024.0,Supervisado,PIURA,TALARA,EL ALTO
-81.20655,-4.25927,EA7316,Verde,CNPC - Corporación Nacional de Petróleos de China S.A.,Etapa I - COSAPI,Sin afectación,0.0,1ra Evaluacion,,2016.0,Supervisado,PIURA,TALARA,EL ALTO
-81.17984,-4.27673,EA9259,Central,CNPC - Corporación Nacional de Petróleos de China S.A.,Etapa I - COSAPI,Sin afectación,0.0,1ra Evaluacion,,2023.0,Supervisado,PIURA,TALARA,EL ALTO
-81.20093,-4.26429,EA7411,Verde,CNPC - Corporación Nacional de Petróleos de China S.A.,Etapa I - COSAPI,Sin afectación,0.0,1ra Evaluacion,,2022.0,Supervisado,PIURA,TALARA,EL ALTO
-81.19904,-4.2589,EA7218,Verde,CNPC - Corporación Nacional de Petróleos de China S.A.,Etapa I - COSAPI,Sin afectación,0.0,1ra Evaluacion,,2024.0,Supervisado,PIURA,TALARA,EL ALTO
-81.17464,-4.29553,EA800,Central,CNPC - Corporación Nacional de Petróleos de China S.A.,Etapa I - COSAPI,Sin afectación,0.0,1ra Evaluacion,,2024.0,Supervisado,PIURA,TALARA,EL ALTO
-81.20142,-4.25924,EA7869,Verde,CNPC - Corporación Nacional de Petróleos de China S.A.,Etapa I - COSAPI,Sin afectación,0.0,1ra Evaluacion,,2024.0,Supervisado,PIURA,TALARA,EL ALTO
-81.17237,-4.27716,EA9076,Central,CNPC - Corporación Nacional de Petróleos de China S.A.,Etapa I - COSAPI,Sin afectación,0.0,1ra Evaluacion,,2022.0,Supervisado,PIURA,TALARA,EL ALTO
-81.18717,-4.2821,PQA-EA897,Central,CNPC - Corporación Nacional de Petróleos de China S.A.,Etapa I - COSAPI,Sin afectación,0.0,1ra Evaluacion,,2023.0,Supervisado,PIURA,TALARA,EL ALTO
-81.19171,-4.28061,EA9211,Central,CNPC - Corporación Nacional de Petróleos de China S.A.,Etapa I - COSAPI,Sin afectación,0.0,1ra Evaluacion,,2023.0,Supervisado,PIURA,TALARA,EL ALTO
-81.17471,-4.27796,EA848,Central,CNPC - Corporación Nacional de Petróleos de China S.A.,Etapa I - COSAPI,Sin afectación,0.0,1ra Evaluacion,,2022.0,Supervisado,PIURA,TALARA,EL ALTO
-81.20424,-4.25713,EA2036,Verde,CNPC - Corporación Nacional de Petróleos de China S.A.,Etapa I - COSAPI,Sin afectación,0.0,1ra Evaluacion,,2016.0,Supervisado,PIURA,TALARA,EL ALTO
-81.19727,-4.26464,EA6708,Verde,CNPC - Corporación Nacional de Petróleos de China S.A.,Etapa I - COSAPI,Sin afectación,0.0,1ra Evaluacion,,2016.0,Supervisado,PIURA,TALARA,EL ALTO
-81.19474,-4.26244,EA6711,Ballena,CNPC - Corporación Nacional de Petróleos de China S.A.,Etapa I - COSAPI,Sin afectación,0.0,1ra Evaluacion,,2024.0,Supervisado,PIURA,TALARA,EL ALTO
-81.18104,-4.2913,BAT-947,Central,CNPC - Corporación Nacional de Petróleos de China S.A.,Etapa I - COSAPI,No supervisada,0.0,1ra Evaluacion,,,Observado,PIURA,TALARA,EL ALTO
-81.17427,-4.28684,MNF-MC1003-CE10,Central,CNPC - Corporación Nacional de Petróleos de China S.A.,Etapa I - COSAPI,Sin afectación,0.0,1ra Evaluacion,,2023.0,Supervisado,PIURA,TALARA,EL ALTO
-81.17388,-4.28713,EA9886,Central,CNPC - Corporación Nacional de Petróleos de China S.A.,Etapa I - COSAPI,Sin afectación,0.0,1ra Evaluacion,,2023.0,Supervisado,PIURA,TALARA,EL ALTO
-81.17633,-4.28948,EA758,Central,CNPC - Corporación Nacional de Petróleos de China S.A.,Etapa I - COSAPI,Sin afectación,0.0,1ra Evaluacion,,2023.0,Supervisado,PIURA,TALARA,EL ALTO
-81.17554,-4.29277,PQA-EA10243,Central,CNPC - Corporación Nacional de Petróleos de China S.A.,Etapa I - COSAPI,No supervisada,0.0,1ra Evaluacion,,,Verificado,PIURA,TALARA,EL ALTO
-81.18615,-4.2749,PQA-EA636,Central,CNPC - Corporación Nacional de Petróleos de China S.A.,Etapa I - COSAPI,Sin afectación,0.0,1ra Evaluacion,,2024.0,Supervisado,PIURA,TALARA,EL ALTO
-81.20046,-4.26086,EA7409,Verde,CNPC - Corporación Nacional de Petróleos de China S.A.,Etapa I - COSAPI,Sin afectación,0.0,1ra Evaluacion,,2016.0,Supervisado,PIURA,TALARA,EL ALTO
-81.1871,-4.2718,PQA-EA627,Central,CNPC - Corporación Nacional de Petróleos de China S.A.,Etapa I - COSAPI,Sin afectación,0.0,1ra Evaluacion,,2025.0,Supervisado,PIURA,TALARA,EL ALTO
-81.18238,-4.28336,EA9267,Central,CNPC - Corporación Nacional de Petróleos de China S.A.,Etapa I - COSAPI,Sin afectación,0.0,1ra Evaluacion,,2025.0,Supervisado,PIURA,TALARA,EL ALTO
-81.1723,-4.29348,EA801,Central,CNPC - Corporación Nacional de Petróleos de China S.A.,Etapa I - COSAPI,Sin afectación,0.0,1ra Evaluacion,,2022.0,Supervisado,PIURA,TALARA,EL ALTO
-81.19709,-4.25638,EA7962,Verde,CNPC - Corporación Nacional de Petróleos de China S.A.,Etapa I - COSAPI,Sin afectación,0.0,1ra Evaluacion,,2024.0,Supervisado,PIURA,TALARA,EL ALTO
-81.17771,-4.27873,EA9239,Central,CNPC - Corporación Nacional de Petróleos de China S.A.,Etapa I - COSAPI,Sin afectación,0.0,1ra Evaluacion,,2025.0,Supervisado,PIURA,TALARA,EL ALTO
-81.19692,-4.25922,EA6606,Verde,CNPC - Corporación Nacional de Petróleos de China S.A.,Etapa I - COSAPI,No supervisada,0.0,1ra Evaluacion,,,Verificado,PIURA,TALARA,EL ALTO
-81.17954,-4.2887,EA9817,Central,CNPC - Corporación Nacional de Petróleos de China S.A.,Etapa I - COSAPI,Sin afectación,0.0,1ra Evaluacion,,2023.0,Supervisado,PIURA,TALARA,EL ALTO
-81.17623,-4.29517,EA828,Central,CNPC - Corporación Nacional de Petróleos de China S.A.,Etapa I - COSAPI,Sin afectación,0.0,1ra Evaluacion,,2024.0,Supervisado,PIURA,TALARA,EL ALTO
-81.17559,-4.28666,PQA-EA772,Central,CNPC - Corporación Nacional de Petróleos de China S.A.,Etapa I - COSAPI,Sin afectación,0.0,1ra Evaluacion,,2024.0,Supervisado,PIURA,TALARA,EL ALTO
-81.17514,-4.26014,EA5692,Central,CNPC - Corporación Nacional de Petróleos de China S.A.,Etapa I - COSAPI,Sin afectación,0.0,1ra Evaluacion,,2023.0,Supervisado,PIURA,TALARA,EL ALTO
-81.19314,-4.26856,EA6827,Ballena,CNPC - Corporación Nacional de Petróleos de China S.A.,Etapa I - COSAPI,Sin afectación,0.0,1ra Evaluacion,,2024.0,Supervisado,PIURA,TALARA,EL ALTO
-81.16003,-4.28184,EA2199,Central,CNPC - Corporación Nacional de Petróleos de China S.A.,Etapa I - COSAPI,Sin afectación,0.0,1ra Evaluacion,,2024.0,Supervisado,PIURA,TALARA,EL ALTO
-81.18429,-4.28729,PQA-EA9693,Central,CNPC - Corporación Nacional de Petróleos de China S.A.,Etapa I - COSAPI,Sin afectación,0.0,1ra Evaluacion,,2023.0,Supervisado,PIURA,TALARA,EL ALTO
-81.20757,-4.26127,EA7456,Verde,CNPC - Corporación Nacional de Petróleos de China S.A.,Etapa I - COSAPI,Sin afectación,0.0,1ra Evaluacion,,2016.0,Supervisado,PIURA,TALARA,EL ALTO
-81.1777,-4.28008,EA9887,Central,CNPC - Corporación Nacional de Petróleos de China S.A.,Etapa I - COSAPI,No supervisada,0.0,1ra Evaluacion,,,Observado,PIURA,TALARA,EL ALTO
-81.19752,-4.26771,EA224,Verde,CNPC - Corporación Nacional de Petróleos de China S.A.,Etapa I - COSAPI,Sin afectación,0.0,1ra Evaluacion,,2022.0,Supervisado,PIURA,TALARA,EL ALTO
-81.17919,-4.29025,EA9972,Central,CNPC - Corporación Nacional de Petróleos de China S.A.,Etapa I - COSAPI,Sin afectación,0.0,1ra Evaluacion,,2023.0,Supervisado,PIURA,TALARA,EL ALTO
-81.20495,-4.26211,EA1646,Verde,CNPC - Corporación Nacional de Petróleos de China S.A.,Etapa I - COSAPI,Con afectación,671.44,1ra Evaluacion,1,2022.0,Supervisado,PIURA,TALARA,EL ALTO
-81.21037,-4.25491,EA1784,Verde,CNPC - Corporación Nacional de Petróleos de China S.A.,Etapa I - COSAPI,Sin afectación,0.0,1ra Evaluacion,,2016.0,Supervisado,PIURA,TALARA,EL ALTO
-81.201,-4.26653,EA7412,Verde,CNPC - Corporación Nacional de Petróleos de China S.A.,Etapa I - COSAPI,Sin afectación,0.0,1ra Evaluacion,,2022.0,Supervisado,PIURA,TALARA,EL ALTO
-81.1969,-4.26274,EA6129,Verde,CNPC - Corporación Nacional de Petróleos de China S.A.,Etapa I - COSAPI,Sin afectación,0.0,1ra Evaluacion,,2016.0,Supervisado,PIURA,TALARA,EL ALTO
-81.18552,-4.27224,PQA-EA622,Central,CNPC - Corporación Nacional de Petróleos de China S.A.,Etapa I - COSAPI,Sin afectación,0.0,1ra Evaluacion,,2025.0,Supervisado,PIURA,TALARA,EL ALTO
-81.19902,-4.26334,EA7217,Verde,CNPC - Corporación Nacional de Petróleos de China S.A.,Etapa I - COSAPI,Sin afectación,0.0,1ra Evaluacion,,2024.0,Supervisado,PIURA,TALARA,EL ALTO
-81.18252,-4.27738,EA682,Central,CNPC - Corporación Nacional de Petróleos de China S.A.,Etapa I - COSAPI,Con afectación,63.11,1ra Evaluacion,2,2023.0,Supervisado,PIURA,TALARA,EL ALTO
-81.20704,-4.26362,PQA-EA126,Verde,CNPC - Corporación Nacional de Petróleos de China S.A.,Etapa I - COSAPI,No supervisada,0.0,1ra Evaluacion,,,Observado,PIURA,TALARA,EL ALTO
-81.20974,-4.26516,EA2458,Verde,CNPC - Corporación Nacional de Petróleos de China S.A.,Etapa I - COSAPI,Sin afectación,0.0,1ra Evaluacion,,2022.0,Supervisado,PIURA,TALARA,EL ALTO
-81.20314,-4.26606,EA6722,Verde,CNPC - Corporación Nacional de Petróleos de China S.A.,Etapa I - COSAPI,Sin afectación,0.0,1ra Evaluacion,,2022.0,Supervisado,PIURA,TALARA,EL ALTO
-81.19798,-4.28287,EA462,Central,CNPC - Corporación Nacional de Petróleos de China S.A.,Etapa I - COSAPI,Sin afectación,0.0,1ra Evaluacion,,2023.0,Supervisado,PIURA,TALARA,EL ALTO
-81.20372,-4.26371,EA7407,Verde,CNPC - Corporación Nacional de Petróleos de China S.A.,Etapa I - COSAPI,Con afectación,38.21,1ra Evaluacion,1,2022.0,Supervisado,PIURA,TALARA,EL ALTO
-81.20195,-4.26234,EA7408,Verde,CNPC - Corporación Nacional de Petróleos de China S.A.,Etapa I - COSAPI,Sin afectación,0.0,1ra Evaluacion,,2024.0,Supervisado,PIURA,TALARA,EL ALTO
-81.21204,-4.26262,EA2461,Verde,CNPC - Corporación Nacional de Petróleos de China S.A.,Etapa I - COSAPI,Sin afectación,0.0,1ra Evaluacion,,2022.0,Supervisado,PIURA,TALARA,EL ALTO
-81.20447,-4.28985,EX-BAT-910,Taiman,CNPC - Corporación Nacional de Petróleos de China S.A.,Etapa I - COSAPI,No supervisada,0.0,1ra Evaluacion,,,Observado,PIURA,TALARA,EL ALTO
-81.19759,-4.26736,MNF-MC01-TA26,Taiman,CNPC - Corporación Nacional de Petróleos de China S.A.,Etapa I - COSAPI,No supervisada,0.0,1ra Evaluacion,,,Observado,PIURA,TALARA,EL ALTO
-81.20219,-4.29511,MNF-BAT-TA28,Taiman,CNPC - Corporación Nacional de Petróleos de China S.A.,Etapa I - COSAPI,Con afectación,0.0,,2,2024.0,Supervisado,PIURA,TALARA,EL ALTO
-81.22766,-4.46402,EX-PTC-FOLCHE,Folche,CNPC - Corporación Nacional de Petróleos de China S.A.,Etapa I - COSAPI,No supervisada,0.0,1ra Evaluacion,,,No supervisado,PIURA,TALARA,LOBITOS
-81.2073,-4.26517,PQA-EA134,Verde,CNPC - Corporación Nacional de Petróleos de China S.A.,Etapa I - COSAPI,No supervisada,0.0,,,,No supervisado,PIURA,TALARA,EL ALTO
-81.20553,-4.26587,EA7701,Verde,CNPC - Corporación Nacional de Petróleos de China S.A.,Etapa I - COSAPI,Sin afectación,0.0,1ra Evaluacion,,2022.0,Supervisado,PIURA,TALARA,EL ALTO
-81.18811,-4.28329,EA9694,Central,CNPC - Corporación Nacional de Petróleos de China S.A.,Etapa I - COSAPI,Sin afectación,0.0,1ra Evaluacion,,2023.0,Supervisado,PIURA,TALARA,EL ALTO
-81.18797,-4.28491,EA692,Central,CNPC - Corporación Nacional de Petróleos de China S.A.,Etapa I - COSAPI,Sin afectación,0.0,1ra Evaluacion,,2024.0,Supervisado,PIURA,TALARA,EL ALTO
-81.18938,-4.28439,EA407,Central,CNPC - Corporación Nacional de Petróleos de China S.A.,Etapa I - COSAPI,Sin afectación,0.0,1ra Evaluacion,,2024.0,Supervisado,PIURA,TALARA,EL ALTO
-81.19076,-4.27669,EA7679,Central,CNPC - Corporación Nacional de Petróleos de China S.A.,Etapa I - COSAPI,Sin afectación,0.0,1ra Evaluacion,,2016.0,Supervisado,PIURA,TALARA,EL ALTO
-81.20273,-4.28112,MNF-MC01-TA25,Central,CNPC - Corporación Nacional de Petróleos de China S.A.,Etapa I - COSAPI,No supervisada,0.0,1ra Evaluacion,,,Observado,PIURA,TALARA,EL ALTO
-81.1891,-4.27407,EA7693,Central,CNPC - Corporación Nacional de Petróleos de China S.A.,Etapa I - COSAPI,Sin afectación,0.0,1ra Evaluacion,,2024.0,Supervisado,PIURA,TALARA,EL ALTO
-81.19209,-4.27441,EA6529,Central,CNPC - Corporación Nacional de Petróleos de China S.A.,Etapa I - COSAPI,Sin afectación,0.0,1ra Evaluacion,,2016.0,Supervisado,PIURA,TALARA,EL ALTO
-81.20476,-4.28038,EA1746,Taiman,CNPC - Corporación Nacional de Petróleos de China S.A.,Etapa I - COSAPI,Sin afectación,0.0,1ra Evaluacion,,2022.0,Supervisado,PIURA,TALARA,EL ALTO
-81.20459,-4.28177,PQA-EA154,Taiman,CNPC - Corporación Nacional de Petróleos de China S.A.,Etapa I - COSAPI,No concluyeron,0.0,1ra Evaluacion,,2016.0,Por definir,PIURA,TALARA,EL ALTO
-81.17088,-4.28801,EA770,Central,CNPC - Corporación Nacional de Petróleos de China S.A.,Etapa I - COSAPI,No supervisada,0.0,1ra Evaluacion,,,Observado,PIURA,TALARA,EL ALTO
-81.19056,-4.28122,EA9691,Central,CNPC - Corporación Nacional de Petróleos de China S.A.,Etapa I - COSAPI,Sin afectación,0.0,1ra Evaluacion,,2025.0,Supervisado,PIURA,TALARA,EL ALTO
-81.19986,-4.27867,EA1586,Central,CNPC - Corporación Nacional de Petróleos de China S.A.,Etapa I - COSAPI,Sin afectación,0.0,1ra Evaluacion,,2023.0,Supervisado,PIURA,TALARA,EL ALTO
-81.20314,-4.27947,EA153,Central,CNPC - Corporación Nacional de Petróleos de China S.A.,Etapa I - COSAPI,Sin afectación,0.0,1ra Evaluacion,,2016.0,Supervisado,PIURA,TALARA,EL ALTO
-81.20842,-4.26422,PQA-EA96,Verde,CNPC - Corporación Nacional de Petróleos de China S.A.,Etapa I - COSAPI,No supervisada,0.0,1ra Evaluacion,,,Observado,PIURA,TALARA,EL ALTO
-81.16743,-4.27251,PQA-EA9073,Central,CNPC - Corporación Nacional de Petróleos de China S.A.,Etapa I - COSAPI,Sin afectación,0.0,1ra Evaluacion,,2024.0,Supervisado,PIURA,TALARA,EL ALTO
-81.17429,-4.28553,EA10258,Central,CNPC - Corporación Nacional de Petróleos de China S.A.,Etapa I - COSAPI,Con afectación,11.6,1ra Evaluacion,1,2024.0,Supervisado,PIURA,TALARA,EL ALTO
-81.17357,-4.28868,EA757,Central,CNPC - Corporación Nacional de Petróleos de China S.A.,Etapa I - COSAPI,Sin afectación,0.0,1ra Evaluacion,,2023.0,Supervisado,PIURA,TALARA,EL ALTO
-81.18119,-4.27611,PQA-EA9083,Central,CNPC - Corporación Nacional de Petróleos de China S.A.,Etapa I - COSAPI,Sin afectación,0.0,1ra Evaluacion,,2025.0,Supervisado,PIURA,TALARA,EL ALTO
-81.20595,-4.28187,EA709,Taiman,CNPC - Corporación Nacional de Petróleos de China S.A.,Etapa I - COSAPI,No supervisada,0.0,1ra Evaluacion,,,Observado,PIURA,TALARA,EL ALTO
-81.20193,-4.27031,EA308,Taiman,CNPC - Corporación Nacional de Petróleos de China S.A.,Etapa I - COSAPI,Sin afectación,0.0,1ra Evaluacion,,2022.0,Supervisado,PIURA,TALARA,EL ALTO
-81.18173,-4.28067,PQA-EA689,Central,CNPC - Corporación Nacional de Petróleos de China S.A.,Etapa I - COSAPI,Sin afectación,0.0,1ra Evaluacion,,2025.0,Supervisado,PIURA,TALARA,EL ALTO
-81.17598,-4.29107,PQA-EA795,Central,CNPC - Corporación Nacional de Petróleos de China S.A.,Etapa I - COSAPI,En ejecución,0.0,1ra Evaluacion,,,Planificado,PIURA,TALARA,EL ALTO
-81.17664,-4.29379,EA810,Central,CNPC - Corporación Nacional de Petróleos de China S.A.,Etapa I - COSAPI,Sin afectación,0.0,1ra Evaluacion,,2024.0,Supervisado,PIURA,TALARA,EL ALTO
-81.18888,-4.28182,PQA-EA896,Central,CNPC - Corporación Nacional de Petróleos de China S.A.,Etapa I - COSAPI,No supervisada,0.0,1ra Evaluacion,,,Observado,PIURA,TALARA,EL ALTO
-81.20278,-4.28165,EA1588,Central,CNPC - Corporación Nacional de Petróleos de China S.A.,Etapa I - COSAPI,Sin afectación,0.0,1ra Evaluacion,,2016.0,Supervisado,PIURA,TALARA,EL ALTO
-81.18551,-4.28842,PQA-EA534,Central,CNPC - Corporación Nacional de Petróleos de China S.A.,Etapa I - COSAPI,Sin afectación,0.0,1ra Evaluacion,,2023.0,Supervisado,PIURA,TALARA,EL ALTO
-81.17988,-4.29294,EA788,Central,CNPC - Corporación Nacional de Petróleos de China S.A.,Etapa I - COSAPI,Sin afectación,0.0,1ra Evaluacion,,2024.0,Supervisado,PIURA,TALARA,EL ALTO
-81.18603,-4.28693,EA9221,Central,CNPC - Corporación Nacional de Petróleos de China S.A.,Etapa I - COSAPI,No supervisada,0.0,1ra Evaluacion,,,Observado,PIURA,TALARA,EL ALTO
-81.18904,-4.28594,PQA-EA9263,Central,CNPC - Corporación Nacional de Petróleos de China S.A.,Etapa I - COSAPI,No supervisada,0.0,1ra Evaluacion,,,Observado,PIURA,TALARA,EL ALTO
-81.19324,-4.2761,EA678,Central,CNPC - Corporación Nacional de Petróleos de China S.A.,Etapa I - COSAPI,Sin afectación,0.0,1ra Evaluacion,,2016.0,Supervisado,PIURA,TALARA,EL ALTO
-81.19656,-4.27689,EA248,Taiman,CNPC - Corporación Nacional de Petróleos de China S.A.,Etapa I - COSAPI,Sin afectación,0.0,1ra Evaluacion,,2016.0,Supervisado,PIURA,TALARA,EL ALTO
-81.20388,-4.28064,EA151,Central,CNPC - Corporación Nacional de Petróleos de China S.A.,Etapa I - COSAPI,Sin afectación,0.0,1ra Evaluacion,,2016.0,Supervisado,PIURA,TALARA,EL ALTO
-81.19483,-4.27555,EA556,Central,CNPC - Corporación Nacional de Petróleos de China S.A.,Etapa I - COSAPI,Sin afectación,0.0,1ra Evaluacion,,2024.0,Supervisado,PIURA,TALARA,EL ALTO
-81.20533,-4.28309,EA742,Taiman,CNPC - Corporación Nacional de Petróleos de China S.A.,Etapa I - COSAPI,Sin afectación,0.0,1ra Evaluacion,,2016.0,Supervisado,PIURA,TALARA,EL ALTO
-81.20589,-4.28529,EA699,Taiman,CNPC - Corporación Nacional de Petróleos de China S.A.,Etapa I - COSAPI,No supervisada,0.0,1ra Evaluacion,,,No supervisado,PIURA,TALARA,EL ALTO
-81.20458,-4.28471,EA702,Taiman,CNPC - Corporación Nacional de Petróleos de China S.A.,Etapa I - COSAPI,Sin afectación,0.0,1ra Evaluacion,,2016.0,Supervisado,PIURA,TALARA,EL ALTO
-81.20306,-4.28541,EA704,Central,CNPC - Corporación Nacional de Petróleos de China S.A.,Etapa I - COSAPI,Sin afectación,0.0,1ra Evaluacion,,2016.0,Supervisado,PIURA,TALARA,EL ALTO
-81.20376,-4.2834,EA701,Central,CNPC - Corporación Nacional de Petróleos de China S.A.,Etapa I - COSAPI,Sin afectación,0.0,1ra Evaluacion,,2016.0,Supervisado,PIURA,TALARA,EL ALTO
-81.19717,-4.27595,EA6516,Taiman,CNPC - Corporación Nacional de Petróleos de China S.A.,Etapa I - COSAPI,Sin afectación,0.0,1ra Evaluacion,,2023.0,Supervisado,PIURA,TALARA,EL ALTO
-81.20113,-4.2816,PQA-EA427,Central,CNPC - Corporación Nacional de Petróleos de China S.A.,Etapa I - COSAPI,Con afectación,0.0,1ra Evaluacion,1,2016.0,Supervisado,PIURA,TALARA,EL ALTO
-81.20126,-4.27966,EA418,Central,CNPC - Corporación Nacional de Petróleos de China S.A.,Etapa I - COSAPI,Sin afectación,0.0,1ra Evaluacion,,2016.0,Supervisado,PIURA,TALARA,EL ALTO
-81.18745,-4.28637,PQA-EA9264,Central,CNPC - Corporación Nacional de Petróleos de China S.A.,Etapa I - COSAPI,Sin afectación,0.0,1ra Evaluacion,,2023.0,Supervisado,PIURA,TALARA,EL ALTO
-81.1923,-4.2793,PQA-EA10102,Central,CNPC - Corporación Nacional de Petróleos de China S.A.,Etapa I - COSAPI,Sin afectación,0.0,1ra Evaluacion,,2022.0,Supervisado,PIURA,TALARA,EL ALTO
-81.2053,-4.27748,EA136,Taiman,CNPC - Corporación Nacional de Petróleos de China S.A.,Etapa I - COSAPI,Sin afectación,0.0,,,2016.0,Supervisado,PIURA,TALARA,EL ALTO
-81.19446,-4.28075,EA2339,Central,CNPC - Corporación Nacional de Petróleos de China S.A.,Etapa I - COSAPI,Con afectación,32.64,1ra Evaluacion,1,2024.0,Supervisado,PIURA,TALARA,EL ALTO
-81.20222,-4.27827,EA400,Central,CNPC - Corporación Nacional de Petróleos de China S.A.,Etapa I - COSAPI,No concluyeron,0.0,1ra Evaluacion,,2016.0,Por definir,PIURA,TALARA,EL ALTO
-81.2106,-4.27875,EA1538,Taiman,CNPC - Corporación Nacional de Petróleos de China S.A.,Etapa I - COSAPI,Sin afectación,0.0,1ra Evaluacion,,2016.0,Supervisado,PIURA,TALARA,EL ALTO
-81.21316,-4.27709,EA6833,Taiman,CNPC - Corporación Nacional de Petróleos de China S.A.,Etapa I - COSAPI,Sin afectación,0.0,1ra Evaluacion,,2022.0,Supervisado,PIURA,TALARA,EL ALTO
-81.20249,-4.28084,PQA-EA430,Central,CNPC - Corporación Nacional de Petróleos de China S.A.,Etapa I - COSAPI,Sin afectación,0.0,1ra Evaluacion,,2016.0,Supervisado,PIURA,TALARA,EL ALTO
-81.21221,-4.27412,EA1340,Taiman,CNPC - Corporación Nacional de Petróleos de China S.A.,Etapa I - COSAPI,Sin afectación,0.0,1ra Evaluacion,,2022.0,Supervisado,PIURA,TALARA,EL ALTO
-81.21322,-4.2799,EA133,Taiman,CNPC - Corporación Nacional de Petróleos de China S.A.,Etapa I - COSAPI,Sin afectación,0.0,2da Evaluacion,,2022.0,Supervisado,PIURA,TALARA,EL ALTO
-81.21441,-4.2748,EA7216,Taiman,CNPC - Corporación Nacional de Petróleos de China S.A.,Etapa I - COSAPI,Sin afectación,0.0,2da Evaluacion,,2022.0,Supervisado,PIURA,TALARA,EL ALTO
-81.20838,-4.27574,EA324,Taiman,CNPC - Corporación Nacional de Petróleos de China S.A.,Etapa I - COSAPI,Sin afectación,0.0,2da Evaluacion,,2016.0,Supervisado,PIURA,TALARA,EL ALTO
-81.20392,-4.2734,EA330,Taiman,CNPC - Corporación Nacional de Petróleos de China S.A.,Etapa I - COSAPI,Sin afectación,0.0,1ra Evaluacion,,2016.0,Supervisado,PIURA,TALARA,EL ALTO
-81.19811,-4.2756,EA680,Taiman,CNPC - Corporación Nacional de Petróleos de China S.A.,Etapa I - COSAPI,Sin afectación,0.0,1ra Evaluacion,,2016.0,Supervisado,PIURA,TALARA,EL ALTO
-81.2107,-4.27793,EA233,Taiman,CNPC - Corporación Nacional de Petróleos de China S.A.,Etapa I - COSAPI,Sin afectación,0.0,1ra Evaluacion,,2016.0,Supervisado,PIURA,TALARA,EL ALTO
-81.20012,-4.28451,EA1603,Central,CNPC - Corporación Nacional de Petróleos de China S.A.,Etapa I - COSAPI,Sin afectación,0.0,1ra Evaluacion,,2016.0,Supervisado,PIURA,TALARA,EL ALTO
-81.20766,-4.28358,EA6427,Taiman,CNPC - Corporación Nacional de Petróleos de China S.A.,Etapa I - COSAPI,Sin afectación,0.0,1ra Evaluacion,,2016.0,Supervisado,PIURA,TALARA,EL ALTO
-81.20211,-4.27465,PQA-EA225,Taiman,CNPC - Corporación Nacional de Petróleos de China S.A.,Etapa I - COSAPI,No concluyeron,0.0,1ra Evaluacion,,2016.0,Por definir,PIURA,TALARA,EL ALTO
-81.19088,-4.28393,PQA-EA9689,Central,CNPC - Corporación Nacional de Petróleos de China S.A.,Etapa I - COSAPI,Sin afectación,0.0,1ra Evaluacion,,2024.0,Supervisado,PIURA,TALARA,EL ALTO
-81.20319,-4.27688,PQA-EA383,Taiman,CNPC - Corporación Nacional de Petróleos de China S.A.,Etapa I - COSAPI,Sin afectación,0.0,1ra Evaluacion,,2024.0,Supervisado,PIURA,TALARA,EL ALTO
-81.2123,-4.27935,EA172,Taiman,CNPC - Corporación Nacional de Petróleos de China S.A.,Etapa I - COSAPI,Sin afectación,0.0,1ra Evaluacion,,2022.0,Supervisado,PIURA,TALARA,EL ALTO
-81.20696,-4.27875,EA157,Taiman,CNPC - Corporación Nacional de Petróleos de China S.A.,Etapa I - COSAPI,Sin afectación,0.0,1ra Evaluacion,,2016.0,Supervisado,PIURA,TALARA,EL ALTO
-81.20525,-4.28055,EA138,Taiman,CNPC - Corporación Nacional de Petróleos de China S.A.,Etapa I - COSAPI,Sin afectación,0.0,1ra Evaluacion,,2016.0,Supervisado,PIURA,TALARA,EL ALTO
-81.1905,-4.27933,EA9218,Central,CNPC - Corporación Nacional de Petróleos de China S.A.,Etapa I - COSAPI,Sin afectación,0.0,1ra Evaluacion,,2023.0,Supervisado,PIURA,TALARA,EL ALTO
-81.20716,-4.27571,EA97,Taiman,CNPC - Corporación Nacional de Petróleos de China S.A.,Etapa I - COSAPI,No supervisada,0.0,1ra Evaluacion,,,Observado,PIURA,TALARA,EL ALTO
-81.202,-4.27244,PQA-EA236,Taiman,CNPC - Corporación Nacional de Petróleos de China S.A.,Etapa I - COSAPI,Con afectación,60.49,1ra Evaluacion,1,2022.0,Supervisado,PIURA,TALARA,EL ALTO
-81.20364,-4.27817,PQA-EA122,Central,CNPC - Corporación Nacional de Petróleos de China S.A.,Etapa I - COSAPI,Sin afectación,0.0,1ra Evaluacion,,2024.0,Supervisado,PIURA,TALARA,EL ALTO
-81.19486,-4.28583,EA9252,Central,CNPC - Corporación Nacional de Petróleos de China S.A.,Etapa I - COSAPI,Sin afectación,0.0,1ra Evaluacion,,2023.0,Supervisado,PIURA,TALARA,EL ALTO
-81.2061,-4.28963,EA5871,Taiman,CNPC - Corporación Nacional de Petróleos de China S.A.,Etapa I - COSAPI,Sin afectación,0.0,1ra Evaluacion,,2016.0,Supervisado,PIURA,TALARA,EL ALTO
-81.20554,-4.29121,EA618,Taiman,CNPC - Corporación Nacional de Petróleos de China S.A.,Etapa I - COSAPI,Sin afectación,0.0,1ra Evaluacion,,2016.0,Supervisado,PIURA,TALARA,EL ALTO
-81.19606,-4.28865,EA7387,Central,CNPC - Corporación Nacional de Petróleos de China S.A.,Etapa I - COSAPI,Sin afectación,0.0,1ra Evaluacion,,2024.0,Supervisado,PIURA,TALARA,EL ALTO
-81.19628,-4.28652,EA458,Central,CNPC - Corporación Nacional de Petróleos de China S.A.,Etapa I - COSAPI,No supervisada,0.0,1ra Evaluacion,,,Verificado,PIURA,TALARA,EL ALTO
-81.20261,-4.26947,EA1828,Taiman,CNPC - Corporación Nacional de Petróleos de China S.A.,Etapa I - COSAPI,Sin afectación,0.0,1ra Evaluacion,,2022.0,Supervisado,PIURA,TALARA,EL ALTO
-81.19734,-4.26964,EA7323,Taiman,CNPC - Corporación Nacional de Petróleos de China S.A.,Etapa I - COSAPI,Sin afectación,0.0,1ra Evaluacion,,2023.0,Supervisado,PIURA,TALARA,EL ALTO
-81.19632,-4.28206,EA5943,Central,CNPC - Corporación Nacional de Petróleos de China S.A.,Etapa I - COSAPI,Sin afectación,0.0,1ra Evaluacion,,2023.0,Supervisado,PIURA,TALARA,EL ALTO
-81.19676,-4.28963,EA9094,Central,CNPC - Corporación Nacional de Petróleos de China S.A.,Etapa I - COSAPI,No supervisada,0.0,1ra Evaluacion,,,Verificado,PIURA,TALARA,EL ALTO
-81.16695,-4.28022,EA9274,Central,CNPC - Corporación Nacional de Petróleos de China S.A.,Etapa I - COSAPI,Con afectación,84.75,1ra Evaluacion,1,2023.0,Supervisado,PIURA,TALARA,EL ALTO
-81.19991,-4.27366,EA1761,Taiman,CNPC - Corporación Nacional de Petróleos de China S.A.,Etapa I - COSAPI,Con afectación,45673.0,1ra Evaluacion,1,2023.0,Supervisado,PIURA,TALARA,EL ALTO
-81.20074,-4.27245,EA262,Taiman,CNPC - Corporación Nacional de Petróleos de China S.A.,Etapa I - COSAPI,Sin afectación,0.0,1ra Evaluacion,,2022.0,Supervisado,PIURA,TALARA,EL ALTO
-81.19973,-4.27035,EA6727,Taiman,CNPC - Corporación Nacional de Petróleos de China S.A.,Etapa I - COSAPI,Sin afectación,0.0,1ra Evaluacion,,2022.0,Supervisado,PIURA,TALARA,EL ALTO
-81.20825,-4.27192,EA2394,Taiman,CNPC - Corporación Nacional de Petróleos de China S.A.,Etapa I - COSAPI,Con afectación,61.8,1ra Evaluacion,1,2022.0,Supervisado,PIURA,TALARA,EL ALTO
-81.19833,-4.28869,EA5959,Central,CNPC - Corporación Nacional de Petróleos de China S.A.,Etapa I - COSAPI,Sin afectación,0.0,1ra Evaluacion,,2024.0,Supervisado,PIURA,TALARA,EL ALTO
-81.20414,-4.28792,EA684,Central,CNPC - Corporación Nacional de Petróleos de China S.A.,Etapa I - COSAPI,Sin afectación,0.0,1ra Evaluacion,,2016.0,Supervisado,PIURA,TALARA,EL ALTO
-81.20576,-4.28798,EA165,Taiman,CNPC - Corporación Nacional de Petróleos de China S.A.,Etapa I - COSAPI,Sin afectación,0.0,1ra Evaluacion,,2016.0,Supervisado,PIURA,TALARA,EL ALTO
-81.20398,-4.29364,EA7246,Central,CNPC - Corporación Nacional de Petróleos de China S.A.,Etapa I - COSAPI,Sin afectación,0.0,1ra Evaluacion,,2016.0,Supervisado,PIURA,TALARA,EL ALTO
-81.19778,-4.28618,EA465,Central,CNPC - Corporación Nacional de Petróleos de China S.A.,Etapa I - COSAPI,No supervisada,0.0,1ra Evaluacion,,,Verificado,PIURA,TALARA,EL ALTO
-81.20554,-4.29273,EA628,Taiman,CNPC - Corporación Nacional de Petróleos de China S.A.,Etapa I - COSAPI,Con afectación,106.87,1ra Evaluacion,1,2022.0,Supervisado,PIURA,TALARA,EL ALTO
-81.20744,-4.28594,EA691,Taiman,CNPC - Corporación Nacional de Petróleos de China S.A.,Etapa I - COSAPI,Sin afectación,0.0,1ra Evaluacion,,2016.0,Supervisado,PIURA,TALARA,EL ALTO
-81.20456,-4.28625,EA672,Taiman,CNPC - Corporación Nacional de Petróleos de China S.A.,Etapa I - COSAPI,Con afectación,0.0,1ra Evaluacion,1,2016.0,Supervisado,PIURA,TALARA,EL ALTO
-81.20249,-4.29313,EA589,Central,CNPC - Corporación Nacional de Petróleos de China S.A.,Etapa I - COSAPI,Sin afectación,0.0,1ra Evaluacion,,2016.0,Supervisado,PIURA,TALARA,EL ALTO
-81.20257,-4.29145,EA9801,Central,CNPC - Corporación Nacional de Petróleos de China S.A.,Etapa I - COSAPI,No supervisada,0.0,1ra Evaluacion,,,No supervisado,PIURA,TALARA,EL ALTO
-81.20462,-4.27007,EA342,Taiman,CNPC - Corporación Nacional de Petróleos de China S.A.,Etapa I - COSAPI,Sin afectación,0.0,1ra Evaluacion,,2022.0,Supervisado,PIURA,TALARA,EL ALTO
-81.20511,-4.29788,EA10109,Taiman,CNPC - Corporación Nacional de Petróleos de China S.A.,Etapa I - COSAPI,En ejecución,0.0,1ra Evaluacion,,,Planificado,PIURA,TALARA,EL ALTO
-81.2104,-4.27091,EA7214,Taiman,CNPC - Corporación Nacional de Petróleos de China S.A.,Etapa I - COSAPI,Sin afectación,0.0,1ra Evaluacion,,2022.0,Supervisado,PIURA,TALARA,EL ALTO
-81.21841,-4.27373,EA7709,Taiman,CNPC - Corporación Nacional de Petróleos de China S.A.,Etapa I - COSAPI,Sin afectación,0.0,1ra Evaluacion,,2023.0,Supervisado,PIURA,TALARA,EL ALTO
-81.20479,-4.29968,EA690,Taiman,CNPC - Corporación Nacional de Petróleos de China S.A.,Etapa I - COSAPI,No supervisada,0.0,1ra Evaluacion,,,No supervisado,PIURA,TALARA,EL ALTO
-81.20351,-4.29849,EA575,Taiman,CNPC - Corporación Nacional de Petróleos de China S.A.,Etapa I - COSAPI,Sin afectación,0.0,1ra Evaluacion,,2024.0,Supervisado,PIURA,TALARA,EL ALTO
-81.20674,-4.29759,EA663,Taiman,CNPC - Corporación Nacional de Petróleos de China S.A.,Etapa I - COSAPI,Sin afectación,0.0,1ra Evaluacion,,2024.0,Supervisado,PIURA,TALARA,EL ALTO
-81.19338,-4.28646,EA9261,Central,CNPC - Corporación Nacional de Petróleos de China S.A.,Etapa I - COSAPI,Sin afectación,0.0,1ra Evaluacion,,2023.0,Supervisado,PIURA,TALARA,EL ALTO
-81.21617,-4.27856,EA1574,Taiman,CNPC - Corporación Nacional de Petróleos de China S.A.,Etapa I - COSAPI,Sin afectación,0.0,1ra Evaluacion,,2022.0,Supervisado,PIURA,TALARA,EL ALTO
-81.20792,-4.29878,EA698,Taiman,CNPC - Corporación Nacional de Petróleos de China S.A.,Etapa I - COSAPI,Sin afectación,0.0,1ra Evaluacion,,2024.0,Supervisado,PIURA,TALARA,EL ALTO
-81.20059,-4.30011,EA1865,Taiman,CNPC - Corporación Nacional de Petróleos de China S.A.,Etapa I - COSAPI,Sin afectación,0.0,1ra Evaluacion,,2022.0,Supervisado,PIURA,TALARA,EL ALTO
-81.2077,-4.28923,EA1541,Taiman,CNPC - Corporación Nacional de Petróleos de China S.A.,Etapa I - COSAPI,Sin afectación,0.0,1ra Evaluacion,,2023.0,Supervisado,PIURA,TALARA,EL ALTO
-81.20622,-4.29917,EA668,Taiman,CNPC - Corporación Nacional de Petróleos de China S.A.,Etapa I - COSAPI,Sin afectación,0.0,1ra Evaluacion,,2024.0,Supervisado,PIURA,TALARA,EL ALTO
-81.19723,-4.29421,EA513,Central,CNPC - Corporación Nacional de Petróleos de China S.A.,Etapa I - COSAPI,Sin afectación,0.0,1ra Evaluacion,,2024.0,Supervisado,PIURA,TALARA,EL ALTO
-81.19874,-4.29544,EA587,Central,CNPC - Corporación Nacional de Petróleos de China S.A.,Etapa I - COSAPI,No supervisada,0.0,1ra Evaluacion,,,No supervisado,PIURA,TALARA,EL ALTO
-81.21017,-4.29707,EA5860,Taiman,CNPC - Corporación Nacional de Petróleos de China S.A.,Etapa I - COSAPI,Sin afectación,0.0,1ra Evaluacion,,2024.0,Supervisado,PIURA,TALARA,EL ALTO
-81.21012,-4.30114,EA378,Taiman,CNPC - Corporación Nacional de Petróleos de China S.A.,Etapa I - COSAPI,Con afectación,0.0,1ra Evaluacion,1,2024.0,Supervisado,PIURA,TALARA,EL ALTO
-81.20807,-4.28152,EA1724,Taiman,CNPC - Corporación Nacional de Petróleos de China S.A.,Etapa I - COSAPI,No supervisada,0.0,1ra Evaluacion,,,Observado,PIURA,TALARA,EL ALTO
-81.16986,-4.27822,EA2118,Central,CNPC - Corporación Nacional de Petróleos de China S.A.,Etapa I - COSAPI,Sin afectación,0.0,1ra Evaluacion,,2023.0,Supervisado,PIURA,TALARA,EL ALTO
-81.16559,-4.28193,EA2224,Central,CNPC - Corporación Nacional de Petróleos de China S.A.,Etapa I - COSAPI,Sin afectación,0.0,1ra Evaluacion,,2023.0,Supervisado,PIURA,TALARA,EL ALTO
-81.16618,-4.28328,EA878,Central,CNPC - Corporación Nacional de Petróleos de China S.A.,Etapa I - COSAPI,Sin afectación,0.0,1ra Evaluacion,,2023.0,Supervisado,PIURA,TALARA,EL ALTO
-81.16603,-4.2791,EA9276,Central,CNPC - Corporación Nacional de Petróleos de China S.A.,Etapa I - COSAPI,No supervisada,0.0,1ra Evaluacion,,,Observado,PIURA,TALARA,EL ALTO
-81.1678,-4.27698,EA928,Central,CNPC - Corporación Nacional de Petróleos de China S.A.,Etapa I - COSAPI,Sin afectación,0.0,1ra Evaluacion,,2023.0,Supervisado,PIURA,TALARA,EL ALTO
-81.16501,-4.27768,EA2263,Central,CNPC - Corporación Nacional de Petróleos de China S.A.,Etapa I - COSAPI,Sin afectación,0.0,1ra Evaluacion,,2023.0,Supervisado,PIURA,TALARA,EL ALTO
-81.16939,-4.27645,EA9037,Central,CNPC - Corporación Nacional de Petróleos de China S.A.,Etapa I - COSAPI,Con afectación,17.28,1ra Evaluacion,1,2024.0,Supervisado,PIURA,TALARA,EL ALTO
-81.16552,-4.28044,EA9229,Central,CNPC - Corporación Nacional de Petróleos de China S.A.,Etapa I - COSAPI,Sin afectación,0.0,1ra Evaluacion,,2023.0,Supervisado,PIURA,TALARA,EL ALTO
-81.16846,-4.27546,PQA-EA10524,Central,CNPC - Corporación Nacional de Petróleos de China S.A.,Etapa I - COSAPI,No supervisada,0.0,1ra Evaluacion,,,Observado,PIURA,TALARA,EL ALTO
-81.16734,-4.27843,PQA-EA9253,Central,CNPC - Corporación Nacional de Petróleos de China S.A.,Etapa I - COSAPI,Sin afectación,0.0,1ra Evaluacion,,2023.0,Supervisado,PIURA,TALARA,EL ALTO
-81.16923,-4.27823,PQA-EA9273,Central,CNPC - Corporación Nacional de Petróleos de China S.A.,Etapa I - COSAPI,Sin afectación,0.0,1ra Evaluacion,,2025.0,Supervisado,PIURA,TALARA,EL ALTO
-81.20979,-4.29898,EA6309,Taiman,CNPC - Corporación Nacional de Petróleos de China S.A.,Etapa I - COSAPI,Sin afectación,0.0,1ra Evaluacion,,2024.0,Supervisado,PIURA,TALARA,EL ALTO
-81.19821,-4.2728,EA1539,Taiman,CNPC - Corporación Nacional de Petróleos de China S.A.,Etapa I - COSAPI,No supervisada,0.0,1ra Evaluacion,,,Observado,PIURA,TALARA,EL ALTO
-81.20953,-4.27716,EA306,Taiman,CNPC - Corporación Nacional de Petróleos de China S.A.,Etapa I - COSAPI,Sin afectación,0.0,1ra Evaluacion,,2025.0,Supervisado,PIURA,TALARA,EL ALTO
-81.21181,-4.29873,EA6308,Taiman,CNPC - Corporación Nacional de Petróleos de China S.A.,Etapa I - COSAPI,Sin afectación,0.0,1ra Evaluacion,,2024.0,Supervisado,PIURA,TALARA,EL ALTO
-81.20739,-4.30038,EA675,Taiman,CNPC - Corporación Nacional de Petróleos de China S.A.,Etapa I - COSAPI,Sin afectación,0.0,1ra Evaluacion,,2024.0,Supervisado,PIURA,TALARA,EL ALTO
-81.20579,-4.2963,EA660,Taiman,CNPC - Corporación Nacional de Petróleos de China S.A.,Etapa I - COSAPI,Sin afectación,0.0,1ra Evaluacion,,2024.0,Supervisado,PIURA,TALARA,EL ALTO
-81.17033,-4.27919,EA9813,Central,CNPC - Corporación Nacional de Petróleos de China S.A.,Etapa I - COSAPI,Sin afectación,0.0,1ra Evaluacion,,2023.0,Supervisado,PIURA,TALARA,EL ALTO
-81.16923,-4.28255,EA9248,Central,CNPC - Corporación Nacional de Petróleos de China S.A.,Etapa I - COSAPI,Con afectación,21.59,1ra Evaluacion,1,2023.0,Supervisado,PIURA,TALARA,EL ALTO
-81.16978,-4.28093,EA1075,Central,CNPC - Corporación Nacional de Petróleos de China S.A.,Etapa I - COSAPI,Sin afectación,0.0,1ra Evaluacion,,2023.0,Supervisado,PIURA,TALARA,EL ALTO
-81.16651,-4.28187,PQA-EA9257,Central,CNPC - Corporación Nacional de Petróleos de China S.A.,Etapa I - COSAPI,Sin afectación,0.0,1ra Evaluacion,,2023.0,Supervisado,PIURA,TALARA,EL ALTO
-81.16501,-4.28213,EA867,Central,CNPC - Corporación Nacional de Petróleos de China S.A.,Etapa I - COSAPI,Sin afectación,0.0,1ra Evaluacion,,2023.0,Supervisado,PIURA,TALARA,EL ALTO
-81.16865,-4.2798,EA9077,Central,CNPC - Corporación Nacional de Petróleos de China S.A.,Etapa I - COSAPI,Sin afectación,0.0,1ra Evaluacion,,2023.0,Supervisado,PIURA,TALARA,EL ALTO
-81.16883,-4.28405,EA9058,Central,CNPC - Corporación Nacional de Petróleos de China S.A.,Etapa I - COSAPI,Sin afectación,0.0,1ra Evaluacion,,2023.0,Supervisado,PIURA,TALARA,EL ALTO
-81.16825,-4.28129,EA9214,Central,CNPC - Corporación Nacional de Petróleos de China S.A.,Etapa I - COSAPI,Con afectación,160.99,1ra Evaluacion,1,2023.0,Supervisado,PIURA,TALARA,EL ALTO
-81.20047,-4.29945,EA9802,Taiman,CNPC - Corporación Nacional de Petróleos de China S.A.,Etapa I - COSAPI,Sin afectación,0.0,1ra Evaluacion,,2024.0,Supervisado,PIURA,TALARA,EL ALTO
-81.16783,-4.27943,EA2262,Central,CNPC - Corporación Nacional de Petróleos de China S.A.,Etapa I - COSAPI,Sin afectación,0.0,1ra Evaluacion,,2023.0,Supervisado,PIURA,TALARA,EL ALTO
-81.19184,-4.28913,EA7688,Central,CNPC - Corporación Nacional de Petróleos de China S.A.,Etapa I - COSAPI,Con afectación,20.39,1ra Evaluacion,1,2024.0,Supervisado,PIURA,TALARA,EL ALTO
-81.16823,-4.2831,EA2226,Central,CNPC - Corporación Nacional de Petróleos de China S.A.,Etapa I - COSAPI,Sin afectación,0.0,1ra Evaluacion,,2023.0,Supervisado,PIURA,TALARA,EL ALTO
-81.17097,-4.28188,EA9213,Central,CNPC - Corporación Nacional de Petróleos de China S.A.,Etapa I - COSAPI,Sin afectación,0.0,1ra Evaluacion,,2023.0,Supervisado,PIURA,TALARA,EL ALTO
-81.20578,-4.30083,EA738,Taiman,CNPC - Corporación Nacional de Petróleos de China S.A.,Etapa I - COSAPI,Sin afectación,0.0,1ra Evaluacion,,2024.0,Supervisado,PIURA,TALARA,EL ALTO
-81.2027,-4.2714,PQA-EA311,Taiman,CNPC - Corporación Nacional de Petróleos de China S.A.,Etapa I - COSAPI,No supervisada,0.0,1ra Evaluacion,,,Observado,PIURA,TALARA,EL ALTO
-81.17033,-4.28947,EA781,Central,CNPC - Corporación Nacional de Petróleos de China S.A.,Etapa I - COSAPI,Sin afectación,0.0,1ra Evaluacion,,2023.0,Supervisado,PIURA,TALARA,EL ALTO
-81.19749,-4.29855,EA724,Taiman,CNPC - Corporación Nacional de Petróleos de China S.A.,Etapa I - COSAPI,Sin afectación,0.0,1ra Evaluacion,,2024.0,Supervisado,PIURA,TALARA,EL ALTO
-81.18883,-4.27699,EA7681,Central,CNPC - Corporación Nacional de Petróleos de China S.A.,Etapa I - COSAPI,Sin afectación,0.0,1ra Evaluacion,,2023.0,Supervisado,PIURA,TALARA,EL ALTO
-81.18195,-4.28495,EA685,Central,CNPC - Corporación Nacional de Petróleos de China S.A.,Etapa I - COSAPI,Sin afectación,0.0,1ra Evaluacion,,2023.0,Supervisado,PIURA,TALARA,EL ALTO
-81.18798,-4.27887,EA876,Central,CNPC - Corporación Nacional de Petróleos de China S.A.,Etapa I - COSAPI,Sin afectación,0.0,1ra Evaluacion,,2023.0,Supervisado,PIURA,TALARA,EL ALTO
-81.18367,-4.27857,EA658,Central,CNPC - Corporación Nacional de Petróleos de China S.A.,Etapa I - COSAPI,Con afectación,32.26,1ra Evaluacion,1,2024.0,Supervisado,PIURA,TALARA,EL ALTO
-81.18483,-4.28578,PQA-EA9956,Central,CNPC - Corporación Nacional de Petróleos de China S.A.,Etapa I - COSAPI,En ejecución,0.0,1ra Evaluacion,,,Planificado,PIURA,TALARA,EL ALTO
-81.18909,-4.28009,EA898,Central,CNPC - Corporación Nacional de Petróleos de China S.A.,Etapa I - COSAPI,Sin afectación,0.0,1ra Evaluacion,,2023.0,Supervisado,PIURA,TALARA,EL ALTO
-81.18659,-4.27953,EA683,Central,CNPC - Corporación Nacional de Petróleos de China S.A.,Etapa I - COSAPI,No supervisada,0.0,1ra Evaluacion,,,Observado,PIURA,TALARA,EL ALTO
-81.18359,-4.28452,EA9266,Central,CNPC - Corporación Nacional de Petróleos de China S.A.,Etapa I - COSAPI,No supervisada,0.0,1ra Evaluacion,,,Verificado,PIURA,TALARA,EL ALTO
-81.16731,-4.28455,EA9033,Central,CNPC - Corporación Nacional de Petróleos de China S.A.,Etapa I - COSAPI,Sin afectación,0.0,1ra Evaluacion,,2023.0,Supervisado,PIURA,TALARA,EL ALTO
-81.18324,-4.28016,PQA-EA653,Central,CNPC - Corporación Nacional de Petróleos de China S.A.,Etapa I - COSAPI,Sin afectación,0.0,1ra Evaluacion,,2023.0,Supervisado,PIURA,TALARA,EL ALTO
-81.17008,-4.28517,EA9209,Central,CNPC - Corporación Nacional de Petróleos de China S.A.,Etapa I - COSAPI,Con afectación,22.83,1ra Evaluacion,1,2024.0,Supervisado,PIURA,TALARA,EL ALTO
-81.16926,-4.29158,EA5844,Central,CNPC - Corporación Nacional de Petróleos de China S.A.,Etapa I - COSAPI,Sin afectación,0.0,1ra Evaluacion,,2024.0,Supervisado,PIURA,TALARA,EL ALTO
-81.16781,-4.28958,EA5826,Central,CNPC - Corporación Nacional de Petróleos de China S.A.,Etapa I - COSAPI,Sin afectación,0.0,1ra Evaluacion,,2024.0,Supervisado,PIURA,TALARA,EL ALTO
-81.18567,-4.27659,EA673,Central,CNPC - Corporación Nacional de Petróleos de China S.A.,Etapa I - COSAPI,Sin afectación,0.0,1ra Evaluacion,,2024.0,Supervisado,PIURA,TALARA,EL ALTO
-81.18283,-4.28197,PQA-EA9954,Central,CNPC - Corporación Nacional de Petróleos de China S.A.,Etapa I - COSAPI,Sin afectación,0.0,1ra Evaluacion,,2025.0,Supervisado,PIURA,TALARA,EL ALTO
-81.19219,-4.28502,PQA-EA9246,Central,CNPC - Corporación Nacional de Petróleos de China S.A.,Etapa I - COSAPI,Con afectación,49.58,1ra Evaluacion,1,2024.0,Supervisado,PIURA,TALARA,EL ALTO
-81.18819,-4.28923,EA457,Central,CNPC - Corporación Nacional de Petróleos de China S.A.,Etapa I - COSAPI,Sin afectación,0.0,1ra Evaluacion,,2022.0,Supervisado,PIURA,TALARA,EL ALTO
-81.19076,-4.28565,PQA-EA351,Central,CNPC - Corporación Nacional de Petróleos de China S.A.,Etapa I - COSAPI,No supervisada,0.0,1ra Evaluacion,,,Verificado,PIURA,TALARA,EL ALTO
-81.17792,-4.29503,PQA-EA812,Central,CNPC - Corporación Nacional de Petróleos de China S.A.,Etapa I - COSAPI,No supervisada,0.0,1ra Evaluacion,,,Verificado,PIURA,TALARA,EL ALTO
-81.19412,-4.28315,PQA-EA9224,Central,CNPC - Corporación Nacional de Petróleos de China S.A.,Etapa I - COSAPI,Sin afectación,0.0,1ra Evaluacion,,2024.0,Supervisado,PIURA,TALARA,EL ALTO
-81.19559,-4.30064,EA729,Taiman,CNPC - Corporación Nacional de Petróleos de China S.A.,Etapa I - COSAPI,No supervisada,0.0,1ra Evaluacion,,,Verificado,PIURA,TALARA,EL ALTO
-81.20281,-4.29576,EA335,Central,CNPC - Corporación Nacional de Petróleos de China S.A.,Etapa I - COSAPI,No supervisada,0.0,1ra Evaluacion,,,No supervisado,PIURA,TALARA,EL ALTO
-81.19516,-4.30226,EA733,Central,CNPC - Corporación Nacional de Petróleos de China S.A.,Etapa I - COSAPI,No supervisada,0.0,1ra Evaluacion,,,Observado,PIURA,TALARA,EL ALTO
-81.19096,-4.28989,EA468,Central,CNPC - Corporación Nacional de Petróleos de China S.A.,Etapa I - COSAPI,Sin afectación,0.0,1ra Evaluacion,,2024.0,Supervisado,PIURA,TALARA,EL ALTO
-81.19003,-4.28717,EA409,Central,CNPC - Corporación Nacional de Petróleos de China S.A.,Etapa I - COSAPI,Con afectación,16.24,1ra Evaluacion,1,2024.0,Supervisado,PIURA,TALARA,EL ALTO
-81.19691,-4.2917,EA5929,Central,CNPC - Corporación Nacional de Petróleos de China S.A.,Etapa I - COSAPI,Con afectación,206.44,1ra Evaluacion,1,2022.0,Supervisado,PIURA,TALARA,EL ALTO
-81.1928,-4.28348,EA9262,Central,CNPC - Corporación Nacional de Petróleos de China S.A.,Etapa I - COSAPI,Sin afectación,0.0,1ra Evaluacion,,2025.0,Supervisado,PIURA,TALARA,EL ALTO
-81.17236,-4.28752,PQA-EA756,Central,CNPC - Corporación Nacional de Petróleos de China S.A.,Etapa I - COSAPI,Sin afectación,0.0,1ra Evaluacion,,2023.0,Supervisado,PIURA,TALARA,EL ALTO
-81.19211,-4.29113,EA492,Central,CNPC - Corporación Nacional de Petróleos de China S.A.,Etapa I - COSAPI,Sin afectación,0.0,1ra Evaluacion,,2024.0,Supervisado,PIURA,TALARA,EL ALTO
-81.18813,-4.29508,EA584,Central,CNPC - Corporación Nacional de Petróleos de China S.A.,Etapa I - COSAPI,Sin afectación,0.0,1ra Evaluacion,,2024.0,Supervisado,PIURA,TALARA,EL ALTO
-81.19777,-4.27908,EA6448,Central,CNPC - Corporación Nacional de Petróleos de China S.A.,Etapa I - COSAPI,Sin afectación,0.0,1ra Evaluacion,,2023.0,Supervisado,PIURA,TALARA,EL ALTO
-81.19459,-4.27726,PQA-EA560,Central,CNPC - Corporación Nacional de Petróleos de China S.A.,Etapa I - COSAPI,No supervisada,0.0,1ra Evaluacion,,,Verificado,PIURA,TALARA,EL ALTO
-81.19671,-4.30183,EA730,Taiman,CNPC - Corporación Nacional de Petróleos de China S.A.,Etapa I - COSAPI,No supervisada,0.0,1ra Evaluacion,,,No supervisado,PIURA,TALARA,EL ALTO
-81.187,-4.29693,EA999,Central,CNPC - Corporación Nacional de Petróleos de China S.A.,Etapa I - COSAPI,Sin afectación,0.0,1ra Evaluacion,,2024.0,Supervisado,PIURA,TALARA,EL ALTO
-81.18696,-4.28845,EA9818,Central,CNPC - Corporación Nacional de Petróleos de China S.A.,Etapa I - COSAPI,Sin afectación,0.0,1ra Evaluacion,,2024.0,Supervisado,PIURA,TALARA,EL ALTO
-81.20405,-4.29664,EA568,Taiman,CNPC - Corporación Nacional de Petróleos de China S.A.,Etapa I - COSAPI,Con afectación,0.0,1ra Evaluacion,4,2024.0,Supervisado,PIURA,TALARA,EL ALTO
-81.19277,-4.28954,PQA-EA10236,Central,CNPC - Corporación Nacional de Petróleos de China S.A.,Etapa I - COSAPI,En ejecución,0.0,1ra Evaluacion,,,Planificado,PIURA,TALARA,EL ALTO
-81.19891,-4.2809,EA6449,Central,CNPC - Corporación Nacional de Petróleos de China S.A.,Etapa I - COSAPI,Con afectación,24.22,1ra Evaluacion,1,2023.0,Supervisado,PIURA,TALARA,EL ALTO
-81.19513,-4.29401,EA7383,Central,CNPC - Corporación Nacional de Petróleos de China S.A.,Etapa I - COSAPI,Sin afectación,0.0,1ra Evaluacion,,2024.0,Supervisado,PIURA,TALARA,EL ALTO
-81.17278,-4.28598,EA765,Central,CNPC - Corporación Nacional de Petróleos de China S.A.,Etapa I - COSAPI,Sin afectación,0.0,1ra Evaluacion,,2023.0,Supervisado,PIURA,TALARA,EL ALTO
-81.20949,-4.27846,EA298,Taiman,CNPC - Corporación Nacional de Petróleos de China S.A.,Etapa I - COSAPI,No supervisada,0.0,1ra Evaluacion,,,Observado,PIURA,TALARA,EL ALTO
-81.21722,-4.27603,EA7279,Taiman,CNPC - Corporación Nacional de Petróleos de China S.A.,Etapa I - COSAPI,Sin afectación,0.0,1ra Evaluacion,,2022.0,Supervisado,PIURA,TALARA,EL ALTO
-81.21551,-4.27524,EA7927,Taiman,CNPC - Corporación Nacional de Petróleos de China S.A.,Etapa I - COSAPI,Sin afectación,0.0,1ra Evaluacion,,2022.0,Supervisado,PIURA,TALARA,EL ALTO
-81.21619,-4.28069,EA7944,Taiman,CNPC - Corporación Nacional de Petróleos de China S.A.,Etapa I - COSAPI,Sin afectación,0.0,1ra Evaluacion,,2023.0,Supervisado,PIURA,TALARA,EL ALTO
-81.21221,-4.27573,PQA-EA361,Taiman,CNPC - Corporación Nacional de Petróleos de China S.A.,Etapa I - COSAPI,No supervisada,0.0,1ra Evaluacion,,,Observado,PIURA,TALARA,EL ALTO
-81.21344,-4.27573,PQA-EA381,Taiman,CNPC - Corporación Nacional de Petróleos de China S.A.,Etapa I - COSAPI,No supervisada,0.0,1ra Evaluacion,,,Observado,PIURA,TALARA,EL ALTO
-81.21428,-4.27672,PQA-EA398,Taiman,CNPC - Corporación Nacional de Petróleos de China S.A.,Etapa I - COSAPI,Con afectación,4.0,1ra Evaluacion,1,2025.0,Supervisado,PIURA,TALARA,EL ALTO
-81.21831,-4.27852,PQA-EA481,Taiman,CNPC - Corporación Nacional de Petróleos de China S.A.,Etapa I - COSAPI,Sin afectación,0.0,1ra Evaluacion,,2022.0,Supervisado,PIURA,TALARA,EL ALTO
-81.21638,-4.27593,MNF-MC02-TA25,Taiman,CNPC - Corporación Nacional de Petróleos de China S.A.,Etapa I - COSAPI,Sin afectación,0.0,1ra Evaluacion,,2025.0,Supervisado,PIURA,TALARA,EL ALTO
-81.20522,-4.27936,PQA-EA168,Taiman,CNPC - Corporación Nacional de Petróleos de China S.A.,Etapa I - COSAPI,No supervisada,0.0,1ra Evaluacion,,,Observado,PIURA,TALARA,EL ALTO
-81.21708,-4.29651,EA7296,Taiman,CNPC - Corporación Nacional de Petróleos de China S.A.,Etapa I - COSAPI,No supervisada,0.0,1ra Evaluacion,,,Observado,PIURA,TALARA,EL ALTO
-81.21833,-4.29538,EA7542,Taiman,CNPC - Corporación Nacional de Petróleos de China S.A.,Etapa I - COSAPI,Sin afectación,0.0,1ra Evaluacion,,2024.0,Supervisado,PIURA,TALARA,EL ALTO
-81.21592,-4.29709,EA2091,Taiman,CNPC - Corporación Nacional de Petróleos de China S.A.,Etapa I - COSAPI,Sin afectación,0.0,1ra Evaluacion,,2024.0,Supervisado,PIURA,TALARA,EL ALTO
-81.21358,-4.29487,EA6082,Taiman,CNPC - Corporación Nacional de Petróleos de China S.A.,Etapa I - COSAPI,Sin afectación,0.0,1ra Evaluacion,,2024.0,Supervisado,PIURA,TALARA,EL ALTO
-81.21808,-4.29371,EA2062,Taiman,CNPC - Corporación Nacional de Petróleos de China S.A.,Etapa I - COSAPI,Sin afectación,0.0,1ra Evaluacion,,2024.0,Supervisado,PIURA,TALARA,EL ALTO
-81.21228,-4.29359,EA1660,Taiman,CNPC - Corporación Nacional de Petróleos de China S.A.,Etapa I - COSAPI,Sin afectación,0.0,1ra Evaluacion,,2024.0,Supervisado,PIURA,TALARA,EL ALTO
-81.21792,-4.29661,EA1209,Taiman,CNPC - Corporación Nacional de Petróleos de China S.A.,Etapa I - COSAPI,Sin afectación,0.0,1ra Evaluacion,,2024.0,Supervisado,PIURA,TALARA,EL ALTO
-81.2105,-4.29501,EA6306,Taiman,CNPC - Corporación Nacional de Petróleos de China S.A.,Etapa I - COSAPI,Sin afectación,0.0,1ra Evaluacion,,2024.0,Supervisado,PIURA,TALARA,EL ALTO
-81.21821,-4.29795,EA5819,Taiman,CNPC - Corporación Nacional de Petróleos de China S.A.,Etapa I - COSAPI,Sin afectación,0.0,1ra Evaluacion,,2024.0,Supervisado,PIURA,TALARA,EL ALTO
-81.20406,-4.29069,PQA-EA608,Central,CNPC - Corporación Nacional de Petróleos de China S.A.,Etapa I - COSAPI,En ejecución,0.0,1ra Evaluacion,,,Planificado,PIURA,TALARA,EL ALTO
-81.20444,-4.27702,PQA-EA121,Taiman,CNPC - Corporación Nacional de Petróleos de China S.A.,Etapa I - COSAPI,No supervisada,0.0,1ra Evaluacion,,,Observado,PIURA,TALARA,EL ALTO
-81.21134,-4.28358,EA2376,Taiman,CNPC - Corporación Nacional de Petróleos de China S.A.,Etapa I - COSAPI,Con afectación,0.0,1ra Evaluacion,2,2023.0,Supervisado,PIURA,TALARA,EL ALTO
-81.20542,-4.27637,PQA-EA123,Taiman,CNPC - Corporación Nacional de Petróleos de China S.A.,Etapa I - COSAPI,Sin afectación,0.0,1ra Evaluacion,,2025.0,Supervisado,PIURA,TALARA,EL ALTO
-81.17014,-4.2868,EA1540,Central,CNPC - Corporación Nacional de Petróleos de China S.A.,Etapa I - COSAPI,Sin afectación,0.0,1ra Evaluacion,,2024.0,Supervisado,PIURA,TALARA,EL ALTO
-81.21105,-4.28731,EA7988,Taiman,CNPC - Corporación Nacional de Petróleos de China S.A.,Etapa I - COSAPI,Sin afectación,0.0,1ra Evaluacion,,2025.0,Supervisado,PIURA,TALARA,EL ALTO
-81.21241,-4.28852,EA7971,Taiman,CNPC - Corporación Nacional de Petróleos de China S.A.,Etapa I - COSAPI,En ejecución,0.0,1ra Evaluacion,,,Planificado,PIURA,TALARA,EL ALTO
-81.21484,-4.28566,EA2386,Taiman,CNPC - Corporación Nacional de Petróleos de China S.A.,Etapa I - COSAPI,Sin afectación,0.0,1ra Evaluacion,,2025.0,Supervisado,PIURA,TALARA,EL ALTO
-81.21366,-4.28978,EA5836,Taiman,CNPC - Corporación Nacional de Petróleos de China S.A.,Etapa I - COSAPI,En ejecución,0.0,1ra Evaluacion,,,Planificado,PIURA,TALARA,EL ALTO
-81.21224,-4.29141,EA5976,Taiman,CNPC - Corporación Nacional de Petróleos de China S.A.,Etapa I - COSAPI,Sin afectación,0.0,1ra Evaluacion,,2024.0,Supervisado,PIURA,TALARA,EL ALTO
-81.21397,-4.28745,EA6563,Taiman,CNPC - Corporación Nacional de Petróleos de China S.A.,Etapa I - COSAPI,Sin afectación,0.0,1ra Evaluacion,,2025.0,Supervisado,PIURA,TALARA,EL ALTO
-81.21246,-4.28558,EA2408,Taiman,CNPC - Corporación Nacional de Petróleos de China S.A.,Etapa I - COSAPI,Sin afectación,0.0,1ra Evaluacion,,2025.0,Supervisado,PIURA,TALARA,EL ALTO
-81.21793,-4.28469,EA2409,Taiman,CNPC - Corporación Nacional de Petróleos de China S.A.,Etapa I - COSAPI,Sin afectación,0.0,1ra Evaluacion,,2023.0,Supervisado,PIURA,TALARA,EL ALTO
-81.21554,-4.28726,EA7292,Taiman,CNPC - Corporación Nacional de Petróleos de China S.A.,Etapa I - COSAPI,Sin afectación,0.0,1ra Evaluacion,,2023.0,Supervisado,PIURA,TALARA,EL ALTO
-81.21323,-4.28726,EA995,Taiman,CNPC - Corporación Nacional de Petróleos de China S.A.,Etapa I - COSAPI,Con afectación,4.0,1ra Evaluacion,1,2025.0,Supervisado,PIURA,TALARA,EL ALTO
-81.21712,-4.28749,EA6058,Taiman,CNPC - Corporación Nacional de Petróleos de China S.A.,Etapa I - COSAPI,Sin afectación,0.0,1ra Evaluacion,,2023.0,Supervisado,PIURA,TALARA,EL ALTO
-81.20921,-4.28515,EA5985,Taiman,CNPC - Corporación Nacional de Petróleos de China S.A.,Etapa I - COSAPI,Sin afectación,0.0,1ra Evaluacion,,2025.0,Supervisado,PIURA,TALARA,EL ALTO
-81.203,-4.28686,EA7248,Central,CNPC - Corporación Nacional de Petróleos de China S.A.,Etapa I - COSAPI,No supervisada,0.0,1ra Evaluacion,,,Observado,PIURA,TALARA,EL ALTO
-81.20897,-4.28745,EA6424,Taiman,CNPC - Corporación Nacional de Petróleos de China S.A.,Etapa I - COSAPI,Sin afectación,0.0,1ra Evaluacion,,2025.0,Supervisado,PIURA,TALARA,EL ALTO
-81.20789,-4.29047,EA643,Taiman,CNPC - Corporación Nacional de Petróleos de China S.A.,Etapa I - COSAPI,En ejecución,0.0,1ra Evaluacion,,,Planificado,PIURA,TALARA,EL ALTO
-81.20865,-4.28908,EA659,Taiman,CNPC - Corporación Nacional de Petróleos de China S.A.,Etapa I - COSAPI,En ejecución,0.0,1ra Evaluacion,,,Planificado,PIURA,TALARA,EL ALTO
-81.21634,-4.28251,EA2421,Taiman,CNPC - Corporación Nacional de Petróleos de China S.A.,Etapa I - COSAPI,Sin afectación,0.0,1ra Evaluacion,,2022.0,Supervisado,PIURA,TALARA,EL ALTO
-81.20757,-4.28727,EA671,Taiman,CNPC - Corporación Nacional de Petróleos de China S.A.,Etapa I - COSAPI,Sin afectación,0.0,1ra Evaluacion,,2023.0,Supervisado,PIURA,TALARA,EL ALTO
-81.21386,-4.28318,EA6931,Taiman,CNPC - Corporación Nacional de Petróleos de China S.A.,Etapa I - COSAPI,Sin afectación,0.0,1ra Evaluacion,,2023.0,Supervisado,PIURA,TALARA,EL ALTO
-81.21765,-4.28602,EA987,Taiman,CNPC - Corporación Nacional de Petróleos de China S.A.,Etapa I - COSAPI,No supervisada,0.0,1ra Evaluacion,,,Observado,PIURA,TALARA,EL ALTO
-81.21815,-4.28936,EA6016,Taiman,CNPC - Corporación Nacional de Petróleos de China S.A.,Etapa I - COSAPI,Sin afectación,0.0,1ra Evaluacion,,2023.0,Supervisado,PIURA,TALARA,EL ALTO
-81.21557,-4.28881,EA5793,Taiman,CNPC - Corporación Nacional de Petróleos de China S.A.,Etapa I - COSAPI,No supervisada,0.0,1ra Evaluacion,,,No supervisado,PIURA,TALARA,EL ALTO
-81.16908,-4.27972,MNF-MC1005-CE10,Central,CNPC - Corporación Nacional de Petróleos de China S.A.,Etapa I - COSAPI,Sin afectación,0.0,1ra Evaluacion,,2023.0,Supervisado,PIURA,TALARA,EL ALTO
-81.16997,-4.27128,EX-EB-BAT-975,Central,CNPC - Corporación Nacional de Petróleos de China S.A.,Etapa I - COSAPI,Sin afectación,0.0,1ra Evaluacion,,2025.0,Supervisado,PIURA,TALARA,EL ALTO
-81.17012,-4.27206,MNF-MC1009-CE10,Central,CNPC - Corporación Nacional de Petróleos de China S.A.,Etapa I - COSAPI,Sin afectación,0.0,1ra Evaluacion,,2024.0,Supervisado,PIURA,TALARA,EL ALTO
-81.20128,-4.2901,EA1799,Central,CNPC - Corporación Nacional de Petróleos de China S.A.,Etapa I - COSAPI,Sin afectación,0.0,1ra Evaluacion,,2024.0,Supervisado,PIURA,TALARA,EL ALTO
-81.17076,-4.27768,EA852,Central,CNPC - Corporación Nacional de Petróleos de China S.A.,Etapa I - COSAPI,No supervisada,0.0,1ra Evaluacion,,,Observado,PIURA,TALARA,EL ALTO
-81.20049,-4.287,EA5817,Central,CNPC - Corporación Nacional de Petróleos de China S.A.,Etapa I - COSAPI,Sin afectación,0.0,1ra Evaluacion,,2024.0,Supervisado,PIURA,TALARA,EL ALTO
-81.199,-4.29173,EA9814,Central,CNPC - Corporación Nacional de Petróleos de China S.A.,Etapa I - COSAPI,Sin afectación,0.0,1ra Evaluacion,,2024.0,Supervisado,PIURA,TALARA,EL ALTO
-81.20473,-4.28907,EA677,Taiman,CNPC - Corporación Nacional de Petróleos de China S.A.,Etapa I - COSAPI,No supervisada,0.0,1ra Evaluacion,,,Observado,PIURA,TALARA,EL ALTO
-81.20083,-4.29187,EX-MNF-MC02-TA28,Central,CNPC - Corporación Nacional de Petróleos de China S.A.,Etapa I - COSAPI,En ejecución,0.0,1ra Evaluacion,,,Planificado,PIURA,TALARA,EL ALTO
-81.21048,-4.29159,EA656,Taiman,CNPC - Corporación Nacional de Petróleos de China S.A.,Etapa I - COSAPI,Sin afectación,0.0,1ra Evaluacion,,2024.0,Supervisado,PIURA,TALARA,EL ALTO
-81.2098,-4.27615,BAT-TA25,Taiman,CNPC - Corporación Nacional de Petróleos de China S.A.,Etapa I - COSAPI,Con afectación,194.31,1ra Evaluacion,2,2024.0,Supervisado,PIURA,TALARA,EL ALTO
-81.21028,-4.28874,EA655,Taiman,CNPC - Corporación Nacional de Petróleos de China S.A.,Etapa I - COSAPI,No supervisada,0.0,1ra Evaluacion,,,No supervisado,PIURA,TALARA,EL ALTO
-81.21119,-4.29004,EA651,Taiman,CNPC - Corporación Nacional de Petróleos de China S.A.,Etapa I - COSAPI,No supervisada,0.0,1ra Evaluacion,,,Observado,PIURA,TALARA,EL ALTO
-81.18337,-4.29644,EA786,Central,CNPC - Corporación Nacional de Petróleos de China S.A.,Etapa I - COSAPI,Con afectación,22.25,1ra Evaluacion,1,2024.0,Supervisado,PIURA,TALARA,EL ALTO
-81.20629,-4.26878,EA6642,Verde,CNPC - Corporación Nacional de Petróleos de China S.A.,Etapa I - COSAPI,Sin afectación,0.0,1ra Evaluacion,,2022.0,Supervisado,PIURA,TALARA,EL ALTO
-81.20759,-4.29177,EA6426,Taiman,CNPC - Corporación Nacional de Petróleos de China S.A.,Etapa I - COSAPI,En ejecución,0.0,1ra Evaluacion,,,Planificado,PIURA,TALARA,EL ALTO
-81.20716,-4.29202,EA630,Taiman,CNPC - Corporación Nacional de Petróleos de China S.A.,Etapa I - COSAPI,No supervisada,0.0,1ra Evaluacion,,,Observado,PIURA,TALARA,EL ALTO
-81.20834,-4.26433,BAT-TA26,Verde,CNPC - Corporación Nacional de Petróleos de China S.A.,Etapa I - COSAPI,No supervisada,0.0,1ra Evaluacion,,,Observado,PIURA,TALARA,EL ALTO
-81.21726,-4.30482,EA7478,Taiman,CNPC - Corporación Nacional de Petróleos de China S.A.,Etapa I - COSAPI,Con afectación,0.0,1ra Evaluacion,1,2024.0,Supervisado,PIURA,TALARA,EL ALTO
-81.21962,-4.28232,EA6586,Taiman,CNPC - Corporación Nacional de Petróleos de China S.A.,Etapa I - COSAPI,Sin afectación,0.0,1ra Evaluacion,,2023.0,Supervisado,PIURA,TALARA,EL ALTO
-81.21916,-4.28772,EA1915,Taiman,CNPC - Corporación Nacional de Petróleos de China S.A.,Etapa I - COSAPI,Sin afectación,0.0,1ra Evaluacion,,2023.0,Supervisado,PIURA,TALARA,EL ALTO
-81.22326,-4.2777,EA6624,Taiman,CNPC - Corporación Nacional de Petróleos de China S.A.,Etapa I - COSAPI,No supervisada,0.0,1ra Evaluacion,,,Observado,PIURA,TALARA,EL ALTO
-81.22159,-4.28135,EA2451,Taiman,CNPC - Corporación Nacional de Petróleos de China S.A.,Etapa I - COSAPI,Sin afectación,0.0,1ra Evaluacion,,2023.0,Supervisado,PIURA,TALARA,EL ALTO
-81.22081,-4.28509,EA2441,Taiman,CNPC - Corporación Nacional de Petróleos de China S.A.,Etapa I - COSAPI,Sin afectación,0.0,1ra Evaluacion,,2023.0,Supervisado,PIURA,TALARA,EL ALTO
-81.22189,-4.28312,EA7914,Taiman,CNPC - Corporación Nacional de Petróleos de China S.A.,Etapa I - COSAPI,Sin afectación,0.0,1ra Evaluacion,,2023.0,Supervisado,PIURA,TALARA,EL ALTO
-81.22109,-4.28036,EA131,Taiman,CNPC - Corporación Nacional de Petróleos de China S.A.,Etapa I - COSAPI,Sin afectación,0.0,1ra Evaluacion,,2023.0,Supervisado,PIURA,TALARA,EL ALTO
-81.22171,-4.27611,EA2477,Taiman,CNPC - Corporación Nacional de Petróleos de China S.A.,Etapa I - COSAPI,Sin afectación,0.0,1ra Evaluacion,,2022.0,Supervisado,PIURA,TALARA,EL ALTO
-81.2061,-4.27431,EA160,Taiman,CNPC - Corporación Nacional de Petróleos de China S.A.,Etapa I - COSAPI,Sin afectación,0.0,1ra Evaluacion,,2022.0,Supervisado,PIURA,TALARA,EL ALTO
-81.21229,-4.27152,EA7936,Taiman,CNPC - Corporación Nacional de Petróleos de China S.A.,Etapa I - COSAPI,Sin afectación,0.0,1ra Evaluacion,,2022.0,Supervisado,PIURA,TALARA,EL ALTO
-81.21521,-4.30308,EA1860,Taiman,CNPC - Corporación Nacional de Petróleos de China S.A.,Etapa I - COSAPI,Sin afectación,0.0,1ra Evaluacion,,2024.0,Supervisado,PIURA,TALARA,EL ALTO
-81.20864,-4.26947,EA6898,Taiman,CNPC - Corporación Nacional de Petróleos de China S.A.,Etapa I - COSAPI,Sin afectación,0.0,1ra Evaluacion,,2022.0,Supervisado,PIURA,TALARA,EL ALTO
-81.21506,-4.30168,EA6382,Taiman,CNPC - Corporación Nacional de Petróleos de China S.A.,Etapa I - COSAPI,No supervisada,0.0,1ra Evaluacion,,,Observado,PIURA,TALARA,EL ALTO
-81.21581,-4.31003,EA1740,Reventones,CNPC - Corporación Nacional de Petróleos de China S.A.,Etapa I - COSAPI,En ejecución,0.0,1ra Evaluacion,,,Planificado,PIURA,TALARA,EL ALTO
-81.20641,-4.30535,EA1097,Reventones,CNPC - Corporación Nacional de Petróleos de China S.A.,Etapa I - COSAPI,Sin afectación,0.0,1ra Evaluacion,,2024.0,Supervisado,PIURA,TALARA,EL ALTO
-81.21244,-4.30084,EA6381,Taiman,CNPC - Corporación Nacional de Petróleos de China S.A.,Etapa I - COSAPI,Sin afectación,0.0,1ra Evaluacion,,2024.0,Supervisado,PIURA,TALARA,EL ALTO
-81.21187,-4.26923,EA1521,Taiman,CNPC - Corporación Nacional de Petróleos de China S.A.,Etapa I - COSAPI,Sin afectación,0.0,2da Evaluacion,,2022.0,Supervisado,PIURA,TALARA,EL ALTO
-81.18477,-4.29174,MNF-MC1001-CE10,Central,CNPC - Corporación Nacional de Petróleos de China S.A.,Etapa I - COSAPI,No supervisada,0.0,1ra Evaluacion,,,Observado,PIURA,TALARA,EL ALTO
-81.1826,-4.29373,PQA-EA767,Central,CNPC - Corporación Nacional de Petróleos de China S.A.,Etapa I - COSAPI,Con afectación,32.97,1ra Evaluacion,3,2024.0,Supervisado,PIURA,TALARA,EL ALTO
-81.18575,-4.29264,EA10248,Central,CNPC - Corporación Nacional de Petróleos de China S.A.,Etapa I - COSAPI,Sin afectación,0.0,1ra Evaluacion,,2022.0,Supervisado,PIURA,TALARA,EL ALTO
-81.18318,-4.29228,PQA-EA10238,Central,CNPC - Corporación Nacional de Petróleos de China S.A.,Etapa I - COSAPI,No supervisada,0.0,1ra Evaluacion,,,Verificado,PIURA,TALARA,EL ALTO
-81.18418,-4.29325,PQA-EA793,Central,CNPC - Corporación Nacional de Petróleos de China S.A.,Etapa I - COSAPI,Sin afectación,0.0,1ra Evaluacion,,2024.0,Supervisado,PIURA,TALARA,EL ALTO
-81.18374,-4.29142,PQA-EA5797,Central,CNPC - Corporación Nacional de Petróleos de China S.A.,Etapa I - COSAPI,No supervisada,0.0,1ra Evaluacion,,,Verificado,PIURA,TALARA,EL ALTO
-81.1822,-4.29531,EA518,Central,CNPC - Corporación Nacional de Petróleos de China S.A.,Etapa I - COSAPI,Sin afectación,0.0,1ra Evaluacion,,2024.0,Supervisado,PIURA,TALARA,EL ALTO
-81.18078,-4.29578,EA777,Central,CNPC - Corporación Nacional de Petróleos de China S.A.,Etapa I - COSAPI,No supervisada,0.0,,,,Verificado,PIURA,TALARA,EL ALTO
-81.21449,-4.26544,EA1837,Verde,CNPC - Corporación Nacional de Petróleos de China S.A.,Etapa I - COSAPI,Sin afectación,0.0,2da Evaluacion,,2022.0,Supervisado,PIURA,TALARA,EL ALTO
-81.17958,-4.29442,EA794,Central,CNPC - Corporación Nacional de Petróleos de China S.A.,Etapa I - COSAPI,Sin afectación,0.0,1ra Evaluacion,,2024.0,Supervisado,PIURA,TALARA,EL ALTO
-81.1775,-4.29664,EA806,Central,CNPC - Corporación Nacional de Petróleos de China S.A.,Etapa I - COSAPI,No supervisada,0.0,1ra Evaluacion,,,Verificado,PIURA,TALARA,EL ALTO
-81.18014,-4.2973,EA809,Central,CNPC - Corporación Nacional de Petróleos de China S.A.,Etapa I - COSAPI,Sin afectación,0.0,1ra Evaluacion,,2024.0,Supervisado,PIURA,TALARA,EL ALTO
-81.17866,-4.2978,EA818,Central,CNPC - Corporación Nacional de Petróleos de China S.A.,Etapa I - COSAPI,En ejecución,0.0,1ra Evaluacion,,,Planificado,PIURA,TALARA,EL ALTO
-81.18105,-4.29393,PQA-EA9819,Central,CNPC - Corporación Nacional de Petróleos de China S.A.,Etapa I - COSAPI,Sin afectación,0.0,1ra Evaluacion,,2024.0,Supervisado,PIURA,TALARA,EL ALTO
-81.2016,-4.29482,PQA-EA10212,Central,CNPC - Corporación Nacional de Petróleos de China S.A.,Etapa I - COSAPI,Sin afectación,0.0,1ra Evaluacion,,2024.0,Supervisado,PIURA,TALARA,EL ALTO
-81.20069,-4.29331,PQA-EA1640,Central,CNPC - Corporación Nacional de Petróleos de China S.A.,Etapa I - COSAPI,Sin afectación,0.0,1ra Evaluacion,,2024.0,Supervisado,PIURA,TALARA,EL ALTO
-81.19993,-4.29492,PQA-EA944,Central,CNPC - Corporación Nacional de Petróleos de China S.A.,Etapa I - COSAPI,Con afectación,0.0,1ra Evaluacion,2,2024.0,Supervisado,PIURA,TALARA,EL ALTO
-81.18909,-4.29768,EA1920,Central,CNPC - Corporación Nacional de Petróleos de China S.A.,Etapa I - COSAPI,Sin afectación,0.0,1ra Evaluacion,,2024.0,Supervisado,PIURA,TALARA,EL ALTO
-81.19041,-4.29749,EA580,Central,CNPC - Corporación Nacional de Petróleos de China S.A.,Etapa I - COSAPI,Sin afectación,0.0,1ra Evaluacion,,2024.0,Supervisado,PIURA,TALARA,EL ALTO
-81.20245,-4.29728,EA557,Taiman,CNPC - Corporación Nacional de Petróleos de China S.A.,Etapa I - COSAPI,Con afectación,0.0,1ra Evaluacion,1,2024.0,Supervisado,PIURA,TALARA,EL ALTO
-81.20106,-4.29638,EA559,Taiman,CNPC - Corporación Nacional de Petróleos de China S.A.,Etapa I - COSAPI,Con afectación,0.0,1ra Evaluacion,1,2024.0,Supervisado,PIURA,TALARA,EL ALTO
-81.20306,-4.3002,PQA-EA10108,Taiman,CNPC - Corporación Nacional de Petróleos de China S.A.,Etapa I - COSAPI,No supervisada,0.0,,,,No supervisado,PIURA,TALARA,EL ALTO
-81.19729,-4.30016,EA723,Taiman,CNPC - Corporación Nacional de Petróleos de China S.A.,Etapa I - COSAPI,No supervisada,0.0,1ra Evaluacion,,,No supervisado,PIURA,TALARA,EL ALTO
-81.19872,-4.29973,EA725,Taiman,CNPC - Corporación Nacional de Petróleos de China S.A.,Etapa I - COSAPI,Sin afectación,0.0,1ra Evaluacion,,2024.0,Supervisado,PIURA,TALARA,EL ALTO
-81.19806,-4.29703,PQA-EA597,Taiman,CNPC - Corporación Nacional de Petróleos de China S.A.,Etapa I - COSAPI,No supervisada,0.0,1ra Evaluacion,,,Observado,PIURA,TALARA,EL ALTO
-81.19288,-4.28807,EA10259,Central,CNPC - Corporación Nacional de Petróleos de China S.A.,Etapa I - COSAPI,Sin afectación,0.0,1ra Evaluacion,,2024.0,Supervisado,PIURA,TALARA,EL ALTO
-81.18174,-4.29684,EA489,Central,CNPC - Corporación Nacional de Petróleos de China S.A.,Etapa I - COSAPI,Sin afectación,0.0,1ra Evaluacion,,2022.0,Supervisado,PIURA,TALARA,EL ALTO
-81.18387,-4.29492,EA798,Central,CNPC - Corporación Nacional de Petróleos de China S.A.,Etapa I - COSAPI,No supervisada,0.0,1ra Evaluacion,,,Verificado,PIURA,TALARA,EL ALTO
-81.18632,-4.29129,EA554,Central,CNPC - Corporación Nacional de Petróleos de China S.A.,Etapa I - COSAPI,En ejecución,0.0,1ra Evaluacion,,,Planificado,PIURA,TALARA,EL ALTO
-81.20718,-4.27434,EA230,Taiman,CNPC - Corporación Nacional de Petróleos de China S.A.,Etapa I - COSAPI,Sin afectación,0.0,1ra Evaluacion,,2022.0,Supervisado,PIURA,TALARA,EL ALTO
-81.2076,-4.26692,EA7213,Verde,CNPC - Corporación Nacional de Petróleos de China S.A.,Etapa I - COSAPI,Sin afectación,0.0,1ra Evaluacion,,2022.0,Supervisado,PIURA,TALARA,EL ALTO
-81.19377,-4.29084,EA505,Central,CNPC - Corporación Nacional de Petróleos de China S.A.,Etapa I - COSAPI,En ejecución,0.0,2da Evaluacion,,,Planificado,PIURA,TALARA,EL ALTO
-81.19475,-4.28755,EA9093,Central,CNPC - Corporación Nacional de Petróleos de China S.A.,Etapa I - COSAPI,En ejecución,0.0,1ra Evaluacion,,,Planificado,PIURA,TALARA,EL ALTO
-81.19564,-4.28716,MNF-MC3-TA28,Central,CNPC - Corporación Nacional de Petróleos de China S.A.,Etapa I - COSAPI,Sin afectación,0.0,1ra Evaluacion,,2024.0,Supervisado,PIURA,TALARA,EL ALTO
-81.19818,-4.29117,PQA-EA10264,Central,CNPC - Corporación Nacional de Petróleos de China S.A.,Etapa I - COSAPI,No supervisada,0.0,1ra Evaluacion,,,Observado,PIURA,TALARA,EL ALTO
-81.21509,-4.27237,EA7333,Taiman,CNPC - Corporación Nacional de Petróleos de China S.A.,Etapa I - COSAPI,Sin afectación,0.0,2da Evaluacion,,2022.0,Supervisado,PIURA,TALARA,EL ALTO
-81.2184,-4.27167,EA2459,Taiman,CNPC - Corporación Nacional de Petróleos de China S.A.,Etapa I - COSAPI,Sin afectación,0.0,3ra Evaluacion,,2022.0,Supervisado,PIURA,TALARA,EL ALTO
-81.22295,-4.2658,EA1637,Taiman,CNPC - Corporación Nacional de Petróleos de China S.A.,Etapa I - COSAPI,Sin afectación,0.0,2da Evaluacion,,2023.0,Supervisado,PIURA,TALARA,EL ALTO
-81.21466,-4.26064,PQA-EA1751,Verde,CNPC - Corporación Nacional de Petróleos de China S.A.,Etapa I - COSAPI,No supervisada,0.0,1ra Evaluacion,,,Observado,PIURA,TALARA,EL ALTO
-81.19165,-4.28671,PQA-EA9091,Central,CNPC - Corporación Nacional de Petróleos de China S.A.,Etapa I - COSAPI,Sin afectación,0.0,1ra Evaluacion,,2024.0,Supervisado,PIURA,TALARA,EL ALTO
-81.19509,-4.28425,PQA-EA9092,Central,CNPC - Corporación Nacional de Petróleos de China S.A.,Etapa I - COSAPI,Sin afectación,0.0,1ra Evaluacion,,2024.0,Supervisado,PIURA,TALARA,EL ALTO
-81.21199,-4.29921,PQA-EA708,Taiman,CNPC - Corporación Nacional de Petróleos de China S.A.,Etapa I - COSAPI,Sin afectación,0.0,1ra Evaluacion,,2024.0,Supervisado,PIURA,TALARA,EL ALTO
-81.20811,-4.29543,EA1623,Taiman,CNPC - Corporación Nacional de Petróleos de China S.A.,Etapa I - COSAPI,No supervisada,0.0,1ra Evaluacion,,,Observado,PIURA,TALARA,EL ALTO
-81.20432,-4.27582,PQA-EA201,Taiman,CNPC - Corporación Nacional de Petróleos de China S.A.,Etapa I - COSAPI,No supervisada,0.0,1ra Evaluacion,,,Verificado,PIURA,TALARA,EL ALTO
-81.21915,-4.27126,EA5981D,Taiman,CNPC - Corporación Nacional de Petróleos de China S.A.,Etapa I - COSAPI,Sin afectación,0.0,2da Evaluacion,,2022.0,Supervisado,PIURA,TALARA,EL ALTO
-81.21601,-4.2694,EA2448,Taiman,CNPC - Corporación Nacional de Petróleos de China S.A.,Etapa I - COSAPI,No supervisada,0.0,2da Evaluacion,,,Observado,PIURA,TALARA,EL ALTO
-81.22307,-4.26969,EA7299,Taiman,CNPC - Corporación Nacional de Petróleos de China S.A.,Etapa I - COSAPI,Sin afectación,0.0,2da Evaluacion,,2022.0,Supervisado,PIURA,TALARA,EL ALTO
-81.22397,-4.26819,EA6122,Taiman,CNPC - Corporación Nacional de Petróleos de China S.A.,Etapa I - COSAPI,Sin afectación,0.0,1ra Evaluacion,,2023.0,Supervisado,PIURA,TALARA,EL ALTO
-81.2252,-4.2713,PQA-EA1287,Taiman,CNPC - Corporación Nacional de Petróleos de China S.A.,Etapa I - COSAPI,No supervisada,0.0,1ra Evaluacion,,,Observado,PIURA,TALARA,EL ALTO
-81.19573,-4.27843,PQA-EA579,Central,CNPC - Corporación Nacional de Petróleos de China S.A.,Etapa I - COSAPI,Sin afectación,0.0,1ra Evaluacion,,2024.0,Supervisado,PIURA,TALARA,EL ALTO
-81.19331,-4.29225,PQA-EA10104,Central,CNPC - Corporación Nacional de Petróleos de China S.A.,Etapa I - COSAPI,En ejecución,0.0,1ra Evaluacion,,,Planificado,PIURA,TALARA,EL ALTO
-81.21361,-4.29887,EA6307,Taiman,CNPC - Corporación Nacional de Petróleos de China S.A.,Etapa I - COSAPI,Sin afectación,0.0,1ra Evaluacion,,2024.0,Supervisado,PIURA,TALARA,EL ALTO
-81.21323,-4.29694,EA6138,Taiman,CNPC - Corporación Nacional de Petróleos de China S.A.,Etapa I - COSAPI,Sin afectación,0.0,1ra Evaluacion,,2024.0,Supervisado,PIURA,TALARA,EL ALTO
-81.21875,-4.28004,EA7249,Taiman,CNPC - Corporación Nacional de Petróleos de China S.A.,Etapa I - COSAPI,Sin afectación,0.0,1ra Evaluacion,,2023.0,Supervisado,PIURA,TALARA,EL ALTO
-81.21934,-4.27664,EA7361,Taiman,CNPC - Corporación Nacional de Petróleos de China S.A.,Etapa I - COSAPI,Sin afectación,0.0,1ra Evaluacion,,2022.0,Supervisado,PIURA,TALARA,EL ALTO
-81.22414,-4.27397,EA5906,Taiman,CNPC - Corporación Nacional de Petróleos de China S.A.,Etapa I - COSAPI,Con afectación,17.74,1ra Evaluacion,1,2023.0,Supervisado,PIURA,TALARA,EL ALTO
-81.22247,-4.27223,EA2467,Taiman,CNPC - Corporación Nacional de Petróleos de China S.A.,Etapa I - COSAPI,Sin afectación,0.0,1ra Evaluacion,,2022.0,Supervisado,PIURA,TALARA,EL ALTO
-81.23159,-4.27888,EA2463,Taiman,CNPC - Corporación Nacional de Petróleos de China S.A.,Etapa I - COSAPI,No supervisada,0.0,,,,Observado,PIURA,TALARA,EL ALTO
-81.23027,-4.28248,EA375,Taiman,CNPC - Corporación Nacional de Petróleos de China S.A.,Etapa I - COSAPI,Sin afectación,0.0,1ra Evaluacion,,2023.0,Supervisado,PIURA,TALARA,EL ALTO
-81.22743,-4.27258,EA6867,Taiman,CNPC - Corporación Nacional de Petróleos de China S.A.,Etapa I - COSAPI,Sin afectación,0.0,2da Evaluacion,,2023.0,Supervisado,PIURA,TALARA,EL ALTO
-81.22856,-4.27495,EA1131,Taiman,CNPC - Corporación Nacional de Petróleos de China S.A.,Etapa I - COSAPI,Sin afectación,0.0,1ra Evaluacion,,2025.0,Supervisado,PIURA,TALARA,EL ALTO
-81.23379,-4.2882,EA164,Taiman,CNPC - Corporación Nacional de Petróleos de China S.A.,Etapa I - COSAPI,Con afectación,11.28,1ra Evaluacion,1,2022.0,Supervisado,PIURA,TALARA,EL ALTO
-81.22505,-4.27591,EA2457,Taiman,CNPC - Corporación Nacional de Petróleos de China S.A.,Etapa I - COSAPI,Con afectación,177.28,1ra Evaluacion,1,2023.0,Supervisado,PIURA,TALARA,EL ALTO
-81.22596,-4.26926,EA1749,Taiman,CNPC - Corporación Nacional de Petróleos de China S.A.,Etapa I - COSAPI,Sin afectación,0.0,1ra Evaluacion,,2023.0,Supervisado,PIURA,TALARA,EL ALTO
-81.23192,-4.28479,EA1649,Taiman,CNPC - Corporación Nacional de Petróleos de China S.A.,Etapa I - COSAPI,Sin afectación,0.0,1ra Evaluacion,,2023.0,Supervisado,PIURA,TALARA,EL ALTO
-81.23325,-4.28338,EA221,Taiman,CNPC - Corporación Nacional de Petróleos de China S.A.,Etapa I - COSAPI,No supervisada,0.0,,,,Observado,PIURA,TALARA,EL ALTO
-81.22966,-4.27567,EA1836,Taiman,CNPC - Corporación Nacional de Petróleos de China S.A.,Etapa I - COSAPI,Con afectación,46020.0,1ra Evaluacion,1,2023.0,Supervisado,PIURA,TALARA,EL ALTO
-81.23001,-4.28036,EA356,Taiman,CNPC - Corporación Nacional de Petróleos de China S.A.,Etapa I - COSAPI,Sin afectación,0.0,1ra Evaluacion,,2023.0,Supervisado,PIURA,TALARA,EL ALTO
-81.23083,-4.28553,EA200,Taiman,CNPC - Corporación Nacional de Petróleos de China S.A.,Etapa I - COSAPI,Sin afectación,0.0,1ra Evaluacion,,2023.0,Supervisado,PIURA,TALARA,EL ALTO
-81.23161,-4.28282,EA194,Taiman,CNPC - Corporación Nacional de Petróleos de China S.A.,Etapa I - COSAPI,Sin afectación,0.0,1ra Evaluacion,,2023.0,Supervisado,PIURA,TALARA,EL ALTO
-81.23466,-4.28829,EA5680,Taiman,CNPC - Corporación Nacional de Petróleos de China S.A.,Etapa I - COSAPI,Con afectación,38.9,1ra Evaluacion,1,2023.0,Supervisado,PIURA,TALARA,EL ALTO
-81.22808,-4.27776,EA2468,Taiman,CNPC - Corporación Nacional de Petróleos de China S.A.,Etapa I - COSAPI,Sin afectación,0.0,1ra Evaluacion,,2023.0,Supervisado,PIURA,TALARA,EL ALTO
-81.23031,-4.28392,EA158,Taiman,CNPC - Corporación Nacional de Petróleos de China S.A.,Etapa I - COSAPI,Sin afectación,0.0,1ra Evaluacion,,2023.0,Supervisado,PIURA,TALARA,EL ALTO
-81.23387,-4.28071,EA5674,Taiman,CNPC - Corporación Nacional de Petróleos de China S.A.,Etapa I - COSAPI,Sin afectación,0.0,1ra Evaluacion,,2023.0,Supervisado,PIURA,TALARA,EL ALTO
-81.22425,-4.28171,EA7854,Taiman,CNPC - Corporación Nacional de Petróleos de China S.A.,Etapa I - COSAPI,En ejecución,0.0,1ra Evaluacion,,,Planificado,PIURA,TALARA,EL ALTO
-81.23235,-4.28576,EA170,Taiman,CNPC - Corporación Nacional de Petróleos de China S.A.,Etapa I - COSAPI,Con afectación,28.49,1ra Evaluacion,1,2023.0,Supervisado,PIURA,TALARA,EL ALTO
-81.23377,-4.28621,EA222,Taiman,CNPC - Corporación Nacional de Petróleos de China S.A.,Etapa I - COSAPI,Sin afectación,0.0,1ra Evaluacion,,2023.0,Supervisado,PIURA,TALARA,EL ALTO
-81.23501,-4.28521,EA240,Taiman,CNPC - Corporación Nacional de Petróleos de China S.A.,Etapa I - COSAPI,Con afectación,452.0,1ra Evaluacion,1,2023.0,Supervisado,PIURA,TALARA,EL ALTO
-81.23313,-4.28631,BAT-TA27,Taiman,CNPC - Corporación Nacional de Petróleos de China S.A.,Etapa I - COSAPI,Con afectación,0.0,1ra Evaluacion,3,2024.0,Supervisado,PIURA,TALARA,EL ALTO
-81.21543,-4.29473,EA5794,Taiman,CNPC - Corporación Nacional de Petróleos de China S.A.,Etapa I - COSAPI,Sin afectación,0.0,1ra Evaluacion,,2024.0,Supervisado,PIURA,TALARA,EL ALTO
-81.21629,-4.29901,EA6084,Taiman,CNPC - Corporación Nacional de Petróleos de China S.A.,Etapa I - COSAPI,Sin afectación,0.0,1ra Evaluacion,,2024.0,Supervisado,PIURA,TALARA,EL ALTO
-81.21458,-4.29581,EA993,Taiman,CNPC - Corporación Nacional de Petróleos de China S.A.,Etapa I - COSAPI,No supervisada,0.0,1ra Evaluacion,,,No supervisado,PIURA,TALARA,EL ALTO
-81.21421,-4.29288,EA5711,Taiman,CNPC - Corporación Nacional de Petróleos de China S.A.,Etapa I - COSAPI,Sin afectación,0.0,1ra Evaluacion,,2024.0,Supervisado,PIURA,TALARA,EL ALTO
-81.21728,-4.2942,EA1214,Taiman,CNPC - Corporación Nacional de Petróleos de China S.A.,Etapa I - COSAPI,No supervisada,0.0,1ra Evaluacion,,,Observado,PIURA,TALARA,EL ALTO
-81.21657,-4.29259,EA7297,Taiman,CNPC - Corporación Nacional de Petróleos de China S.A.,Etapa I - COSAPI,Sin afectación,0.0,1ra Evaluacion,,2024.0,Supervisado,PIURA,TALARA,EL ALTO
-81.22273,-4.26294,EA6238,Taiman,CNPC - Corporación Nacional de Petróleos de China S.A.,Etapa I - COSAPI,No supervisada,0.0,2da Evaluacion,,,Observado,PIURA,TALARA,EL ALTO
-81.22542,-4.2641,EA6547,Taiman,CNPC - Corporación Nacional de Petróleos de China S.A.,Etapa I - COSAPI,Sin afectación,0.0,1ra Evaluacion,,2023.0,Supervisado,PIURA,TALARA,EL ALTO
-81.22735,-4.26655,EA2478,Taiman,CNPC - Corporación Nacional de Petróleos de China S.A.,Etapa I - COSAPI,Sin afectación,0.0,1ra Evaluacion,,2023.0,Supervisado,PIURA,TALARA,EL ALTO
-81.2112,-4.26543,PQA-EA206,Verde,CNPC - Corporación Nacional de Petróleos de China S.A.,Etapa I - COSAPI,No supervisada,0.0,1ra Evaluacion,,,Observado,PIURA,TALARA,EL ALTO
-81.20866,-4.29188,EA650,Taiman,CNPC - Corporación Nacional de Petróleos de China S.A.,Etapa I - COSAPI,Sin afectación,0.0,1ra Evaluacion,,2024.0,Supervisado,PIURA,TALARA,EL ALTO
-81.23522,-4.28207,EA7204,Taiman,CNPC - Corporación Nacional de Petróleos de China S.A.,Etapa I - COSAPI,Con afectación,8.56,1ra Evaluacion,1,2023.0,Supervisado,PIURA,TALARA,EL ALTO
-81.2346,-4.28208,EA321,Taiman,CNPC - Corporación Nacional de Petróleos de China S.A.,Etapa I - COSAPI,No supervisada,0.0,1ra Evaluacion,,,Observado,PIURA,TALARA,EL ALTO
-81.2176,-4.29127,EA1922,Taiman,CNPC - Corporación Nacional de Petróleos de China S.A.,Etapa I - COSAPI,Sin afectación,0.0,1ra Evaluacion,,2022.0,Supervisado,PIURA,TALARA,EL ALTO
-81.20709,-4.30204,EA739,Taiman,CNPC - Corporación Nacional de Petróleos de China S.A.,Etapa I - COSAPI,No supervisada,0.0,1ra Evaluacion,,,No supervisado,PIURA,TALARA,EL ALTO
-81.21443,-4.30128,EA1134,Taiman,CNPC - Corporación Nacional de Petróleos de China S.A.,Etapa I - COSAPI,No supervisada,0.0,1ra Evaluacion,,,Observado,PIURA,TALARA,EL ALTO
-81.21942,-4.26055,EA1917,Verde,CNPC - Corporación Nacional de Petróleos de China S.A.,Etapa I - COSAPI,Sin afectación,0.0,1ra Evaluacion,,2022.0,Supervisado,PIURA,TALARA,EL ALTO
-81.22941,-4.2688,PQA-EA1788,Taiman,CNPC - Corporación Nacional de Petróleos de China S.A.,Etapa I - COSAPI,No supervisada,0.0,1ra Evaluacion,,,Observado,PIURA,TALARA,EL ALTO
-81.23793,-4.29546,EA7227,Taiman,CNPC - Corporación Nacional de Petróleos de China S.A.,Etapa I - COSAPI,Sin afectación,0.0,1ra Evaluacion,,2023.0,Supervisado,PIURA,TALARA,EL ALTO
-81.23762,-4.2922,EA249,Taiman,CNPC - Corporación Nacional de Petróleos de China S.A.,Etapa I - COSAPI,No supervisada,0.0,1ra Evaluacion,,,Por definir,PIURA,TALARA,EL ALTO
-81.23784,-4.29472,EA315,Taiman,CNPC - Corporación Nacional de Petróleos de China S.A.,Etapa I - COSAPI,Sin afectación,0.0,1ra Evaluacion,,2024.0,Supervisado,PIURA,TALARA,EL ALTO
-81.23713,-4.29131,EA7619,Taiman,CNPC - Corporación Nacional de Petróleos de China S.A.,Etapa I - COSAPI,No supervisada,0.0,1ra Evaluacion,,,Por definir,PIURA,TALARA,EL ALTO
-81.23727,-4.28927,PQA-EA258,Taiman,CNPC - Corporación Nacional de Petróleos de China S.A.,Etapa I - COSAPI,No supervisada,0.0,1ra Evaluacion,,,Por definir,PIURA,TALARA,EL ALTO
-81.23767,-4.28615,EA6826,Taiman,CNPC - Corporación Nacional de Petróleos de China S.A.,Etapa I - COSAPI,Con afectación,6.58,1ra Evaluacion,1,2023.0,Supervisado,PIURA,TALARA,EL ALTO
-81.2369,-4.28766,PQA-EA282,Taiman,CNPC - Corporación Nacional de Petróleos de China S.A.,Etapa I - COSAPI,Con afectación,0.0,1ra Evaluacion,1,2024.0,Supervisado,PIURA,TALARA,EL ALTO
-81.23866,-4.29934,EA6552,Taiman,CNPC - Corporación Nacional de Petróleos de China S.A.,Etapa I - COSAPI,Sin afectación,0.0,1ra Evaluacion,,2023.0,Supervisado,PIURA,TALARA,EL ALTO
-81.23814,-4.29745,EA288,Taiman,CNPC - Corporación Nacional de Petróleos de China S.A.,Etapa I - COSAPI,Con afectación,14.36,1ra Evaluacion,1,2023.0,Supervisado,PIURA,TALARA,EL ALTO
-81.23924,-4.29161,EA317,Taiman,CNPC - Corporación Nacional de Petróleos de China S.A.,Etapa I - COSAPI,No supervisada,0.0,1ra Evaluacion,,,Por definir,PIURA,TALARA,EL ALTO
-81.23283,-4.30022,EA1609,Taiman,CNPC - Corporación Nacional de Petróleos de China S.A.,Etapa I - COSAPI,No supervisada,0.0,1ra Evaluacion,,,Por definir,PIURA,TALARA,EL ALTO
-81.23397,-4.29192,EA5867,Taiman,CNPC - Corporación Nacional de Petróleos de China S.A.,Etapa I - COSAPI,Sin afectación,0.0,1ra Evaluacion,,2025.0,Supervisado,PIURA,TALARA,EL ALTO
-81.23545,-4.30029,EA6561,Taiman,CNPC - Corporación Nacional de Petróleos de China S.A.,Etapa I - COSAPI,Sin afectación,0.0,1ra Evaluacion,,2023.0,Supervisado,PIURA,TALARA,EL ALTO
-81.23241,-4.29424,EA7382,Taiman,CNPC - Corporación Nacional de Petróleos de China S.A.,Etapa I - COSAPI,Sin afectación,0.0,1ra Evaluacion,,2024.0,Supervisado,PIURA,TALARA,EL ALTO
-81.22842,-4.29074,EA5879,Taiman,CNPC - Corporación Nacional de Petróleos de China S.A.,Etapa I - COSAPI,Sin afectación,0.0,1ra Evaluacion,,2023.0,Supervisado,PIURA,TALARA,EL ALTO
-81.23587,-4.29357,EA5933,Taiman,CNPC - Corporación Nacional de Petróleos de China S.A.,Etapa I - COSAPI,Sin afectación,0.0,1ra Evaluacion,,2024.0,Supervisado,PIURA,TALARA,EL ALTO
-81.20926,-4.29354,EA6086,Taiman,CNPC - Corporación Nacional de Petróleos de China S.A.,Etapa I - COSAPI,No supervisada,0.0,1ra Evaluacion,,,Observado,PIURA,TALARA,EL ALTO
-81.20953,-4.29047,EA646,Taiman,CNPC - Corporación Nacional de Petróleos de China S.A.,Etapa I - COSAPI,No supervisada,0.0,1ra Evaluacion,,,Observado,PIURA,TALARA,EL ALTO
-81.19251,-4.29554,PQA-EA592,Central,CNPC - Corporación Nacional de Petróleos de China S.A.,Etapa I - COSAPI,No supervisada,0.0,,,,Verificado,PIURA,TALARA,EL ALTO
-81.19629,-4.2913,EA9096,Central,CNPC - Corporación Nacional de Petróleos de China S.A.,Etapa I - COSAPI,No supervisada,0.0,1ra Evaluacion,,,Verificado,PIURA,TALARA,EL ALTO
-81.23597,-4.2902,EA264,Taiman,CNPC - Corporación Nacional de Petróleos de China S.A.,Etapa I - COSAPI,Con afectación,23.16,1ra Evaluacion,1,2023.0,Supervisado,PIURA,TALARA,EL ALTO
-81.19023,-4.29321,PQA-EA571,Central,CNPC - Corporación Nacional de Petróleos de China S.A.,Etapa I - COSAPI,No supervisada,0.0,1ra Evaluacion,,,Verificado,PIURA,TALARA,EL ALTO
-81.18783,-4.29084,PQA-EA10237,Central,CNPC - Corporación Nacional de Petróleos de China S.A.,Etapa I - COSAPI,No supervisada,0.0,1ra Evaluacion,,,Verificado,PIURA,TALARA,EL ALTO
-81.18875,-4.28771,PQA-EA434,Central,CNPC - Corporación Nacional de Petróleos de China S.A.,Etapa I - COSAPI,No supervisada,0.0,1ra Evaluacion,,,Verificado,PIURA,TALARA,EL ALTO
-81.2377,-4.2985,EA1775,Taiman,CNPC - Corporación Nacional de Petróleos de China S.A.,Etapa I - COSAPI,Sin afectación,0.0,1ra Evaluacion,,2024.0,Supervisado,PIURA,TALARA,EL ALTO
-81.23858,-4.29571,EA296,Taiman,CNPC - Corporación Nacional de Petróleos de China S.A.,Etapa I - COSAPI,Sin afectación,0.0,1ra Evaluacion,,2023.0,Supervisado,PIURA,TALARA,EL ALTO
-81.23843,-4.29302,EA234,Taiman,CNPC - Corporación Nacional de Petróleos de China S.A.,Etapa I - COSAPI,Con afectación,25.92,1ra Evaluacion,1,2023.0,Supervisado,PIURA,TALARA,EL ALTO
-81.23308,-4.29776,EA6758,Taiman,CNPC - Corporación Nacional de Petróleos de China S.A.,Etapa I - COSAPI,Sin afectación,0.0,1ra Evaluacion,,2023.0,Supervisado,PIURA,TALARA,EL ALTO
-81.23477,-4.29572,EA1925,Taiman,CNPC - Corporación Nacional de Petróleos de China S.A.,Etapa I - COSAPI,Sin afectación,0.0,1ra Evaluacion,,2023.0,Supervisado,PIURA,TALARA,EL ALTO
-81.22883,-4.29399,EA7621,Taiman,CNPC - Corporación Nacional de Petróleos de China S.A.,Etapa I - COSAPI,Sin afectación,0.0,1ra Evaluacion,,2023.0,Supervisado,PIURA,TALARA,EL ALTO
-81.23188,-4.29058,EA5811,Taiman,CNPC - Corporación Nacional de Petróleos de China S.A.,Etapa I - COSAPI,No supervisada,0.0,1ra Evaluacion,,,Por definir,PIURA,TALARA,EL ALTO
-81.22892,-4.29205,EA475,Taiman,CNPC - Corporación Nacional de Petróleos de China S.A.,Etapa I - COSAPI,Sin afectación,0.0,1ra Evaluacion,,2023.0,Supervisado,PIURA,TALARA,EL ALTO
-81.23047,-4.28778,EA195,Taiman,CNPC - Corporación Nacional de Petróleos de China S.A.,Etapa I - COSAPI,Con afectación,43.23,1ra Evaluacion,1,2023.0,Supervisado,PIURA,TALARA,EL ALTO
-81.23192,-4.28815,EA325,Taiman,CNPC - Corporación Nacional de Petróleos de China S.A.,Etapa I - COSAPI,Sin afectación,0.0,1ra Evaluacion,,2023.0,Supervisado,PIURA,TALARA,EL ALTO
-81.22996,-4.29817,EA6246,Taiman,CNPC - Corporación Nacional de Petróleos de China S.A.,Etapa I - COSAPI,Sin afectación,0.0,1ra Evaluacion,,2023.0,Supervisado,PIURA,TALARA,EL ALTO
-81.22784,-4.28352,EA6050,Taiman,CNPC - Corporación Nacional de Petróleos de China S.A.,Etapa I - COSAPI,No supervisada,0.0,1ra Evaluacion,,,Observado,PIURA,TALARA,EL ALTO
-81.22754,-4.28729,EA2379,Taiman,CNPC - Corporación Nacional de Petróleos de China S.A.,Etapa I - COSAPI,Con afectación,6.57,1ra Evaluacion,1,2023.0,Supervisado,PIURA,TALARA,EL ALTO
-81.22772,-4.28546,EA7946,Taiman,CNPC - Corporación Nacional de Petróleos de China S.A.,Etapa I - COSAPI,Sin afectación,0.0,1ra Evaluacion,,2022.0,Supervisado,PIURA,TALARA,EL ALTO
-81.2391,-4.28986,EA316,Taiman,CNPC - Corporación Nacional de Petróleos de China S.A.,Etapa I - COSAPI,Sin afectación,0.0,1ra Evaluacion,,2025.0,Supervisado,PIURA,TALARA,EL ALTO
-81.2398,-4.28319,EA5613,Taiman,CNPC - Corporación Nacional de Petróleos de China S.A.,Etapa I - COSAPI,Sin afectación,0.0,1ra Evaluacion,,2024.0,Supervisado,PIURA,TALARA,EL ALTO
-81.23743,-4.28411,EA1811,Taiman,CNPC - Corporación Nacional de Petróleos de China S.A.,Etapa I - COSAPI,Con afectación,24.0,1ra Evaluacion,1,2023.0,Supervisado,PIURA,TALARA,EL ALTO
-81.22269,-4.29757,EA7294,Taiman,CNPC - Corporación Nacional de Petróleos de China S.A.,Etapa I - COSAPI,Sin afectación,0.0,1ra Evaluacion,,2023.0,Supervisado,PIURA,TALARA,EL ALTO
-81.22319,-4.29801,EA985,Taiman,CNPC - Corporación Nacional de Petróleos de China S.A.,Etapa I - COSAPI,No supervisada,0.0,1ra Evaluacion,,,Observado,PIURA,TALARA,EL ALTO
-81.22601,-4.29323,EA1611,Taiman,CNPC - Corporación Nacional de Petróleos de China S.A.,Etapa I - COSAPI,Sin afectación,0.0,1ra Evaluacion,,2023.0,Supervisado,PIURA,TALARA,EL ALTO
-81.22517,-4.29732,EA1166,Taiman,CNPC - Corporación Nacional de Petróleos de China S.A.,Etapa I - COSAPI,No supervisada,0.0,1ra Evaluacion,,,Planificado,PIURA,TALARA,EL ALTO
-81.22313,-4.29529,EA5986,Taiman,CNPC - Corporación Nacional de Petróleos de China S.A.,Etapa I - COSAPI,No supervisada,0.0,1ra Evaluacion,,,Observado,PIURA,TALARA,EL ALTO
-81.22467,-4.28391,EA2424,Taiman,CNPC - Corporación Nacional de Petróleos de China S.A.,Etapa I - COSAPI,Sin afectación,0.0,1ra Evaluacion,,2022.0,Supervisado,PIURA,TALARA,EL ALTO
-81.22553,-4.29058,EA2416,Taiman,CNPC - Corporación Nacional de Petróleos de China S.A.,Etapa I - COSAPI,No supervisada,0.0,1ra Evaluacion,,,Observado,PIURA,TALARA,EL ALTO
-81.22419,-4.28728,EA1620,Taiman,CNPC - Corporación Nacional de Petróleos de China S.A.,Etapa I - COSAPI,Sin afectación,0.0,1ra Evaluacion,,2022.0,Supervisado,PIURA,TALARA,EL ALTO
-81.22574,-4.28599,EA6351,Taiman,CNPC - Corporación Nacional de Petróleos de China S.A.,Etapa I - COSAPI,Con afectación,30.14,1ra Evaluacion,1,2023.0,Supervisado,PIURA,TALARA,EL ALTO
-81.22707,-4.28421,EA1628,Taiman,CNPC - Corporación Nacional de Petróleos de China S.A.,Etapa I - COSAPI,No supervisada,0.0,1ra Evaluacion,,,Observado,PIURA,TALARA,EL ALTO
-81.22696,-4.28929,EA6352,Taiman,CNPC - Corporación Nacional de Petróleos de China S.A.,Etapa I - COSAPI,Sin afectación,0.0,1ra Evaluacion,,2022.0,Supervisado,PIURA,TALARA,EL ALTO
-81.19435,-4.2994,EA727,Central,CNPC - Corporación Nacional de Petróleos de China S.A.,Etapa I - COSAPI,Sin afectación,0.0,1ra Evaluacion,,2024.0,Supervisado,PIURA,TALARA,EL ALTO
-81.19824,-4.30125,EA731,Taiman,CNPC - Corporación Nacional de Petróleos de China S.A.,Etapa I - COSAPI,Sin afectación,0.0,1ra Evaluacion,,2024.0,Supervisado,PIURA,TALARA,EL ALTO
-81.2409,-4.30217,EA6712,Taiman,CNPC - Corporación Nacional de Petróleos de China S.A.,Etapa I - COSAPI,Sin afectación,0.0,1ra Evaluacion,,2023.0,Supervisado,PIURA,TALARA,EL ALTO
-81.2268,-4.30162,EA700,Taiman,CNPC - Corporación Nacional de Petróleos de China S.A.,Etapa I - COSAPI,Con afectación,0.0,1ra Evaluacion,1,2024.0,Supervisado,PIURA,TALARA,EL ALTO
-81.23215,-4.30125,EA6177,Taiman,CNPC - Corporación Nacional de Petróleos de China S.A.,Etapa I - COSAPI,Sin afectación,0.0,1ra Evaluacion,,2023.0,Supervisado,PIURA,TALARA,EL ALTO
-81.22548,-4.27982,EA7359,Taiman,CNPC - Corporación Nacional de Petróleos de China S.A.,Etapa I - COSAPI,Sin afectación,0.0,1ra Evaluacion,,2023.0,Supervisado,PIURA,TALARA,EL ALTO
-81.23675,-4.29747,EA339,Taiman,CNPC - Corporación Nacional de Petróleos de China S.A.,Etapa I - COSAPI,Sin afectación,0.0,1ra Evaluacion,,2024.0,Supervisado,PIURA,TALARA,EL ALTO
-81.23421,-4.30157,EA368,Taiman,CNPC - Corporación Nacional de Petróleos de China S.A.,Etapa I - COSAPI,Sin afectación,0.0,1ra Evaluacion,,2025.0,Supervisado,PIURA,TALARA,EL ALTO
-81.18646,-4.29547,EA9803,Central,CNPC - Corporación Nacional de Petróleos de China S.A.,Etapa I - COSAPI,No supervisada,0.0,1ra Evaluacion,,,Verificado,PIURA,TALARA,EL ALTO
-81.17196,-4.2891,PQA-EA10219,Central,CNPC - Corporación Nacional de Petróleos de China S.A.,Etapa I - COSAPI,Sin afectación,0.0,1ra Evaluacion,,2023.0,Supervisado,PIURA,TALARA,EL ALTO
-81.17156,-4.29071,EA761,Central,CNPC - Corporación Nacional de Petróleos de China S.A.,Etapa I - COSAPI,Sin afectación,0.0,1ra Evaluacion,,2024.0,Supervisado,PIURA,TALARA,EL ALTO
-81.19298,-4.27271,EA7983,Central,CNPC - Corporación Nacional de Petróleos de China S.A.,Etapa I - COSAPI,Sin afectación,0.0,1ra Evaluacion,,2024.0,Supervisado,PIURA,TALARA,EL ALTO
-81.19623,-4.30328,EA736,Taiman,CNPC - Corporación Nacional de Petróleos de China S.A.,Etapa I - COSAPI,Sin afectación,0.0,1ra Evaluacion,,2024.0,Supervisado,PIURA,TALARA,EL ALTO
-81.22038,-4.27361,EA5903,Taiman,CNPC - Corporación Nacional de Petróleos de China S.A.,Etapa I - COSAPI,Sin afectación,0.0,1ra Evaluacion,,2022.0,Supervisado,PIURA,TALARA,EL ALTO
-81.22122,-4.29044,EA2396,Taiman,CNPC - Corporación Nacional de Petróleos de China S.A.,Etapa I - COSAPI,No supervisada,0.0,1ra Evaluacion,,,Observado,PIURA,TALARA,EL ALTO
-81.24076,-4.29889,PQA-EA293,Taiman,CNPC - Corporación Nacional de Petróleos de China S.A.,Etapa I - COSAPI,Sin afectación,0.0,1ra Evaluacion,,2023.0,Supervisado,PIURA,TALARA,EL ALTO
-81.24,-4.29737,EA292,Taiman,CNPC - Corporación Nacional de Petróleos de China S.A.,Etapa I - COSAPI,Sin afectación,0.0,1ra Evaluacion,,2023.0,Supervisado,PIURA,TALARA,EL ALTO
-81.2416,-4.2973,EA7283,Taiman,CNPC - Corporación Nacional de Petróleos de China S.A.,Etapa I - COSAPI,Sin afectación,0.0,1ra Evaluacion,,2023.0,Supervisado,PIURA,TALARA,EL ALTO
-81.24194,-4.29486,EA7284,Taiman,CNPC - Corporación Nacional de Petróleos de China S.A.,Etapa I - COSAPI,Sin afectación,0.0,1ra Evaluacion,,2023.0,Supervisado,PIURA,TALARA,EL ALTO
-81.24226,-4.29927,EA6551,Taiman,CNPC - Corporación Nacional de Petróleos de China S.A.,Etapa I - COSAPI,Sin afectación,0.0,1ra Evaluacion,,2023.0,Supervisado,PIURA,TALARA,EL ALTO
-81.23734,-4.28169,EA1652,Taiman,CNPC - Corporación Nacional de Petróleos de China S.A.,Etapa I - COSAPI,Sin afectación,0.0,1ra Evaluacion,,2023.0,Supervisado,PIURA,TALARA,EL ALTO
-81.22792,-4.30667,EA5775,Reventones,CNPC - Corporación Nacional de Petróleos de China S.A.,Etapa I - COSAPI,No supervisada,0.0,,,,No supervisado,PIURA,TALARA,EL ALTO
-81.24194,-4.28416,EA5997,Peña Negra,CNPC - Corporación Nacional de Petróleos de China S.A.,Etapa I - COSAPI,No supervisada,0.0,1ra Evaluacion,,,Por definir,PIURA,TALARA,EL ALTO
-81.24229,-4.28525,EA2107,Peña Negra,CNPC - Corporación Nacional de Petróleos de China S.A.,Etapa I - COSAPI,No supervisada,0.0,1ra Evaluacion,,,Por definir,PIURA,TALARA,EL ALTO
-81.23821,-4.28816,EA1826,Taiman,CNPC - Corporación Nacional de Petróleos de China S.A.,Etapa I - COSAPI,Sin afectación,0.0,1ra Evaluacion,,2023.0,Supervisado,PIURA,TALARA,EL ALTO
-81.24065,-4.29187,EA7618,Taiman,CNPC - Corporación Nacional de Petróleos de China S.A.,Etapa I - COSAPI,Sin afectación,0.0,1ra Evaluacion,,2023.0,Supervisado,PIURA,TALARA,EL ALTO
-81.24004,-4.28567,EA167,Taiman,CNPC - Corporación Nacional de Petróleos de China S.A.,Etapa I - COSAPI,Con afectación,0.0,1ra Evaluacion,2,2024.0,Supervisado,PIURA,TALARA,EL ALTO
-81.23943,-4.29431,EA290,Taiman,CNPC - Corporación Nacional de Petróleos de China S.A.,Etapa I - COSAPI,Sin afectación,0.0,1ra Evaluacion,,2023.0,Supervisado,PIURA,TALARA,EL ALTO
-81.22001,-4.29804,MNF-MC01-TA24,Taiman,CNPC - Corporación Nacional de Petróleos de China S.A.,Etapa I - COSAPI,Con afectación,0.0,1ra Evaluacion,,2024.0,Supervisado,PIURA,TALARA,EL ALTO
-81.2451,-4.30772,EA440,Reventones,CNPC - Corporación Nacional de Petróleos de China S.A.,Etapa I - COSAPI,No supervisada,0.0,1ra Evaluacion,,,Por definir,PIURA,TALARA,EL ALTO
-81.22054,-4.30047,EA5724,Taiman,CNPC - Corporación Nacional de Petróleos de China S.A.,Etapa I - COSAPI,Con afectación,0.0,1ra Evaluacion,1,2024.0,Supervisado,PIURA,TALARA,EL ALTO
-81.22009,-4.29232,EA2092,Taiman,CNPC - Corporación Nacional de Petróleos de China S.A.,Etapa I - COSAPI,Sin afectación,0.0,1ra Evaluacion,,2023.0,Supervisado,PIURA,TALARA,EL ALTO
-81.23516,-4.29977,EA362,Taiman,CNPC - Corporación Nacional de Petróleos de China S.A.,Etapa I - COSAPI,Sin afectación,0.0,1ra Evaluacion,,2023.0,Supervisado,PIURA,TALARA,EL ALTO
-81.22245,-4.30146,EA7474,Taiman,CNPC - Corporación Nacional de Petróleos de China S.A.,Etapa I - COSAPI,No supervisada,0.0,1ra Evaluacion,,,Observado,PIURA,TALARA,EL ALTO
-81.22023,-4.29824,EA1150,Taiman,CNPC - Corporación Nacional de Petróleos de China S.A.,Etapa I - COSAPI,Sin afectación,0.0,1ra Evaluacion,,2024.0,Supervisado,PIURA,TALARA,EL ALTO
-81.22041,-4.29432,EA6749,Taiman,CNPC - Corporación Nacional de Petróleos de China S.A.,Etapa I - COSAPI,Sin afectación,0.0,1ra Evaluacion,,2023.0,Supervisado,PIURA,TALARA,EL ALTO
-81.23443,-4.29008,EA280,Taiman,CNPC - Corporación Nacional de Petróleos de China S.A.,Etapa I - COSAPI,Sin afectación,0.0,1ra Evaluacion,,2025.0,Supervisado,PIURA,TALARA,EL ALTO
-81.23097,-4.30479,EA6093,Taiman,CNPC - Corporación Nacional de Petróleos de China S.A.,Etapa I - COSAPI,Con afectación,0.0,1ra Evaluacion,2,2024.0,Supervisado,PIURA,TALARA,EL ALTO
-81.23547,-4.29845,EA327,Taiman,CNPC - Corporación Nacional de Petróleos de China S.A.,Etapa I - COSAPI,Sin afectación,0.0,1ra Evaluacion,,2023.0,Supervisado,PIURA,TALARA,EL ALTO
-81.23448,-4.28724,EA204,Taiman,CNPC - Corporación Nacional de Petróleos de China S.A.,Etapa I - COSAPI,Sin afectación,0.0,1ra Evaluacion,,2023.0,Supervisado,PIURA,TALARA,EL ALTO
-81.2246,-4.30691,EA2144P,Reventones,CNPC - Corporación Nacional de Petróleos de China S.A.,Etapa I - COSAPI,Con afectación,0.0,1ra Evaluacion,1,2024.0,Supervisado,PIURA,TALARA,EL ALTO
-81.22833,-4.28005,EA390,Taiman,CNPC - Corporación Nacional de Petróleos de China S.A.,Etapa I - COSAPI,Sin afectación,0.0,1ra Evaluacion,,2023.0,Supervisado,PIURA,TALARA,EL ALTO
-81.22305,-4.29323,EA2432,Taiman,CNPC - Corporación Nacional de Petróleos de China S.A.,Etapa I - COSAPI,No supervisada,0.0,1ra Evaluacion,,,Observado,PIURA,TALARA,EL ALTO
-81.22312,-4.28558,EA6353,Taiman,CNPC - Corporación Nacional de Petróleos de China S.A.,Etapa I - COSAPI,No supervisada,0.0,1ra Evaluacion,,,Observado,PIURA,TALARA,EL ALTO
-81.22222,-4.28741,EA7913,Taiman,CNPC - Corporación Nacional de Petróleos de China S.A.,Etapa I - COSAPI,No supervisada,0.0,1ra Evaluacion,,,Observado,PIURA,TALARA,EL ALTO
-81.22295,-4.28863,EA5984,Taiman,CNPC - Corporación Nacional de Petróleos de China S.A.,Etapa I - COSAPI,No supervisada,0.0,1ra Evaluacion,,,Observado,PIURA,TALARA,EL ALTO
-81.21999,-4.27892,PQA-EA506,Taiman,CNPC - Corporación Nacional de Petróleos de China S.A.,Etapa I - COSAPI,No supervisada,0.0,1ra Evaluacion,,,Observado,PIURA,TALARA,EL ALTO
-81.22355,-4.29921,EA5767,Taiman,CNPC - Corporación Nacional de Petróleos de China S.A.,Etapa I - COSAPI,Sin afectación,0.0,1ra Evaluacion,,2023.0,Supervisado,PIURA,TALARA,EL ALTO
-81.23541,-4.3039,EA6244,Taiman,CNPC - Corporación Nacional de Petróleos de China S.A.,Etapa I - COSAPI,Sin afectación,0.0,1ra Evaluacion,,2024.0,Supervisado,PIURA,TALARA,EL ALTO
-81.19631,-4.29737,EA722,Taiman,CNPC - Corporación Nacional de Petróleos de China S.A.,Etapa I - COSAPI,Sin afectación,0.0,1ra Evaluacion,,2024.0,Supervisado,PIURA,TALARA,EL ALTO
-81.23302,-4.28179,EA341,Taiman,CNPC - Corporación Nacional de Petróleos de China S.A.,Etapa I - COSAPI,No supervisada,0.0,1ra Evaluacion,,,Observado,PIURA,TALARA,EL ALTO
-81.23066,-4.27029,PQA-EA6713,Taiman,CNPC - Corporación Nacional de Petróleos de China S.A.,Etapa I - COSAPI,No supervisada,0.0,1ra Evaluacion,,,Observado,PIURA,TALARA,EL ALTO
-81.24218,-4.30283,EA478,Taiman,CNPC - Corporación Nacional de Petróleos de China S.A.,Etapa I - COSAPI,No supervisada,0.0,1ra Evaluacion,,,Observado,PIURA,TALARA,EL ALTO
-81.20334,-4.3044,EA1095,Taiman,CNPC - Corporación Nacional de Petróleos de China S.A.,Etapa I - COSAPI,Sin afectación,0.0,1ra Evaluacion,,2024.0,Supervisado,PIURA,TALARA,EL ALTO
-81.22954,-4.28675,EA139,Taiman,CNPC - Corporación Nacional de Petróleos de China S.A.,Etapa I - COSAPI,Sin afectación,0.0,1ra Evaluacion,,2023.0,Supervisado,PIURA,TALARA,EL ALTO
-81.22807,-4.29075,MNF-MC04-TA24,Taiman,CNPC - Corporación Nacional de Petróleos de China S.A.,Etapa I - COSAPI,No supervisada,0.0,1ra Evaluacion,,,No supervisado,PIURA,TALARA,EL ALTO
-81.23018,-4.29459,EA1211,Taiman,CNPC - Corporación Nacional de Petróleos de China S.A.,Etapa I - COSAPI,Con afectación,9.0,1ra Evaluacion,1,2025.0,Supervisado,PIURA,TALARA,EL ALTO
-81.24024,-4.29575,EA291,Taiman,CNPC - Corporación Nacional de Petróleos de China S.A.,Etapa I - COSAPI,Sin afectación,0.0,1ra Evaluacion,,2023.0,Supervisado,PIURA,TALARA,EL ALTO
-81.24248,-4.30278,MNF-MC01-TA27,Taiman,CNPC - Corporación Nacional de Petróleos de China S.A.,Etapa I - COSAPI,No supervisada,0.0,,,,No supervisado,PIURA,TALARA,EL ALTO
-81.21057,-4.3193,EA6005,Reventones,CNPC - Corporación Nacional de Petróleos de China S.A.,Etapa I - COSAPI,En ejecución,0.0,1ra Evaluacion,,,Planificado,PIURA,TALARA,EL ALTO
-81.22038,-4.29249,MNF-MC03-TA24,Taiman,CNPC - Corporación Nacional de Petróleos de China S.A.,Etapa I - COSAPI,No supervisada,0.0,1ra Evaluacion,,,No supervisado,PIURA,TALARA,EL ALTO
-81.22393,-4.30207,EA1217,Taiman,CNPC - Corporación Nacional de Petróleos de China S.A.,Etapa I - COSAPI,Sin afectación,0.0,1ra Evaluacion,,2024.0,Supervisado,PIURA,TALARA,EL ALTO
-81.2387,-4.30706,EA6032,Reventones,CNPC - Corporación Nacional de Petróleos de China S.A.,Etapa I - COSAPI,Sin afectación,0.0,1ra Evaluacion,,2023.0,Supervisado,PIURA,TALARA,EL ALTO
-81.2407,-4.30626,EA1613,Reventones,CNPC - Corporación Nacional de Petróleos de China S.A.,Etapa I - COSAPI,Con afectación,9.0,1ra Evaluacion,1,2025.0,Supervisado,PIURA,TALARA,EL ALTO
-81.24096,-4.30397,EA415,Taiman,CNPC - Corporación Nacional de Petróleos de China S.A.,Etapa I - COSAPI,Sin afectación,0.0,1ra Evaluacion,,2025.0,Supervisado,PIURA,TALARA,EL ALTO
-81.22932,-4.28907,EA488,Taiman,CNPC - Corporación Nacional de Petróleos de China S.A.,Etapa I - COSAPI,Sin afectación,0.0,1ra Evaluacion,,2022.0,Supervisado,PIURA,TALARA,EL ALTO
-81.2342,-4.30648,EA1605,Reventones,CNPC - Corporación Nacional de Petróleos de China S.A.,Etapa I - COSAPI,No supervisada,0.0,1ra Evaluacion,,,Observado,PIURA,TALARA,EL ALTO
-81.23085,-4.30849,EA1983,Reventones,CNPC - Corporación Nacional de Petróleos de China S.A.,Etapa I - COSAPI,Con afectación,0.0,1ra Evaluacion,1,2024.0,Supervisado,PIURA,TALARA,EL ALTO
-81.23095,-4.31091,EA1570,Reventones,CNPC - Corporación Nacional de Petróleos de China S.A.,Etapa I - COSAPI,Sin afectación,0.0,1ra Evaluacion,,2024.0,Supervisado,PIURA,TALARA,EL ALTO
-81.22247,-4.30039,EA1152,Taiman,CNPC - Corporación Nacional de Petróleos de China S.A.,Etapa I - COSAPI,No supervisada,0.0,1ra Evaluacion,,,No supervisado,PIURA,TALARA,EL ALTO
-81.24064,-4.30849,EA7934,Reventones,CNPC - Corporación Nacional de Petróleos de China S.A.,Etapa I - COSAPI,Sin afectación,0.0,1ra Evaluacion,,2024.0,Supervisado,PIURA,TALARA,EL ALTO
-81.23573,-4.30906,EA2076,Reventones,CNPC - Corporación Nacional de Petróleos de China S.A.,Etapa I - COSAPI,Sin afectación,0.0,1ra Evaluacion,,2024.0,Supervisado,PIURA,TALARA,EL ALTO
-81.23318,-4.30955,EA2016,Reventones,CNPC - Corporación Nacional de Petróleos de China S.A.,Etapa I - COSAPI,Sin afectación,0.0,1ra Evaluacion,,2024.0,Supervisado,PIURA,TALARA,EL ALTO
-81.23531,-4.31268,EA6033,Reventones,CNPC - Corporación Nacional de Petróleos de China S.A.,Etapa I - COSAPI,Sin afectación,0.0,1ra Evaluacion,,2025.0,Supervisado,PIURA,TALARA,EL ALTO
-81.24112,-4.31109,EA1695,Reventones,CNPC - Corporación Nacional de Petróleos de China S.A.,Etapa I - COSAPI,Sin afectación,0.0,1ra Evaluacion,,2022.0,Supervisado,PIURA,TALARA,EL ALTO
-81.24391,-4.31125,EA2044,Reventones,CNPC - Corporación Nacional de Petróleos de China S.A.,Etapa I - COSAPI,Con afectación,0.0,1ra Evaluacion,1,2025.0,Supervisado,PIURA,TALARA,EL ALTO
-81.22819,-4.30219,EA6256,Taiman,CNPC - Corporación Nacional de Petróleos de China S.A.,Etapa I - COSAPI,Sin afectación,0.0,1ra Evaluacion,,2024.0,Supervisado,PIURA,TALARA,EL ALTO
-81.23872,-4.3104,EA2046,Reventones,CNPC - Corporación Nacional de Petróleos de China S.A.,Etapa I - COSAPI,Sin afectación,0.0,1ra Evaluacion,,2024.0,Supervisado,PIURA,TALARA,EL ALTO
-81.24028,-4.31692,EA6908,Reventones,CNPC - Corporación Nacional de Petróleos de China S.A.,Etapa I - COSAPI,Sin afectación,0.0,1ra Evaluacion,,2025.0,Supervisado,PIURA,TALARA,LOBITOS
-81.23859,-4.31411,EA2191,Reventones,CNPC - Corporación Nacional de Petróleos de China S.A.,Etapa I - COSAPI,Sin afectación,0.0,1ra Evaluacion,,2025.0,Supervisado,PIURA,TALARA,EL ALTO
-81.15155,-4.23176,EA1991,Org. Sur,CNPC - Corporación Nacional de Petróleos de China S.A.,Etapa I - COSAPI,Sin afectación,0.0,1ra Evaluacion,,2023.0,Supervisado,PIURA,TALARA,EL ALTO
-81.155,-4.23202,EA1610,Org. Sur,CNPC - Corporación Nacional de Petróleos de China S.A.,Etapa I - COSAPI,Sin afectación,0.0,1ra Evaluacion,,2023.0,Supervisado,PIURA,TALARA,EL ALTO
-81.15303,-4.22359,EA2001,Org. Sur,CNPC - Corporación Nacional de Petróleos de China S.A.,Etapa I - COSAPI,Sin afectación,0.0,1ra Evaluacion,,2023.0,Supervisado,PIURA,TALARA,LOS ORGANOS
-81.22579,-4.29876,BAT-TA24,Taiman,CNPC - Corporación Nacional de Petróleos de China S.A.,Etapa I - COSAPI,Sin afectación,0.0,1ra Evaluacion,,2024.0,Supervisado,PIURA,TALARA,EL ALTO
-81.15484,-4.2298,EA1963,Org. Sur,CNPC - Corporación Nacional de Petróleos de China S.A.,Etapa I - COSAPI,Sin afectación,0.0,1ra Evaluacion,,2022.0,Supervisado,PIURA,TALARA,EL ALTO
-81.15316,-4.2282,EA9628,Org. Sur,CNPC - Corporación Nacional de Petróleos de China S.A.,Etapa I - COSAPI,Sin afectación,0.0,1ra Evaluacion,,2023.0,Supervisado,PIURA,TALARA,EL ALTO
-81.15475,-4.22724,EA1526,Org. Sur,CNPC - Corporación Nacional de Petróleos de China S.A.,Etapa I - COSAPI,Con afectación,45776.0,1ra Evaluacion,1,2023.0,Supervisado,PIURA,TALARA,EL ALTO
-81.17877,-4.28141,EX-MNF-MC9063-CE10,Central,CNPC - Corporación Nacional de Petróleos de China S.A.,Etapa I - COSAPI,No supervisada,0.0,1ra Evaluacion,,,Observado,PIURA,TALARA,EL ALTO
-81.23336,-4.31236,BAT-TA29,Reventones,CNPC - Corporación Nacional de Petróleos de China S.A.,Etapa I - COSAPI,Sin afectación,0.0,1ra Evaluacion,,2024.0,Supervisado,PIURA,TALARA,EL ALTO
-81.15708,-4.22212,EA1558,Org. Sur,CNPC - Corporación Nacional de Petróleos de China S.A.,Etapa I - COSAPI,Sin afectación,0.0,1ra Evaluacion,,2023.0,Supervisado,PIURA,TALARA,LOS ORGANOS
-81.15721,-4.22598,EA6101,Org. Sur,CNPC - Corporación Nacional de Petróleos de China S.A.,Etapa I - COSAPI,Sin afectación,0.0,1ra Evaluacion,,2023.0,Supervisado,PIURA,TALARA,LOS ORGANOS
-81.15715,-4.23057,EA5639,Org. Sur,CNPC - Corporación Nacional de Petróleos de China S.A.,Etapa I - COSAPI,Sin afectación,0.0,1ra Evaluacion,,2023.0,Supervisado,PIURA,TALARA,EL ALTO
-81.15879,-4.21699,EA1083,Org. Sur,CNPC - Corporación Nacional de Petróleos de China S.A.,Etapa I - COSAPI,Sin afectación,0.0,1ra Evaluacion,,2023.0,Supervisado,PIURA,TALARA,LOS ORGANOS
-81.15843,-4.22417,EA2484,Org. Sur,CNPC - Corporación Nacional de Petróleos de China S.A.,Etapa I - COSAPI,Sin afectación,0.0,1ra Evaluacion,,2023.0,Supervisado,PIURA,TALARA,LOS ORGANOS
-81.14914,-4.21966,EA1009,Org. Sur,CNPC - Corporación Nacional de Petróleos de China S.A.,Etapa I - COSAPI,Sin afectación,0.0,1ra Evaluacion,,2023.0,Supervisado,PIURA,TALARA,LOS ORGANOS
-81.15779,-4.22026,PQA-EA980,Org. Sur,CNPC - Corporación Nacional de Petróleos de China S.A.,Etapa I - COSAPI,Con afectación,122.15,1ra Evaluacion,1,2023.0,Supervisado,PIURA,TALARA,LOS ORGANOS
-81.16014,-4.22241,EA1081,Org. Sur,CNPC - Corporación Nacional de Petróleos de China S.A.,Etapa I - COSAPI,Sin afectación,0.0,1ra Evaluacion,,2023.0,Supervisado,PIURA,TALARA,LOS ORGANOS
-81.15977,-4.22611,EA6237,Org. Sur,CNPC - Corporación Nacional de Petróleos de China S.A.,Etapa I - COSAPI,Sin afectación,0.0,1ra Evaluacion,,2023.0,Supervisado,PIURA,TALARA,LOS ORGANOS
-81.14779,-4.22068,EA9639,Org. Sur,CNPC - Corporación Nacional de Petróleos de China S.A.,Etapa I - COSAPI,Sin afectación,0.0,1ra Evaluacion,,2023.0,Supervisado,PIURA,TALARA,LOS ORGANOS
-81.14816,-4.22271,EA1008,Org. Sur,CNPC - Corporación Nacional de Petróleos de China S.A.,Etapa I - COSAPI,Sin afectación,0.0,1ra Evaluacion,,2023.0,Supervisado,PIURA,TALARA,LOS ORGANOS
-81.1481,-4.2225,EA1328,Org. Sur,CNPC - Corporación Nacional de Petróleos de China S.A.,Etapa I - COSAPI,Sin afectación,0.0,1ra Evaluacion,,2023.0,Supervisado,PIURA,TALARA,LOS ORGANOS
-81.15176,-4.22267,MNF-MC02-OR11,Org. Sur,CNPC - Corporación Nacional de Petróleos de China S.A.,Etapa I - COSAPI,Sin afectación,0.0,1ra Evaluacion,,2023.0,Supervisado,PIURA,TALARA,LOS ORGANOS
-81.16105,-4.24243,EA6802,Ballena,CNPC - Corporación Nacional de Petróleos de China S.A.,Etapa I - COSAPI,Con afectación,14.13,1ra Evaluacion,1,2022.0,Supervisado,PIURA,TALARA,EL ALTO
-81.15802,-4.23743,EA6877,Ballena,CNPC - Corporación Nacional de Petróleos de China S.A.,Etapa I - COSAPI,Con afectación,31.98,1ra Evaluacion,1,2022.0,Supervisado,PIURA,TALARA,EL ALTO
-81.1604,-4.23748,EA6803,Ballena,CNPC - Corporación Nacional de Petróleos de China S.A.,Etapa I - COSAPI,Sin afectación,0.0,1ra Evaluacion,,2025.0,Supervisado,PIURA,TALARA,EL ALTO
-81.15151,-4.22202,EA1006,Org. Sur,CNPC - Corporación Nacional de Petróleos de China S.A.,Etapa I - COSAPI,Sin afectación,0.0,1ra Evaluacion,,2023.0,Supervisado,PIURA,TALARA,LOS ORGANOS
-81.16473,-4.23955,EA6919,Ballena,CNPC - Corporación Nacional de Petróleos de China S.A.,Etapa I - COSAPI,Sin afectación,0.0,1ra Evaluacion,,2025.0,Supervisado,PIURA,TALARA,EL ALTO
-81.1591,-4.23151,EA6236,Org. Sur,CNPC - Corporación Nacional de Petróleos de China S.A.,Etapa I - COSAPI,Sin afectación,0.0,1ra Evaluacion,,2022.0,Supervisado,PIURA,TALARA,EL ALTO
-81.16519,-4.23743,EA5673,Ballena,CNPC - Corporación Nacional de Petróleos de China S.A.,Etapa I - COSAPI,Sin afectación,0.0,1ra Evaluacion,,2023.0,Supervisado,PIURA,TALARA,EL ALTO
-81.16984,-4.23602,EA1630,Ballena,CNPC - Corporación Nacional de Petróleos de China S.A.,Etapa I - COSAPI,Sin afectación,0.0,1ra Evaluacion,,2025.0,Supervisado,PIURA,TALARA,EL ALTO
-81.16352,-4.23617,EA5691,Ballena,CNPC - Corporación Nacional de Petróleos de China S.A.,Etapa I - COSAPI,Sin afectación,0.0,1ra Evaluacion,,2023.0,Supervisado,PIURA,TALARA,EL ALTO
-81.1617,-4.23896,EA2010,Ballena,CNPC - Corporación Nacional de Petróleos de China S.A.,Etapa I - COSAPI,Sin afectación,0.0,1ra Evaluacion,,2023.0,Supervisado,PIURA,TALARA,EL ALTO
-81.16687,-4.23946,EA1997,Ballena,CNPC - Corporación Nacional de Petróleos de China S.A.,Etapa I - COSAPI,Sin afectación,0.0,1ra Evaluacion,,2025.0,Supervisado,PIURA,TALARA,EL ALTO
-81.1597,-4.23515,EA1962,Ballena,CNPC - Corporación Nacional de Petróleos de China S.A.,Etapa I - COSAPI,Sin afectación,0.0,1ra Evaluacion,,2023.0,Supervisado,PIURA,TALARA,EL ALTO
-81.15029,-4.22348,EA9671,Org. Sur,CNPC - Corporación Nacional de Petróleos de China S.A.,Etapa I - COSAPI,Sin afectación,0.0,1ra Evaluacion,,2023.0,Supervisado,PIURA,TALARA,LOS ORGANOS
-81.15204,-4.22632,EA9668,Org. Sur,CNPC - Corporación Nacional de Petróleos de China S.A.,Etapa I - COSAPI,Sin afectación,0.0,1ra Evaluacion,,2023.0,Supervisado,PIURA,TALARA,LOS ORGANOS
-81.15044,-4.22525,EA1326,Org. Sur,CNPC - Corporación Nacional de Petróleos de China S.A.,Etapa I - COSAPI,Sin afectación,0.0,1ra Evaluacion,,2023.0,Supervisado,PIURA,TALARA,LOS ORGANOS
-81.1509,-4.22482,EA9669,Org. Sur,CNPC - Corporación Nacional de Petróleos de China S.A.,Etapa I - COSAPI,Sin afectación,0.0,1ra Evaluacion,,2023.0,Supervisado,PIURA,TALARA,LOS ORGANOS
-81.15014,-4.22334,EA2483,Org. Sur,CNPC - Corporación Nacional de Petróleos de China S.A.,Etapa I - COSAPI,Sin afectación,0.0,1ra Evaluacion,,2023.0,Supervisado,PIURA,TALARA,LOS ORGANOS
-81.148,-4.22542,EA1944,Somatito,CNPC - Corporación Nacional de Petróleos de China S.A.,Etapa I - COSAPI,Sin afectación,0.0,1ra Evaluacion,,2023.0,Supervisado,PIURA,TALARA,LOS ORGANOS
-81.15124,-4.22773,EA1899,Org. Sur,CNPC - Corporación Nacional de Petróleos de China S.A.,Etapa I - COSAPI,Sin afectación,0.0,1ra Evaluacion,,2023.0,Supervisado,PIURA,TALARA,EL ALTO
-81.14713,-4.21881,EA1857,Org. Sur,CNPC - Corporación Nacional de Petróleos de China S.A.,Etapa I - COSAPI,Sin afectación,0.0,1ra Evaluacion,,2023.0,Supervisado,PIURA,TALARA,LOS ORGANOS
-81.15682,-4.23398,EA2017,Ballena,CNPC - Corporación Nacional de Petróleos de China S.A.,Etapa I - COSAPI,Con afectación,7.0,1ra Evaluacion,1,2025.0,Supervisado,PIURA,TALARA,EL ALTO
-81.15679,-4.22837,EA2532,Org. Sur,CNPC - Corporación Nacional de Petróleos de China S.A.,Etapa I - COSAPI,Con afectación,23.16,1ra Evaluacion,1,2022.0,Supervisado,PIURA,TALARA,EL ALTO
-81.15031,-4.21643,EA1319,Org. Sur,CNPC - Corporación Nacional de Petróleos de China S.A.,Etapa I - COSAPI,Sin afectación,0.0,1ra Evaluacion,,2025.0,Supervisado,PIURA,TALARA,LOS ORGANOS
-81.15003,-4.21643,EA823,Org. Sur,CNPC - Corporación Nacional de Petróleos de China S.A.,Etapa I - COSAPI,Sin afectación,0.0,1ra Evaluacion,,2023.0,Supervisado,PIURA,TALARA,LOS ORGANOS
-81.16385,-4.24176,EA1973,Ballena,CNPC - Corporación Nacional de Petróleos de China S.A.,Etapa I - COSAPI,Sin afectación,0.0,1ra Evaluacion,,2022.0,Supervisado,PIURA,TALARA,EL ALTO
-81.22787,-4.32494,EA6130,Reventones,CNPC - Corporación Nacional de Petróleos de China S.A.,Etapa I - COSAPI,En ejecución,0.0,1ra Evaluacion,,,Planificado,PIURA,TALARA,LOBITOS
-81.16999,-4.27103,EX-BAT-975,Central,CNPC - Corporación Nacional de Petróleos de China S.A.,Etapa I - COSAPI,No supervisada,0.0,1ra Evaluacion,,,Observado,PIURA,TALARA,EL ALTO
-81.16028,-4.23658,MNF-MC03-OR11,Ballena,CNPC - Corporación Nacional de Petróleos de China S.A.,Etapa I - COSAPI,Sin afectación,0.0,1ra Evaluacion,,2023.0,Supervisado,PIURA,TALARA,EL ALTO
-81.1603,-4.23661,MC 3,Órganos,CNPC - Corporación Nacional de Petróleos de China S.A.,Etapa II - HAZCO,No concluyeron,0.0,Unica evaluacion,,,Por definir,PIURA,TALARA,EL ALTO
-81.14729,-4.2175,EA1282,Órganos,CNPC - Corporación Nacional de Petróleos de China S.A.,Etapa II - HAZCO,No supervisada,0.0,Unica evaluacion,,,Verificado,PIURA,TALARA,LOS ORGANOS
-81.14564,-4.21711,EA1345,Órganos,CNPC - Corporación Nacional de Petróleos de China S.A.,Etapa II - HAZCO,Sin afectación,0.0,Unica evaluacion,,2025.0,Supervisado,PIURA,TALARA,LOS ORGANOS
-81.1493,-4.21961,EA1353,Órganos,CNPC - Corporación Nacional de Petróleos de China S.A.,Etapa II - HAZCO,No supervisada,0.0,Unica evaluacion,,,Verificado,PIURA,TALARA,LOS ORGANOS
-81.14538,-4.22325,EA1357,Órganos,CNPC - Corporación Nacional de Petróleos de China S.A.,Etapa II - HAZCO,Sin afectación,0.0,Unica evaluacion,,2025.0,Supervisado,PIURA,TALARA,LOS ORGANOS
-81.148,-4.23011,EA1919,Órganos,CNPC - Corporación Nacional de Petróleos de China S.A.,Etapa II - HAZCO,Con afectación,7.0,Unica evaluacion,1,2025.0,Supervisado,PIURA,TALARA,EL ALTO
-81.14488,-4.22776,EA1987,Órganos,CNPC - Corporación Nacional de Petróleos de China S.A.,Etapa II - HAZCO,Con afectación,35.0,Unica evaluacion,5,2025.0,Supervisado,PIURA,TALARA,EL ALTO
-81.14558,-4.22178,EA1993,Órganos,CNPC - Corporación Nacional de Petróleos de China S.A.,Etapa II - HAZCO,Con afectación,7.0,Unica evaluacion,1,2025.0,Supervisado,PIURA,TALARA,LOS ORGANOS
-81.14261,-4.22454,EA2018,Órganos,CNPC - Corporación Nacional de Petróleos de China S.A.,Etapa II - HAZCO,Sin afectación,0.0,Unica evaluacion,,2025.0,Supervisado,PIURA,TALARA,LOS ORGANOS
-81.14192,-4.23223,EA2037,Órganos,CNPC - Corporación Nacional de Petróleos de China S.A.,Etapa II - HAZCO,Con afectación,21.0,Unica evaluacion,3,2025.0,Supervisado,PIURA,TALARA,EL ALTO
-81.15356,-4.2369,EA2051,Órganos,CNPC - Corporación Nacional de Petróleos de China S.A.,Etapa II - HAZCO,No supervisada,0.0,Unica evaluacion,,,Verificado,PIURA,TALARA,EL ALTO
-81.14607,-4.22613,EA2452,Órganos,CNPC - Corporación Nacional de Petróleos de China S.A.,Etapa II - HAZCO,No supervisada,0.0,Unica evaluacion,,,Observado,PIURA,TALARA,LOS ORGANOS
-81.15276,-4.22604,EA2492,Órganos,CNPC - Corporación Nacional de Petróleos de China S.A.,Etapa II - HAZCO,Sin afectación,0.0,Unica evaluacion,,2022.0,Supervisado,PIURA,TALARA,LOS ORGANOS
-81.14393,-4.22242,EA2509,Órganos,CNPC - Corporación Nacional de Petróleos de China S.A.,Etapa II - HAZCO,Sin afectación,0.0,Unica evaluacion,,2022.0,Supervisado,PIURA,TALARA,LOS ORGANOS
-81.1625,-4.22159,EA7791,Órganos,CNPC - Corporación Nacional de Petróleos de China S.A.,Etapa II - HAZCO,Sin afectación,0.0,Unica evaluacion,,2025.0,Supervisado,PIURA,TALARA,LOS ORGANOS
-81.14843,-4.218,EA9607,Órganos,CNPC - Corporación Nacional de Petróleos de China S.A.,Etapa II - HAZCO,No supervisada,0.0,Unica evaluacion,,,Verificado,PIURA,TALARA,LOS ORGANOS
-81.14087,-4.21979,EA9613,Órganos,CNPC - Corporación Nacional de Petróleos de China S.A.,Etapa II - HAZCO,Sin afectación,0.0,Unica evaluacion,,2025.0,Supervisado,PIURA,TALARA,LOS ORGANOS
-81.14414,-4.22516,EA9644,Órganos,CNPC - Corporación Nacional de Petróleos de China S.A.,Etapa II - HAZCO,Sin afectación,0.0,Unica evaluacion,,2025.0,Supervisado,PIURA,TALARA,LOS ORGANOS
-81.15406,-4.22537,EA9654,Órganos,CNPC - Corporación Nacional de Petróleos de China S.A.,Etapa II - HAZCO,No supervisada,0.0,Unica evaluacion,,,Verificado,PIURA,TALARA,LOS ORGANOS
-81.14589,-4.22849,EA9674,Órganos,CNPC - Corporación Nacional de Petróleos de China S.A.,Etapa II - HAZCO,Sin afectación,0.0,Unica evaluacion,,2022.0,Supervisado,PIURA,TALARA,EL ALTO
-81.14706,-4.21734,EA1007,Órganos,CNPC - Corporación Nacional de Petróleos de China S.A.,Etapa II - HAZCO,Sin afectación,0.0,Unica evaluacion,,2025.0,Supervisado,PIURA,TALARA,LOS ORGANOS
-81.16474,-4.22732,EA1313,Órganos,CNPC - Corporación Nacional de Petróleos de China S.A.,Etapa II - HAZCO,Sin afectación,0.0,Unica evaluacion,,2025.0,Supervisado,PIURA,TALARA,EL ALTO
-81.16705,-4.22948,EA1590,Órganos,CNPC - Corporación Nacional de Petróleos de China S.A.,Etapa II - HAZCO,Con afectación,7.0,Unica evaluacion,1,2025.0,Supervisado,PIURA,TALARA,EL ALTO
-81.15024,-4.2142,EA9656A,Órganos,CNPC - Corporación Nacional de Petróleos de China S.A.,Etapa II - HAZCO,Sin afectación,0.0,Unica evaluacion,,2025.0,Supervisado,PIURA,TALARA,LOS ORGANOS
-81.15024,-4.2142,EA9656,Órganos,CNPC - Corporación Nacional de Petróleos de China S.A.,Etapa II - HAZCO,Sin afectación,0.0,Unica evaluacion,,2025.0,Supervisado,PIURA,TALARA,LOS ORGANOS
-81.14964,-4.21964,MC 1,Órganos,CNPC - Corporación Nacional de Petróleos de China S.A.,Etapa II - HAZCO,No supervisada,0.0,Unica evaluacion,,,No supervisado,PIURA,TALARA,LOS ORGANOS
-81.15264,-4.20688,EA778,Órganos,CNPC - Corporación Nacional de Petróleos de China S.A.,Etapa II - HAZCO,En ejecución,0.0,Unica evaluacion,,,Planificado,PIURA,TALARA,LOS ORGANOS
-81.15264,-4.20688,EA9786,Órganos,CNPC - Corporación Nacional de Petróleos de China S.A.,Etapa II - HAZCO,En ejecución,0.0,Unica evaluacion,,,Planificado,PIURA,TALARA,LOS ORGANOS
-81.13784,-4.20202,EA779,Órganos,CNPC - Corporación Nacional de Petróleos de China S.A.,Etapa II - HAZCO,No supervisada,0.0,Unica evaluacion,,,Observado,PIURA,TALARA,LOS ORGANOS
-81.15386,-4.20809,EA787,Órganos,CNPC - Corporación Nacional de Petróleos de China S.A.,Etapa II - HAZCO,No supervisada,0.0,Unica evaluacion,,,Observado,PIURA,TALARA,LOS ORGANOS
-81.14092,-4.20005,EA790,Órganos,CNPC - Corporación Nacional de Petróleos de China S.A.,Etapa II - HAZCO,No supervisada,0.0,Unica evaluacion,,,No supervisado,PIURA,TALARA,LOS ORGANOS
-81.14972,-4.20605,EA804,Órganos,CNPC - Corporación Nacional de Petróleos de China S.A.,Etapa II - HAZCO,No supervisada,0.0,Unica evaluacion,,,No supervisado,PIURA,TALARA,LOS ORGANOS
-81.15035,-4.20456,EA805,Órganos,CNPC - Corporación Nacional de Petróleos de China S.A.,Etapa II - HAZCO,En ejecución,0.0,Unica evaluacion,,,Planificado,PIURA,TALARA,LOS ORGANOS
-81.14316,-4.20945,EA807,Órganos,CNPC - Corporación Nacional de Petróleos de China S.A.,Etapa II - HAZCO,No supervisada,0.0,Unica evaluacion,,,Observado,PIURA,TALARA,LOS ORGANOS
-81.15195,-4.2041,EA813,Órganos,CNPC - Corporación Nacional de Petróleos de China S.A.,Etapa II - HAZCO,No supervisada,0.0,Unica evaluacion,,,Verificado,PIURA,TALARA,LOS ORGANOS
-81.15288,-4.20545,EA814,Órganos,CNPC - Corporación Nacional de Petróleos de China S.A.,Etapa II - HAZCO,No supervisada,0.0,Unica evaluacion,,,Observado,PIURA,TALARA,LOS ORGANOS
-81.14839,-4.20662,EA819,Órganos,CNPC - Corporación Nacional de Petróleos de China S.A.,Etapa II - HAZCO,No supervisada,0.0,Unica evaluacion,,,Observado,PIURA,TALARA,LOS ORGANOS
-81.14717,-4.20542,EA820,Órganos,CNPC - Corporación Nacional de Petróleos de China S.A.,Etapa II - HAZCO,No supervisada,0.0,Unica evaluacion,,,No supervisado,PIURA,TALARA,LOS ORGANOS
-81.14877,-4.20499,EA831,Órganos,CNPC - Corporación Nacional de Petróleos de China S.A.,Etapa II - HAZCO,No supervisada,0.0,Unica evaluacion,,,Observado,PIURA,TALARA,LOS ORGANOS
-81.14472,-4.20906,EA843,Órganos,CNPC - Corporación Nacional de Petróleos de China S.A.,Etapa II - HAZCO,En ejecución,0.0,Unica evaluacion,,,Planificado,PIURA,TALARA,LOS ORGANOS
-81.1459,-4.2102,EA856,Órganos,CNPC - Corporación Nacional de Petróleos de China S.A.,Etapa II - HAZCO,En ejecución,0.0,Unica evaluacion,,,Planificado,PIURA,TALARA,LOS ORGANOS
-81.14557,-4.20583,EA857,Órganos,CNPC - Corporación Nacional de Petróleos de China S.A.,Etapa II - HAZCO,No supervisada,0.0,Unica evaluacion,,,Observado,PIURA,TALARA,LOS ORGANOS
-81.14633,-4.20859,EA862,Órganos,CNPC - Corporación Nacional de Petróleos de China S.A.,Etapa II - HAZCO,En ejecución,0.0,Unica evaluacion,,,Planificado,PIURA,TALARA,LOS ORGANOS
-81.1424,-4.20669,EA864,Órganos,CNPC - Corporación Nacional de Petróleos de China S.A.,Etapa II - HAZCO,En ejecución,0.0,Unica evaluacion,,,Planificado,PIURA,TALARA,LOS ORGANOS
-81.14422,-4.21084,EA874,Órganos,CNPC - Corporación Nacional de Petróleos de China S.A.,Etapa II - HAZCO,No supervisada,0.0,Unica evaluacion,,,Planificado,PIURA,TALARA,LOS ORGANOS
-81.14422,-4.21084,EA1335,Órganos,CNPC - Corporación Nacional de Petróleos de China S.A.,Etapa II - HAZCO,No supervisada,0.0,Unica evaluacion,,,Planificado,PIURA,TALARA,LOS ORGANOS
-81.14422,-4.21084,EA9617,Órganos,CNPC - Corporación Nacional de Petróleos de China S.A.,Etapa II - HAZCO,No supervisada,0.0,Unica evaluacion,,,Planificado,PIURA,TALARA,LOS ORGANOS
-81.14385,-4.21814,EA881,Órganos,CNPC - Corporación Nacional de Petróleos de China S.A.,Etapa II - HAZCO,En ejecución,0.0,Unica evaluacion,,,Planificado,PIURA,TALARA,LOS ORGANOS
-81.15098,-4.21331,EA883,Órganos,CNPC - Corporación Nacional de Petróleos de China S.A.,Etapa II - HAZCO,Sin afectación,0.0,Unica evaluacion,,2025.0,Supervisado,PIURA,TALARA,LOS ORGANOS
-81.15069,-4.20889,EA884,Órganos,CNPC - Corporación Nacional de Petróleos de China S.A.,Etapa II - HAZCO,Sin afectación,0.0,Unica evaluacion,,2025.0,Supervisado,PIURA,TALARA,LOS ORGANOS
-81.15255,-4.21279,EA885,Órganos,CNPC - Corporación Nacional de Petróleos de China S.A.,Etapa II - HAZCO,Sin afectación,0.0,Unica evaluacion,,2025.0,Supervisado,PIURA,TALARA,LOS ORGANOS
-81.15183,-4.21006,EA888,Órganos,CNPC - Corporación Nacional de Petróleos de China S.A.,Etapa II - HAZCO,Sin afectación,0.0,Unica evaluacion,,2025.0,Supervisado,PIURA,TALARA,LOS ORGANOS
-81.15144,-4.21191,EA889,Órganos,CNPC - Corporación Nacional de Petróleos de China S.A.,Etapa II - HAZCO,No supervisada,0.0,Unica evaluacion,,,Observado,PIURA,TALARA,LOS ORGANOS
-81.15451,-4.21081,EA890,Órganos,CNPC - Corporación Nacional de Petróleos de China S.A.,Etapa II - HAZCO,Sin afectación,0.0,Unica evaluacion,,2025.0,Supervisado,PIURA,TALARA,LOS ORGANOS
-81.14868,-4.21092,EA891,Órganos,CNPC - Corporación Nacional de Petróleos de China S.A.,Etapa II - HAZCO,Sin afectación,0.0,Unica evaluacion,,2025.0,Supervisado,PIURA,TALARA,LOS ORGANOS
-81.15297,-4.21122,EA892,Órganos,CNPC - Corporación Nacional de Petróleos de China S.A.,Etapa II - HAZCO,Con afectación,7.0,Unica evaluacion,1,2025.0,Supervisado,PIURA,TALARA,LOS ORGANOS
-81.15026,-4.21047,EA893,Órganos,CNPC - Corporación Nacional de Petróleos de China S.A.,Etapa II - HAZCO,Sin afectación,0.0,Unica evaluacion,,2025.0,Supervisado,PIURA,TALARA,LOS ORGANOS
-81.1541,-4.21233,EA894,Órganos,CNPC - Corporación Nacional de Petróleos de China S.A.,Etapa II - HAZCO,Sin afectación,0.0,Unica evaluacion,,2025.0,Supervisado,PIURA,TALARA,LOS ORGANOS
-81.14663,-4.21297,EA971,Órganos,CNPC - Corporación Nacional de Petróleos de China S.A.,Etapa II - HAZCO,No supervisada,0.0,Unica evaluacion,,,Verificado,PIURA,TALARA,LOS ORGANOS
-81.1477,-4.2141,EA972,Órganos,CNPC - Corporación Nacional de Petróleos de China S.A.,Etapa II - HAZCO,Sin afectación,0.0,Unica evaluacion,,2023.0,Supervisado,PIURA,TALARA,LOS ORGANOS
-81.14697,-4.21133,EA973,Órganos,CNPC - Corporación Nacional de Petróleos de China S.A.,Etapa II - HAZCO,Sin afectación,0.0,Unica evaluacion,,2022.0,Supervisado,PIURA,TALARA,LOS ORGANOS
-81.14538,-4.21179,EA975,Órganos,CNPC - Corporación Nacional de Petróleos de China S.A.,Etapa II - HAZCO,Sin afectación,0.0,Unica evaluacion,,2022.0,Supervisado,PIURA,TALARA,LOS ORGANOS
-81.14011,-4.20924,EA1322,Órganos,CNPC - Corporación Nacional de Petróleos de China S.A.,Etapa II - HAZCO,En ejecución,0.0,Unica evaluacion,,,Planificado,PIURA,TALARA,LOS ORGANOS
-81.14011,-4.20924,EA1011,Órganos,CNPC - Corporación Nacional de Petróleos de China S.A.,Etapa II - HAZCO,En ejecución,0.0,Unica evaluacion,,,Planificado,PIURA,TALARA,LOS ORGANOS
-81.13941,-4.21243,EA1012,Órganos,CNPC - Corporación Nacional de Petróleos de China S.A.,Etapa II - HAZCO,No supervisada,0.0,Unica evaluacion,,,Observado,PIURA,TALARA,LOS ORGANOS
-81.1377,-4.20693,EA1013,Órganos,CNPC - Corporación Nacional de Petróleos de China S.A.,Etapa II - HAZCO,No supervisada,0.0,Unica evaluacion,,,Observado,PIURA,TALARA,LOS ORGANOS
-81.1377,-4.20693,EA1271,Órganos,CNPC - Corporación Nacional de Petróleos de China S.A.,Etapa II - HAZCO,No supervisada,0.0,Unica evaluacion,,,Observado,PIURA,TALARA,LOS ORGANOS
-81.13666,-4.21106,EA1086,Órganos,CNPC - Corporación Nacional de Petróleos de China S.A.,Etapa II - HAZCO,Sin afectación,0.0,Unica evaluacion,,2022.0,Supervisado,PIURA,TALARA,LOS ORGANOS
-81.13372,-4.21134,EA1087,Órganos,CNPC - Corporación Nacional de Petróleos de China S.A.,Etapa II - HAZCO,No supervisada,0.0,Unica evaluacion,,,Observado,PIURA,TALARA,LOS ORGANOS
-81.13372,-4.21134,EA9666,Órganos,CNPC - Corporación Nacional de Petróleos de China S.A.,Etapa II - HAZCO,No supervisada,0.0,Unica evaluacion,,,Observado,PIURA,TALARA,LOS ORGANOS
-81.13839,-4.20738,EA1143,Órganos,CNPC - Corporación Nacional de Petróleos de China S.A.,Etapa II - HAZCO,Sin afectación,0.0,Unica evaluacion,,2022.0,Supervisado,PIURA,TALARA,LOS ORGANOS
-81.13202,-4.20547,EA1144,Órganos,CNPC - Corporación Nacional de Petróleos de China S.A.,Etapa II - HAZCO,No supervisada,0.0,Unica evaluacion,,,Observado,PIURA,TALARA,LOS ORGANOS
-81.1408,-4.20383,EA1157,Órganos,CNPC - Corporación Nacional de Petróleos de China S.A.,Etapa II - HAZCO,Sin afectación,0.0,Unica evaluacion,,2022.0,Supervisado,PIURA,TALARA,LOS ORGANOS
-81.13818,-4.21685,EA1192,Órganos,CNPC - Corporación Nacional de Petróleos de China S.A.,Etapa II - HAZCO,Sin afectación,0.0,Unica evaluacion,,2023.0,Supervisado,PIURA,TALARA,LOS ORGANOS
-81.13726,-4.21983,EA1193,Órganos,CNPC - Corporación Nacional de Petróleos de China S.A.,Etapa II - HAZCO,Sin afectación,0.0,Unica evaluacion,,2022.0,Supervisado,PIURA,TALARA,LOS ORGANOS
-81.13828,-4.21552,EA1194,Órganos,CNPC - Corporación Nacional de Petróleos de China S.A.,Etapa II - HAZCO,En ejecución,0.0,Unica evaluacion,,,Planificado,PIURA,TALARA,LOS ORGANOS
-81.1419,-4.21205,EA1255,Órganos,CNPC - Corporación Nacional de Petróleos de China S.A.,Etapa II - HAZCO,En ejecución,0.0,Unica evaluacion,,,Planificado,PIURA,TALARA,LOS ORGANOS
-81.1419,-4.21205,EA981,Órganos,CNPC - Corporación Nacional de Petróleos de China S.A.,Etapa II - HAZCO,En ejecución,0.0,Unica evaluacion,,,Planificado,PIURA,TALARA,LOS ORGANOS
-81.13659,-4.22312,EA1256,Órganos,CNPC - Corporación Nacional de Petróleos de China S.A.,Etapa II - HAZCO,Con afectación,200.0,Unica evaluacion,2,2022.0,Supervisado,PIURA,TALARA,LOS ORGANOS
-81.13659,-4.22312,MC 8,Órganos,CNPC - Corporación Nacional de Petróleos de China S.A.,Etapa II - HAZCO,Con afectación,200.0,Unica evaluacion,2,,Por definir,PIURA,TALARA,LOS ORGANOS
-81.14839,-4.20062,EA1267A,Órganos,CNPC - Corporación Nacional de Petróleos de China S.A.,Etapa II - HAZCO,Sin afectación,0.0,Unica evaluacion,,2022.0,Supervisado,PIURA,TALARA,LOS ORGANOS
-81.1443,-4.21701,EA1280,Órganos,CNPC - Corporación Nacional de Petróleos de China S.A.,Etapa II - HAZCO,En ejecución,0.0,Unica evaluacion,,,Planificado,PIURA,TALARA,LOS ORGANOS
-81.1443,-4.21701,EA1010,Órganos,CNPC - Corporación Nacional de Petróleos de China S.A.,Etapa II - HAZCO,En ejecución,0.0,Unica evaluacion,,,Planificado,PIURA,TALARA,LOS ORGANOS
-81.13959,-4.20734,EA1299,Órganos,CNPC - Corporación Nacional de Petróleos de China S.A.,Etapa II - HAZCO,No supervisada,0.0,Unica evaluacion,,,Observado,PIURA,TALARA,LOS ORGANOS
-81.14538,-4.20617,EA1312,Órganos,CNPC - Corporación Nacional de Petróleos de China S.A.,Etapa II - HAZCO,No supervisada,0.0,Unica evaluacion,,,Observado,PIURA,TALARA,LOS ORGANOS
-81.14045,-4.21103,EA1365,Órganos,CNPC - Corporación Nacional de Petróleos de China S.A.,Etapa II - HAZCO,No supervisada,0.0,Unica evaluacion,,,Observado,PIURA,TALARA,LOS ORGANOS
-81.14091,-4.20477,EA1528,Órganos,CNPC - Corporación Nacional de Petróleos de China S.A.,Etapa II - HAZCO,No supervisada,0.0,Unica evaluacion,,,Observado,PIURA,TALARA,LOS ORGANOS
-81.13252,-4.2022,EA1543,Órganos,CNPC - Corporación Nacional de Petróleos de China S.A.,Etapa II - HAZCO,Sin afectación,0.0,Unica evaluacion,,2025.0,Supervisado,PIURA,TALARA,LOS ORGANOS
-81.14098,-4.20206,EA1553,Órganos,CNPC - Corporación Nacional de Petróleos de China S.A.,Etapa II - HAZCO,No supervisada,0.0,Unica evaluacion,,,Observado,PIURA,TALARA,LOS ORGANOS
-81.14279,-4.20973,EA1555,Órganos,CNPC - Corporación Nacional de Petróleos de China S.A.,Etapa II - HAZCO,No supervisada,0.0,Unica evaluacion,,,Observado,PIURA,TALARA,LOS ORGANOS
-81.14452,-4.21171,EA1582,Órganos,CNPC - Corporación Nacional de Petróleos de China S.A.,Etapa II - HAZCO,Sin afectación,0.0,Unica evaluacion,,2025.0,Supervisado,PIURA,TALARA,LOS ORGANOS
-81.14673,-4.21419,EA1622,Órganos,CNPC - Corporación Nacional de Petróleos de China S.A.,Etapa II - HAZCO,Sin afectación,0.0,Unica evaluacion,,2025.0,Supervisado,PIURA,TALARA,LOS ORGANOS
-81.14109,-4.21493,EA1804,Órganos,CNPC - Corporación Nacional de Petróleos de China S.A.,Etapa II - HAZCO,Sin afectación,0.0,Unica evaluacion,,2023.0,Supervisado,PIURA,TALARA,LOS ORGANOS
-81.13738,-4.2155,EA1842,Órganos,CNPC - Corporación Nacional de Petróleos de China S.A.,Etapa II - HAZCO,Sin afectación,0.0,Unica evaluacion,,2023.0,Supervisado,PIURA,TALARA,LOS ORGANOS
-81.1346,-4.21936,EA1858,Órganos,CNPC - Corporación Nacional de Petróleos de China S.A.,Etapa II - HAZCO,Con afectación,100.0,Unica evaluacion,1,2022.0,Supervisado,PIURA,TALARA,LOS ORGANOS
-81.13861,-4.22547,EA1888,Órganos,CNPC - Corporación Nacional de Petróleos de China S.A.,Etapa II - HAZCO,Con afectación,50.0,Unica evaluacion,1,2022.0,Supervisado,PIURA,TALARA,LOS ORGANOS
-81.13966,-4.21154,EA1892,Órganos,CNPC - Corporación Nacional de Petróleos de China S.A.,Etapa II - HAZCO,Sin afectación,0.0,Unica evaluacion,,2022.0,Supervisado,PIURA,TALARA,LOS ORGANOS
-81.13597,-4.21208,EA1902,Órganos,CNPC - Corporación Nacional de Petróleos de China S.A.,Etapa II - HAZCO,Sin afectación,0.0,Unica evaluacion,,2023.0,Supervisado,PIURA,TALARA,LOS ORGANOS
-81.13429,-4.20741,EA1923,Órganos,CNPC - Corporación Nacional de Petróleos de China S.A.,Etapa II - HAZCO,Sin afectación,0.0,Unica evaluacion,,2022.0,Supervisado,PIURA,TALARA,LOS ORGANOS
-81.13877,-4.20371,EA1924,Órganos,CNPC - Corporación Nacional de Petróleos de China S.A.,Etapa II - HAZCO,No supervisada,0.0,Unica evaluacion,,,Observado,PIURA,TALARA,LOS ORGANOS
-81.14405,-4.21654,EA1946,Órganos,CNPC - Corporación Nacional de Petróleos de China S.A.,Etapa II - HAZCO,Sin afectación,0.0,Unica evaluacion,,2023.0,Supervisado,PIURA,TALARA,LOS ORGANOS
-81.14405,-4.21654,EA9678,Órganos,CNPC - Corporación Nacional de Petróleos de China S.A.,Etapa II - HAZCO,No concluyeron,0.0,Unica evaluacion,,2023.0,Por definir,PIURA,TALARA,LOS ORGANOS
-81.1374,-4.20865,EA1964,Órganos,CNPC - Corporación Nacional de Petróleos de China S.A.,Etapa II - HAZCO,Sin afectación,0.0,Unica evaluacion,,2023.0,Supervisado,PIURA,TALARA,LOS ORGANOS
-81.14422,-4.22031,EA1966,Órganos,CNPC - Corporación Nacional de Petróleos de China S.A.,Etapa II - HAZCO,Sin afectación,0.0,Unica evaluacion,,2023.0,Supervisado,PIURA,TALARA,LOS ORGANOS
-81.14016,-4.20476,EA2042,Órganos,CNPC - Corporación Nacional de Petróleos de China S.A.,Etapa II - HAZCO,Con afectación,25.0,Unica evaluacion,1,2022.0,Supervisado,PIURA,TALARA,LOS ORGANOS
-81.14016,-4.20476,MC 04,Órganos,CNPC - Corporación Nacional de Petróleos de China S.A.,Etapa II - HAZCO,Con afectación,25.0,Unica evaluacion,1,2022.0,Por definir,PIURA,TALARA,LOS ORGANOS
-81.13508,-4.20163,EA2073,Órganos,CNPC - Corporación Nacional de Petróleos de China S.A.,Etapa II - HAZCO,No supervisada,0.0,Unica evaluacion,,2025.0,Observado,PIURA,TALARA,LOS ORGANOS
-81.14142,-4.22188,EA2453,Órganos,CNPC - Corporación Nacional de Petróleos de China S.A.,Etapa II - HAZCO,Sin afectación,0.0,Unica evaluacion,,2022.0,Supervisado,PIURA,TALARA,LOS ORGANOS
-81.13794,-4.21367,EA2456,Órganos,CNPC - Corporación Nacional de Petróleos de China S.A.,Etapa II - HAZCO,En ejecución,0.0,Unica evaluacion,,,Planificado,PIURA,TALARA,LOS ORGANOS
-81.14301,-4.20027,EA2469,Órganos,CNPC - Corporación Nacional de Petróleos de China S.A.,Etapa II - HAZCO,No supervisada,0.0,Unica evaluacion,,,Observado,PIURA,TALARA,LOS ORGANOS
-81.14263,-4.21947,EA2491,Órganos,CNPC - Corporación Nacional de Petróleos de China S.A.,Etapa II - HAZCO,Sin afectación,0.0,Unica evaluacion,,2023.0,Supervisado,PIURA,TALARA,LOS ORGANOS
-81.14055,-4.2085,EA2517,Órganos,CNPC - Corporación Nacional de Petróleos de China S.A.,Etapa II - HAZCO,No supervisada,0.0,Unica evaluacion,,,Observado,PIURA,TALARA,LOS ORGANOS
-81.139,-4.22042,EA2529,Órganos,CNPC - Corporación Nacional de Petróleos de China S.A.,Etapa II - HAZCO,Sin afectación,0.0,Unica evaluacion,,2022.0,Supervisado,PIURA,TALARA,LOS ORGANOS
-81.14008,-4.20878,EA5758,Órganos,CNPC - Corporación Nacional de Petróleos de China S.A.,Etapa II - HAZCO,Sin afectación,0.0,Unica evaluacion,,2022.0,Supervisado,PIURA,TALARA,LOS ORGANOS
-81.13153,-4.23459,EA5784,Órganos,CNPC - Corporación Nacional de Petróleos de China S.A.,Etapa II - HAZCO,Sin afectación,0.0,Unica evaluacion,,2025.0,Supervisado,PIURA,TALARA,EL ALTO
-81.13746,-4.21344,EA5842,Órganos,CNPC - Corporación Nacional de Petróleos de China S.A.,Etapa II - HAZCO,Sin afectación,0.0,Unica evaluacion,,2023.0,Supervisado,PIURA,TALARA,LOS ORGANOS
-81.13899,-4.23193,EA6151,Órganos,CNPC - Corporación Nacional de Petróleos de China S.A.,Etapa II - HAZCO,Sin afectación,0.0,Unica evaluacion,,2025.0,Supervisado,PIURA,TALARA,EL ALTO
-81.13643,-4.22642,EA7078,Órganos,CNPC - Corporación Nacional de Petróleos de China S.A.,Etapa II - HAZCO,Sin afectación,0.0,Unica evaluacion,,2022.0,Supervisado,PIURA,TALARA,LOS ORGANOS
-81.12635,-4.21978,EA7079,Órganos,CNPC - Corporación Nacional de Petróleos de China S.A.,Etapa II - HAZCO,Sin afectación,0.0,Unica evaluacion,,2022.0,Supervisado,PIURA,TALARA,LOS ORGANOS
-81.1341,-4.22983,EA7159,Órganos,CNPC - Corporación Nacional de Petróleos de China S.A.,Etapa II - HAZCO,Sin afectación,0.0,Unica evaluacion,,2025.0,Supervisado,PIURA,TALARA,EL ALTO
-81.14414,-4.20799,EA9412,Órganos,CNPC - Corporación Nacional de Petróleos de China S.A.,Etapa II - HAZCO,Sin afectación,0.0,Unica evaluacion,,2023.0,Supervisado,PIURA,TALARA,LOS ORGANOS
-81.13514,-4.23458,EA9518,Órganos,CNPC - Corporación Nacional de Petróleos de China S.A.,Etapa II - HAZCO,Con afectación,14.0,Unica evaluacion,2,2025.0,Supervisado,PIURA,TALARA,EL ALTO
-81.14923,-4.20538,EA9603,Órganos,CNPC - Corporación Nacional de Petróleos de China S.A.,Etapa II - HAZCO,Sin afectación,0.0,Unica evaluacion,,2023.0,Supervisado,PIURA,TALARA,LOS ORGANOS
-81.13983,-4.20247,EA9604,Órganos,CNPC - Corporación Nacional de Petróleos de China S.A.,Etapa II - HAZCO,No supervisada,0.0,Unica evaluacion,,,Observado,PIURA,TALARA,LOS ORGANOS
-81.13964,-4.20579,EA9606,Órganos,CNPC - Corporación Nacional de Petróleos de China S.A.,Etapa II - HAZCO,No supervisada,0.0,Unica evaluacion,,,Observado,PIURA,TALARA,LOS ORGANOS
-81.13626,-4.20044,EA9608,Órganos,CNPC - Corporación Nacional de Petróleos de China S.A.,Etapa II - HAZCO,No supervisada,0.0,Unica evaluacion,,,Observado,PIURA,TALARA,LOS ORGANOS
-81.13768,-4.20484,EA9609,Órganos,CNPC - Corporación Nacional de Petróleos de China S.A.,Etapa II - HAZCO,En ejecución,0.0,Unica evaluacion,,,Planificado,PIURA,TALARA,LOS ORGANOS
-81.13473,-4.21014,EA9611,Órganos,CNPC - Corporación Nacional de Petróleos de China S.A.,Etapa II - HAZCO,Sin afectación,0.0,Unica evaluacion,,2022.0,Supervisado,PIURA,TALARA,LOS ORGANOS
-81.14452,-4.20478,EA9614,Órganos,CNPC - Corporación Nacional de Petróleos de China S.A.,Etapa II - HAZCO,Sin afectación,0.0,Unica evaluacion,,2023.0,Supervisado,PIURA,TALARA,LOS ORGANOS
-81.13836,-4.21764,EA9619,Órganos,CNPC - Corporación Nacional de Petróleos de China S.A.,Etapa II - HAZCO,Sin afectación,0.0,Unica evaluacion,,2023.0,Supervisado,PIURA,TALARA,LOS ORGANOS
-81.13448,-4.20424,EA9623,Órganos,CNPC - Corporación Nacional de Petróleos de China S.A.,Etapa II - HAZCO,Sin afectación,0.0,Unica evaluacion,,2023.0,Supervisado,PIURA,TALARA,LOS ORGANOS
-81.13635,-4.206,EA9624,Órganos,CNPC - Corporación Nacional de Petróleos de China S.A.,Etapa II - HAZCO,No supervisada,0.0,Unica evaluacion,,,Observado,PIURA,TALARA,LOS ORGANOS
-81.14579,-4.20307,EA9626,Órganos,CNPC - Corporación Nacional de Petróleos de China S.A.,Etapa II - HAZCO,No supervisada,0.0,Unica evaluacion,,,Observado,PIURA,TALARA,LOS ORGANOS
-81.14119,-4.20123,EA9632,Órganos,CNPC - Corporación Nacional de Petróleos de China S.A.,Etapa II - HAZCO,Sin afectación,0.0,Unica evaluacion,,2023.0,Supervisado,PIURA,TALARA,LOS ORGANOS
-81.14119,-4.20123,EA817,Órganos,CNPC - Corporación Nacional de Petróleos de China S.A.,Etapa II - HAZCO,Sin afectación,0.0,Unica evaluacion,,2023.0,Por definir,PIURA,TALARA,LOS ORGANOS
-81.14088,-4.19956,EA9637,Órganos,CNPC - Corporación Nacional de Petróleos de China S.A.,Etapa II - HAZCO,No supervisada,0.0,Unica evaluacion,,,Observado,PIURA,TALARA,LOS ORGANOS
-81.14135,-4.21287,EA9641,Órganos,CNPC - Corporación Nacional de Petróleos de China S.A.,Etapa II - HAZCO,Sin afectación,0.0,Unica evaluacion,,2022.0,Supervisado,PIURA,TALARA,LOS ORGANOS
-81.13524,-4.21852,EA9642,Órganos,CNPC - Corporación Nacional de Petróleos de China S.A.,Etapa II - HAZCO,Sin afectación,0.0,Unica evaluacion,,2022.0,Supervisado,PIURA,TALARA,LOS ORGANOS
-81.13524,-4.21852,EA1154,Órganos,CNPC - Corporación Nacional de Petróleos de China S.A.,Etapa II - HAZCO,Sin afectación,0.0,Unica evaluacion,,,Por definir,PIURA,TALARA,LOS ORGANOS
-81.13656,-4.19731,EA9643,Órganos,CNPC - Corporación Nacional de Petróleos de China S.A.,Etapa II - HAZCO,No supervisada,0.0,Unica evaluacion,,,Observado,PIURA,TALARA,LOS ORGANOS
-81.13395,-4.20275,EA9647,Órganos,CNPC - Corporación Nacional de Petróleos de China S.A.,Etapa II - HAZCO,No supervisada,0.0,Unica evaluacion,,,Observado,PIURA,TALARA,LOS ORGANOS
-81.13656,-4.19731,EA9648,Órganos,CNPC - Corporación Nacional de Petróleos de China S.A.,Etapa II - HAZCO,No supervisada,0.0,Unica evaluacion,,,Observado,PIURA,TALARA,LOS ORGANOS
-81.13958,-4.22178,EA9651,Órganos,CNPC - Corporación Nacional de Petróleos de China S.A.,Etapa II - HAZCO,Sin afectación,0.0,Unica evaluacion,,2022.0,Supervisado,PIURA,TALARA,LOS ORGANOS
-81.13958,-4.22178,EA1195,Órganos,CNPC - Corporación Nacional de Petróleos de China S.A.,Etapa II - HAZCO,Sin afectación,0.0,Unica evaluacion,,,Por definir,PIURA,TALARA,LOS ORGANOS
-81.13871,-4.20066,EA9652,Órganos,CNPC - Corporación Nacional de Petróleos de China S.A.,Etapa II - HAZCO,Sin afectación,0.0,Unica evaluacion,,2023.0,Supervisado,PIURA,TALARA,LOS ORGANOS
-81.1498,-4.2104,EA9653,Órganos,CNPC - Corporación Nacional de Petróleos de China S.A.,Etapa II - HAZCO,Sin afectación,0.0,Unica evaluacion,,2025.0,Supervisado,PIURA,TALARA,LOS ORGANOS
-81.14384,-4.20401,EA9657,Órganos,CNPC - Corporación Nacional de Petróleos de China S.A.,Etapa II - HAZCO,No supervisada,0.0,Unica evaluacion,,,Observado,PIURA,TALARA,LOS ORGANOS
-81.144,-4.20139,EA9659,Órganos,CNPC - Corporación Nacional de Petróleos de China S.A.,Etapa II - HAZCO,No supervisada,0.0,Unica evaluacion,,,Observado,PIURA,TALARA,LOS ORGANOS
-81.13992,-4.20253,EA9661,Órganos,CNPC - Corporación Nacional de Petróleos de China S.A.,Etapa II - HAZCO,Sin afectación,0.0,Unica evaluacion,,2023.0,Supervisado,PIURA,TALARA,LOS ORGANOS
-81.1339,-4.19995,EA9662,Órganos,CNPC - Corporación Nacional de Petróleos de China S.A.,Etapa II - HAZCO,No supervisada,0.0,Unica evaluacion,,,Observado,PIURA,TALARA,LOS ORGANOS
-81.13891,-4.20049,EA9663,Órganos,CNPC - Corporación Nacional de Petróleos de China S.A.,Etapa II - HAZCO,No supervisada,0.0,Unica evaluacion,,,Observado,PIURA,TALARA,LOS ORGANOS
-81.13704,-4.20778,EA9664,Órganos,CNPC - Corporación Nacional de Petróleos de China S.A.,Etapa II - HAZCO,Sin afectación,0.0,Unica evaluacion,,2023.0,Supervisado,PIURA,TALARA,LOS ORGANOS
-81.15157,-4.21108,EA9676,Órganos,CNPC - Corporación Nacional de Petróleos de China S.A.,Etapa II - HAZCO,Sin afectación,0.0,Unica evaluacion,,2023.0,Supervisado,PIURA,TALARA,LOS ORGANOS
-81.14602,-4.20044,EA9677,Órganos,CNPC - Corporación Nacional de Petróleos de China S.A.,Etapa II - HAZCO,No supervisada,0.0,Unica evaluacion,,,Observado,PIURA,TALARA,LOS ORGANOS
-81.1529,-4.20862,EA9737,Órganos,CNPC - Corporación Nacional de Petróleos de China S.A.,Etapa II - HAZCO,Sin afectación,0.0,Unica evaluacion,,2023.0,Supervisado,PIURA,TALARA,LOS ORGANOS
-81.13921,-4.21337,EA9777,Órganos,CNPC - Corporación Nacional de Petróleos de China S.A.,Etapa II - HAZCO,No concluyeron,0.0,Unica evaluacion,,2023.0,Por definir,PIURA,TALARA,LOS ORGANOS
-81.13921,-4.21337,EA1088,Órganos,CNPC - Corporación Nacional de Petróleos de China S.A.,Etapa II - HAZCO,Sin afectación,0.0,Unica evaluacion,,2023.0,Supervisado,PIURA,TALARA,LOS ORGANOS
-81.13321,-4.23338,EA10617,Órganos,CNPC - Corporación Nacional de Petróleos de China S.A.,Etapa II - HAZCO,No supervisada,0.0,Unica evaluacion,,,Planificado,PIURA,TALARA,EL ALTO
-81.13428,-4.21728,EA10618,Órganos,CNPC - Corporación Nacional de Petróleos de China S.A.,Etapa II - HAZCO,En ejecución,0.0,Unica evaluacion,,,Planificado,PIURA,TALARA,LOS ORGANOS
-81.14022,-4.1995,EA10619,Órganos,CNPC - Corporación Nacional de Petróleos de China S.A.,Etapa II - HAZCO,Sin afectación,0.0,Unica evaluacion,,2023.0,Supervisado,PIURA,TALARA,LOS ORGANOS
-81.15531,-4.2157,EST 974,Órganos,CNPC - Corporación Nacional de Petróleos de China S.A.,Etapa II - HAZCO,Sin afectación,0.0,Unica evaluacion,,2025.0,Supervisado,PIURA,TALARA,LOS ORGANOS
-81.14324,-4.21636,MC01-A,Órganos,CNPC - Corporación Nacional de Petróleos de China S.A.,Etapa II - HAZCO,No supervisada,0.0,Unica evaluacion,,,No supervisado,PIURA,TALARA,LOS ORGANOS
-81.14275,-4.21539,MC01-B,Órganos,CNPC - Corporación Nacional de Petróleos de China S.A.,Etapa II - HAZCO,No supervisada,0.0,Unica evaluacion,,,No supervisado,PIURA,TALARA,LOS ORGANOS
-81.14277,-4.21548,MC02,Órganos,CNPC - Corporación Nacional de Petróleos de China S.A.,Etapa II - HAZCO,Sin afectación,0.0,Unica evaluacion,,2023.0,Supervisado,PIURA,TALARA,LOS ORGANOS
-81.13913,-4.21139,MC05,Órganos,CNPC - Corporación Nacional de Petróleos de China S.A.,Etapa II - HAZCO,No supervisada,0.0,Unica evaluacion,,,No supervisado,PIURA,TALARA,LOS ORGANOS
-81.13142,-4.20844,PB5,Órganos,CNPC - Corporación Nacional de Petróleos de China S.A.,Etapa II - HAZCO,En ejecución,0.0,Unica evaluacion,,,Planificado,PIURA,TALARA,LOS ORGANOS
-81.12078,-4.19437,PB9,Órganos,CNPC - Corporación Nacional de Petróleos de China S.A.,Etapa II - HAZCO,No supervisada,0.0,Unica evaluacion,,,Planificado,PIURA,TALARA,LOS ORGANOS
-81.12078,-4.19437,PB13,Órganos,CNPC - Corporación Nacional de Petróleos de China S.A.,Etapa II - HAZCO,No supervisada,0.0,Unica evaluacion,,,Planificado,PIURA,TALARA,LOS ORGANOS
-81.13927,-4.1984,PB20,Órganos,CNPC - Corporación Nacional de Petróleos de China S.A.,Etapa II - HAZCO,Sin afectación,0.0,Unica evaluacion,,2023.0,Supervisado,PIURA,TALARA,LOS ORGANOS
-81.14244,-4.19772,PB34,Órganos,CNPC - Corporación Nacional de Petróleos de China S.A.,Etapa II - HAZCO,Sin afectación,0.0,Unica evaluacion,,2023.0,Supervisado,PIURA,TALARA,LOS ORGANOS
-81.1383,-4.19249,PB47,Órganos,CNPC - Corporación Nacional de Petróleos de China S.A.,Etapa II - HAZCO,No supervisada,0.0,Unica evaluacion,,,Observado,PIURA,TALARA,LOS ORGANOS
-81.14119,-4.19853,PB48,Órganos,CNPC - Corporación Nacional de Petróleos de China S.A.,Etapa II - HAZCO,Con afectación,25.0,Unica evaluacion,1,2023.0,Supervisado,PIURA,TALARA,LOS ORGANOS
-81.13382,-4.18698,PB59,Órganos,CNPC - Corporación Nacional de Petróleos de China S.A.,Etapa II - HAZCO,No supervisada,0.0,Unica evaluacion,,,Observado,PIURA,TALARA,LOS ORGANOS
-81.13297,-4.18138,PB67,Órganos,CNPC - Corporación Nacional de Petróleos de China S.A.,Etapa II - HAZCO,No supervisada,0.0,Unica evaluacion,,,Planificado,PIURA,TALARA,LOS ORGANOS
-81.13297,-4.18138,PB148,Órganos,CNPC - Corporación Nacional de Petróleos de China S.A.,Etapa II - HAZCO,No supervisada,0.0,Unica evaluacion,,,Planificado,PIURA,TALARA,LOS ORGANOS
-81.1443,-4.18914,PB82,Órganos,CNPC - Corporación Nacional de Petróleos de China S.A.,Etapa II - HAZCO,Con afectación,100.0,Unica evaluacion,1,2023.0,Supervisado,PIURA,TALARA,LOS ORGANOS
-81.1422,-4.1883,PB86,Órganos,CNPC - Corporación Nacional de Petróleos de China S.A.,Etapa II - HAZCO,No supervisada,0.0,Unica evaluacion,,,Observado,PIURA,TALARA,LOS ORGANOS
-81.14144,-4.19348,PB93,Órganos,CNPC - Corporación Nacional de Petróleos de China S.A.,Etapa II - HAZCO,Sin afectación,0.0,Unica evaluacion,,2023.0,Supervisado,PIURA,TALARA,LOS ORGANOS
-81.12843,-4.20517,PB104,Órganos,CNPC - Corporación Nacional de Petróleos de China S.A.,Etapa II - HAZCO,Sin afectación,0.0,Unica evaluacion,,2023.0,Supervisado,PIURA,TALARA,LOS ORGANOS
-81.13466,-4.19112,PB106,Órganos,CNPC - Corporación Nacional de Petróleos de China S.A.,Etapa II - HAZCO,No supervisada,0.0,Unica evaluacion,,,Observado,PIURA,TALARA,LOS ORGANOS
-81.13098,-4.21232,PB108,Órganos,CNPC - Corporación Nacional de Petróleos de China S.A.,Etapa II - HAZCO,Sin afectación,0.0,Unica evaluacion,,2022.0,Supervisado,PIURA,TALARA,LOS ORGANOS
-81.13293,-4.20096,PB124,Órganos,CNPC - Corporación Nacional de Petróleos de China S.A.,Etapa II - HAZCO,Sin afectación,0.0,Unica evaluacion,,2023.0,Supervisado,PIURA,TALARA,LOS ORGANOS
-81.13152,-4.19505,PB127,Órganos,CNPC - Corporación Nacional de Petróleos de China S.A.,Etapa II - HAZCO,No supervisada,0.0,Unica evaluacion,,,Observado,PIURA,TALARA,LOS ORGANOS
-81.14768,-4.19496,PB133,Órganos,CNPC - Corporación Nacional de Petróleos de China S.A.,Etapa II - HAZCO,Con afectación,100.0,Unica evaluacion,1,2023.0,Supervisado,PIURA,TALARA,LOS ORGANOS
-81.12844,-4.19322,PB135,Órganos,CNPC - Corporación Nacional de Petróleos de China S.A.,Etapa II - HAZCO,No supervisada,0.0,Unica evaluacion,,,Observado,PIURA,TALARA,LOS ORGANOS
-81.12988,-4.19924,PB138,Órganos,CNPC - Corporación Nacional de Petróleos de China S.A.,Etapa II - HAZCO,No supervisada,0.0,Unica evaluacion,,,Observado,PIURA,TALARA,LOS ORGANOS
-81.13228,-4.19925,PB139,Órganos,CNPC - Corporación Nacional de Petróleos de China S.A.,Etapa II - HAZCO,Sin afectación,0.0,Unica evaluacion,,2023.0,Supervisado,PIURA,TALARA,LOS ORGANOS
-81.12992,-4.19222,PB141,Órganos,CNPC - Corporación Nacional de Petróleos de China S.A.,Etapa II - HAZCO,No supervisada,0.0,Unica evaluacion,,,Observado,PIURA,TALARA,LOS ORGANOS
-81.13029,-4.2049,PB142,Órganos,CNPC - Corporación Nacional de Petróleos de China S.A.,Etapa II - HAZCO,Sin afectación,0.0,Unica evaluacion,,2022.0,Supervisado,PIURA,TALARA,LOS ORGANOS
-81.13497,-4.19311,PB149,Órganos,CNPC - Corporación Nacional de Petróleos de China S.A.,Etapa II - HAZCO,No supervisada,0.0,Unica evaluacion,,,Observado,PIURA,TALARA,LOS ORGANOS
-81.13497,-4.19311,PB43,Órganos,CNPC - Corporación Nacional de Petróleos de China S.A.,Etapa II - HAZCO,No supervisada,0.0,Unica evaluacion,,,Observado,PIURA,TALARA,LOS ORGANOS
-81.12895,-4.19585,PB157,Órganos,CNPC - Corporación Nacional de Petróleos de China S.A.,Etapa II - HAZCO,Sin afectación,0.0,Unica evaluacion,,2022.0,Supervisado,PIURA,TALARA,LOS ORGANOS
-81.129,-4.19432,PB163,Órganos,CNPC - Corporación Nacional de Petróleos de China S.A.,Etapa II - HAZCO,Sin afectación,0.0,Unica evaluacion,,2022.0,Supervisado,PIURA,TALARA,LOS ORGANOS
-81.12755,-4.20188,PB172,Órganos,CNPC - Corporación Nacional de Petróleos de China S.A.,Etapa II - HAZCO,Sin afectación,0.0,Unica evaluacion,,2022.0,Supervisado,PIURA,TALARA,LOS ORGANOS
-81.12512,-4.19648,PB173,Órganos,CNPC - Corporación Nacional de Petróleos de China S.A.,Etapa II - HAZCO,No supervisada,0.0,Unica evaluacion,,,Observado,PIURA,TALARA,LOS ORGANOS
-81.1246,-4.2001,PB175,Órganos,CNPC - Corporación Nacional de Petróleos de China S.A.,Etapa II - HAZCO,No supervisada,0.0,Unica evaluacion,,,Observado,PIURA,TALARA,LOS ORGANOS
-81.13016,-4.1864,PB179,Órganos,CNPC - Corporación Nacional de Petróleos de China S.A.,Etapa II - HAZCO,No supervisada,0.0,Unica evaluacion,,,Observado,PIURA,TALARA,LOS ORGANOS
-81.13027,-4.20687,PB182,Órganos,CNPC - Corporación Nacional de Petróleos de China S.A.,Etapa II - HAZCO,Sin afectación,0.0,Unica evaluacion,,2022.0,Supervisado,PIURA,TALARA,LOS ORGANOS
-81.13284,-4.20378,PB183,Órganos,CNPC - Corporación Nacional de Petróleos de China S.A.,Etapa II - HAZCO,Sin afectación,0.0,Unica evaluacion,,,Por definir,PIURA,TALARA,LOS ORGANOS
-81.13284,-4.20378,PB279,Órganos,CNPC - Corporación Nacional de Petróleos de China S.A.,Etapa II - HAZCO,Sin afectación,0.0,Unica evaluacion,,2022.0,Supervisado,PIURA,TALARA,LOS ORGANOS
-81.12534,-4.19505,PB186,Órganos,CNPC - Corporación Nacional de Petróleos de China S.A.,Etapa II - HAZCO,No supervisada,0.0,Unica evaluacion,,,Observado,PIURA,TALARA,LOS ORGANOS
-81.12738,-4.19661,PB188,Órganos,CNPC - Corporación Nacional de Petróleos de China S.A.,Etapa II - HAZCO,Con afectación,100.0,Unica evaluacion,1,2022.0,Supervisado,PIURA,TALARA,LOS ORGANOS
-81.12998,-4.20764,PB191,Órganos,CNPC - Corporación Nacional de Petróleos de China S.A.,Etapa II - HAZCO,No supervisada,0.0,Unica evaluacion,,,Observado,PIURA,TALARA,LOS ORGANOS
-81.13323,-4.21367,PB201,Órganos,CNPC - Corporación Nacional de Petróleos de China S.A.,Etapa II - HAZCO,Sin afectación,0.0,Unica evaluacion,,2022.0,Supervisado,PIURA,TALARA,LOS ORGANOS
-81.13323,-4.21367,MC06,Órganos,CNPC - Corporación Nacional de Petróleos de China S.A.,Etapa II - HAZCO,Sin afectación,0.0,Unica evaluacion,,,Por definir,PIURA,TALARA,LOS ORGANOS
-81.12239,-4.20927,PB202,Órganos,CNPC - Corporación Nacional de Petróleos de China S.A.,Etapa II - HAZCO,No supervisada,0.0,Unica evaluacion,,,Planificado,PIURA,TALARA,LOS ORGANOS
-81.1315,-4.21358,PB203,Órganos,CNPC - Corporación Nacional de Petróleos de China S.A.,Etapa II - HAZCO,Con afectación,100.0,Unica evaluacion,1,2022.0,Supervisado,PIURA,TALARA,LOS ORGANOS
-81.12653,-4.21287,PB204,Órganos,CNPC - Corporación Nacional de Petróleos de China S.A.,Etapa II - HAZCO,Sin afectación,0.0,Unica evaluacion,,2022.0,Supervisado,PIURA,TALARA,LOS ORGANOS
-81.12778,-4.20736,PB205,Órganos,CNPC - Corporación Nacional de Petróleos de China S.A.,Etapa II - HAZCO,Sin afectación,0.0,Unica evaluacion,,2022.0,Supervisado,PIURA,TALARA,LOS ORGANOS
-81.1303,-4.21195,PB207,Órganos,CNPC - Corporación Nacional de Petróleos de China S.A.,Etapa II - HAZCO,No supervisada,0.0,Unica evaluacion,,,Observado,PIURA,TALARA,LOS ORGANOS
-81.13261,-4.21716,PB211,Órganos,CNPC - Corporación Nacional de Petróleos de China S.A.,Etapa II - HAZCO,Sin afectación,0.0,Unica evaluacion,,2022.0,Supervisado,PIURA,TALARA,LOS ORGANOS
-81.11939,-4.2025,PB212,Órganos,CNPC - Corporación Nacional de Petróleos de China S.A.,Etapa II - HAZCO,No supervisada,0.0,Unica evaluacion,,,Planificado,PIURA,TALARA,LOS ORGANOS
-81.12404,-4.20717,PB213,Órganos,CNPC - Corporación Nacional de Petróleos de China S.A.,Etapa II - HAZCO,No supervisada,0.0,Unica evaluacion,,,Planificado,PIURA,TALARA,LOS ORGANOS
-81.12404,-4.20717,PB19,Órganos,CNPC - Corporación Nacional de Petróleos de China S.A.,Etapa II - HAZCO,No supervisada,0.0,Unica evaluacion,,,Observado,PIURA,TALARA,LOS ORGANOS
-81.12404,-4.20717,PB22,Órganos,CNPC - Corporación Nacional de Petróleos de China S.A.,Etapa II - HAZCO,No supervisada,0.0,Unica evaluacion,,,Observado,PIURA,TALARA,LOS ORGANOS
-81.11854,-4.20775,PB215,Órganos,CNPC - Corporación Nacional de Petróleos de China S.A.,Etapa II - HAZCO,Sin afectación,0.0,Unica evaluacion,,2022.0,Supervisado,PIURA,TALARA,LOS ORGANOS
-81.12146,-4.21014,PB217,Órganos,CNPC - Corporación Nacional de Petróleos de China S.A.,Etapa II - HAZCO,Sin afectación,0.0,Unica evaluacion,,2022.0,Supervisado,PIURA,TALARA,LOS ORGANOS
-81.12628,-4.20662,PB218,Órganos,CNPC - Corporación Nacional de Petróleos de China S.A.,Etapa II - HAZCO,Sin afectación,0.0,Unica evaluacion,,2022.0,Supervisado,PIURA,TALARA,LOS ORGANOS
-81.12314,-4.20855,PB219,Órganos,CNPC - Corporación Nacional de Petróleos de China S.A.,Etapa II - HAZCO,Con afectación,200.0,Unica evaluacion,2,2022.0,Supervisado,PIURA,TALARA,LOS ORGANOS
-81.12629,-4.19513,PB224,Órganos,CNPC - Corporación Nacional de Petróleos de China S.A.,Etapa II - HAZCO,Sin afectación,0.0,Unica evaluacion,,2022.0,Supervisado,PIURA,TALARA,LOS ORGANOS
-81.14192,-4.1988,PB227,Órganos,CNPC - Corporación Nacional de Petróleos de China S.A.,Etapa II - HAZCO,Sin afectación,0.0,Unica evaluacion,,2022.0,Supervisado,PIURA,TALARA,LOS ORGANOS
-81.14219,-4.19398,PB228,Órganos,CNPC - Corporación Nacional de Petróleos de China S.A.,Etapa II - HAZCO,Sin afectación,0.0,Unica evaluacion,,2022.0,Supervisado,PIURA,TALARA,LOS ORGANOS
-81.13574,-4.19836,PB230,Órganos,CNPC - Corporación Nacional de Petróleos de China S.A.,Etapa II - HAZCO,Con afectación,100.0,Unica evaluacion,1,2023.0,Supervisado,PIURA,TALARA,LOS ORGANOS
-81.13898,-4.19853,PB234,Órganos,CNPC - Corporación Nacional de Petróleos de China S.A.,Etapa II - HAZCO,Sin afectación,0.0,Unica evaluacion,,2022.0,Supervisado,PIURA,TALARA,LOS ORGANOS
-81.12814,-4.21202,PB239,Órganos,CNPC - Corporación Nacional de Petróleos de China S.A.,Etapa II - HAZCO,Sin afectación,0.0,Unica evaluacion,,2022.0,Supervisado,PIURA,TALARA,LOS ORGANOS
-81.12338,-4.21083,PB240,Órganos,CNPC - Corporación Nacional de Petróleos de China S.A.,Etapa II - HAZCO,Con afectación,100.0,Unica evaluacion,1,2022.0,Supervisado,PIURA,TALARA,LOS ORGANOS
-81.12338,-4.21083,PB269,Órganos,CNPC - Corporación Nacional de Petróleos de China S.A.,Etapa II - HAZCO,Con afectación,100.0,Unica evaluacion,1,,Por definir,PIURA,TALARA,LOS ORGANOS
-81.11562,-4.2026,PB241,Órganos,CNPC - Corporación Nacional de Petróleos de China S.A.,Etapa II - HAZCO,No supervisada,0.0,Unica evaluacion,,,Planificado,PIURA,TALARA,LOS ORGANOS
-81.12481,-4.20938,PB243,Órganos,CNPC - Corporación Nacional de Petróleos de China S.A.,Etapa II - HAZCO,Sin afectación,0.0,Unica evaluacion,,2022.0,Supervisado,PIURA,TALARA,LOS ORGANOS
-81.12095,-4.20331,PB244,Órganos,CNPC - Corporación Nacional de Petróleos de China S.A.,Etapa II - HAZCO,No supervisada,0.0,Unica evaluacion,,,Planificado,PIURA,TALARA,LOS ORGANOS
-81.1266,-4.20907,PB246,Órganos,CNPC - Corporación Nacional de Petróleos de China S.A.,Etapa II - HAZCO,Sin afectación,0.0,Unica evaluacion,,2022.0,Supervisado,PIURA,TALARA,LOS ORGANOS
-81.1266,-4.20907,PB277,Órganos,CNPC - Corporación Nacional de Petróleos de China S.A.,Etapa II - HAZCO,Sin afectación,0.0,Unica evaluacion,,,Por definir,PIURA,TALARA,LOS ORGANOS
-81.1302,-4.20833,PB247,Órganos,CNPC - Corporación Nacional de Petróleos de China S.A.,Etapa II - HAZCO,No supervisada,0.0,Unica evaluacion,,,Planificado,PIURA,TALARA,LOS ORGANOS
-81.12263,-4.20205,PB248,Órganos,CNPC - Corporación Nacional de Petróleos de China S.A.,Etapa II - HAZCO,En ejecución,0.0,Unica evaluacion,,,Planificado,PIURA,TALARA,LOS ORGANOS
-81.1277,-4.2144,PB249,Órganos,CNPC - Corporación Nacional de Petróleos de China S.A.,Etapa II - HAZCO,Sin afectación,0.0,Unica evaluacion,,2022.0,Supervisado,PIURA,TALARA,LOS ORGANOS
-81.1296,-4.21323,PB250,Órganos,CNPC - Corporación Nacional de Petróleos de China S.A.,Etapa II - HAZCO,Sin afectación,0.0,Unica evaluacion,,2022.0,Supervisado,PIURA,TALARA,LOS ORGANOS
-81.11937,-4.20427,PB253,Órganos,CNPC - Corporación Nacional de Petróleos de China S.A.,Etapa II - HAZCO,No supervisada,0.0,Unica evaluacion,,,Planificado,PIURA,TALARA,LOS ORGANOS
-81.11767,-4.20174,PB254,Órganos,CNPC - Corporación Nacional de Petróleos de China S.A.,Etapa II - HAZCO,No supervisada,0.0,Unica evaluacion,,,Observado,PIURA,TALARA,LOS ORGANOS
-81.14482,-4.19532,PB255,Órganos,CNPC - Corporación Nacional de Petróleos de China S.A.,Etapa II - HAZCO,Sin afectación,0.0,Unica evaluacion,,2023.0,Supervisado,PIURA,TALARA,LOS ORGANOS
-81.12963,-4.21026,PB256,Órganos,CNPC - Corporación Nacional de Petróleos de China S.A.,Etapa II - HAZCO,Con afectación,185.0,Unica evaluacion,2,2022.0,Supervisado,PIURA,TALARA,LOS ORGANOS
-81.12672,-4.20429,PB257,Órganos,CNPC - Corporación Nacional de Petróleos de China S.A.,Etapa II - HAZCO,Sin afectación,0.0,Unica evaluacion,,2022.0,Supervisado,PIURA,TALARA,LOS ORGANOS
-81.14715,-4.1924,PB258,Órganos,CNPC - Corporación Nacional de Petróleos de China S.A.,Etapa II - HAZCO,Sin afectación,0.0,Unica evaluacion,,2022.0,Supervisado,PIURA,TALARA,LOS ORGANOS
-81.14349,-4.19812,PB259,Órganos,CNPC - Corporación Nacional de Petróleos de China S.A.,Etapa II - HAZCO,Sin afectación,0.0,Unica evaluacion,,2022.0,Supervisado,PIURA,TALARA,LOS ORGANOS
-81.12198,-4.2024,PB260,Órganos,CNPC - Corporación Nacional de Petróleos de China S.A.,Etapa II - HAZCO,Sin afectación,0.0,Unica evaluacion,,2023.0,Supervisado,PIURA,TALARA,LOS ORGANOS
-81.14644,-4.19609,PB261,Órganos,CNPC - Corporación Nacional de Petróleos de China S.A.,Etapa II - HAZCO,Sin afectación,0.0,Unica evaluacion,,2022.0,Supervisado,PIURA,TALARA,LOS ORGANOS
-81.14492,-4.19716,PB262,Órganos,CNPC - Corporación Nacional de Petróleos de China S.A.,Etapa II - HAZCO,Sin afectación,0.0,Unica evaluacion,,2022.0,Supervisado,PIURA,TALARA,LOS ORGANOS
-81.14219,-4.19647,PB263,Órganos,CNPC - Corporación Nacional de Petróleos de China S.A.,Etapa II - HAZCO,Con afectación,118.11,Unica evaluacion,2,2022.0,Supervisado,PIURA,TALARA,LOS ORGANOS
-81.14219,-4.19647,PB35,Órganos,CNPC - Corporación Nacional de Petróleos de China S.A.,Etapa II - HAZCO,Con afectación,118.11,Unica evaluacion,2,,Por definir,PIURA,TALARA,LOS ORGANOS
-81.13248,-4.21196,PB265,Órganos,CNPC - Corporación Nacional de Petróleos de China S.A.,Etapa II - HAZCO,Sin afectación,0.0,Unica evaluacion,,2022.0,Supervisado,PIURA,TALARA,LOS ORGANOS
-81.1343,-4.21646,PB267,Órganos,CNPC - Corporación Nacional de Petróleos de China S.A.,Etapa II - HAZCO,Sin afectación,0.0,Unica evaluacion,,2022.0,Supervisado,PIURA,TALARA,LOS ORGANOS
-81.13084,-4.2182,PB268,Órganos,CNPC - Corporación Nacional de Petróleos de China S.A.,Etapa II - HAZCO,Con afectación,92.3,Unica evaluacion,1,2022.0,Supervisado,PIURA,TALARA,LOS ORGANOS
-81.12645,-4.21599,PB271,Órganos,CNPC - Corporación Nacional de Petróleos de China S.A.,Etapa II - HAZCO,Sin afectación,0.0,Unica evaluacion,,2022.0,Supervisado,PIURA,TALARA,LOS ORGANOS
-81.12977,-4.20652,PB272,Órganos,CNPC - Corporación Nacional de Petróleos de China S.A.,Etapa II - HAZCO,Con afectación,100.0,Unica evaluacion,1,2022.0,Supervisado,PIURA,TALARA,LOS ORGANOS
-81.12602,-4.19687,PB275,Órganos,CNPC - Corporación Nacional de Petróleos de China S.A.,Etapa II - HAZCO,Sin afectación,0.0,Unica evaluacion,,2022.0,Supervisado,PIURA,TALARA,LOS ORGANOS
-81.12995,-4.21457,PB280,Órganos,CNPC - Corporación Nacional de Petróleos de China S.A.,Etapa II - HAZCO,Sin afectación,0.0,Unica evaluacion,,2022.0,Supervisado,PIURA,TALARA,LOS ORGANOS
-81.12519,-4.19352,PB281,Órganos,CNPC - Corporación Nacional de Petróleos de China S.A.,Etapa II - HAZCO,No supervisada,0.0,Unica evaluacion,,,Observado,PIURA,TALARA,LOS ORGANOS
-81.12297,-4.21728,PB282,Órganos,CNPC - Corporación Nacional de Petróleos de China S.A.,Etapa II - HAZCO,Sin afectación,0.0,Unica evaluacion,,2022.0,Supervisado,PIURA,TALARA,LOS ORGANOS
-81.12953,-4.20209,PB286,Órganos,CNPC - Corporación Nacional de Petróleos de China S.A.,Etapa II - HAZCO,Sin afectación,0.0,Unica evaluacion,,2023.0,Supervisado,PIURA,TALARA,LOS ORGANOS
-81.12203,-4.19156,PB287,Órganos,CNPC - Corporación Nacional de Petróleos de China S.A.,Etapa II - HAZCO,Sin afectación,0.0,Unica evaluacion,,2022.0,Supervisado,PIURA,TALARA,LOS ORGANOS
-81.12733,-4.21939,PB288,Órganos,CNPC - Corporación Nacional de Petróleos de China S.A.,Etapa II - HAZCO,Sin afectación,0.0,Unica evaluacion,,2022.0,Supervisado,PIURA,TALARA,LOS ORGANOS
-81.12567,-4.19292,PB291,Órganos,CNPC - Corporación Nacional de Petróleos de China S.A.,Etapa II - HAZCO,Sin afectación,0.0,Unica evaluacion,,2022.0,Supervisado,PIURA,TALARA,LOS ORGANOS
-81.12713,-4.21238,PB292,Órganos,CNPC - Corporación Nacional de Petróleos de China S.A.,Etapa II - HAZCO,Sin afectación,0.0,Unica evaluacion,,2022.0,Supervisado,PIURA,TALARA,LOS ORGANOS
-81.12038,-4.1951,PB294,Órganos,CNPC - Corporación Nacional de Petróleos de China S.A.,Etapa II - HAZCO,En ejecución,0.0,Unica evaluacion,,,Planificado,PIURA,TALARA,LOS ORGANOS
-81.13694,-4.19372,PB9723,Órganos,CNPC - Corporación Nacional de Petróleos de China S.A.,Etapa II - HAZCO,Sin afectación,0.0,Unica evaluacion,,2023.0,Supervisado,PIURA,TALARA,LOS ORGANOS
-81.13686,-4.19605,PB9731,Órganos,CNPC - Corporación Nacional de Petróleos de China S.A.,Etapa II - HAZCO,Sin afectación,0.0,Unica evaluacion,,2023.0,Supervisado,PIURA,TALARA,LOS ORGANOS
-81.12962,-4.19288,PB9741,Órganos,CNPC - Corporación Nacional de Petróleos de China S.A.,Etapa II - HAZCO,En ejecución,0.0,Unica evaluacion,,,Planificado,PIURA,TALARA,LOS ORGANOS
-81.13849,-4.18976,PB9743,Órganos,CNPC - Corporación Nacional de Petróleos de China S.A.,Etapa II - HAZCO,Sin afectación,0.0,Unica evaluacion,,2023.0,Supervisado,PIURA,TALARA,LOS ORGANOS
-81.13688,-4.18617,PB9744,Órganos,CNPC - Corporación Nacional de Petróleos de China S.A.,Etapa II - HAZCO,Sin afectación,0.0,Unica evaluacion,,2022.0,Supervisado,PIURA,TALARA,LOS ORGANOS
-81.13798,-4.1942,PB10148,Órganos,CNPC - Corporación Nacional de Petróleos de China S.A.,Etapa II - HAZCO,Sin afectación,0.0,Unica evaluacion,,2022.0,Supervisado,PIURA,TALARA,LOS ORGANOS
-81.13553,-4.19232,PB10151,Órganos,CNPC - Corporación Nacional de Petróleos de China S.A.,Etapa II - HAZCO,Sin afectación,0.0,Unica evaluacion,,2022.0,Supervisado,PIURA,TALARA,LOS ORGANOS
-81.14372,-4.1938,PB10154,Órganos,CNPC - Corporación Nacional de Petróleos de China S.A.,Etapa II - HAZCO,Sin afectación,0.0,Unica evaluacion,,2023.0,Supervisado,PIURA,TALARA,LOS ORGANOS
-81.1382,-4.19232,PB10624,Órganos,CNPC - Corporación Nacional de Petróleos de China S.A.,Etapa II - HAZCO,Sin afectación,0.0,Unica evaluacion,,2023.0,Supervisado,PIURA,TALARA,LOS ORGANOS
-81.13552,-4.19604,PB10146,Órganos,CNPC - Corporación Nacional de Petróleos de China S.A.,Etapa II - HAZCO,En ejecución,0.0,Unica evaluacion,,,Planificado,PIURA,TALARA,LOS ORGANOS
-81.13552,-4.19604,PB23,Órganos,CNPC - Corporación Nacional de Petróleos de China S.A.,Etapa II - HAZCO,No supervisada,0.0,Unica evaluacion,,,Observado,PIURA,TALARA,LOS ORGANOS
-81.10921,-4.20108,EA1208,Órganos,CNPC - Corporación Nacional de Petróleos de China S.A.,Etapa II - HAZCO,No supervisada,0.0,Unica evaluacion,,,Observado,PIURA,TALARA,LOS ORGANOS
-81.11692,-4.21102,EA1806,Órganos,CNPC - Corporación Nacional de Petróleos de China S.A.,Etapa II - HAZCO,Sin afectación,0.0,Unica evaluacion,,2022.0,Supervisado,PIURA,TALARA,LOS ORGANOS
-81.1184,-4.21491,EA1861,Órganos,CNPC - Corporación Nacional de Petróleos de China S.A.,Etapa II - HAZCO,Sin afectación,0.0,Unica evaluacion,,2022.0,Supervisado,PIURA,TALARA,LOS ORGANOS
-81.11153,-4.20164,EA1872,Órganos,CNPC - Corporación Nacional de Petróleos de China S.A.,Etapa II - HAZCO,Sin afectación,0.0,Unica evaluacion,,2022.0,Supervisado,PIURA,TALARA,LOS ORGANOS
-81.11153,-4.20164,EX BATERIA OR 13,Órganos,CNPC - Corporación Nacional de Petróleos de China S.A.,Etapa II - HAZCO,No supervisada,0.0,Unica evaluacion,,,No supervisado,PIURA,TALARA,LOS ORGANOS
-81.12929,-4.21765,EA1882,Órganos,CNPC - Corporación Nacional de Petróleos de China S.A.,Etapa II - HAZCO,En ejecución,0.0,Unica evaluacion,,,Planificado,PIURA,TALARA,LOS ORGANOS
-81.11536,-4.20802,EA1901,Órganos,CNPC - Corporación Nacional de Petróleos de China S.A.,Etapa II - HAZCO,Sin afectación,0.0,Unica evaluacion,,2023.0,Supervisado,PIURA,TALARA,LOS ORGANOS
-81.10795,-4.1963,EA2054,Órganos,CNPC - Corporación Nacional de Petróleos de China S.A.,Etapa II - HAZCO,En ejecución,0.0,Unica evaluacion,,,Planificado,PIURA,TALARA,LOS ORGANOS
-81.10452,-4.20862,EA2242,Órganos,CNPC - Corporación Nacional de Petróleos de China S.A.,Etapa II - HAZCO,Sin afectación,0.0,Unica evaluacion,,2022.0,Supervisado,PIURA,TALARA,LOS ORGANOS
-81.11409,-4.19616,EA2274,Órganos,CNPC - Corporación Nacional de Petróleos de China S.A.,Etapa II - HAZCO,En ejecución,0.0,Unica evaluacion,,,Planificado,PIURA,TALARA,LOS ORGANOS
-81.10057,-4.19917,EA2362,Órganos,CNPC - Corporación Nacional de Petróleos de China S.A.,Etapa II - HAZCO,No supervisada,0.0,Unica evaluacion,,,Observado,PIURA,TALARA,LOS ORGANOS
-81.10311,-4.20889,EA2526,Órganos,CNPC - Corporación Nacional de Petróleos de China S.A.,Etapa II - HAZCO,No supervisada,0.0,Unica evaluacion,,,Observado,PIURA,TALARA,LOS ORGANOS
-81.1111,-4.19808,EA7046,Órganos,CNPC - Corporación Nacional de Petróleos de China S.A.,Etapa II - HAZCO,En ejecución,0.0,Unica evaluacion,,,Planificado,PIURA,TALARA,LOS ORGANOS
-81.10442,-4.20292,EA7089,Órganos,CNPC - Corporación Nacional de Petróleos de China S.A.,Etapa II - HAZCO,En ejecución,0.0,Unica evaluacion,,,Planificado,PIURA,TALARA,LOS ORGANOS
-81.10959,-4.20866,EA7158,Órganos,CNPC - Corporación Nacional de Petróleos de China S.A.,Etapa II - HAZCO,Sin afectación,0.0,Unica evaluacion,,2023.0,Supervisado,PIURA,TALARA,LOS ORGANOS
-81.1138,-4.21435,EA9784,Órganos,CNPC - Corporación Nacional de Petróleos de China S.A.,Etapa II - HAZCO,No supervisada,0.0,Unica evaluacion,,,Observado,PIURA,TALARA,LOS ORGANOS
-81.12056,-4.21262,PB206,Órganos,CNPC - Corporación Nacional de Petróleos de China S.A.,Etapa II - HAZCO,No supervisada,0.0,Unica evaluacion,,,Planificado,PIURA,TALARA,LOS ORGANOS
-81.12361,-4.1907,PB226,Órganos,CNPC - Corporación Nacional de Petróleos de China S.A.,Etapa II - HAZCO,Sin afectación,0.0,Unica evaluacion,,2022.0,Supervisado,PIURA,TALARA,LOS ORGANOS
-81.12211,-4.20259,PB273,Órganos,CNPC - Corporación Nacional de Petróleos de China S.A.,Etapa II - HAZCO,En ejecución,0.0,Unica evaluacion,,,Planificado,PIURA,TALARA,LOS ORGANOS
-81.11835,-4.20598,PB276,Órganos,CNPC - Corporación Nacional de Petróleos de China S.A.,Etapa II - HAZCO,Sin afectación,0.0,Unica evaluacion,,2023.0,Supervisado,PIURA,TALARA,LOS ORGANOS
-81.11754,-4.19437,PB289,Órganos,CNPC - Corporación Nacional de Petróleos de China S.A.,Etapa II - HAZCO,En ejecución,0.0,Unica evaluacion,,,Planificado,PIURA,TALARA,LOS ORGANOS
-81.12062,-4.20063,PB293,Órganos,CNPC - Corporación Nacional de Petróleos de China S.A.,Etapa II - HAZCO,Con afectación,100.0,Unica evaluacion,1,2023.0,Supervisado,PIURA,TALARA,LOS ORGANOS
-81.1196,-4.2097,PB266,Órganos,CNPC - Corporación Nacional de Petróleos de China S.A.,Etapa II - HAZCO,No concluyeron,0.0,Unica evaluacion,,2023.0,Por definir,PIURA,TALARA,LOS ORGANOS
-81.1196,-4.2097,PB242,Órganos,CNPC - Corporación Nacional de Petróleos de China S.A.,Etapa II - HAZCO,Sin afectación,0.0,Unica evaluacion,,2023.0,Supervisado,PIURA,TALARA,LOS ORGANOS
-81.17006,-4.2263,EA1137,Órganos,CNPC - Corporación Nacional de Petróleos de China S.A.,Etapa II - HAZCO,No supervisada,0.0,Unica evaluacion,,,Observado,PIURA,TALARA,LOS ORGANOS
-81.16605,-4.22099,EA1138,Órganos,CNPC - Corporación Nacional de Petróleos de China S.A.,Etapa II - HAZCO,Sin afectación,0.0,Unica evaluacion,,2022.0,Supervisado,PIURA,TALARA,LOS ORGANOS
-81.1747,-4.21635,EA1201,Órganos,CNPC - Corporación Nacional de Petróleos de China S.A.,Etapa II - HAZCO,Sin afectación,0.0,Unica evaluacion,,2022.0,Supervisado,PIURA,TALARA,LOS ORGANOS
-81.16897,-4.21496,EA1701-MAYO,Órganos,CNPC - Corporación Nacional de Petróleos de China S.A.,Etapa II - HAZCO,No supervisada,0.0,Unica evaluacion,,,Observado,PIURA,TALARA,LOS ORGANOS
-81.17142,-4.21818,EA1703,Órganos,CNPC - Corporación Nacional de Petróleos de China S.A.,Etapa II - HAZCO,Con afectación,7.0,Unica evaluacion,1,2025.0,Supervisado,PIURA,TALARA,LOS ORGANOS
-81.18778,-4.22353,EA1935,Órganos,CNPC - Corporación Nacional de Petróleos de China S.A.,Etapa II - HAZCO,Sin afectación,0.0,Unica evaluacion,,2022.0,Supervisado,PIURA,TALARA,LOS ORGANOS
-81.17783,-4.22173,EA2479,Órganos,CNPC - Corporación Nacional de Petróleos de China S.A.,Etapa II - HAZCO,Con afectación,200.0,Unica evaluacion,2,2022.0,Supervisado,PIURA,TALARA,LOS ORGANOS
-81.18002,-4.22334,EA2498,Órganos,CNPC - Corporación Nacional de Petróleos de China S.A.,Etapa II - HAZCO,Sin afectación,0.0,Unica evaluacion,,2022.0,Supervisado,PIURA,TALARA,LOS ORGANOS
-81.17576,-4.21999,EA2499,Órganos,CNPC - Corporación Nacional de Petróleos de China S.A.,Etapa II - HAZCO,Con afectación,90.0,Unica evaluacion,1,2022.0,Supervisado,PIURA,TALARA,LOS ORGANOS
-81.17576,-4.21999,BAT OR14,Órganos,CNPC - Corporación Nacional de Petróleos de China S.A.,Etapa II - HAZCO,Con afectación,90.0,Unica evaluacion,1,2022.0,Por definir,PIURA,TALARA,LOS ORGANOS
-81.17731,-4.22425,EA2518,Órganos,CNPC - Corporación Nacional de Petróleos de China S.A.,Etapa II - HAZCO,Sin afectación,0.0,Unica evaluacion,,2022.0,Supervisado,PIURA,TALARA,LOS ORGANOS
-81.17806,-4.21869,EA2522,Órganos,CNPC - Corporación Nacional de Petróleos de China S.A.,Etapa II - HAZCO,Sin afectación,0.0,Unica evaluacion,,2022.0,Supervisado,PIURA,TALARA,LOS ORGANOS
-81.17874,-4.2263,EA5618,Órganos,CNPC - Corporación Nacional de Petróleos de China S.A.,Etapa II - HAZCO,Sin afectación,0.0,Unica evaluacion,,2023.0,Supervisado,PIURA,TALARA,LOS ORGANOS
-81.17479,-4.21756,EA5637,Órganos,CNPC - Corporación Nacional de Petróleos de China S.A.,Etapa II - HAZCO,Sin afectación,0.0,Unica evaluacion,,2022.0,Supervisado,PIURA,TALARA,LOS ORGANOS
-81.17479,-4.21756,EA5682,Órganos,CNPC - Corporación Nacional de Petróleos de China S.A.,Etapa II - HAZCO,Sin afectación,0.0,Unica evaluacion,,2022.0,Por definir,PIURA,TALARA,LOS ORGANOS
-81.17961,-4.22874,EA5661,Órganos,CNPC - Corporación Nacional de Petróleos de China S.A.,Etapa II - HAZCO,Sin afectación,0.0,Unica evaluacion,,2023.0,Supervisado,PIURA,TALARA,EL ALTO
-81.17339,-4.22736,EA5683,Órganos,CNPC - Corporación Nacional de Petróleos de China S.A.,Etapa II - HAZCO,Con afectación,100.0,Unica evaluacion,1,2023.0,Supervisado,PIURA,TALARA,EL ALTO
-81.17432,-4.22454,EA5753,Órganos,CNPC - Corporación Nacional de Petróleos de China S.A.,Etapa II - HAZCO,No supervisada,0.0,Unica evaluacion,,,Observado,PIURA,TALARA,LOS ORGANOS
-81.18102,-4.22701,EA5762,Órganos,CNPC - Corporación Nacional de Petróleos de China S.A.,Etapa II - HAZCO,Sin afectación,0.0,Unica evaluacion,,2023.0,Supervisado,PIURA,TALARA,LOS ORGANOS
-81.17482,-4.22923,EA5763,Órganos,CNPC - Corporación Nacional de Petróleos de China S.A.,Etapa II - HAZCO,Sin afectación,0.0,Unica evaluacion,,2023.0,Supervisado,PIURA,TALARA,EL ALTO
-81.18504,-4.22081,EA5792,Órganos,CNPC - Corporación Nacional de Petróleos de China S.A.,Etapa II - HAZCO,Sin afectación,0.0,Unica evaluacion,,2022.0,Supervisado,PIURA,TALARA,LOS ORGANOS
-81.1721,-4.22547,EA5796,Órganos,CNPC - Corporación Nacional de Petróleos de China S.A.,Etapa II - HAZCO,Sin afectación,0.0,Unica evaluacion,,2023.0,Supervisado,PIURA,TALARA,LOS ORGANOS
-81.18343,-4.22808,EA5806,Órganos,CNPC - Corporación Nacional de Petróleos de China S.A.,Etapa II - HAZCO,Sin afectación,0.0,Unica evaluacion,,2023.0,Supervisado,PIURA,TALARA,EL ALTO
-81.18216,-4.22466,EA5807,Órganos,CNPC - Corporación Nacional de Petróleos de China S.A.,Etapa II - HAZCO,Sin afectación,0.0,Unica evaluacion,,2022.0,Supervisado,PIURA,TALARA,LOS ORGANOS
-81.17984,-4.22777,EA5821,Órganos,CNPC - Corporación Nacional de Petróleos de China S.A.,Etapa II - HAZCO,Sin afectación,0.0,Unica evaluacion,,2025.0,Supervisado,PIURA,TALARA,EL ALTO
-81.17156,-4.2229,EA5827,Órganos,CNPC - Corporación Nacional de Petróleos de China S.A.,Etapa II - HAZCO,Sin afectación,0.0,Unica evaluacion,,2023.0,Supervisado,PIURA,TALARA,LOS ORGANOS
-81.18276,-4.22145,EA5868,Órganos,CNPC - Corporación Nacional de Petróleos de China S.A.,Etapa II - HAZCO,Con afectación,7.0,Unica evaluacion,1,2025.0,Supervisado,PIURA,TALARA,LOS ORGANOS
-81.17149,-4.22018,EA5874,Órganos,CNPC - Corporación Nacional de Petróleos de China S.A.,Etapa II - HAZCO,Sin afectación,0.0,Unica evaluacion,,2025.0,Supervisado,PIURA,TALARA,LOS ORGANOS
-81.17135,-4.22025,EA5876,Órganos,CNPC - Corporación Nacional de Petróleos de China S.A.,Etapa II - HAZCO,Sin afectación,0.0,Unica evaluacion,,2022.0,Supervisado,PIURA,TALARA,LOS ORGANOS
-81.18331,-4.22377,EA5914,Órganos,CNPC - Corporación Nacional de Petróleos de China S.A.,Etapa II - HAZCO,Sin afectación,0.0,Unica evaluacion,,2025.0,Supervisado,PIURA,TALARA,LOS ORGANOS
-81.16889,-4.22139,EA5916,Órganos,CNPC - Corporación Nacional de Petróleos de China S.A.,Etapa II - HAZCO,Con afectación,187.59,Unica evaluacion,2,2023.0,Supervisado,PIURA,TALARA,LOS ORGANOS
-81.08696,-4.23346,EA5704,Laguna,CNPC - Corporación Nacional de Petróleos de China S.A.,Etapa I - COSAPI,Con afectación,23.59,1ra Evaluacion,1,2023.0,Supervisado,PIURA,TALARA,EL ALTO
-81.08463,-4.23812,EA7027,Laguna,CNPC - Corporación Nacional de Petróleos de China S.A.,Etapa I - COSAPI,Con afectación,37.52,1ra Evaluacion,1,2023.0,Supervisado,PIURA,TALARA,EL ALTO
-81.09465,-4.2498,EA7037,Laguna,CNPC - Corporación Nacional de Petróleos de China S.A.,Etapa I - COSAPI,Sin afectación,0.0,1ra Evaluacion,,2024.0,Supervisado,PIURA,TALARA,EL ALTO
-81.07906,-4.23926,EA7018,Laguna,CNPC - Corporación Nacional de Petróleos de China S.A.,Etapa I - COSAPI,No supervisada,0.0,1ra Evaluacion,,,Verificado,PIURA,TALARA,EL ALTO
-81.09875,-4.24722,EA7026,Laguna,CNPC - Corporación Nacional de Petróleos de China S.A.,Etapa I - COSAPI,Sin afectación,0.0,1ra Evaluacion,,2023.0,Supervisado,PIURA,TALARA,EL ALTO
-81.09552,-4.24583,EA6223,Laguna,CNPC - Corporación Nacional de Petróleos de China S.A.,Etapa I - COSAPI,Con afectación,134.26,1ra Evaluacion,1,2023.0,Supervisado,PIURA,TALARA,EL ALTO
-81.10465,-4.23762,EA7074,Laguna,CNPC - Corporación Nacional de Petróleos de China S.A.,Etapa I - COSAPI,No supervisada,0.0,1ra Evaluacion,,,Observado,PIURA,TALARA,EL ALTO
-81.09925,-4.24236,EA5881,Laguna,CNPC - Corporación Nacional de Petróleos de China S.A.,Etapa I - COSAPI,Con afectación,44.4,1ra Evaluacion,1,2023.0,Supervisado,PIURA,TALARA,EL ALTO
-81.10158,-4.2429,EA7086,Laguna,CNPC - Corporación Nacional de Petróleos de China S.A.,Etapa I - COSAPI,No supervisada,0.0,1ra Evaluacion,,,Observado,PIURA,TALARA,EL ALTO
-81.1024,-4.24055,EA7014,Laguna,CNPC - Corporación Nacional de Petróleos de China S.A.,Etapa I - COSAPI,Sin afectación,0.0,1ra Evaluacion,,2023.0,Supervisado,PIURA,TALARA,EL ALTO
-81.10137,-4.24977,EA7036,Laguna,CNPC - Corporación Nacional de Petróleos de China S.A.,Etapa I - COSAPI,Sin afectación,0.0,1ra Evaluacion,,2024.0,Supervisado,PIURA,TALARA,EL ALTO
-81.09922,-4.25525,EA7053,Laguna,CNPC - Corporación Nacional de Petróleos de China S.A.,Etapa I - COSAPI,Con afectación,107.95,1ra Evaluacion,1,2024.0,Supervisado,PIURA,TALARA,EL ALTO
-81.10211,-4.2574,EA7067,Laguna,CNPC - Corporación Nacional de Petróleos de China S.A.,Etapa I - COSAPI,Sin afectación,0.0,1ra Evaluacion,,2024.0,Supervisado,PIURA,TALARA,EL ALTO
-81.09673,-4.25782,EA7062,Laguna,CNPC - Corporación Nacional de Petróleos de China S.A.,Etapa I - COSAPI,Sin afectación,0.0,1ra Evaluacion,,2024.0,Supervisado,PIURA,TALARA,EL ALTO
-81.10525,-4.24296,EA7146,Laguna,CNPC - Corporación Nacional de Petróleos de China S.A.,Etapa I - COSAPI,No supervisada,0.0,1ra Evaluacion,,,Observado,PIURA,TALARA,EL ALTO
-81.10388,-4.25236,EA7051,Laguna,CNPC - Corporación Nacional de Petróleos de China S.A.,Etapa I - COSAPI,Con afectación,635.82,1ra Evaluacion,3,2024.0,Supervisado,PIURA,TALARA,EL ALTO
-81.10212,-4.24472,EA6029,Laguna,CNPC - Corporación Nacional de Petróleos de China S.A.,Etapa I - COSAPI,No supervisada,0.0,1ra Evaluacion,,,Observado,PIURA,TALARA,EL ALTO
-81.14126,-4.28374,EA10036,Zapotal,CNPC - Corporación Nacional de Petróleos de China S.A.,Etapa I - COSAPI,Sin afectación,0.0,1ra Evaluacion,,2025.0,Supervisado,PIURA,TALARA,EL ALTO
-81.14171,-4.28283,EA9722,Zapotal,CNPC - Corporación Nacional de Petróleos de China S.A.,Etapa I - COSAPI,No supervisada,0.0,1ra Evaluacion,,,Verificado,PIURA,TALARA,EL ALTO
-81.14662,-4.2797,EA1056,Zapotal,CNPC - Corporación Nacional de Petróleos de China S.A.,Etapa I - COSAPI,No supervisada,0.0,1ra Evaluacion,,,Observado,PIURA,TALARA,EL ALTO
-81.1434,-4.2869,EA2338,Zapotal,CNPC - Corporación Nacional de Petróleos de China S.A.,Etapa I - COSAPI,Con afectación,7.39,1ra Evaluacion,1,2023.0,Supervisado,PIURA,TALARA,EL ALTO
-81.14569,-4.28098,EA9547,Zapotal,CNPC - Corporación Nacional de Petróleos de China S.A.,Etapa I - COSAPI,Sin afectación,0.0,1ra Evaluacion,,2023.0,Supervisado,PIURA,TALARA,EL ALTO
-81.14364,-4.28269,EA9302,Zapotal,CNPC - Corporación Nacional de Petróleos de China S.A.,Etapa I - COSAPI,Con afectación,3.0,1ra Evaluacion,1,2025.0,Supervisado,PIURA,TALARA,EL ALTO
-81.13745,-4.29596,EA7148,Zapotal,CNPC - Corporación Nacional de Petróleos de China S.A.,Etapa I - COSAPI,Con afectación,12.0,1ra Evaluacion,3,2025.0,Supervisado,PIURA,TALARA,EL ALTO
-81.13435,-4.29587,EA7149,Zapotal,CNPC - Corporación Nacional de Petróleos de China S.A.,Etapa I - COSAPI,Sin afectación,0.0,1ra Evaluacion,,2025.0,Supervisado,PIURA,TALARA,EL ALTO
-81.14237,-4.28452,EA5954,Zapotal,CNPC - Corporación Nacional de Petróleos de China S.A.,Etapa I - COSAPI,No supervisada,0.0,,,,Observado,PIURA,TALARA,EL ALTO
-81.14378,-4.28456,EA9536,Zapotal,CNPC - Corporación Nacional de Petróleos de China S.A.,Etapa I - COSAPI,Sin afectación,0.0,1ra Evaluacion,,2025.0,Supervisado,PIURA,TALARA,EL ALTO
-81.14253,-4.28006,EA9959,Zapotal,CNPC - Corporación Nacional de Petróleos de China S.A.,Etapa I - COSAPI,Sin afectación,0.0,1ra Evaluacion,,2023.0,Supervisado,PIURA,TALARA,EL ALTO
-81.14009,-4.28134,EA9581,Zapotal,CNPC - Corporación Nacional de Petróleos de China S.A.,Etapa I - COSAPI,Sin afectación,0.0,1ra Evaluacion,,2023.0,Supervisado,PIURA,TALARA,EL ALTO
-81.14414,-4.28069,EA9579,Zapotal,CNPC - Corporación Nacional de Petróleos de China S.A.,Etapa I - COSAPI,No supervisada,0.0,1ra Evaluacion,,,Observado,PIURA,TALARA,EL ALTO
-81.14187,-4.28108,EA1076,Zapotal,CNPC - Corporación Nacional de Petróleos de China S.A.,Etapa I - COSAPI,No supervisada,0.0,1ra Evaluacion,,,Observado,PIURA,TALARA,EL ALTO
-81.10675,-4.24583,EA1233,Laguna,CNPC - Corporación Nacional de Petróleos de China S.A.,Etapa I - COSAPI,Sin afectación,0.0,1ra Evaluacion,,2022.0,Supervisado,PIURA,TALARA,EL ALTO
-81.1399,-4.28299,EA5957,Zapotal,CNPC - Corporación Nacional de Petróleos de China S.A.,Etapa I - COSAPI,Sin afectación,0.0,1ra Evaluacion,,2025.0,Supervisado,PIURA,TALARA,EL ALTO
-81.10676,-4.24801,EA7199,Laguna,CNPC - Corporación Nacional de Petróleos de China S.A.,Etapa I - COSAPI,No supervisada,0.0,1ra Evaluacion,,,Observado,PIURA,TALARA,EL ALTO
-81.13847,-4.28403,EA9582,Zapotal,CNPC - Corporación Nacional de Petróleos de China S.A.,Etapa I - COSAPI,Sin afectación,0.0,1ra Evaluacion,,2025.0,Supervisado,PIURA,TALARA,EL ALTO
-81.10481,-4.25976,EA7066,Laguna,CNPC - Corporación Nacional de Petróleos de China S.A.,Etapa I - COSAPI,Sin afectación,0.0,1ra Evaluacion,,2024.0,Supervisado,PIURA,TALARA,EL ALTO
-81.14017,-4.28433,EA9534,Zapotal,CNPC - Corporación Nacional de Petróleos de China S.A.,Etapa I - COSAPI,Sin afectación,0.0,1ra Evaluacion,,2025.0,Supervisado,PIURA,TALARA,EL ALTO
-81.10393,-4.24595,EA7193,Laguna,CNPC - Corporación Nacional de Petróleos de China S.A.,Etapa I - COSAPI,Sin afectación,0.0,1ra Evaluacion,,2023.0,Supervisado,PIURA,TALARA,EL ALTO
-81.11141,-4.2536,EA7194,Laguna,CNPC - Corporación Nacional de Petróleos de China S.A.,Etapa I - COSAPI,Sin afectación,0.0,1ra Evaluacion,,2025.0,Supervisado,PIURA,TALARA,EL ALTO
-81.1412,-4.28717,EA9558,Zapotal,CNPC - Corporación Nacional de Petróleos de China S.A.,Etapa I - COSAPI,Sin afectación,0.0,1ra Evaluacion,,2025.0,Supervisado,PIURA,TALARA,EL ALTO
-81.14025,-4.28898,EA9827,Zapotal,CNPC - Corporación Nacional de Petróleos de China S.A.,Etapa I - COSAPI,Sin afectación,0.0,1ra Evaluacion,,2025.0,Supervisado,PIURA,TALARA,EL ALTO
-81.11017,-4.25943,EA7099,Laguna,CNPC - Corporación Nacional de Petróleos de China S.A.,Etapa I - COSAPI,Sin afectación,0.0,1ra Evaluacion,,2024.0,Supervisado,PIURA,TALARA,EL ALTO
-81.10536,-4.25557,EA7077,Laguna,CNPC - Corporación Nacional de Petróleos de China S.A.,Etapa I - COSAPI,Sin afectación,0.0,1ra Evaluacion,,2024.0,Supervisado,PIURA,TALARA,EL ALTO
-81.10876,-4.25646,EA7068,Laguna,CNPC - Corporación Nacional de Petróleos de China S.A.,Etapa I - COSAPI,Con afectación,75.64,1ra Evaluacion,1,2024.0,Supervisado,PIURA,TALARA,EL ALTO
-81.1393,-4.25674,EA10304,Somatito,CNPC - Corporación Nacional de Petróleos de China S.A.,Etapa I - COSAPI,No supervisada,0.0,1ra Evaluacion,,,Verificado,PIURA,TALARA,EL ALTO
-81.12237,-4.25437,EA7506,Somatito,CNPC - Corporación Nacional de Petróleos de China S.A.,Etapa I - COSAPI,Sin afectación,0.0,1ra Evaluacion,,2023.0,Supervisado,PIURA,TALARA,EL ALTO
-81.12271,-4.25192,EA7126,Somatito,CNPC - Corporación Nacional de Petróleos de China S.A.,Etapa I - COSAPI,No supervisada,0.0,1ra Evaluacion,,2023.0,Observado,PIURA,TALARA,EL ALTO
-81.12,-4.25187,EA7504,Somatito,CNPC - Corporación Nacional de Petróleos de China S.A.,Etapa I - COSAPI,Sin afectación,0.0,1ra Evaluacion,,2023.0,Supervisado,PIURA,TALARA,EL ALTO
-81.20527,-4.39525,PQA-AA9202,Carrizo,CNPC - Corporación Nacional de Petróleos de China S.A.,Etapa I - COSAPI,No supervisada,0.0,,,,No supervisado,PIURA,TALARA,LOBITOS
-81.20551,-4.39678,PQA-AA9149,Carrizo,CNPC - Corporación Nacional de Petróleos de China S.A.,Etapa I - COSAPI,No supervisada,0.0,,,,No supervisado,PIURA,TALARA,LOBITOS
-81.20256,-4.38787,PQA-AA1797,Carrizo,CNPC - Corporación Nacional de Petróleos de China S.A.,Etapa I - COSAPI,No supervisada,0.0,,,,No supervisado,PIURA,TALARA,LOBITOS
-81.20098,-4.39382,CMP-GAS-CA23,Carrizo,CNPC - Corporación Nacional de Petróleos de China S.A.,Etapa I - COSAPI,Sin afectación,0.0,1ra Evaluacion,,2023.0,Supervisado,PIURA,TALARA,LOBITOS
-81.11375,-4.25285,EA1110,Laguna,CNPC - Corporación Nacional de Petróleos de China S.A.,Etapa I - COSAPI,Sin afectación,0.0,1ra Evaluacion,,2025.0,Supervisado,PIURA,TALARA,EL ALTO
-81.13784,-4.29137,EA9549,Zapotal,CNPC - Corporación Nacional de Petróleos de China S.A.,Etapa I - COSAPI,Con afectación,4.0,1ra Evaluacion,1,2025.0,Supervisado,PIURA,TALARA,EL ALTO
-81.17307,-4.39696,PQA-AA9124,Carrizo,CNPC - Corporación Nacional de Petróleos de China S.A.,Etapa I - COSAPI,No supervisada,0.0,,,,No supervisado,PIURA,TALARA,LOBITOS
-81.13922,-4.2905,EA1188,Zapotal,CNPC - Corporación Nacional de Petróleos de China S.A.,Etapa I - COSAPI,Sin afectación,0.0,1ra Evaluacion,,2025.0,Supervisado,PIURA,TALARA,EL ALTO
-81.15477,-4.29143,AA1575,Central,CNPC - Corporación Nacional de Petróleos de China S.A.,Etapa I - COSAPI,Con afectación,71.61,1ra Evaluacion,1,2022.0,Supervisado,PIURA,TALARA,EL ALTO
-81.16771,-4.29331,EA5892,Central,CNPC - Corporación Nacional de Petróleos de China S.A.,Etapa I - COSAPI,Sin afectación,0.0,1ra Evaluacion,,2024.0,Supervisado,PIURA,TALARA,EL ALTO
-81.14353,-4.24673,PQA-EA9521,Somatito,CNPC - Corporación Nacional de Petróleos de China S.A.,Etapa I - COSAPI,Sin afectación,0.0,1ra Evaluacion,,2025.0,Supervisado,PIURA,TALARA,EL ALTO
-81.15359,-4.3041,AA120,Merina,CNPC - Corporación Nacional de Petróleos de China S.A.,Etapa I - COSAPI,No supervisada,0.0,1ra Evaluacion,,,Observado,PIURA,TALARA,EL ALTO
-81.17016,-4.29364,EA6678,Central,CNPC - Corporación Nacional de Petróleos de China S.A.,Etapa I - COSAPI,Con afectación,61.95,1ra Evaluacion,1,2024.0,Supervisado,PIURA,TALARA,EL ALTO
-81.14132,-4.32438,PQA-AA7864,La Tuna,CNPC - Corporación Nacional de Petróleos de China S.A.,Etapa I - COSAPI,Con afectación,51.73,1ra Evaluacion,1,2024.0,Supervisado,PIURA,TALARA,EL ALTO
-81.16059,-4.2937,PQA-AA1091,Central,CNPC - Corporación Nacional de Petróleos de China S.A.,Etapa I - COSAPI,No supervisada,0.0,,,,Observado,PIURA,TALARA,EL ALTO
-81.12537,-4.25717,EA7529,Somatito,CNPC - Corporación Nacional de Petróleos de China S.A.,Etapa I - COSAPI,Sin afectación,0.0,1ra Evaluacion,,2023.0,Supervisado,PIURA,TALARA,EL ALTO
-81.14305,-4.32751,AA11,La Tuna,CNPC - Corporación Nacional de Petróleos de China S.A.,Etapa I - COSAPI,Sin afectación,0.0,1ra Evaluacion,,2024.0,Supervisado,PIURA,TALARA,EL ALTO
-81.12966,-4.30791,PQA-AA2079,Merina,CNPC - Corporación Nacional de Petróleos de China S.A.,Etapa I - COSAPI,Sin afectación,0.0,1ra Evaluacion,,2024.0,Supervisado,PIURA,TALARA,EL ALTO
-81.21562,-4.38696,PQA-AA9347,Carrizo,CNPC - Corporación Nacional de Petróleos de China S.A.,Etapa I - COSAPI,No supervisada,0.0,,,,No supervisado,PIURA,TALARA,LOBITOS
-81.21427,-4.3901,MNF-MC3H-605,Carrizo,CNPC - Corporación Nacional de Petróleos de China S.A.,Etapa I - COSAPI,No supervisada,0.0,1ra Evaluacion,,,No supervisado,PIURA,TALARA,LOBITOS
-81.14255,-4.28807,EA9527,Zapotal,CNPC - Corporación Nacional de Petróleos de China S.A.,Etapa I - COSAPI,Sin afectación,0.0,1ra Evaluacion,,2025.0,Supervisado,PIURA,TALARA,EL ALTO
-81.12427,-4.25553,EA7518,Somatito,CNPC - Corporación Nacional de Petróleos de China S.A.,Etapa I - COSAPI,Sin afectación,0.0,1ra Evaluacion,,2023.0,Supervisado,PIURA,TALARA,EL ALTO
-81.12624,-4.25341,EA7523,Somatito,CNPC - Corporación Nacional de Petróleos de China S.A.,Etapa I - COSAPI,Sin afectación,0.0,1ra Evaluacion,,2023.0,Supervisado,PIURA,TALARA,EL ALTO
-81.11605,-4.25205,EA7527,Somatito,CNPC - Corporación Nacional de Petróleos de China S.A.,Etapa I - COSAPI,Sin afectación,0.0,1ra Evaluacion,,2022.0,Supervisado,PIURA,TALARA,EL ALTO
-81.21184,-4.38203,PQA-AA1912,Carrizo,CNPC - Corporación Nacional de Petróleos de China S.A.,Etapa I - COSAPI,No supervisada,0.0,1ra Evaluacion,,,No supervisado,PIURA,TALARA,LOBITOS
-81.21601,-4.39426,PQA-AA5953,Carrizo,CNPC - Corporación Nacional de Petróleos de China S.A.,Etapa I - COSAPI,No supervisada,0.0,1ra Evaluacion,,,No supervisado,PIURA,TALARA,LOBITOS
-81.14129,-4.29266,EA7521,Zapotal,CNPC - Corporación Nacional de Petróleos de China S.A.,Etapa I - COSAPI,Con afectación,4.0,1ra Evaluacion,1,2025.0,Supervisado,PIURA,TALARA,EL ALTO
-81.14255,-4.29038,EA2356,Zapotal,CNPC - Corporación Nacional de Petróleos de China S.A.,Etapa I - COSAPI,En ejecución,0.0,1ra Evaluacion,,,Planificado,PIURA,TALARA,EL ALTO
-81.13082,-4.25807,EA7151,Somatito,CNPC - Corporación Nacional de Petróleos de China S.A.,Etapa I - COSAPI,Sin afectación,0.0,1ra Evaluacion,,2025.0,Supervisado,PIURA,TALARA,EL ALTO
-81.14462,-4.28634,EA9712,Zapotal,CNPC - Corporación Nacional de Petróleos de China S.A.,Etapa I - COSAPI,Sin afectación,0.0,1ra Evaluacion,,2025.0,Supervisado,PIURA,TALARA,EL ALTO
-81.14525,-4.28453,EA1185,Zapotal,CNPC - Corporación Nacional de Petróleos de China S.A.,Etapa I - COSAPI,Sin afectación,0.0,1ra Evaluacion,,2025.0,Supervisado,PIURA,TALARA,EL ALTO
-81.13253,-4.25591,EA7127,Somatito,CNPC - Corporación Nacional de Petróleos de China S.A.,Etapa I - COSAPI,Sin afectación,0.0,1ra Evaluacion,,2025.0,Supervisado,PIURA,TALARA,EL ALTO
-81.12849,-4.2557,EA7133,Somatito,CNPC - Corporación Nacional de Petróleos de China S.A.,Etapa I - COSAPI,Sin afectación,0.0,1ra Evaluacion,,2023.0,Supervisado,PIURA,TALARA,EL ALTO
-81.14988,-4.28145,EA9874,Zapotal,CNPC - Corporación Nacional de Petróleos de China S.A.,Etapa I - COSAPI,Sin afectación,0.0,1ra Evaluacion,,2024.0,Supervisado,PIURA,TALARA,EL ALTO
-81.13116,-4.2536,EA7162,Somatito,CNPC - Corporación Nacional de Petróleos de China S.A.,Etapa I - COSAPI,Sin afectación,0.0,1ra Evaluacion,,2025.0,Supervisado,PIURA,TALARA,EL ALTO
-81.14956,-4.28139,EA9849,Zapotal,CNPC - Corporación Nacional de Petróleos de China S.A.,Etapa I - COSAPI,No supervisada,0.0,1ra Evaluacion,,,Verificado,PIURA,TALARA,EL ALTO
-81.14672,-4.28407,EA9573,Zapotal,CNPC - Corporación Nacional de Petróleos de China S.A.,Etapa I - COSAPI,Sin afectación,0.0,1ra Evaluacion,,2025.0,Supervisado,PIURA,TALARA,EL ALTO
-81.14742,-4.28248,EA1951,Zapotal,CNPC - Corporación Nacional de Petróleos de China S.A.,Etapa I - COSAPI,Sin afectación,0.0,1ra Evaluacion,,2025.0,Supervisado,PIURA,TALARA,EL ALTO
-81.14075,-4.28672,MNF-MC05-ZA01,Zapotal,CNPC - Corporación Nacional de Petróleos de China S.A.,Etapa I - COSAPI,Con afectación,6.0,1ra Evaluacion,2,2025.0,Supervisado,PIURA,TALARA,EL ALTO
-81.15402,-4.28528,EA9416,Central,CNPC - Corporación Nacional de Petróleos de China S.A.,Etapa I - COSAPI,Sin afectación,0.0,1ra Evaluacion,,2024.0,Supervisado,PIURA,TALARA,EL ALTO
-81.1508,-4.28607,EA1301A,Central,CNPC - Corporación Nacional de Petróleos de China S.A.,Etapa I - COSAPI,No supervisada,0.0,1ra Evaluacion,,,Verificado,PIURA,TALARA,EL ALTO
-81.14866,-4.28786,EA1062,Zapotal,CNPC - Corporación Nacional de Petróleos de China S.A.,Etapa I - COSAPI,Sin afectación,0.0,1ra Evaluacion,,2024.0,Supervisado,PIURA,TALARA,EL ALTO
-81.15392,-4.28361,EA9539,Central,CNPC - Corporación Nacional de Petróleos de China S.A.,Etapa I - COSAPI,No supervisada,0.0,1ra Evaluacion,,,Verificado,PIURA,TALARA,EL ALTO
-81.1463,-4.286,EA9548,Zapotal,CNPC - Corporación Nacional de Petróleos de China S.A.,Etapa I - COSAPI,Sin afectación,0.0,1ra Evaluacion,,2025.0,Supervisado,PIURA,TALARA,EL ALTO
-81.15133,-4.28242,EA9836,Central,CNPC - Corporación Nacional de Petróleos de China S.A.,Etapa I - COSAPI,Sin afectación,0.0,1ra Evaluacion,,2024.0,Supervisado,PIURA,TALARA,EL ALTO
-81.14948,-4.28477,EA9846,Zapotal,CNPC - Corporación Nacional de Petróleos de China S.A.,Etapa I - COSAPI,Sin afectación,0.0,1ra Evaluacion,,2024.0,Supervisado,PIURA,TALARA,EL ALTO
-81.15297,-4.28231,EA9007,Central,CNPC - Corporación Nacional de Petróleos de China S.A.,Etapa I - COSAPI,Sin afectación,0.0,1ra Evaluacion,,2024.0,Supervisado,PIURA,TALARA,EL ALTO
-81.15001,-4.28317,EA1184,Zapotal,CNPC - Corporación Nacional de Petróleos de China S.A.,Etapa I - COSAPI,Con afectación,52.06,1ra Evaluacion,1,2024.0,Supervisado,PIURA,TALARA,EL ALTO
-81.15466,-4.28191,EA1054,Central,CNPC - Corporación Nacional de Petróleos de China S.A.,Etapa I - COSAPI,Con afectación,72.35,1ra Evaluacion,1,2024.0,Supervisado,PIURA,TALARA,EL ALTO
-81.15324,-4.28629,EA1183A,Central,CNPC - Corporación Nacional de Petróleos de China S.A.,Etapa I - COSAPI,Sin afectación,0.0,1ra Evaluacion,,2024.0,Supervisado,PIURA,TALARA,EL ALTO
-81.15449,-4.2815,EA10223,Central,CNPC - Corporación Nacional de Petróleos de China S.A.,Etapa I - COSAPI,No supervisada,0.0,1ra Evaluacion,,,Verificado,PIURA,TALARA,EL ALTO
-81.15588,-4.28112,EA9317,Central,CNPC - Corporación Nacional de Petróleos de China S.A.,Etapa I - COSAPI,Sin afectación,0.0,1ra Evaluacion,,2024.0,Supervisado,PIURA,TALARA,EL ALTO
-81.12068,-4.24343,EA10303,Somatito,CNPC - Corporación Nacional de Petróleos de China S.A.,Etapa I - COSAPI,Con afectación,10.52,1ra Evaluacion,1,2023.0,Supervisado,PIURA,TALARA,EL ALTO
-81.15574,-4.27866,EA9526,Central,CNPC - Corporación Nacional de Petróleos de China S.A.,Etapa I - COSAPI,Sin afectación,0.0,1ra Evaluacion,,2024.0,Supervisado,PIURA,TALARA,EL ALTO
-81.15454,-4.2792,EA9697,Central,CNPC - Corporación Nacional de Petróleos de China S.A.,Etapa I - COSAPI,Con afectación,29.89,1ra Evaluacion,1,2024.0,Supervisado,PIURA,TALARA,EL ALTO
-81.1542,-4.27735,EA9538,Central,CNPC - Corporación Nacional de Petróleos de China S.A.,Etapa I - COSAPI,Sin afectación,0.0,1ra Evaluacion,,2024.0,Supervisado,PIURA,TALARA,EL ALTO
-81.15464,-4.27941,EA5699,Central,CNPC - Corporación Nacional de Petróleos de China S.A.,Etapa I - COSAPI,Sin afectación,0.0,1ra Evaluacion,,2024.0,Supervisado,PIURA,TALARA,EL ALTO
-81.14583,-4.28745,EA9838,Zapotal,CNPC - Corporación Nacional de Petróleos de China S.A.,Etapa I - COSAPI,Sin afectación,0.0,1ra Evaluacion,,2025.0,Supervisado,PIURA,TALARA,EL ALTO
-81.12628,-4.25539,EA7526,Somatito,CNPC - Corporación Nacional de Petróleos de China S.A.,Etapa I - COSAPI,Sin afectación,0.0,1ra Evaluacion,,2023.0,Supervisado,PIURA,TALARA,EL ALTO
-81.15757,-4.28289,EA1531,Central,CNPC - Corporación Nacional de Petróleos de China S.A.,Etapa I - COSAPI,Con afectación,30.71,1ra Evaluacion,1,2024.0,Supervisado,PIURA,TALARA,EL ALTO
-81.15595,-4.27727,EA1053,Central,CNPC - Corporación Nacional de Petróleos de China S.A.,Etapa I - COSAPI,Sin afectación,0.0,1ra Evaluacion,,2024.0,Supervisado,PIURA,TALARA,EL ALTO
-81.15594,-4.28361,MNF-MC7H-ZA01,Central,CNPC - Corporación Nacional de Petróleos de China S.A.,Etapa I - COSAPI,No supervisada,0.0,1ra Evaluacion,,,Verificado,PIURA,TALARA,EL ALTO
-81.16028,-4.28343,EA9057,Central,CNPC - Corporación Nacional de Petróleos de China S.A.,Etapa I - COSAPI,Sin afectación,0.0,1ra Evaluacion,,2024.0,Supervisado,PIURA,TALARA,EL ALTO
-81.15878,-4.28384,EA9847,Central,CNPC - Corporación Nacional de Petróleos de China S.A.,Etapa I - COSAPI,Sin afectación,0.0,1ra Evaluacion,,2024.0,Supervisado,PIURA,TALARA,EL ALTO
-81.15141,-4.28089,EA9193,Central,CNPC - Corporación Nacional de Petróleos de China S.A.,Etapa I - COSAPI,Sin afectación,0.0,1ra Evaluacion,,2024.0,Supervisado,PIURA,TALARA,EL ALTO
-81.15133,-4.28093,EA2298,Central,CNPC - Corporación Nacional de Petróleos de China S.A.,Etapa I - COSAPI,Con afectación,269.2,1ra Evaluacion,1,2024.0,Supervisado,PIURA,TALARA,EL ALTO
-81.15289,-4.28029,EA9537,Central,CNPC - Corporación Nacional de Petróleos de China S.A.,Etapa I - COSAPI,Sin afectación,0.0,1ra Evaluacion,,2024.0,Supervisado,PIURA,TALARA,EL ALTO
-81.15133,-4.27836,EA526,Central,CNPC - Corporación Nacional de Petróleos de China S.A.,Etapa I - COSAPI,Sin afectación,0.0,1ra Evaluacion,,2024.0,Supervisado,PIURA,TALARA,EL ALTO
-81.11961,-4.2439,EA7011,Somatito,CNPC - Corporación Nacional de Petróleos de China S.A.,Etapa I - COSAPI,Sin afectación,0.0,2da Evaluacion,,2023.0,Supervisado,PIURA,TALARA,EL ALTO
-81.15152,-4.27842,EA10221A,Central,CNPC - Corporación Nacional de Petróleos de China S.A.,Etapa I - COSAPI,Sin afectación,0.0,1ra Evaluacion,,2024.0,Supervisado,PIURA,TALARA,EL ALTO
-81.1527,-4.26289,EA9797,Central,CNPC - Corporación Nacional de Petróleos de China S.A.,Etapa I - COSAPI,Sin afectación,0.0,1ra Evaluacion,,2025.0,Supervisado,PIURA,TALARA,EL ALTO
-81.15182,-4.26189,MNF-MC9H-ZA01,Central,CNPC - Corporación Nacional de Petróleos de China S.A.,Etapa I - COSAPI,Con afectación,12.0,1ra Evaluacion,4,2025.0,Supervisado,PIURA,TALARA,EL ALTO
-81.15332,-4.2595,EA9409,Ballena,CNPC - Corporación Nacional de Petróleos de China S.A.,Etapa I - COSAPI,Con afectación,3.0,1ra Evaluacion,1,2025.0,Supervisado,PIURA,TALARA,EL ALTO
-81.15108,-4.26329,EA2299,Central,CNPC - Corporación Nacional de Petróleos de China S.A.,Etapa I - COSAPI,Sin afectación,0.0,1ra Evaluacion,,2025.0,Supervisado,PIURA,TALARA,EL ALTO
-81.15025,-4.27955,EA9541,Central,CNPC - Corporación Nacional de Petróleos de China S.A.,Etapa I - COSAPI,Sin afectación,0.0,1ra Evaluacion,,2024.0,Supervisado,PIURA,TALARA,EL ALTO
-81.15279,-4.26149,EA2293,Central,CNPC - Corporación Nacional de Petróleos de China S.A.,Etapa I - COSAPI,Sin afectación,0.0,1ra Evaluacion,,2025.0,Supervisado,PIURA,TALARA,EL ALTO
-81.15003,-4.2781,MNF-MC02-ZA01,Central,CNPC - Corporación Nacional de Petróleos de China S.A.,Etapa I - COSAPI,No supervisada,0.0,1ra Evaluacion,,,Verificado,PIURA,TALARA,EL ALTO
-81.14077,-4.29042,EA9718,Zapotal,CNPC - Corporación Nacional de Petróleos de China S.A.,Etapa I - COSAPI,Sin afectación,0.0,1ra Evaluacion,,2022.0,Supervisado,PIURA,TALARA,EL ALTO
-81.15105,-4.2697,EA6100,Central,CNPC - Corporación Nacional de Petróleos de China S.A.,Etapa I - COSAPI,Sin afectación,0.0,1ra Evaluacion,,2023.0,Supervisado,PIURA,TALARA,EL ALTO
-81.15797,-4.26177,EA2344,Central,CNPC - Corporación Nacional de Petróleos de China S.A.,Etapa I - COSAPI,Sin afectación,0.0,1ra Evaluacion,,2025.0,Supervisado,PIURA,TALARA,EL ALTO
-81.15096,-4.27341,EA9831,Central,CNPC - Corporación Nacional de Petróleos de China S.A.,Etapa I - COSAPI,No supervisada,0.0,1ra Evaluacion,,,Verificado,PIURA,TALARA,EL ALTO
-81.15732,-4.26301,EA10233,Central,CNPC - Corporación Nacional de Petróleos de China S.A.,Etapa I - COSAPI,Sin afectación,0.0,1ra Evaluacion,,2025.0,Supervisado,PIURA,TALARA,EL ALTO
-81.15272,-4.27786,EA9318,Central,CNPC - Corporación Nacional de Petróleos de China S.A.,Etapa I - COSAPI,Con afectación,37.8,1ra Evaluacion,1,2024.0,Supervisado,PIURA,TALARA,EL ALTO
-81.15674,-4.26474,EA940,Central,CNPC - Corporación Nacional de Petróleos de China S.A.,Etapa I - COSAPI,Sin afectación,0.0,1ra Evaluacion,,2025.0,Supervisado,PIURA,TALARA,EL ALTO
-81.15365,-4.27587,EA2271,Central,CNPC - Corporación Nacional de Petróleos de China S.A.,Etapa I - COSAPI,No supervisada,0.0,1ra Evaluacion,,,Verificado,PIURA,TALARA,EL ALTO
-81.15141,-4.27626,EA9703,Central,CNPC - Corporación Nacional de Petróleos de China S.A.,Etapa I - COSAPI,Con afectación,115.31,1ra Evaluacion,2,2024.0,Supervisado,PIURA,TALARA,EL ALTO
-81.15507,-4.26265,EA2281,Central,CNPC - Corporación Nacional de Petróleos de China S.A.,Etapa I - COSAPI,No supervisada,0.0,1ra Evaluacion,,,Observado,PIURA,TALARA,EL ALTO
-81.15412,-4.27279,EA9571,Central,CNPC - Corporación Nacional de Petróleos de China S.A.,Etapa I - COSAPI,Sin afectación,0.0,1ra Evaluacion,,2024.0,Supervisado,PIURA,TALARA,EL ALTO
-81.15401,-4.26877,EA527,Central,CNPC - Corporación Nacional de Petróleos de China S.A.,Etapa I - COSAPI,Sin afectación,0.0,1ra Evaluacion,,2025.0,Supervisado,PIURA,TALARA,EL ALTO
-81.14966,-4.27507,PQA-EA9848,Zapotal,CNPC - Corporación Nacional de Petróleos de China S.A.,Etapa I - COSAPI,Sin afectación,0.0,1ra Evaluacion,,2025.0,Supervisado,PIURA,TALARA,EL ALTO
-81.1537,-4.2712,EA5743,Central,CNPC - Corporación Nacional de Petróleos de China S.A.,Etapa I - COSAPI,Sin afectación,0.0,1ra Evaluacion,,2024.0,Supervisado,PIURA,TALARA,EL ALTO
-81.15464,-4.25619,PQA-EA10226,Ballena,CNPC - Corporación Nacional de Petróleos de China S.A.,Etapa I - COSAPI,Sin afectación,0.0,1ra Evaluacion,,2025.0,Supervisado,PIURA,TALARA,EL ALTO
-81.15818,-4.25954,EA2302,Ballena,CNPC - Corporación Nacional de Petróleos de China S.A.,Etapa I - COSAPI,Sin afectación,0.0,1ra Evaluacion,,2022.0,Supervisado,PIURA,TALARA,EL ALTO
-81.15246,-4.26486,EA9601,Central,CNPC - Corporación Nacional de Petróleos de China S.A.,Etapa I - COSAPI,Sin afectación,0.0,1ra Evaluacion,,2023.0,Supervisado,PIURA,TALARA,EL ALTO
-81.15578,-4.25913,EA2233P,Ballena,CNPC - Corporación Nacional de Petróleos de China S.A.,Etapa I - COSAPI,Sin afectación,0.0,1ra Evaluacion,,2025.0,Supervisado,PIURA,TALARA,EL ALTO
-81.15083,-4.25957,EA1536,Ballena,CNPC - Corporación Nacional de Petróleos de China S.A.,Etapa I - COSAPI,Sin afectación,0.0,1ra Evaluacion,,2022.0,Supervisado,PIURA,TALARA,EL ALTO
-81.1575,-4.2576,EA10227,Ballena,CNPC - Corporación Nacional de Petróleos de China S.A.,Etapa I - COSAPI,Sin afectación,0.0,1ra Evaluacion,,2025.0,Supervisado,PIURA,TALARA,EL ALTO
-81.15569,-4.25742,PQA-EA10133,Ballena,CNPC - Corporación Nacional de Petróleos de China S.A.,Etapa I - COSAPI,No supervisada,0.0,1ra Evaluacion,,,Verificado,PIURA,TALARA,EL ALTO
-81.15606,-4.25594,EA2287,Ballena,CNPC - Corporación Nacional de Petróleos de China S.A.,Etapa I - COSAPI,Sin afectación,0.0,1ra Evaluacion,,2022.0,Supervisado,PIURA,TALARA,EL ALTO
-81.1582,-4.28541,EA529,Central,CNPC - Corporación Nacional de Petróleos de China S.A.,Etapa I - COSAPI,Sin afectación,0.0,1ra Evaluacion,,2024.0,Supervisado,PIURA,TALARA,EL ALTO
-81.15584,-4.28271,EA9877,Central,CNPC - Corporación Nacional de Petróleos de China S.A.,Etapa I - COSAPI,Sin afectación,0.0,1ra Evaluacion,,2024.0,Supervisado,PIURA,TALARA,EL ALTO
-81.15355,-4.25774,PQA-EA2279,Ballena,CNPC - Corporación Nacional de Petróleos de China S.A.,Etapa I - COSAPI,Sin afectación,0.0,1ra Evaluacion,,2023.0,Supervisado,PIURA,TALARA,EL ALTO
-81.1825,-4.22698,EA5941-FP,Órganos,CNPC - Corporación Nacional de Petróleos de China S.A.,Etapa II - HAZCO,Con afectación,14.0,Unica evaluacion,2,2025.0,Supervisado,PIURA,TALARA,LOS ORGANOS
-81.16652,-4.21394,EA5947,Órganos,CNPC - Corporación Nacional de Petróleos de China S.A.,Etapa II - HAZCO,No supervisada,0.0,Unica evaluacion,,,Observado,PIURA,TALARA,LOS ORGANOS
-81.18476,-4.22585,EA5977,Órganos,CNPC - Corporación Nacional de Petróleos de China S.A.,Etapa II - HAZCO,Sin afectación,0.0,Unica evaluacion,,2025.0,Supervisado,PIURA,TALARA,LOS ORGANOS
-81.16678,-4.21936,EA5991,Órganos,CNPC - Corporación Nacional de Petróleos de China S.A.,Etapa II - HAZCO,Sin afectación,0.0,Unica evaluacion,,2022.0,Supervisado,PIURA,TALARA,LOS ORGANOS
-81.14802,-4.20707,EA6004-I,Órganos,CNPC - Corporación Nacional de Petróleos de China S.A.,Etapa II - HAZCO,No supervisada,0.0,Unica evaluacion,,,Observado,PIURA,TALARA,LOS ORGANOS
-81.16457,-4.21779,EA6059,Órganos,CNPC - Corporación Nacional de Petróleos de China S.A.,Etapa II - HAZCO,Sin afectación,0.0,Unica evaluacion,,2022.0,Supervisado,PIURA,TALARA,LOS ORGANOS
-81.1691,-4.22391,EA6061,Órganos,CNPC - Corporación Nacional de Petróleos de China S.A.,Etapa II - HAZCO,Sin afectación,0.0,Unica evaluacion,,2023.0,Supervisado,PIURA,TALARA,LOS ORGANOS
-81.16915,-4.22642,EA6096,Órganos,CNPC - Corporación Nacional de Petróleos de China S.A.,Etapa II - HAZCO,Sin afectación,0.0,Unica evaluacion,,2023.0,Supervisado,PIURA,TALARA,LOS ORGANOS
-81.18229,-4.22214,EA6193,Órganos,CNPC - Corporación Nacional de Petróleos de China S.A.,Etapa II - HAZCO,Sin afectación,0.0,Unica evaluacion,,2022.0,Supervisado,PIURA,TALARA,LOS ORGANOS
-81.17374,-4.21938,EA6194-I,Órganos,CNPC - Corporación Nacional de Petróleos de China S.A.,Etapa II - HAZCO,Sin afectación,0.0,Unica evaluacion,,2025.0,Supervisado,PIURA,TALARA,LOS ORGANOS
-81.18001,-4.22489,EA6196,Órganos,CNPC - Corporación Nacional de Petróleos de China S.A.,Etapa II - HAZCO,Sin afectación,0.0,Unica evaluacion,,2022.0,Supervisado,PIURA,TALARA,LOS ORGANOS
-81.18706,-4.22473,EA6198,Órganos,CNPC - Corporación Nacional de Petróleos de China S.A.,Etapa II - HAZCO,Sin afectación,0.0,Unica evaluacion,,2023.0,Supervisado,PIURA,TALARA,LOS ORGANOS
-81.17056,-4.2285,EA6276,Órganos,CNPC - Corporación Nacional de Petróleos de China S.A.,Etapa II - HAZCO,Con afectación,200.0,Unica evaluacion,2,2023.0,Supervisado,PIURA,TALARA,EL ALTO
-81.17766,-4.23029,EA6539,Órganos,CNPC - Corporación Nacional de Petróleos de China S.A.,Etapa II - HAZCO,Sin afectación,0.0,Unica evaluacion,,2023.0,Supervisado,PIURA,TALARA,EL ALTO
-81.16442,-4.22023,EA6841,Órganos,CNPC - Corporación Nacional de Petróleos de China S.A.,Etapa II - HAZCO,Sin afectación,0.0,Unica evaluacion,,2022.0,Supervisado,PIURA,TALARA,LOS ORGANOS
-81.16615,-4.22156,EA6842,Órganos,CNPC - Corporación Nacional de Petróleos de China S.A.,Etapa II - HAZCO,Sin afectación,0.0,Unica evaluacion,,2022.0,Supervisado,PIURA,TALARA,LOS ORGANOS
-81.17293,-4.22246,EA6918,Órganos,CNPC - Corporación Nacional de Petróleos de China S.A.,Etapa II - HAZCO,Sin afectación,0.0,Unica evaluacion,,2025.0,Supervisado,PIURA,TALARA,LOS ORGANOS
-81.16639,-4.2161,EA7289,Órganos,CNPC - Corporación Nacional de Petróleos de China S.A.,Etapa II - HAZCO,Sin afectación,0.0,Unica evaluacion,,2022.0,Supervisado,PIURA,TALARA,LOS ORGANOS
-81.17342,-4.23206,EA7293,Órganos,CNPC - Corporación Nacional de Petróleos de China S.A.,Etapa II - HAZCO,Sin afectación,0.0,Unica evaluacion,,2023.0,Supervisado,PIURA,TALARA,EL ALTO
-81.14941,-4.20775,EA7319,Órganos,CNPC - Corporación Nacional de Petróleos de China S.A.,Etapa II - HAZCO,Sin afectación,0.0,Unica evaluacion,,2025.0,Supervisado,PIURA,TALARA,LOS ORGANOS
-81.16834,-4.2274,EA7378,Órganos,CNPC - Corporación Nacional de Petróleos de China S.A.,Etapa II - HAZCO,Sin afectación,0.0,Unica evaluacion,,2025.0,Supervisado,PIURA,TALARA,EL ALTO
-81.16404,-4.21513,EA7437,Órganos,CNPC - Corporación Nacional de Petróleos de China S.A.,Etapa II - HAZCO,Sin afectación,0.0,Unica evaluacion,,2022.0,Supervisado,PIURA,TALARA,LOS ORGANOS
-81.16857,-4.21475,EA7438,Órganos,CNPC - Corporación Nacional de Petróleos de China S.A.,Etapa II - HAZCO,Sin afectación,0.0,Unica evaluacion,,2022.0,Supervisado,PIURA,TALARA,LOS ORGANOS
-81.11986,-4.1808,EA953,Órganos,CNPC - Corporación Nacional de Petróleos de China S.A.,Etapa II - HAZCO,No supervisada,0.0,Unica evaluacion,,,Planificado,PIURA,TALARA,LOS ORGANOS
-81.11986,-4.1808,EA9771,Órganos,CNPC - Corporación Nacional de Petróleos de China S.A.,Etapa II - HAZCO,No supervisada,0.0,Unica evaluacion,,,Planificado,PIURA,TALARA,LOS ORGANOS
-81.12192,-4.18083,EA954,Órganos,CNPC - Corporación Nacional de Petróleos de China S.A.,Etapa II - HAZCO,No supervisada,0.0,Unica evaluacion,,,Observado,PIURA,TALARA,LOS ORGANOS
-81.12262,-4.18273,EA1028,Órganos,CNPC - Corporación Nacional de Petróleos de China S.A.,Etapa II - HAZCO,Sin afectación,0.0,Unica evaluacion,,2022.0,Supervisado,PIURA,TALARA,LOS ORGANOS
-81.12065,-4.18288,EA1032,Órganos,CNPC - Corporación Nacional de Petróleos de China S.A.,Etapa II - HAZCO,Sin afectación,0.0,Unica evaluacion,,2022.0,Supervisado,PIURA,TALARA,LOS ORGANOS
-81.1144,-4.17759,EA1064,Órganos,CNPC - Corporación Nacional de Petróleos de China S.A.,Etapa II - HAZCO,No supervisada,0.0,Unica evaluacion,,,Planificado,PIURA,TALARA,LOS ORGANOS
-81.11744,-4.18355,EA1121,Órganos,CNPC - Corporación Nacional de Petróleos de China S.A.,Etapa II - HAZCO,Sin afectación,0.0,Unica evaluacion,,2022.0,Supervisado,PIURA,TALARA,LOS ORGANOS
-81.11756,-4.1788,EA1122,Órganos,CNPC - Corporación Nacional de Petróleos de China S.A.,Etapa II - HAZCO,Sin afectación,0.0,Unica evaluacion,,2022.0,Supervisado,PIURA,TALARA,LOS ORGANOS
-81.11001,-4.17511,EA1123,Órganos,CNPC - Corporación Nacional de Petróleos de China S.A.,Etapa II - HAZCO,No supervisada,0.0,Unica evaluacion,,,Observado,PIURA,TALARA,LOS ORGANOS
-81.11366,-4.17582,EA1124,Órganos,CNPC - Corporación Nacional de Petróleos de China S.A.,Etapa II - HAZCO,Sin afectación,0.0,Unica evaluacion,,2022.0,Supervisado,PIURA,TALARA,LOS ORGANOS
-81.11445,-4.17263,EA1125,Órganos,CNPC - Corporación Nacional de Petróleos de China S.A.,Etapa II - HAZCO,Sin afectación,0.0,Unica evaluacion,,2022.0,Supervisado,PIURA,TALARA,LOS ORGANOS
-81.113,-4.18595,EA1128,Órganos,CNPC - Corporación Nacional de Petróleos de China S.A.,Etapa II - HAZCO,Sin afectación,0.0,Unica evaluacion,,2022.0,Supervisado,PIURA,TALARA,LOS ORGANOS
-81.10785,-4.17145,EA1173,Órganos,CNPC - Corporación Nacional de Petróleos de China S.A.,Etapa II - HAZCO,No supervisada,0.0,Unica evaluacion,,,Observado,PIURA,TALARA,LOS ORGANOS
-81.11388,-4.1639,EA1317,Órganos,CNPC - Corporación Nacional de Petróleos de China S.A.,Etapa II - HAZCO,Sin afectación,0.0,Unica evaluacion,,2022.0,Supervisado,PIURA,TALARA,LOS ORGANOS
-81.11224,-4.1702,EA1324,Órganos,CNPC - Corporación Nacional de Petróleos de China S.A.,Etapa II - HAZCO,Sin afectación,0.0,Unica evaluacion,,2022.0,Supervisado,PIURA,TALARA,LOS ORGANOS
-81.11477,-4.16075,EA1339,Órganos,CNPC - Corporación Nacional de Petróleos de China S.A.,Etapa II - HAZCO,Sin afectación,0.0,Unica evaluacion,,2022.0,Supervisado,PIURA,TALARA,LOS ORGANOS
-81.11695,-4.163,EA1362,Órganos,CNPC - Corporación Nacional de Petróleos de China S.A.,Etapa II - HAZCO,Sin afectación,0.0,Unica evaluacion,,2022.0,Supervisado,PIURA,TALARA,LOS ORGANOS
-81.11069,-4.15923,EA1512,Órganos,CNPC - Corporación Nacional de Petróleos de China S.A.,Etapa II - HAZCO,Sin afectación,0.0,Unica evaluacion,,2022.0,Supervisado,PIURA,TALARA,LOS ORGANOS
-81.11331,-4.16741,EA1513,Órganos,CNPC - Corporación Nacional de Petróleos de China S.A.,Etapa II - HAZCO,Sin afectación,0.0,Unica evaluacion,,2022.0,Supervisado,PIURA,TALARA,LOS ORGANOS
-81.10861,-4.15833,EA1514,Órganos,CNPC - Corporación Nacional de Petróleos de China S.A.,Etapa II - HAZCO,No supervisada,0.0,Unica evaluacion,,,Planificado,PIURA,TALARA,LOS ORGANOS
-81.11105,-4.17612,EA1770,Órganos,CNPC - Corporación Nacional de Petróleos de China S.A.,Etapa II - HAZCO,Sin afectación,0.0,Unica evaluacion,,2022.0,Supervisado,PIURA,TALARA,LOS ORGANOS
-81.11119,-4.18083,EA2134P,Órganos,CNPC - Corporación Nacional de Petróleos de China S.A.,Etapa II - HAZCO,En ejecución,0.0,Unica evaluacion,,,Planificado,PIURA,TALARA,LOS ORGANOS
-81.1156,-4.17713,EA5921,Órganos,CNPC - Corporación Nacional de Petróleos de China S.A.,Etapa II - HAZCO,Sin afectación,0.0,Unica evaluacion,,2022.0,Supervisado,PIURA,TALARA,LOS ORGANOS
-81.11848,-4.18117,EA9747,Órganos,CNPC - Corporación Nacional de Petróleos de China S.A.,Etapa II - HAZCO,Sin afectación,0.0,Unica evaluacion,,2022.0,Supervisado,PIURA,TALARA,LOS ORGANOS
-81.11437,-4.17821,EA9759,Órganos,CNPC - Corporación Nacional de Petróleos de China S.A.,Etapa II - HAZCO,Sin afectación,0.0,Unica evaluacion,,2022.0,Supervisado,PIURA,TALARA,LOS ORGANOS
-81.11567,-4.17387,EA9776,Órganos,CNPC - Corporación Nacional de Petróleos de China S.A.,Etapa II - HAZCO,Sin afectación,0.0,Unica evaluacion,,2022.0,Supervisado,PIURA,TALARA,LOS ORGANOS
-81.11296,-4.16538,EA9778,Órganos,CNPC - Corporación Nacional de Petróleos de China S.A.,Etapa II - HAZCO,Sin afectación,0.0,Unica evaluacion,,2022.0,Supervisado,PIURA,TALARA,LOS ORGANOS
-81.12989,-4.19277,EA9792,Órganos,CNPC - Corporación Nacional de Petróleos de China S.A.,Etapa II - HAZCO,Sin afectación,0.0,Unica evaluacion,,2023.0,Supervisado,PIURA,TALARA,LOS ORGANOS
-81.11269,-4.174,EA9794,Órganos,CNPC - Corporación Nacional de Petróleos de China S.A.,Etapa II - HAZCO,Sin afectación,0.0,Unica evaluacion,,2022.0,Supervisado,PIURA,TALARA,LOS ORGANOS
-81.11301,-4.16901,EA10021,Órganos,CNPC - Corporación Nacional de Petróleos de China S.A.,Etapa II - HAZCO,Sin afectación,0.0,Unica evaluacion,,2022.0,Supervisado,PIURA,TALARA,LOS ORGANOS
-81.11533,-4.16678,EA10309,Órganos,CNPC - Corporación Nacional de Petróleos de China S.A.,Etapa II - HAZCO,Sin afectación,0.0,Unica evaluacion,,2022.0,Supervisado,PIURA,TALARA,LOS ORGANOS
-81.11054,-4.17389,EA10607,Órganos,CNPC - Corporación Nacional de Petróleos de China S.A.,Etapa II - HAZCO,No supervisada,0.0,Unica evaluacion,,,Observado,PIURA,TALARA,LOS ORGANOS
-81.11293,-4.17953,EA10609,Órganos,CNPC - Corporación Nacional de Petróleos de China S.A.,Etapa II - HAZCO,Sin afectación,0.0,Unica evaluacion,,2022.0,Supervisado,PIURA,TALARA,LOS ORGANOS
-81.12112,-4.18326,EX BAT 302,Órganos,CNPC - Corporación Nacional de Petróleos de China S.A.,Etapa II - HAZCO,No supervisada,0.0,Unica evaluacion,,,Observado,PIURA,TALARA,LOS ORGANOS
-81.12722,-4.18741,PB115,Órganos,CNPC - Corporación Nacional de Petróleos de China S.A.,Etapa II - HAZCO,Sin afectación,0.0,Unica evaluacion,,2022.0,Por definir,PIURA,TALARA,LOS ORGANOS
-81.12722,-4.18741,PB229,Órganos,CNPC - Corporación Nacional de Petróleos de China S.A.,Etapa II - HAZCO,Sin afectación,0.0,Unica evaluacion,,2022.0,Supervisado,PIURA,TALARA,LOS ORGANOS
-81.1268,-4.19408,PB151,Órganos,CNPC - Corporación Nacional de Petróleos de China S.A.,Etapa II - HAZCO,No supervisada,0.0,Unica evaluacion,,,Observado,PIURA,TALARA,LOS ORGANOS
-81.13418,-4.18878,PB245,Órganos,CNPC - Corporación Nacional de Petróleos de China S.A.,Etapa II - HAZCO,No supervisada,0.0,Unica evaluacion,,,Observado,PIURA,TALARA,LOS ORGANOS
-81.12077,-4.20078,PB251,Órganos,CNPC - Corporación Nacional de Petróleos de China S.A.,Etapa II - HAZCO,No supervisada,0.0,Unica evaluacion,,,Observado,PIURA,TALARA,LOS ORGANOS
-81.13468,-4.18276,PB9774,Órganos,CNPC - Corporación Nacional de Petróleos de China S.A.,Etapa II - HAZCO,No supervisada,0.0,Unica evaluacion,,2022.0,Observado,PIURA,TALARA,LOS ORGANOS
-81.12034,-4.18196,PB32,Órganos,CNPC - Corporación Nacional de Petróleos de China S.A.,Etapa II - HAZCO,No supervisada,0.0,Unica evaluacion,,,Observado,PIURA,TALARA,LOS ORGANOS
-81.12034,-4.18196,PB28,Órganos,CNPC - Corporación Nacional de Petróleos de China S.A.,Etapa II - HAZCO,No supervisada,0.0,Unica evaluacion,,,Observado,PIURA,TALARA,LOS ORGANOS
-81.12044,-4.18467,PB44,Órganos,CNPC - Corporación Nacional de Petróleos de China S.A.,Etapa II - HAZCO,No supervisada,0.0,Unica evaluacion,,,Observado,PIURA,TALARA,LOS ORGANOS
-81.13571,-4.19136,PB53,Órganos,CNPC - Corporación Nacional de Petróleos de China S.A.,Etapa II - HAZCO,No supervisada,0.0,Unica evaluacion,,,Observado,PIURA,TALARA,LOS ORGANOS
-81.12762,-4.17936,PB81,Órganos,CNPC - Corporación Nacional de Petróleos de China S.A.,Etapa II - HAZCO,No supervisada,0.0,Unica evaluacion,,,Observado,PIURA,TALARA,LOS ORGANOS
-81.126,-4.17942,PB83,Órganos,CNPC - Corporación Nacional de Petróleos de China S.A.,Etapa II - HAZCO,No supervisada,0.0,Unica evaluacion,,,Planificado,PIURA,TALARA,LOS ORGANOS
-81.11895,-4.18214,PB89,Órganos,CNPC - Corporación Nacional de Petróleos de China S.A.,Etapa II - HAZCO,No supervisada,0.0,Unica evaluacion,,,Observado,PIURA,TALARA,LOS ORGANOS
-81.13023,-4.18701,PB119,Órganos,CNPC - Corporación Nacional de Petróleos de China S.A.,Etapa II - HAZCO,Sin afectación,0.0,Unica evaluacion,,2022.0,Por definir,PIURA,TALARA,LOS ORGANOS
-81.13023,-4.18701,PB178,Órganos,CNPC - Corporación Nacional de Petróleos de China S.A.,Etapa II - HAZCO,Sin afectación,0.0,Unica evaluacion,,2022.0,Supervisado,PIURA,TALARA,LOS ORGANOS
-81.11795,-4.1898,PB121,Órganos,CNPC - Corporación Nacional de Petróleos de China S.A.,Etapa II - HAZCO,Sin afectación,0.0,Unica evaluacion,,2023.0,Supervisado,PIURA,TALARA,LOS ORGANOS
-81.12642,-4.19984,PB129,Órganos,CNPC - Corporación Nacional de Petróleos de China S.A.,Etapa II - HAZCO,En ejecución,0.0,Unica evaluacion,,,Planificado,PIURA,TALARA,LOS ORGANOS
-81.12642,-4.19984,EX BATERIA 306-ABR,Órganos,CNPC - Corporación Nacional de Petróleos de China S.A.,Etapa II - HAZCO,En ejecución,0.0,Unica evaluacion,,,Planificado,PIURA,TALARA,LOS ORGANOS
-81.11777,-4.19878,PB130,Órganos,CNPC - Corporación Nacional de Petróleos de China S.A.,Etapa II - HAZCO,No supervisada,0.0,Unica evaluacion,,,Planificado,PIURA,TALARA,LOS ORGANOS
-81.12851,-4.195,PB137,Órganos,CNPC - Corporación Nacional de Petróleos de China S.A.,Etapa II - HAZCO,No supervisada,0.0,Unica evaluacion,,,Observado,PIURA,TALARA,LOS ORGANOS
-81.12459,-4.19847,PB144,Órganos,CNPC - Corporación Nacional de Petróleos de China S.A.,Etapa II - HAZCO,Sin afectación,0.0,Unica evaluacion,,2023.0,Supervisado,PIURA,TALARA,LOS ORGANOS
-81.12347,-4.18569,PB169,Órganos,CNPC - Corporación Nacional de Petróleos de China S.A.,Etapa II - HAZCO,Sin afectación,0.0,Unica evaluacion,,2022.0,Supervisado,PIURA,TALARA,LOS ORGANOS
-81.12829,-4.20005,PB171,Órganos,CNPC - Corporación Nacional de Petróleos de China S.A.,Etapa II - HAZCO,No supervisada,0.0,Unica evaluacion,,,Observado,PIURA,TALARA,LOS ORGANOS
-81.12713,-4.18922,PB176,Órganos,CNPC - Corporación Nacional de Petróleos de China S.A.,Etapa II - HAZCO,Sin afectación,0.0,Unica evaluacion,,2022.0,Supervisado,PIURA,TALARA,LOS ORGANOS
-81.12688,-4.19608,PB184,Órganos,CNPC - Corporación Nacional de Petróleos de China S.A.,Etapa II - HAZCO,No supervisada,0.0,Unica evaluacion,,,Observado,PIURA,TALARA,LOS ORGANOS
-81.12172,-4.18574,PB185,Órganos,CNPC - Corporación Nacional de Petróleos de China S.A.,Etapa II - HAZCO,Sin afectación,0.0,Unica evaluacion,,2023.0,Supervisado,PIURA,TALARA,LOS ORGANOS
-81.12574,-4.17924,PB192,Órganos,CNPC - Corporación Nacional de Petróleos de China S.A.,Etapa II - HAZCO,No supervisada,0.0,Unica evaluacion,,,Observado,PIURA,TALARA,LOS ORGANOS
-81.12484,-4.19008,PB194,Órganos,CNPC - Corporación Nacional de Petróleos de China S.A.,Etapa II - HAZCO,No supervisada,0.0,Unica evaluacion,,,Observado,PIURA,TALARA,LOS ORGANOS
-81.12145,-4.20043,PB195,Órganos,CNPC - Corporación Nacional de Petróleos de China S.A.,Etapa II - HAZCO,Sin afectación,0.0,Unica evaluacion,,2022.0,Supervisado,PIURA,TALARA,LOS ORGANOS
-81.12482,-4.19303,PB221,Órganos,CNPC - Corporación Nacional de Petróleos de China S.A.,Etapa II - HAZCO,Sin afectación,0.0,Unica evaluacion,,2022.0,Supervisado,PIURA,TALARA,LOS ORGANOS
-81.12872,-4.19187,PB222,Órganos,CNPC - Corporación Nacional de Petróleos de China S.A.,Etapa II - HAZCO,Sin afectación,0.0,Unica evaluacion,,,Por definir,PIURA,TALARA,LOS ORGANOS
-81.12872,-4.19187,PB152F,Órganos,CNPC - Corporación Nacional de Petróleos de China S.A.,Etapa II - HAZCO,Sin afectación,0.0,Unica evaluacion,,2022.0,Supervisado,PIURA,TALARA,LOS ORGANOS
-81.11985,-4.19906,PB237,Órganos,CNPC - Corporación Nacional de Petróleos de China S.A.,Etapa II - HAZCO,Sin afectación,0.0,Unica evaluacion,,2022.0,Supervisado,PIURA,TALARA,LOS ORGANOS
-81.11874,-4.18671,PB284,Órganos,CNPC - Corporación Nacional de Petróleos de China S.A.,Etapa II - HAZCO,Sin afectación,0.0,Unica evaluacion,,2022.0,Supervisado,PIURA,TALARA,LOS ORGANOS
-81.11257,-4.18417,PB9733,Órganos,CNPC - Corporación Nacional de Petróleos de China S.A.,Etapa II - HAZCO,En ejecución,0.0,Unica evaluacion,,,Planificado,PIURA,TALARA,LOS ORGANOS
-81.13136,-4.18893,PB9738,Órganos,CNPC - Corporación Nacional de Petróleos de China S.A.,Etapa II - HAZCO,Con afectación,50.0,Unica evaluacion,1,2022.0,Supervisado,PIURA,TALARA,LOS ORGANOS
-81.11954,-4.18744,PB9781,Órganos,CNPC - Corporación Nacional de Petróleos de China S.A.,Etapa II - HAZCO,Sin afectación,0.0,Unica evaluacion,,2023.0,Supervisado,PIURA,TALARA,LOS ORGANOS
-81.11727,-4.19702,PB9782,Órganos,CNPC - Corporación Nacional de Petróleos de China S.A.,Etapa II - HAZCO,No supervisada,0.0,Unica evaluacion,,,Observado,PIURA,TALARA,LOS ORGANOS
-81.13346,-4.18604,PB10023,Órganos,CNPC - Corporación Nacional de Petróleos de China S.A.,Etapa II - HAZCO,Sin afectación,0.0,Unica evaluacion,,2022.0,Supervisado,PIURA,TALARA,LOS ORGANOS
-81.12206,-4.18654,PB10153,Órganos,CNPC - Corporación Nacional de Petróleos de China S.A.,Etapa II - HAZCO,Sin afectación,0.0,Unica evaluacion,,2022.0,Supervisado,PIURA,TALARA,LOS ORGANOS
-81.11774,-4.17427,POZA OR15-ENE,Órganos,CNPC - Corporación Nacional de Petróleos de China S.A.,Etapa II - HAZCO,No supervisada,0.0,Unica evaluacion,,,Observado,PIURA,TALARA,LOS ORGANOS
-81.11774,-4.17427,EA9768,Órganos,CNPC - Corporación Nacional de Petróleos de China S.A.,Etapa II - HAZCO,No supervisada,0.0,Unica evaluacion,,,Observado,PIURA,TALARA,LOS ORGANOS
-81.11774,-4.17427,EA1176,Órganos,CNPC - Corporación Nacional de Petróleos de China S.A.,Etapa II - HAZCO,No supervisada,0.0,Unica evaluacion,,,Observado,PIURA,TALARA,LOS ORGANOS
-81.25189,-4.30309,EA216,Peña Negra,CNPC - Corporación Nacional de Petróleos de China S.A.,Etapa II - HAZCO,Sin afectación,0.0,Unica evaluacion,,2022.0,Supervisado,PIURA,TALARA,EL ALTO
-81.25565,-4.30712,EA271,Peña Negra,CNPC - Corporación Nacional de Petróleos de China S.A.,Etapa II - HAZCO,Sin afectación,0.0,Unica evaluacion,,2025.0,Supervisado,PIURA,TALARA,EL ALTO
-81.16026,-4.2182,EA1939,Peña Negra,CNPC - Corporación Nacional de Petróleos de China S.A.,Etapa II - HAZCO,No supervisada,0.0,Unica evaluacion,,,Planificado,PIURA,TALARA,LOS ORGANOS
-81.24036,-4.31111,EA2111,Peña Negra,CNPC - Corporación Nacional de Petróleos de China S.A.,Etapa II - HAZCO,Sin afectación,0.0,Unica evaluacion,,2025.0,Supervisado,PIURA,TALARA,EL ALTO
-81.24399,-4.30735,EA2112,Peña Negra,CNPC - Corporación Nacional de Petróleos de China S.A.,Etapa II - HAZCO,Con afectación,0.0,Unica evaluacion,3,2025.0,Supervisado,PIURA,TALARA,EL ALTO
-81.24463,-4.31364,EA2232,Peña Negra,CNPC - Corporación Nacional de Petróleos de China S.A.,Etapa II - HAZCO,Sin afectación,0.0,Unica evaluacion,,2025.0,Supervisado,PIURA,TALARA,LOBITOS
-81.24687,-4.3167,EA5863,Peña Negra,CNPC - Corporación Nacional de Petróleos de China S.A.,Etapa II - HAZCO,Sin afectación,0.0,Unica evaluacion,,2025.0,Supervisado,PIURA,TALARA,LOBITOS
-81.24626,-4.29969,EA5963,Peña Negra,CNPC - Corporación Nacional de Petróleos de China S.A.,Etapa II - HAZCO,Con afectación,9.0,Unica evaluacion,1,2025.0,Supervisado,PIURA,TALARA,EL ALTO
-81.25409,-4.31044,EA6213,Peña Negra,CNPC - Corporación Nacional de Petróleos de China S.A.,Etapa II - HAZCO,Sin afectación,0.0,Unica evaluacion,,2025.0,Supervisado,PIURA,TALARA,LOBITOS
-81.24109,-4.30442,EA6214,Peña Negra,CNPC - Corporación Nacional de Petróleos de China S.A.,Etapa II - HAZCO,No supervisada,0.0,Unica evaluacion,,,Por definir,PIURA,TALARA,EL ALTO
-81.25099,-4.30194,EA6513,Peña Negra,CNPC - Corporación Nacional de Petróleos de China S.A.,Etapa II - HAZCO,Sin afectación,0.0,Unica evaluacion,,2025.0,Supervisado,PIURA,TALARA,EL ALTO
-81.2453,-4.30393,EA6526,Peña Negra,CNPC - Corporación Nacional de Petróleos de China S.A.,Etapa II - HAZCO,Sin afectación,0.0,Unica evaluacion,,2025.0,Supervisado,PIURA,TALARA,EL ALTO
-81.24433,-4.3008,EA6647,Peña Negra,CNPC - Corporación Nacional de Petróleos de China S.A.,Etapa II - HAZCO,Sin afectación,0.0,Unica evaluacion,,2025.0,Supervisado,PIURA,TALARA,EL ALTO
-81.25544,-4.30805,EA6904,Peña Negra,CNPC - Corporación Nacional de Petróleos de China S.A.,Etapa II - HAZCO,Sin afectación,0.0,Unica evaluacion,,2025.0,Supervisado,PIURA,TALARA,EL ALTO
-81.24654,-4.31134,EA6907,Peña Negra,CNPC - Corporación Nacional de Petróleos de China S.A.,Etapa II - HAZCO,Sin afectación,0.0,Unica evaluacion,,2025.0,Supervisado,PIURA,TALARA,EL ALTO
-81.25568,-4.31797,EA7309,Peña Negra,CNPC - Corporación Nacional de Petróleos de China S.A.,Etapa II - HAZCO,Sin afectación,0.0,Unica evaluacion,,2022.0,Por definir,PIURA,TALARA,LOBITOS
-81.25568,-4.31797,EA2189,Peña Negra,CNPC - Corporación Nacional de Petróleos de China S.A.,Etapa II - HAZCO,Sin afectación,0.0,Unica evaluacion,,2022.0,Supervisado,PIURA,TALARA,LOBITOS
-81.25164,-4.32012,EA7849,Peña Negra,CNPC - Corporación Nacional de Petróleos de China S.A.,Etapa II - HAZCO,No supervisada,0.0,Unica evaluacion,,,Por definir,PIURA,TALARA,LOBITOS
-81.2465,-4.31466,EA7858,Peña Negra,CNPC - Corporación Nacional de Petróleos de China S.A.,Etapa II - HAZCO,Sin afectación,0.0,Unica evaluacion,,2025.0,Supervisado,PIURA,TALARA,LOBITOS
-81.24913,-4.31835,EA7876,Peña Negra,CNPC - Corporación Nacional de Petróleos de China S.A.,Etapa II - HAZCO,No supervisada,0.0,Unica evaluacion,,,Por definir,PIURA,TALARA,LOBITOS
-81.24502,-4.32082,EA7889,Peña Negra,CNPC - Corporación Nacional de Petróleos de China S.A.,Etapa II - HAZCO,Sin afectación,0.0,Unica evaluacion,,2022.0,Supervisado,PIURA,TALARA,LOBITOS
-81.25165,-4.3184,EA7891,Peña Negra,CNPC - Corporación Nacional de Petróleos de China S.A.,Etapa II - HAZCO,No supervisada,0.0,Unica evaluacion,,,Por definir,PIURA,TALARA,LOBITOS
-81.25016,-4.315,EA7892,Peña Negra,CNPC - Corporación Nacional de Petróleos de China S.A.,Etapa II - HAZCO,No supervisada,0.0,Unica evaluacion,,,Por definir,PIURA,TALARA,LOBITOS
-81.24826,-4.31602,EA7898,Peña Negra,CNPC - Corporación Nacional de Petróleos de China S.A.,Etapa II - HAZCO,No supervisada,0.0,Unica evaluacion,,,Por definir,PIURA,TALARA,LOBITOS
-81.25084,-4.32156,EA7903,Peña Negra,CNPC - Corporación Nacional de Petróleos de China S.A.,Etapa II - HAZCO,No supervisada,0.0,Unica evaluacion,,,Por definir,PIURA,TALARA,LOBITOS
-81.2472,-4.31885,EA7907,Peña Negra,CNPC - Corporación Nacional de Petróleos de China S.A.,Etapa II - HAZCO,No supervisada,0.0,Unica evaluacion,,,Por definir,PIURA,TALARA,LOBITOS
-81.24461,-4.31157,EA7908,Peña Negra,CNPC - Corporación Nacional de Petróleos de China S.A.,Etapa II - HAZCO,Sin afectación,0.0,Unica evaluacion,,2025.0,Supervisado,PIURA,TALARA,EL ALTO
-81.24515,-4.31578,EA7912,Peña Negra,CNPC - Corporación Nacional de Petróleos de China S.A.,Etapa II - HAZCO,Sin afectación,0.0,Unica evaluacion,,2025.0,Supervisado,PIURA,TALARA,LOBITOS
-81.24659,-4.31881,EA7918,Peña Negra,CNPC - Corporación Nacional de Petróleos de China S.A.,Etapa II - HAZCO,Sin afectación,0.0,Unica evaluacion,,2025.0,Supervisado,PIURA,TALARA,LOBITOS
-81.24218,-4.31953,EA7932,Peña Negra,CNPC - Corporación Nacional de Petróleos de China S.A.,Etapa II - HAZCO,No supervisada,0.0,Unica evaluacion,,,Por definir,PIURA,TALARA,LOBITOS
-81.24971,-4.31345,EA7963,Peña Negra,CNPC - Corporación Nacional de Petróleos de China S.A.,Etapa II - HAZCO,No supervisada,0.0,Unica evaluacion,,,Por definir,PIURA,TALARA,LOBITOS
-81.25111,-4.2789,EA63,Peña Negra,CNPC - Corporación Nacional de Petróleos de China S.A.,Etapa II - HAZCO,En ejecución,0.0,Unica evaluacion,,,Planificado,PIURA,TALARA,EL ALTO
-81.25329,-4.28446,EA65A,Peña Negra,CNPC - Corporación Nacional de Petróleos de China S.A.,Etapa II - HAZCO,Sin afectación,0.0,Unica evaluacion,,2022.0,Supervisado,PIURA,TALARA,EL ALTO
-81.25118,-4.2836,EA67,Peña Negra,CNPC - Corporación Nacional de Petróleos de China S.A.,Etapa II - HAZCO,En ejecución,0.0,Unica evaluacion,,,Planificado,PIURA,TALARA,EL ALTO
-81.24279,-4.27882,EA68,Peña Negra,CNPC - Corporación Nacional de Petróleos de China S.A.,Etapa II - HAZCO,Sin afectación,0.0,Unica evaluacion,,2025.0,Supervisado,PIURA,TALARA,EL ALTO
-81.25005,-4.2771,EA69,Peña Negra,CNPC - Corporación Nacional de Petróleos de China S.A.,Etapa II - HAZCO,En ejecución,0.0,Unica evaluacion,,,Planificado,PIURA,TALARA,EL ALTO
-81.25009,-4.27841,EA70,Peña Negra,CNPC - Corporación Nacional de Petróleos de China S.A.,Etapa II - HAZCO,En ejecución,0.0,Unica evaluacion,,,Planificado,PIURA,TALARA,EL ALTO
-81.25024,-4.28082,EA72,Peña Negra,CNPC - Corporación Nacional de Petróleos de China S.A.,Etapa II - HAZCO,En ejecución,0.0,Unica evaluacion,,,Planificado,PIURA,TALARA,EL ALTO
-81.25027,-4.28188,EA73,Peña Negra,CNPC - Corporación Nacional de Petróleos de China S.A.,Etapa II - HAZCO,En ejecución,0.0,Unica evaluacion,,,Planificado,PIURA,TALARA,EL ALTO
-81.25036,-4.28344,EA74,Peña Negra,CNPC - Corporación Nacional de Petróleos de China S.A.,Etapa II - HAZCO,En ejecución,0.0,Unica evaluacion,,,Planificado,PIURA,TALARA,EL ALTO
-81.25036,-4.2848,EA102A,Peña Negra,CNPC - Corporación Nacional de Petróleos de China S.A.,Etapa II - HAZCO,Sin afectación,0.0,Unica evaluacion,,2025.0,Supervisado,PIURA,TALARA,EL ALTO
-81.25117,-4.28923,EA103,Peña Negra,CNPC - Corporación Nacional de Petróleos de China S.A.,Etapa II - HAZCO,Sin afectación,0.0,Unica evaluacion,,2025.0,Supervisado,PIURA,TALARA,EL ALTO
-81.24597,-4.28317,EA104,Peña Negra,CNPC - Corporación Nacional de Petróleos de China S.A.,Etapa II - HAZCO,Sin afectación,0.0,Unica evaluacion,,2023.0,Supervisado,PIURA,TALARA,EL ALTO
-81.24919,-4.27995,EA106,Peña Negra,CNPC - Corporación Nacional de Petróleos de China S.A.,Etapa II - HAZCO,En ejecución,0.0,Unica evaluacion,,,Planificado,PIURA,TALARA,EL ALTO
-81.24828,-4.27984,EA108,Peña Negra,CNPC - Corporación Nacional de Petróleos de China S.A.,Etapa II - HAZCO,En ejecución,0.0,Unica evaluacion,,,Planificado,PIURA,TALARA,EL ALTO
-81.24982,-4.29116,EA145,Peña Negra,CNPC - Corporación Nacional de Petróleos de China S.A.,Etapa II - HAZCO,Sin afectación,0.0,Unica evaluacion,,2024.0,Supervisado,PIURA,TALARA,EL ALTO
-81.25339,-4.29658,EA147,Peña Negra,CNPC - Corporación Nacional de Petróleos de China S.A.,Etapa II - HAZCO,Sin afectación,0.0,Unica evaluacion,,2022.0,Supervisado,PIURA,TALARA,EL ALTO
-81.2544,-4.29435,EA148,Peña Negra,CNPC - Corporación Nacional de Petróleos de China S.A.,Etapa II - HAZCO,Sin afectación,0.0,Unica evaluacion,,2025.0,Supervisado,PIURA,TALARA,EL ALTO
-81.25174,-4.29489,EA180,Peña Negra,CNPC - Corporación Nacional de Petróleos de China S.A.,Etapa II - HAZCO,Sin afectación,0.0,Unica evaluacion,,2025.0,Supervisado,PIURA,TALARA,EL ALTO
-81.24722,-4.2827,EA181,Peña Negra,CNPC - Corporación Nacional de Petróleos de China S.A.,Etapa II - HAZCO,Sin afectación,0.0,Unica evaluacion,,2025.0,Supervisado,PIURA,TALARA,EL ALTO
-81.2535,-4.2991,EA184,Peña Negra,CNPC - Corporación Nacional de Petróleos de China S.A.,Etapa II - HAZCO,Con afectación,9.0,Unica evaluacion,1,2025.0,Supervisado,PIURA,TALARA,EL ALTO
-81.2556,-4.30088,EA210,Peña Negra,CNPC - Corporación Nacional de Petróleos de China S.A.,Etapa II - HAZCO,Sin afectación,0.0,Unica evaluacion,,2025.0,Supervisado,PIURA,TALARA,EL ALTO
-81.2541,-4.30044,EA211,Peña Negra,CNPC - Corporación Nacional de Petróleos de China S.A.,Etapa II - HAZCO,Sin afectación,0.0,Unica evaluacion,,2025.0,Supervisado,PIURA,TALARA,EL ALTO
-81.24999,-4.29721,EA219,Peña Negra,CNPC - Corporación Nacional de Petróleos de China S.A.,Etapa II - HAZCO,Sin afectación,0.0,Unica evaluacion,,2025.0,Supervisado,PIURA,TALARA,EL ALTO
-81.24443,-4.29909,EA631,Peña Negra,CNPC - Corporación Nacional de Petróleos de China S.A.,Etapa II - HAZCO,Sin afectación,0.0,Unica evaluacion,,2025.0,Supervisado,PIURA,TALARA,EL ALTO
-81.24469,-4.30058,EA634,Peña Negra,CNPC - Corporación Nacional de Petróleos de China S.A.,Etapa II - HAZCO,Sin afectación,0.0,Unica evaluacion,,2025.0,Supervisado,PIURA,TALARA,EL ALTO
-81.24504,-4.29628,EA669,Peña Negra,CNPC - Corporación Nacional de Petróleos de China S.A.,Etapa II - HAZCO,Sin afectación,0.0,Unica evaluacion,,2024.0,Supervisado,PIURA,TALARA,EL ALTO
-81.24605,-4.29531,EA688,Peña Negra,CNPC - Corporación Nacional de Petróleos de China S.A.,Etapa II - HAZCO,Sin afectación,0.0,Unica evaluacion,,2024.0,Supervisado,PIURA,TALARA,EL ALTO
-81.24377,-4.28933,EA1510,Peña Negra,CNPC - Corporación Nacional de Petróleos de China S.A.,Etapa II - HAZCO,Con afectación,45.0,Unica evaluacion,5,2025.0,Supervisado,PIURA,TALARA,EL ALTO
-81.25334,-4.30194,EA1545,Peña Negra,CNPC - Corporación Nacional de Petróleos de China S.A.,Etapa II - HAZCO,Sin afectación,0.0,Unica evaluacion,,2025.0,Supervisado,PIURA,TALARA,EL ALTO
-81.24333,-4.29178,EA1551,Peña Negra,CNPC - Corporación Nacional de Petróleos de China S.A.,Etapa II - HAZCO,Sin afectación,0.0,Unica evaluacion,,2024.0,Supervisado,PIURA,TALARA,EL ALTO
-81.24606,-4.29167,EA1584,Peña Negra,CNPC - Corporación Nacional de Petróleos de China S.A.,Etapa II - HAZCO,Con afectación,0.0,Unica evaluacion,1,2024.0,Supervisado,PIURA,TALARA,EL ALTO
-81.24325,-4.29429,EA1601,Peña Negra,CNPC - Corporación Nacional de Petróleos de China S.A.,Etapa II - HAZCO,Con afectación,0.0,Unica evaluacion,2,2024.0,Supervisado,PIURA,TALARA,EL ALTO
-81.24888,-4.2947,EA1612,Peña Negra,CNPC - Corporación Nacional de Petróleos de China S.A.,Etapa II - HAZCO,Sin afectación,0.0,Unica evaluacion,,2024.0,Supervisado,PIURA,TALARA,EL ALTO
-81.25144,-4.29176,EA1627,Peña Negra,CNPC - Corporación Nacional de Petróleos de China S.A.,Etapa II - HAZCO,Con afectación,18.0,Unica evaluacion,2,2025.0,Supervisado,PIURA,TALARA,EL ALTO
-81.25114,-4.29699,EA1653,Peña Negra,CNPC - Corporación Nacional de Petróleos de China S.A.,Etapa II - HAZCO,Sin afectación,0.0,Unica evaluacion,,2025.0,Supervisado,PIURA,TALARA,EL ALTO
-81.24561,-4.2854,EA1654,Peña Negra,CNPC - Corporación Nacional de Petróleos de China S.A.,Etapa II - HAZCO,Sin afectación,0.0,Unica evaluacion,,2023.0,Supervisado,PIURA,TALARA,EL ALTO
-81.25361,-4.29705,EA1658,Peña Negra,CNPC - Corporación Nacional de Petróleos de China S.A.,Etapa II - HAZCO,Sin afectación,0.0,Unica evaluacion,,2025.0,Supervisado,PIURA,TALARA,EL ALTO
-81.24833,-4.29683,EA1666,Peña Negra,CNPC - Corporación Nacional de Petróleos de China S.A.,Etapa II - HAZCO,Sin afectación,0.0,Unica evaluacion,,2025.0,Supervisado,PIURA,TALARA,EL ALTO
-81.25318,-4.29077,EA1674,Peña Negra,CNPC - Corporación Nacional de Petróleos de China S.A.,Etapa II - HAZCO,Sin afectación,0.0,Unica evaluacion,,2025.0,Supervisado,PIURA,TALARA,EL ALTO
-81.24625,-4.28914,EA1688,Peña Negra,CNPC - Corporación Nacional de Petróleos de China S.A.,Etapa II - HAZCO,Sin afectación,0.0,Unica evaluacion,,2025.0,Supervisado,PIURA,TALARA,EL ALTO
-81.25175,-4.28653,EA1696,Peña Negra,CNPC - Corporación Nacional de Petróleos de China S.A.,Etapa II - HAZCO,Sin afectación,0.0,Unica evaluacion,,2025.0,Supervisado,PIURA,TALARA,EL ALTO
-81.25117,-4.29483,EA1718,Peña Negra,CNPC - Corporación Nacional de Petróleos de China S.A.,Etapa II - HAZCO,Sin afectación,0.0,Unica evaluacion,,2025.0,Supervisado,PIURA,TALARA,EL ALTO
-81.24519,-4.29449,EA1731,Peña Negra,CNPC - Corporación Nacional de Petróleos de China S.A.,Etapa II - HAZCO,Sin afectación,0.0,Unica evaluacion,,2024.0,Supervisado,PIURA,TALARA,EL ALTO
-81.25447,-4.29966,EA1733,Peña Negra,CNPC - Corporación Nacional de Petróleos de China S.A.,Etapa II - HAZCO,Con afectación,36.0,Unica evaluacion,4,2025.0,Supervisado,PIURA,TALARA,EL ALTO
-81.24184,-4.29293,EA1754,Peña Negra,CNPC - Corporación Nacional de Petróleos de China S.A.,Etapa II - HAZCO,Con afectación,0.0,Unica evaluacion,3,2024.0,Supervisado,PIURA,TALARA,EL ALTO
-81.24819,-4.2917,EA1757,Peña Negra,CNPC - Corporación Nacional de Petróleos de China S.A.,Etapa II - HAZCO,Sin afectación,0.0,Unica evaluacion,,2024.0,Supervisado,PIURA,TALARA,EL ALTO
-81.24579,-4.28136,EA1763,Peña Negra,CNPC - Corporación Nacional de Petróleos de China S.A.,Etapa II - HAZCO,Sin afectación,0.0,Unica evaluacion,,2023.0,Supervisado,PIURA,TALARA,EL ALTO
-81.24883,-4.28978,EA1782,Peña Negra,CNPC - Corporación Nacional de Petróleos de China S.A.,Etapa II - HAZCO,Sin afectación,0.0,Unica evaluacion,,2025.0,Supervisado,PIURA,TALARA,EL ALTO
-81.24379,-4.28674,EA1783,Peña Negra,CNPC - Corporación Nacional de Petróleos de China S.A.,Etapa II - HAZCO,Sin afectación,0.0,Unica evaluacion,,2025.0,Supervisado,PIURA,TALARA,EL ALTO
-81.24712,-4.30249,EA1787,Peña Negra,CNPC - Corporación Nacional de Petróleos de China S.A.,Etapa II - HAZCO,Sin afectación,0.0,Unica evaluacion,,2025.0,Supervisado,PIURA,TALARA,EL ALTO
-81.24623,-4.28659,EA1801,Peña Negra,CNPC - Corporación Nacional de Petróleos de China S.A.,Etapa II - HAZCO,Sin afectación,0.0,Unica evaluacion,,2025.0,Supervisado,PIURA,TALARA,EL ALTO
-81.24289,-4.28989,EA1809,Peña Negra,CNPC - Corporación Nacional de Petróleos de China S.A.,Etapa II - HAZCO,Sin afectación,0.0,Unica evaluacion,,2023.0,Supervisado,PIURA,TALARA,EL ALTO
-81.24749,-4.29166,EA1835,Peña Negra,CNPC - Corporación Nacional de Petróleos de China S.A.,Etapa II - HAZCO,Con afectación,0.0,Unica evaluacion,4,2024.0,Supervisado,PIURA,TALARA,EL ALTO
-81.24217,-4.29133,EA1859,Peña Negra,CNPC - Corporación Nacional de Petróleos de China S.A.,Etapa II - HAZCO,Sin afectación,0.0,Unica evaluacion,,2024.0,Supervisado,PIURA,TALARA,EL ALTO
-81.248,-4.28153,EA1877,Peña Negra,CNPC - Corporación Nacional de Petróleos de China S.A.,Etapa II - HAZCO,Sin afectación,0.0,Unica evaluacion,,2025.0,Supervisado,PIURA,TALARA,EL ALTO
-81.24701,-4.28769,EA1954,Peña Negra,CNPC - Corporación Nacional de Petróleos de China S.A.,Etapa II - HAZCO,Sin afectación,0.0,Unica evaluacion,,2023.0,Supervisado,PIURA,TALARA,EL ALTO
-81.23991,-4.28442,EA2503,Peña Negra,CNPC - Corporación Nacional de Petróleos de China S.A.,Etapa II - HAZCO,Sin afectación,0.0,Unica evaluacion,,2025.0,Supervisado,PIURA,TALARA,EL ALTO
-81.24226,-4.28469,EA5614,Peña Negra,CNPC - Corporación Nacional de Petróleos de China S.A.,Etapa II - HAZCO,Con afectación,9.0,Unica evaluacion,1,2025.0,Supervisado,PIURA,TALARA,EL ALTO
-81.2473,-4.2787,EA5633,Peña Negra,CNPC - Corporación Nacional de Petróleos de China S.A.,Etapa II - HAZCO,En ejecución,0.0,Unica evaluacion,,,Planificado,PIURA,TALARA,EL ALTO
-81.25186,-4.28436,EA5651,Peña Negra,CNPC - Corporación Nacional de Petróleos de China S.A.,Etapa II - HAZCO,Sin afectación,0.0,Unica evaluacion,,2023.0,Supervisado,PIURA,TALARA,EL ALTO
-81.24968,-4.28112,EA5657D,Peña Negra,CNPC - Corporación Nacional de Petróleos de China S.A.,Etapa II - HAZCO,En ejecución,0.0,Unica evaluacion,,,Planificado,PIURA,TALARA,EL ALTO
-81.25248,-4.29214,EA5665,Peña Negra,CNPC - Corporación Nacional de Petróleos de China S.A.,Etapa II - HAZCO,Sin afectación,0.0,Unica evaluacion,,2025.0,Supervisado,PIURA,TALARA,EL ALTO
-81.24729,-4.2838,EA5735,Peña Negra,CNPC - Corporación Nacional de Petróleos de China S.A.,Etapa II - HAZCO,Sin afectación,0.0,Unica evaluacion,,2025.0,Supervisado,PIURA,TALARA,EL ALTO
-81.24345,-4.29717,EA5778,Peña Negra,CNPC - Corporación Nacional de Petróleos de China S.A.,Etapa II - HAZCO,No supervisada,0.0,Unica evaluacion,,,Por definir,PIURA,TALARA,EL ALTO
-81.24504,-4.28163,EA5782,Peña Negra,CNPC - Corporación Nacional de Petróleos de China S.A.,Etapa II - HAZCO,Con afectación,18.0,Unica evaluacion,2,2025.0,Supervisado,PIURA,TALARA,EL ALTO
-81.24216,-4.27623,EA5831,Peña Negra,CNPC - Corporación Nacional de Petróleos de China S.A.,Etapa II - HAZCO,En ejecución,0.0,Unica evaluacion,,,Planificado,PIURA,TALARA,EL ALTO
-81.24353,-4.28381,EA5888,Peña Negra,CNPC - Corporación Nacional de Petróleos de China S.A.,Etapa II - HAZCO,Sin afectación,0.0,Unica evaluacion,,2023.0,Supervisado,PIURA,TALARA,EL ALTO
-81.25285,-4.28091,EA5907D,Peña Negra,CNPC - Corporación Nacional de Petróleos de China S.A.,Etapa II - HAZCO,Sin afectación,0.0,Unica evaluacion,,2023.0,Supervisado,PIURA,TALARA,EL ALTO
-81.25493,-4.31098,EA6286,Peña Negra,CNPC - Corporación Nacional de Petróleos de China S.A.,Etapa II - HAZCO,Con afectación,9.0,Unica evaluacion,1,2025.0,Supervisado,PIURA,TALARA,LOBITOS
-81.25493,-4.31098,EA6287,Peña Negra,CNPC - Corporación Nacional de Petróleos de China S.A.,Etapa II - HAZCO,Con afectación,0.0,Unica evaluacion,,2025.0,Supervisado,PIURA,TALARA,LOBITOS
-81.25493,-4.31098,EA6288,Peña Negra,CNPC - Corporación Nacional de Petróleos de China S.A.,Etapa II - HAZCO,Con afectación,0.0,Unica evaluacion,,2025.0,Supervisado,PIURA,TALARA,LOBITOS
-81.25493,-4.31098,EA7307,Peña Negra,CNPC - Corporación Nacional de Petróleos de China S.A.,Etapa II - HAZCO,Con afectación,0.0,Unica evaluacion,,2025.0,Supervisado,PIURA,TALARA,LOBITOS
-81.24846,-4.28613,EA6576,Peña Negra,CNPC - Corporación Nacional de Petróleos de China S.A.,Etapa II - HAZCO,Sin afectación,0.0,Unica evaluacion,,2025.0,Supervisado,PIURA,TALARA,EL ALTO
-81.24563,-4.27728,EA6577,Peña Negra,CNPC - Corporación Nacional de Petróleos de China S.A.,Etapa II - HAZCO,Sin afectación,0.0,Unica evaluacion,,2025.0,Supervisado,PIURA,TALARA,EL ALTO
-81.2516,-4.28025,EA6747,Peña Negra,CNPC - Corporación Nacional de Petróleos de China S.A.,Etapa II - HAZCO,Sin afectación,0.0,Unica evaluacion,,2023.0,Supervisado,PIURA,TALARA,EL ALTO
-81.24951,-4.28785,EA6901,Peña Negra,CNPC - Corporación Nacional de Petróleos de China S.A.,Etapa II - HAZCO,Sin afectación,0.0,Unica evaluacion,,2025.0,Supervisado,PIURA,TALARA,EL ALTO
-81.24951,-4.28785,EA10,Peña Negra,CNPC - Corporación Nacional de Petróleos de China S.A.,Etapa II - HAZCO,Sin afectación,0.0,Unica evaluacion,,2025.0,Supervisado,PIURA,TALARA,EL ALTO
-81.25009,-4.28529,EA6902,Peña Negra,CNPC - Corporación Nacional de Petróleos de China S.A.,Etapa II - HAZCO,Sin afectación,0.0,Unica evaluacion,,2025.0,Supervisado,PIURA,TALARA,EL ALTO
-81.24751,-4.28777,EA7251,Peña Negra,CNPC - Corporación Nacional de Petróleos de China S.A.,Etapa II - HAZCO,Sin afectación,0.0,Unica evaluacion,,2025.0,Supervisado,PIURA,TALARA,EL ALTO
-81.24693,-4.2944,EA7967,Peña Negra,CNPC - Corporación Nacional de Petróleos de China S.A.,Etapa II - HAZCO,Con afectación,0.0,Unica evaluacion,1,2024.0,Supervisado,PIURA,TALARA,EL ALTO
-81.24983,-4.2961,EA7969,Peña Negra,CNPC - Corporación Nacional de Petróleos de China S.A.,Etapa II - HAZCO,Sin afectación,0.0,Unica evaluacion,,2025.0,Supervisado,PIURA,TALARA,EL ALTO
-81.24401,-4.28595,EA7994,Peña Negra,CNPC - Corporación Nacional de Petróleos de China S.A.,Etapa II - HAZCO,Sin afectación,0.0,Unica evaluacion,,2023.0,Supervisado,PIURA,TALARA,EL ALTO
-81.24219,-4.28774,EA7996,Peña Negra,CNPC - Corporación Nacional de Petróleos de China S.A.,Etapa II - HAZCO,Sin afectación,0.0,Unica evaluacion,,2025.0,Supervisado,PIURA,TALARA,EL ALTO
-81.25075,-4.28567,EX BAT PN31,Peña Negra,CNPC - Corporación Nacional de Petróleos de China S.A.,Etapa II - HAZCO,Sin afectación,0.0,Unica evaluacion,,2025.0,Supervisado,PIURA,TALARA,EL ALTO
-81.25075,-4.28567,EA20,Peña Negra,CNPC - Corporación Nacional de Petróleos de China S.A.,Etapa II - HAZCO,Sin afectación,0.0,Unica evaluacion,,2025.0,Supervisado,PIURA,TALARA,EL ALTO
-81.24318,-4.26795,BAT-PN32,Peña Negra,CNPC - Corporación Nacional de Petróleos de China S.A.,Etapa II - HAZCO,Sin afectación,0.0,Unica evaluacion,,2025.0,Supervisado,PIURA,TALARA,EL ALTO
-81.24186,-4.26371,EA42,Peña Negra,CNPC - Corporación Nacional de Petróleos de China S.A.,Etapa II - HAZCO,No supervisada,0.0,Unica evaluacion,,,Observado,PIURA,TALARA,EL ALTO
-81.23899,-4.26523,EA1505,Peña Negra,CNPC - Corporación Nacional de Petróleos de China S.A.,Etapa II - HAZCO,Sin afectación,0.0,Unica evaluacion,,2023.0,Supervisado,PIURA,TALARA,EL ALTO
-81.23273,-4.26778,EA1547,Peña Negra,CNPC - Corporación Nacional de Petróleos de China S.A.,Etapa II - HAZCO,No supervisada,0.0,Unica evaluacion,,,Observado,PIURA,TALARA,EL ALTO
-81.24246,-4.2784,EA1607,Peña Negra,CNPC - Corporación Nacional de Petróleos de China S.A.,Etapa II - HAZCO,Sin afectación,0.0,Unica evaluacion,,2023.0,Supervisado,PIURA,TALARA,EL ALTO
-81.24071,-4.27002,EA1659,Peña Negra,CNPC - Corporación Nacional de Petróleos de China S.A.,Etapa II - HAZCO,Sin afectación,0.0,Unica evaluacion,,2023.0,Supervisado,PIURA,TALARA,EL ALTO
-81.24635,-4.27526,EA1678,Peña Negra,CNPC - Corporación Nacional de Petróleos de China S.A.,Etapa II - HAZCO,En ejecución,0.0,Unica evaluacion,,,Planificado,PIURA,TALARA,EL ALTO
-81.24581,-4.27,EA1679,Peña Negra,CNPC - Corporación Nacional de Petróleos de China S.A.,Etapa II - HAZCO,Sin afectación,0.0,Unica evaluacion,,2023.0,Supervisado,PIURA,TALARA,EL ALTO
-81.23505,-4.27894,EA1681,Peña Negra,CNPC - Corporación Nacional de Petróleos de China S.A.,Etapa II - HAZCO,Sin afectación,0.0,Unica evaluacion,,2023.0,Supervisado,PIURA,TALARA,EL ALTO
-81.24543,-4.2696,EA1719,Peña Negra,CNPC - Corporación Nacional de Petróleos de China S.A.,Etapa II - HAZCO,Sin afectación,0.0,Unica evaluacion,,2023.0,Supervisado,PIURA,TALARA,EL ALTO
-81.24333,-4.27271,EA1722,Peña Negra,CNPC - Corporación Nacional de Petróleos de China S.A.,Etapa II - HAZCO,Sin afectación,0.0,Unica evaluacion,,2023.0,Supervisado,PIURA,TALARA,EL ALTO
-81.24247,-4.26712,EA1737,Peña Negra,CNPC - Corporación Nacional de Petróleos de China S.A.,Etapa II - HAZCO,Sin afectación,0.0,Unica evaluacion,,2023.0,Supervisado,PIURA,TALARA,EL ALTO
-81.24054,-4.27545,EA1748,Peña Negra,CNPC - Corporación Nacional de Petróleos de China S.A.,Etapa II - HAZCO,Con afectación,100.0,Unica evaluacion,1,2023.0,Supervisado,PIURA,TALARA,EL ALTO
-81.24113,-4.27665,EA1756,Peña Negra,CNPC - Corporación Nacional de Petróleos de China S.A.,Etapa II - HAZCO,Sin afectación,0.0,Unica evaluacion,,2023.0,Supervisado,PIURA,TALARA,EL ALTO
-81.23973,-4.28096,EA1762,Peña Negra,CNPC - Corporación Nacional de Petróleos de China S.A.,Etapa II - HAZCO,Sin afectación,0.0,Unica evaluacion,,2023.0,Supervisado,PIURA,TALARA,EL ALTO
-81.23806,-4.25799,EA1764,Peña Negra,CNPC - Corporación Nacional de Petróleos de China S.A.,Etapa II - HAZCO,En ejecución,0.0,Unica evaluacion,,,Planificado,PIURA,TALARA,EL ALTO
-81.23871,-4.27662,EA1781,Peña Negra,CNPC - Corporación Nacional de Petróleos de China S.A.,Etapa II - HAZCO,Sin afectación,0.0,Unica evaluacion,,2023.0,Supervisado,PIURA,TALARA,EL ALTO
-81.24643,-4.26402,EA1867,Peña Negra,CNPC - Corporación Nacional de Petróleos de China S.A.,Etapa II - HAZCO,Sin afectación,0.0,Unica evaluacion,,2023.0,Supervisado,PIURA,TALARA,EL ALTO
-81.2326,-4.27567,EA1878,Peña Negra,CNPC - Corporación Nacional de Petróleos de China S.A.,Etapa II - HAZCO,Sin afectación,0.0,Unica evaluacion,,2023.0,Supervisado,PIURA,TALARA,EL ALTO
-81.24608,-4.26842,EA1887,Peña Negra,CNPC - Corporación Nacional de Petróleos de China S.A.,Etapa II - HAZCO,Sin afectación,0.0,Unica evaluacion,,2023.0,Supervisado,PIURA,TALARA,EL ALTO
-81.24608,-4.26842,EA5919D,Peña Negra,CNPC - Corporación Nacional de Petróleos de China S.A.,Etapa II - HAZCO,Sin afectación,0.0,Unica evaluacion,,2023.0,Por definir,PIURA,TALARA,EL ALTO
-81.24608,-4.26842,EA5918D,Peña Negra,CNPC - Corporación Nacional de Petróleos de China S.A.,Etapa II - HAZCO,Sin afectación,0.0,Unica evaluacion,,2023.0,Por definir,PIURA,TALARA,EL ALTO
-81.24293,-4.28165,EA1927,Peña Negra,CNPC - Corporación Nacional de Petróleos de China S.A.,Etapa II - HAZCO,Sin afectación,0.0,Unica evaluacion,,2023.0,Supervisado,PIURA,TALARA,EL ALTO
-81.23189,-4.26911,EA2002,Peña Negra,CNPC - Corporación Nacional de Petróleos de China S.A.,Etapa II - HAZCO,Sin afectación,0.0,Unica evaluacion,,2023.0,Supervisado,PIURA,TALARA,EL ALTO
-81.23775,-4.27888,EA2259,Peña Negra,CNPC - Corporación Nacional de Petróleos de China S.A.,Etapa II - HAZCO,Con afectación,50.0,Unica evaluacion,1,2022.0,Supervisado,PIURA,TALARA,EL ALTO
-81.23273,-4.27306,EA5652,Peña Negra,CNPC - Corporación Nacional de Petróleos de China S.A.,Etapa II - HAZCO,Con afectación,8.0,Unica evaluacion,2,2025.0,Supervisado,PIURA,TALARA,EL ALTO
-81.24792,-4.27533,EA5653D,Peña Negra,CNPC - Corporación Nacional de Petróleos de China S.A.,Etapa II - HAZCO,Sin afectación,0.0,Unica evaluacion,,2023.0,Supervisado,PIURA,TALARA,EL ALTO
-81.23556,-4.27046,EA5679,Peña Negra,CNPC - Corporación Nacional de Petróleos de China S.A.,Etapa II - HAZCO,Sin afectación,0.0,Unica evaluacion,,2025.0,Supervisado,PIURA,TALARA,EL ALTO
-81.23192,-4.27215,EA5688,Peña Negra,CNPC - Corporación Nacional de Petróleos de China S.A.,Etapa II - HAZCO,Sin afectación,0.0,Unica evaluacion,,2023.0,Supervisado,PIURA,TALARA,EL ALTO
-81.23879,-4.26836,EA5694,Peña Negra,CNPC - Corporación Nacional de Petróleos de China S.A.,Etapa II - HAZCO,Sin afectación,0.0,Unica evaluacion,,2023.0,Supervisado,PIURA,TALARA,EL ALTO
-81.23993,-4.27853,EA5896,Peña Negra,CNPC - Corporación Nacional de Petróleos de China S.A.,Etapa II - HAZCO,Sin afectación,0.0,Unica evaluacion,,2023.0,Supervisado,PIURA,TALARA,EL ALTO
-81.25119,-4.27433,EA5908D,Peña Negra,CNPC - Corporación Nacional de Petróleos de China S.A.,Etapa II - HAZCO,No supervisada,0.0,Unica evaluacion,,,No supervisado,PIURA,TALARA,EL ALTO
-81.24345,-4.2767,EA5949,Peña Negra,CNPC - Corporación Nacional de Petróleos de China S.A.,Etapa II - HAZCO,Sin afectación,0.0,Unica evaluacion,,2023.0,Supervisado,PIURA,TALARA,EL ALTO
-81.25253,-4.27779,EA6006,Peña Negra,CNPC - Corporación Nacional de Petróleos de China S.A.,Etapa II - HAZCO,Sin afectación,0.0,Unica evaluacion,,2023.0,Supervisado,PIURA,TALARA,EL ALTO
-81.15105,-4.26108,EA10232,Central,CNPC - Corporación Nacional de Petróleos de China S.A.,Etapa I - COSAPI,Sin afectación,0.0,1ra Evaluacion,,2025.0,Supervisado,PIURA,TALARA,EL ALTO
-81.14575,-4.2575,EA2143,Somatito,CNPC - Corporación Nacional de Petróleos de China S.A.,Etapa I - COSAPI,Sin afectación,0.0,1ra Evaluacion,,2025.0,Supervisado,PIURA,TALARA,EL ALTO
-81.14913,-4.26156,PQA-EA1967,Zapotal,CNPC - Corporación Nacional de Petróleos de China S.A.,Etapa I - COSAPI,No supervisada,0.0,1ra evaluacion,,,Observado,PIURA,TALARA,EL ALTO
-81.15021,-4.25669,EA9199,Somatito,CNPC - Corporación Nacional de Petróleos de China S.A.,Etapa I - COSAPI,No supervisada,0.0,1ra Evaluacion,,,Verificado,PIURA,TALARA,EL ALTO
-81.15201,-4.26855,EA9542,Central,CNPC - Corporación Nacional de Petróleos de China S.A.,Etapa I - COSAPI,No supervisada,0.0,1ra Evaluacion,,,Observado,PIURA,TALARA,EL ALTO
-81.14826,-4.25714,EA1348,Somatito,CNPC - Corporación Nacional de Petróleos de China S.A.,Etapa I - COSAPI,No supervisada,0.0,1ra Evaluacion,,,Verificado,PIURA,TALARA,EL ALTO
-81.15542,-4.26094,EA10134,Central,CNPC - Corporación Nacional de Petróleos de China S.A.,Etapa I - COSAPI,Sin afectación,0.0,1ra Evaluacion,,2025.0,Supervisado,PIURA,TALARA,EL ALTO
-81.15155,-4.25793,EA10523,Ballena,CNPC - Corporación Nacional de Petróleos de China S.A.,Etapa I - COSAPI,Sin afectación,0.0,1ra Evaluacion,,2025.0,Supervisado,PIURA,TALARA,EL ALTO
-81.14511,-4.25886,EA10228,Somatito,CNPC - Corporación Nacional de Petróleos de China S.A.,Etapa I - COSAPI,Sin afectación,0.0,1ra Evaluacion,,2023.0,Supervisado,PIURA,TALARA,EL ALTO
-81.15265,-4.27345,EA1957,Central,CNPC - Corporación Nacional de Petróleos de China S.A.,Etapa I - COSAPI,No supervisada,0.0,1ra Evaluacion,,,Observado,PIURA,TALARA,EL ALTO
-81.14911,-4.2702,EA1019,Zapotal,CNPC - Corporación Nacional de Petróleos de China S.A.,Etapa I - COSAPI,No supervisada,0.0,1ra Evaluacion,,,Observado,PIURA,TALARA,EL ALTO
-81.14858,-4.25942,PQA-EA9719,Somatito,CNPC - Corporación Nacional de Petróleos de China S.A.,Etapa I - COSAPI,Sin afectación,0.0,1ra Evaluacion,,2025.0,Supervisado,PIURA,TALARA,EL ALTO
-81.14714,-4.27274,PQA-EA9577,Zapotal,CNPC - Corporación Nacional de Petróleos de China S.A.,Etapa I - COSAPI,No supervisada,0.0,1ra Evaluacion,,,Observado,PIURA,TALARA,EL ALTO
-81.13468,-4.25881,EA10123,Somatito,CNPC - Corporación Nacional de Petróleos de China S.A.,Etapa I - COSAPI,Sin afectación,0.0,1ra Evaluacion,,2023.0,Supervisado,PIURA,TALARA,EL ALTO
-81.14354,-4.25708,EA10001,Somatito,CNPC - Corporación Nacional de Petróleos de China S.A.,Etapa I - COSAPI,Sin afectación,0.0,1ra Evaluacion,,2023.0,Supervisado,PIURA,TALARA,EL ALTO
-81.14334,-4.25845,EA1321,Somatito,CNPC - Corporación Nacional de Petróleos de China S.A.,Etapa I - COSAPI,Sin afectación,0.0,1ra Evaluacion,,2023.0,Supervisado,PIURA,TALARA,EL ALTO
-81.15137,-4.25666,EA2292,Ballena,CNPC - Corporación Nacional de Petróleos de China S.A.,Etapa I - COSAPI,Con afectación,3.0,1ra Evaluacion,1,2025.0,Supervisado,PIURA,TALARA,EL ALTO
-81.14334,-4.25845,EA1304,Somatito,CNPC - Corporación Nacional de Petróleos de China S.A.,Etapa I - COSAPI,Sin afectación,0.0,1ra Evaluacion,,2023.0,Supervisado,PIURA,TALARA,EL ALTO
-81.13885,-4.25973,EA1191,Somatito,CNPC - Corporación Nacional de Petróleos de China S.A.,Etapa I - COSAPI,Sin afectación,0.0,1ra Evaluacion,,2025.0,Supervisado,PIURA,TALARA,EL ALTO
-81.14551,-4.25592,EA10143,Somatito,CNPC - Corporación Nacional de Petróleos de China S.A.,Etapa I - COSAPI,Sin afectación,0.0,1ra Evaluacion,,2025.0,Supervisado,PIURA,TALARA,EL ALTO
-81.14478,-4.25845,MNF-MC10-ZA01,Somatito,CNPC - Corporación Nacional de Petróleos de China S.A.,Etapa I - COSAPI,Con afectación,3.0,1ra Evaluacion,1,2025.0,Supervisado,PIURA,TALARA,EL ALTO
-81.14379,-4.25587,EA1885,Somatito,CNPC - Corporación Nacional de Petróleos de China S.A.,Etapa I - COSAPI,Sin afectación,0.0,1ra Evaluacion,,2025.0,Supervisado,PIURA,TALARA,EL ALTO
-81.13622,-4.25977,EA10124,Somatito,CNPC - Corporación Nacional de Petróleos de China S.A.,Etapa I - COSAPI,Sin afectación,0.0,1ra Evaluacion,,2023.0,Supervisado,PIURA,TALARA,EL ALTO
-81.14051,-4.25936,EA10521,Somatito,CNPC - Corporación Nacional de Petróleos de China S.A.,Etapa I - COSAPI,Sin afectación,0.0,1ra Evaluacion,,2023.0,Supervisado,PIURA,TALARA,EL ALTO
-81.13621,-4.25828,EA10129,Somatito,CNPC - Corporación Nacional de Petróleos de China S.A.,Etapa I - COSAPI,Sin afectación,0.0,1ra Evaluacion,,2023.0,Supervisado,PIURA,TALARA,EL ALTO
-81.13818,-4.25815,EA10286,Somatito,CNPC - Corporación Nacional de Petróleos de China S.A.,Etapa I - COSAPI,Sin afectación,0.0,1ra Evaluacion,,2023.0,Supervisado,PIURA,TALARA,EL ALTO
-81.13563,-4.25925,EA7164,Somatito,CNPC - Corporación Nacional de Petróleos de China S.A.,Etapa I - COSAPI,No supervisada,0.0,1ra Evaluacion,,,Observado,PIURA,TALARA,EL ALTO
-81.09108,-4.22859,EA5617,Laguna,CNPC - Corporación Nacional de Petróleos de China S.A.,Etapa I - COSAPI,Sin afectación,0.0,1ra Evaluacion,,2023.0,Supervisado,PIURA,TALARA,EL ALTO
-81.13393,-4.27547,PQA-EA10273,Zapotal,CNPC - Corporación Nacional de Petróleos de China S.A.,Etapa I - COSAPI,No supervisada,0.0,1ra Evaluacion,,,Observado,PIURA,TALARA,EL ALTO
-81.15232,-4.25587,EA10224,Ballena,CNPC - Corporación Nacional de Petróleos de China S.A.,Etapa I - COSAPI,Sin afectación,0.0,1ra Evaluacion,,2025.0,Supervisado,PIURA,TALARA,EL ALTO
-81.0846,-4.23081,EA5728,Laguna,CNPC - Corporación Nacional de Petróleos de China S.A.,Etapa I - COSAPI,Sin afectación,0.0,1ra Evaluacion,,2024.0,Supervisado,PIURA,TALARA,EL ALTO
-81.09428,-4.22693,EA5751,Laguna,CNPC - Corporación Nacional de Petróleos de China S.A.,Etapa I - COSAPI,Con afectación,135.07,1ra Evaluacion,1,2023.0,Supervisado,PIURA,TALARA,EL ALTO
-81.08756,-4.2293,EA2516,Laguna,CNPC - Corporación Nacional de Petróleos de China S.A.,Etapa I - COSAPI,Sin afectación,0.0,1ra Evaluacion,,2025.0,Supervisado,PIURA,TALARA,EL ALTO
-81.09374,-4.23065,EA2494,Laguna,CNPC - Corporación Nacional de Petróleos de China S.A.,Etapa I - COSAPI,Sin afectación,0.0,1ra Evaluacion,,2023.0,Supervisado,PIURA,TALARA,EL ALTO
-81.15319,-4.26669,EA9698,Central,CNPC - Corporación Nacional de Petróleos de China S.A.,Etapa I - COSAPI,No supervisada,0.0,1ra Evaluacion,,,Observado,PIURA,TALARA,EL ALTO
-81.14227,-4.268,PQA-EA10627A,Zapotal,CNPC - Corporación Nacional de Petróleos de China S.A.,Etapa I - COSAPI,Sin afectación,0.0,1ra Evaluacion,,2025.0,Supervisado,PIURA,TALARA,EL ALTO
-81.0805,-4.23587,EA5911,Laguna,CNPC - Corporación Nacional de Petróleos de China S.A.,Etapa I - COSAPI,Sin afectación,0.0,1ra Evaluacion,,2023.0,Supervisado,PIURA,TALARA,EL ALTO
-81.08373,-4.23468,EA5781,Laguna,CNPC - Corporación Nacional de Petróleos de China S.A.,Etapa I - COSAPI,Sin afectación,0.0,1ra Evaluacion,,2022.0,Supervisado,PIURA,TALARA,EL ALTO
-81.08168,-4.23255,EA5803,Laguna,CNPC - Corporación Nacional de Petróleos de China S.A.,Etapa I - COSAPI,Sin afectación,0.0,1ra Evaluacion,,2024.0,Supervisado,PIURA,TALARA,EL ALTO
-81.14647,-4.26043,PQA-EA1952,Zapotal,CNPC - Corporación Nacional de Petróleos de China S.A.,Etapa I - COSAPI,Sin afectación,0.0,1ra Evaluacion,,2025.0,Supervisado,PIURA,TALARA,EL ALTO
-81.1336,-4.2787,PQA-EA1141,Zapotal,CNPC - Corporación Nacional de Petróleos de China S.A.,Etapa I - COSAPI,Sin afectación,0.0,1ra Evaluacion,,2025.0,Supervisado,PIURA,TALARA,EL ALTO
-81.13874,-4.28583,PQA-EA9829,Zapotal,CNPC - Corporación Nacional de Petróleos de China S.A.,Etapa I - COSAPI,Sin afectación,0.0,1ra Evaluacion,,2025.0,Supervisado,PIURA,TALARA,EL ALTO
-81.14048,-4.28602,PQA-EA1186,Zapotal,CNPC - Corporación Nacional de Petróleos de China S.A.,Etapa I - COSAPI,Con afectación,12.0,1ra Evaluacion,4,2025.0,Supervisado,PIURA,TALARA,EL ALTO
-81.07654,-4.23631,EA7083,Laguna,CNPC - Corporación Nacional de Petróleos de China S.A.,Etapa I - COSAPI,Sin afectación,0.0,1ra Evaluacion,,2024.0,Supervisado,PIURA,TALARA,EL ALTO
-81.13198,-4.29044,PQA-EA9529,Zapotal,CNPC - Corporación Nacional de Petróleos de China S.A.,Etapa I - COSAPI,No supervisada,0.0,1ra Evaluacion,,,Verificado,PIURA,TALARA,EL ALTO
-81.13183,-4.27759,PQA-EA9306,Zapotal,CNPC - Corporación Nacional de Petróleos de China S.A.,Etapa I - COSAPI,No supervisada,0.0,1ra Evaluacion,,,Observado,PIURA,TALARA,EL ALTO
-81.12588,-4.27658,PQA-EA9857,Zapotal,CNPC - Corporación Nacional de Petróleos de China S.A.,Etapa I - COSAPI,Sin afectación,0.0,1ra Evaluacion,,2025.0,Supervisado,PIURA,TALARA,EL ALTO
-81.14699,-4.26179,PQA-EA998,Zapotal,CNPC - Corporación Nacional de Petróleos de China S.A.,Etapa I - COSAPI,Con afectación,3.0,1ra Evaluacion,1,2025.0,Supervisado,PIURA,TALARA,EL ALTO
-81.12904,-4.27915,PQA-EA9962,Zapotal,CNPC - Corporación Nacional de Petróleos de China S.A.,Etapa I - COSAPI,No supervisada,0.0,1ra Evaluacion,,,Planificado,PIURA,TALARA,EL ALTO
-81.13571,-4.27859,PQA-EA9859,Zapotal,CNPC - Corporación Nacional de Petróleos de China S.A.,Etapa I - COSAPI,Sin afectación,0.0,1ra Evaluacion,,2022.0,Supervisado,PIURA,TALARA,EL ALTO
-81.14181,-4.26676,PQA-EA10268,Zapotal,CNPC - Corporación Nacional de Petróleos de China S.A.,Etapa I - COSAPI,Sin afectación,0.0,1ra Evaluacion,,2025.0,Supervisado,PIURA,TALARA,EL ALTO
-81.13194,-4.28519,PQA-EA9551,Zapotal,CNPC - Corporación Nacional de Petróleos de China S.A.,Etapa I - COSAPI,No supervisada,0.0,1ra Evaluacion,,,Planificado,PIURA,TALARA,EL ALTO
-81.13751,-4.28486,PQA-EA2126,Zapotal,CNPC - Corporación Nacional de Petróleos de China S.A.,Etapa I - COSAPI,No supervisada,0.0,1ra Evaluacion,,,Observado,PIURA,TALARA,EL ALTO
-81.13496,-4.28431,PQA-EA1206,Zapotal,CNPC - Corporación Nacional de Petróleos de China S.A.,Etapa I - COSAPI,Sin afectación,0.0,1ra Evaluacion,,2025.0,Supervisado,PIURA,TALARA,EL ALTO
-81.14094,-4.25797,EA10287,Somatito,CNPC - Corporación Nacional de Petróleos de China S.A.,Etapa I - COSAPI,No supervisada,0.0,1ra Evaluacion,,,Verificado,PIURA,TALARA,EL ALTO
-81.14205,-4.28972,PQA-EA9687,Zapotal,CNPC - Corporación Nacional de Petróleos de China S.A.,Etapa I - COSAPI,En ejecución,0.0,1ra Evaluacion,,,Planificado,PIURA,TALARA,EL ALTO
-81.12972,-4.28891,PQA-EA9531,Zapotal,CNPC - Corporación Nacional de Petróleos de China S.A.,Etapa I - COSAPI,No supervisada,0.0,1ra Evaluacion,,,Verificado,PIURA,TALARA,EL ALTO
-81.08679,-4.22529,EA5629A,Laguna,CNPC - Corporación Nacional de Petróleos de China S.A.,Etapa I - COSAPI,Sin afectación,0.0,1ra Evaluacion,,2023.0,Supervisado,PIURA,TALARA,LOS ORGANOS
-81.1255,-4.28354,PQA-EA9414,Zapotal,CNPC - Corporación Nacional de Petróleos de China S.A.,Etapa I - COSAPI,Sin afectación,0.0,1ra Evaluacion,,2025.0,Supervisado,PIURA,TALARA,EL ALTO
-81.09042,-4.22511,EA5646,Laguna,CNPC - Corporación Nacional de Petróleos de China S.A.,Etapa I - COSAPI,No supervisada,0.0,1ra Evaluacion,,,Observado,PIURA,TALARA,LOS ORGANOS
-81.11657,-4.27625,PQA-EA10506,Zapotal,CNPC - Corporación Nacional de Petróleos de China S.A.,Etapa I - COSAPI,Sin afectación,0.0,1ra Evaluacion,,2024.0,Supervisado,PIURA,TALARA,EL ALTO
-81.07771,-4.22746,EA5630,Laguna,CNPC - Corporación Nacional de Petróleos de China S.A.,Etapa I - COSAPI,Sin afectación,0.0,1ra Evaluacion,,2023.0,Supervisado,PIURA,TALARA,EL ALTO
-81.12864,-4.27627,PQA-EA9313,Zapotal,CNPC - Corporación Nacional de Petróleos de China S.A.,Etapa I - COSAPI,Con afectación,8.0,1ra Evaluacion,2,2025.0,Supervisado,PIURA,TALARA,EL ALTO
-81.13904,-4.27146,PQA-EA10277,Zapotal,CNPC - Corporación Nacional de Petróleos de China S.A.,Etapa I - COSAPI,No supervisada,0.0,1ra Evaluacion,,,Observado,PIURA,TALARA,EL ALTO
-81.11561,-4.27913,PQA-EA1104,Zapotal,CNPC - Corporación Nacional de Petróleos de China S.A.,Etapa I - COSAPI,No supervisada,0.0,1ra Evaluacion,,,Verificado,PIURA,TALARA,EL ALTO
-81.14352,-4.28565,PQA-EA9844,Zapotal,CNPC - Corporación Nacional de Petróleos de China S.A.,Etapa I - COSAPI,Sin afectación,0.0,1ra Evaluacion,,2025.0,Supervisado,PIURA,TALARA,EL ALTO
-81.15157,-4.27168,PQA-EA9834,Central,CNPC - Corporación Nacional de Petróleos de China S.A.,Etapa I - COSAPI,No supervisada,0.0,,,,Verificado,PIURA,TALARA,EL ALTO
-81.13423,-4.27578,PQA-EA9853,Zapotal,CNPC - Corporación Nacional de Petróleos de China S.A.,Etapa I - COSAPI,No supervisada,0.0,1ra Evaluacion,,,Observado,PIURA,TALARA,EL ALTO
-81.1573,-4.28018,EA2269,Central,CNPC - Corporación Nacional de Petróleos de China S.A.,Etapa I - COSAPI,Con afectación,41.69,1ra Evaluacion,1,2024.0,Supervisado,PIURA,TALARA,EL ALTO
-81.12828,-4.27261,PQA-EA10401,Zapotal,CNPC - Corporación Nacional de Petróleos de China S.A.,Etapa I - COSAPI,Sin afectación,0.0,1ra Evaluacion,,2025.0,Supervisado,PIURA,TALARA,EL ALTO
-81.11126,-4.2769,PQA-EA9587,Zapotal,CNPC - Corporación Nacional de Petróleos de China S.A.,Etapa I - COSAPI,Sin afectación,0.0,1ra Evaluacion,,2024.0,Supervisado,PIURA,TALARA,EL ALTO
-81.13087,-4.27539,PQA-EA9552,Zapotal,CNPC - Corporación Nacional de Petróleos de China S.A.,Etapa I - COSAPI,No supervisada,0.0,,,,Observado,PIURA,TALARA,EL ALTO
-81.11516,-4.27702,PQA-EA9003,Zapotal,CNPC - Corporación Nacional de Petróleos de China S.A.,Etapa I - COSAPI,Sin afectación,0.0,1ra Evaluacion,,2022.0,Supervisado,PIURA,TALARA,EL ALTO
-81.11216,-4.27554,PQA-EA1237,Zapotal,CNPC - Corporación Nacional de Petróleos de China S.A.,Etapa I - COSAPI,No supervisada,0.0,1ra Evaluacion,,,Verificado,PIURA,TALARA,EL ALTO
-81.11819,-4.28161,PQA-EA10414,Zapotal,CNPC - Corporación Nacional de Petróleos de China S.A.,Etapa I - COSAPI,Con afectación,28.19,1ra Evaluacion,1,2024.0,Supervisado,PIURA,TALARA,EL ALTO
-81.10839,-4.27819,PQA-EA9588,Zapotal,CNPC - Corporación Nacional de Petróleos de China S.A.,Etapa I - COSAPI,No supervisada,0.0,1ra Evaluacion,,,Verificado,PIURA,TALARA,EL ALTO
-81.11259,-4.27762,PQA-EA9307,Zapotal,CNPC - Corporación Nacional de Petróleos de China S.A.,Etapa I - COSAPI,No supervisada,0.0,1ra Evaluacion,,2024.0,Observado,PIURA,TALARA,EL ALTO
-81.11144,-4.27886,PQA-EA9589,Zapotal,CNPC - Corporación Nacional de Petróleos de China S.A.,Etapa I - COSAPI,Con afectación,19.45,1ra Evaluacion,1,2024.0,Supervisado,PIURA,TALARA,EL ALTO
-81.12001,-4.28109,PQA-EA10222,Zapotal,CNPC - Corporación Nacional de Petróleos de China S.A.,Etapa I - COSAPI,No supervisada,0.0,1ra Evaluacion,,,Verificado,PIURA,TALARA,EL ALTO
-81.12683,-4.27611,PQA-EA609,Zapotal,CNPC - Corporación Nacional de Petróleos de China S.A.,Etapa I - COSAPI,No supervisada,0.0,1ra Evaluacion,,,Verificado,PIURA,TALARA,EL ALTO
-81.12433,-4.28405,PQA-EA9866,Zapotal,CNPC - Corporación Nacional de Petróleos de China S.A.,Etapa I - COSAPI,Sin afectación,0.0,1ra Evaluacion,,2025.0,Supervisado,PIURA,TALARA,EL ALTO
-81.07931,-4.23042,EA7072,Laguna,CNPC - Corporación Nacional de Petróleos de China S.A.,Etapa I - COSAPI,Sin afectación,0.0,1ra Evaluacion,,2023.0,Supervisado,PIURA,TALARA,EL ALTO
-81.15217,-4.28455,PQA-EA9833,Central,CNPC - Corporación Nacional de Petróleos de China S.A.,Etapa I - COSAPI,No supervisada,0.0,1ra Evaluacion,,,Observado,PIURA,TALARA,EL ALTO
-81.08421,-4.22669,EA5764,Laguna,CNPC - Corporación Nacional de Petróleos de China S.A.,Etapa I - COSAPI,Sin afectación,0.0,1ra Evaluacion,,2025.0,Supervisado,PIURA,TALARA,LOS ORGANOS
-81.08121,-4.22796,EA7073,Laguna,CNPC - Corporación Nacional de Petróleos de China S.A.,Etapa I - COSAPI,Sin afectación,0.0,1ra Evaluacion,,2023.0,Supervisado,PIURA,TALARA,EL ALTO
-81.07932,-4.2178,EA7019,Laguna,CNPC - Corporación Nacional de Petróleos de China S.A.,Etapa I - COSAPI,Sin afectación,0.0,1ra Evaluacion,,2023.0,Supervisado,PIURA,TALARA,LOS ORGANOS
-81.08276,-4.21796,EA5742,Laguna,CNPC - Corporación Nacional de Petróleos de China S.A.,Etapa I - COSAPI,Con afectación,36.2,1ra Evaluacion,1,2023.0,Supervisado,PIURA,TALARA,LOS ORGANOS
-81.11656,-4.27792,PQA-EA9282,Zapotal,CNPC - Corporación Nacional de Petróleos de China S.A.,Etapa I - COSAPI,Sin afectación,0.0,1ra Evaluacion,,2024.0,Supervisado,PIURA,TALARA,EL ALTO
-81.07935,-4.21429,EA5902,Laguna,CNPC - Corporación Nacional de Petróleos de China S.A.,Etapa I - COSAPI,Con afectación,4.0,1ra Evaluacion,1,2025.0,Supervisado,PIURA,TALARA,LOS ORGANOS
-81.07911,-4.22573,EA7566,Laguna,CNPC - Corporación Nacional de Petróleos de China S.A.,Etapa I - COSAPI,No supervisada,0.0,1ra Evaluacion,,,Observado,PIURA,TALARA,LOS ORGANOS
-81.087,-4.21798,EA5789,Laguna,CNPC - Corporación Nacional de Petróleos de China S.A.,Etapa I - COSAPI,Sin afectación,0.0,1ra Evaluacion,,2023.0,Supervisado,PIURA,TALARA,LOS ORGANOS
-81.08644,-4.22168,EA5714,Laguna,CNPC - Corporación Nacional de Petróleos de China S.A.,Etapa I - COSAPI,Sin afectación,0.0,1ra Evaluacion,,2023.0,Supervisado,PIURA,TALARA,LOS ORGANOS
-81.09068,-4.24954,PZA-BORRAS-ZA03,Laguna,CNPC - Corporación Nacional de Petróleos de China S.A.,Etapa I - COSAPI,No supervisada,0.0,1ra Evaluacion,,,Verificado,PIURA,TALARA,EL ALTO
-81.07866,-4.22527,EX-TANQUE-LA07,Laguna,CNPC - Corporación Nacional de Petróleos de China S.A.,Etapa I - COSAPI,No supervisada,0.0,1ra Evaluacion,,,Observado,PIURA,TALARA,LOS ORGANOS
-81.07578,-4.21295,EA7196,Laguna,CNPC - Corporación Nacional de Petróleos de China S.A.,Etapa I - COSAPI,Sin afectación,0.0,1ra Evaluacion,,2022.0,Supervisado,PIURA,TALARA,LOS ORGANOS
-81.07389,-4.20981,EA7191,Laguna,CNPC - Corporación Nacional de Petróleos de China S.A.,Etapa I - COSAPI,Sin afectación,0.0,1ra Evaluacion,,2025.0,Supervisado,PIURA,TALARA,LOS ORGANOS
-81.07147,-4.20718,EA7153,Laguna,CNPC - Corporación Nacional de Petróleos de China S.A.,Etapa I - COSAPI,No supervisada,0.0,1ra Evaluacion,,,Verificado,PIURA,TALARA,LOS ORGANOS
-81.091,-4.21195,EA2064,Laguna,CNPC - Corporación Nacional de Petróleos de China S.A.,Etapa I - COSAPI,Con afectación,5.0,1ra Evaluacion,1,2025.0,Supervisado,PIURA,TALARA,LOS ORGANOS
-81.07639,-4.2123,EA7017,Laguna,CNPC - Corporación Nacional de Petróleos de China S.A.,Etapa I - COSAPI,Sin afectación,0.0,1ra Evaluacion,,2025.0,Supervisado,PIURA,TALARA,LOS ORGANOS
-81.08882,-4.20883,EA1715,Laguna,CNPC - Corporación Nacional de Petróleos de China S.A.,Etapa I - COSAPI,Sin afectación,0.0,1ra Evaluacion,,2025.0,Supervisado,PIURA,TALARA,LOS ORGANOS
-81.09316,-4.21491,EA2123,Laguna,CNPC - Corporación Nacional de Petróleos de China S.A.,Etapa I - COSAPI,Sin afectación,0.0,1ra Evaluacion,,2025.0,Supervisado,PIURA,TALARA,LOS ORGANOS
-81.09694,-4.21781,EA2187,Laguna,CNPC - Corporación Nacional de Petróleos de China S.A.,Etapa I - COSAPI,Sin afectación,0.0,1ra Evaluacion,,2025.0,Supervisado,PIURA,TALARA,LOS ORGANOS
-81.09492,-4.21155,EA2169,Laguna,CNPC - Corporación Nacional de Petróleos de China S.A.,Etapa I - COSAPI,Sin afectación,0.0,1ra Evaluacion,,2025.0,Supervisado,PIURA,TALARA,LOS ORGANOS
-81.09441,-4.20491,PQA-EA2066,Laguna,CNPC - Corporación Nacional de Petróleos de China S.A.,Etapa I - COSAPI,No supervisada,0.0,1ra Evaluacion,,,Observado,PIURA,TALARA,LOS ORGANOS
-81.08517,-4.20879,EA2124,Laguna,CNPC - Corporación Nacional de Petróleos de China S.A.,Etapa I - COSAPI,Sin afectación,0.0,1ra Evaluacion,,2022.0,Supervisado,PIURA,TALARA,LOS ORGANOS
-81.10042,-4.21337,EA5678,Laguna,CNPC - Corporación Nacional de Petróleos de China S.A.,Etapa I - COSAPI,Sin afectación,0.0,1ra Evaluacion,,2025.0,Supervisado,PIURA,TALARA,LOS ORGANOS
-81.09339,-4.20835,EA2186,Laguna,CNPC - Corporación Nacional de Petróleos de China S.A.,Etapa I - COSAPI,Sin afectación,0.0,1ra Evaluacion,,2022.0,Supervisado,PIURA,TALARA,LOS ORGANOS
-81.09794,-4.21384,EA2188,Laguna,CNPC - Corporación Nacional de Petróleos de China S.A.,Etapa I - COSAPI,Sin afectación,0.0,1ra Evaluacion,,2025.0,Supervisado,PIURA,TALARA,LOS ORGANOS
-81.08956,-4.20437,EA6534,Laguna,CNPC - Corporación Nacional de Petróleos de China S.A.,Etapa I - COSAPI,No supervisada,0.0,1ra Evaluacion,,,Planificado,PIURA,TALARA,LOS ORGANOS
-81.05586,-4.20196,PCX2,Tunal,CNPC - Corporación Nacional de Petróleos de China S.A.,Etapa I - COSAPI,No supervisada,0.0,1ra Evaluacion,,,Planificado,PIURA,TALARA,LOS ORGANOS
-81.05473,-4.19856,PCX1,Tunal,CNPC - Corporación Nacional de Petróleos de China S.A.,Etapa I - COSAPI,No supervisada,0.0,1ra Evaluacion,,,Planificado,PIURA,TALARA,LOS ORGANOS
-81.10313,-4.21372,EA2239,Laguna,CNPC - Corporación Nacional de Petróleos de China S.A.,Etapa I - COSAPI,Sin afectación,0.0,1ra Evaluacion,,2025.0,Supervisado,PIURA,TALARA,LOS ORGANOS
-81.10048,-4.21653,EA2238,Laguna,CNPC - Corporación Nacional de Petróleos de China S.A.,Etapa I - COSAPI,No supervisada,0.0,1ra Evaluacion,,,Observado,PIURA,TALARA,LOS ORGANOS
-81.09856,-4.20946,EA7082,Laguna,CNPC - Corporación Nacional de Petróleos de China S.A.,Etapa I - COSAPI,Sin afectación,0.0,1ra Evaluacion,,2025.0,Supervisado,PIURA,TALARA,LOS ORGANOS
-81.10008,-4.22088,EA2114P,Laguna,CNPC - Corporación Nacional de Petróleos de China S.A.,Etapa I - COSAPI,Sin afectación,0.0,1ra Evaluacion,,2025.0,Supervisado,PIURA,TALARA,LOS ORGANOS
-81.10297,-4.21127,EA1870,Laguna,CNPC - Corporación Nacional de Petróleos de China S.A.,Etapa I - COSAPI,Con afectación,10.0,1ra Evaluacion,2,2025.0,Supervisado,PIURA,TALARA,LOS ORGANOS
-81.10042,-4.20511,EA2243,Laguna,CNPC - Corporación Nacional de Petróleos de China S.A.,Etapa I - COSAPI,Con afectación,20.0,1ra Evaluacion,4,2025.0,Supervisado,PIURA,TALARA,LOS ORGANOS
-81.09633,-4.22167,EA7567,Laguna,CNPC - Corporación Nacional de Petróleos de China S.A.,Etapa I - COSAPI,Sin afectación,0.0,1ra Evaluacion,,2023.0,Supervisado,PIURA,TALARA,LOS ORGANOS
-81.10086,-4.21084,EA2241,Laguna,CNPC - Corporación Nacional de Petróleos de China S.A.,Etapa I - COSAPI,Con afectación,15.0,1ra Evaluacion,3,2025.0,Supervisado,PIURA,TALARA,LOS ORGANOS
-81.09975,-4.22447,EA2343,Laguna,CNPC - Corporación Nacional de Petróleos de China S.A.,Etapa I - COSAPI,Sin afectación,0.0,1ra Evaluacion,,2025.0,Supervisado,PIURA,TALARA,LOS ORGANOS
-81.09775,-4.20776,EA2196,Laguna,CNPC - Corporación Nacional de Petróleos de China S.A.,Etapa I - COSAPI,Con afectación,10.0,1ra Evaluacion,2,2025.0,Supervisado,PIURA,TALARA,LOS ORGANOS
-81.09728,-4.20305,EA2304,Laguna,CNPC - Corporación Nacional de Petróleos de China S.A.,Etapa I - COSAPI,No supervisada,0.0,1ra Evaluacion,,,Observado,PIURA,TALARA,LOS ORGANOS
-81.08907,-4.25368,BAT-ZA03,Laguna,CNPC - Corporación Nacional de Petróleos de China S.A.,Etapa I - COSAPI,No supervisada,0.0,1ra Evaluacion,,,Verificado,PIURA,TALARA,EL ALTO
-81.09764,-4.22909,EA2514,Laguna,CNPC - Corporación Nacional de Petróleos de China S.A.,Etapa I - COSAPI,No supervisada,0.0,1ra Evaluacion,,,Observado,PIURA,TALARA,EL ALTO
-81.10103,-4.22787,EA1765,Laguna,CNPC - Corporación Nacional de Petróleos de China S.A.,Etapa I - COSAPI,Con afectación,5.0,1ra Evaluacion,1,2025.0,Supervisado,PIURA,TALARA,EL ALTO
-81.11679,-4.28463,BAT-ZA02,Zapotal,CNPC - Corporación Nacional de Petróleos de China S.A.,Etapa I - COSAPI,Sin afectación,0.0,1ra Evaluacion,,2025.0,Supervisado,PIURA,TALARA,EL ALTO
-81.10648,-4.22583,EA2276,Laguna,CNPC - Corporación Nacional de Petróleos de China S.A.,Etapa I - COSAPI,Sin afectación,0.0,1ra Evaluacion,,2025.0,Supervisado,PIURA,TALARA,LOS ORGANOS
-81.10331,-4.22427,EA2237,Laguna,CNPC - Corporación Nacional de Petróleos de China S.A.,Etapa I - COSAPI,Sin afectación,0.0,1ra Evaluacion,,2025.0,Supervisado,PIURA,TALARA,LOS ORGANOS
-81.10459,-4.22838,EA2109,Laguna,CNPC - Corporación Nacional de Petróleos de China S.A.,Etapa I - COSAPI,Con afectación,5.0,1ra Evaluacion,1,2025.0,Supervisado,PIURA,TALARA,EL ALTO
-81.10952,-4.22784,EA2294,Laguna,CNPC - Corporación Nacional de Petróleos de China S.A.,Etapa I - COSAPI,Sin afectación,0.0,1ra Evaluacion,,2025.0,Supervisado,PIURA,TALARA,EL ALTO
-81.10354,-4.22048,EA2399,Laguna,CNPC - Corporación Nacional de Petróleos de China S.A.,Etapa I - COSAPI,Sin afectación,0.0,1ra Evaluacion,,2025.0,Supervisado,PIURA,TALARA,LOS ORGANOS
-81.10901,-4.2208,EA10427,Laguna,CNPC - Corporación Nacional de Petróleos de China S.A.,Etapa I - COSAPI,Sin afectación,0.0,1ra Evaluacion,,2025.0,Supervisado,PIURA,TALARA,LOS ORGANOS
-81.11145,-4.224,EA6159,Laguna,CNPC - Corporación Nacional de Petróleos de China S.A.,Etapa I - COSAPI,Sin afectación,0.0,1ra Evaluacion,,2025.0,Supervisado,PIURA,TALARA,LOS ORGANOS
-81.10817,-4.22283,EA2306,Laguna,CNPC - Corporación Nacional de Petróleos de China S.A.,Etapa I - COSAPI,Sin afectación,0.0,1ra Evaluacion,,2025.0,Supervisado,PIURA,TALARA,LOS ORGANOS
-81.15579,-4.28432,EA5739,Central,CNPC - Corporación Nacional de Petróleos de China S.A.,Etapa I - COSAPI,Sin afectación,0.0,1ra Evaluacion,,2022.0,Supervisado,PIURA,TALARA,EL ALTO
-81.11124,-4.22464,EA7091,Laguna,CNPC - Corporación Nacional de Petróleos de China S.A.,Etapa I - COSAPI,Sin afectación,0.0,1ra Evaluacion,,2025.0,Supervisado,PIURA,TALARA,LOS ORGANOS
-81.1084,-4.23094,EA7103D,Laguna,CNPC - Corporación Nacional de Petróleos de China S.A.,Etapa I - COSAPI,No supervisada,0.0,1ra Evaluacion,,2023.0,Observado,PIURA,TALARA,EL ALTO
-81.10776,-4.23095,EA2372,Laguna,CNPC - Corporación Nacional de Petróleos de China S.A.,Etapa I - COSAPI,Sin afectación,0.0,1ra Evaluacion,,2023.0,Supervisado,PIURA,TALARA,EL ALTO
-81.10817,-4.2373,EA6231,Laguna,CNPC - Corporación Nacional de Petróleos de China S.A.,Etapa I - COSAPI,Sin afectación,0.0,1ra Evaluacion,,2023.0,Supervisado,PIURA,TALARA,EL ALTO
-81.10624,-4.23586,EA6118,Laguna,CNPC - Corporación Nacional de Petróleos de China S.A.,Etapa I - COSAPI,No supervisada,0.0,1ra Evaluacion,,2023.0,Observado,PIURA,TALARA,EL ALTO
-81.10557,-4.23346,EA2278,Laguna,CNPC - Corporación Nacional de Petróleos de China S.A.,Etapa I - COSAPI,No supervisada,0.0,1ra Evaluacion,,2023.0,Observado,PIURA,TALARA,EL ALTO
-81.18601,-4.25753,PZA-BORRAS-EA5998,Ballena,CNPC - Corporación Nacional de Petróleos de China S.A.,Etapa I - COSAPI,Sin afectación,0.0,1ra Evaluacion,,2023.0,Supervisado,PIURA,TALARA,EL ALTO
-81.10379,-4.23524,EA5810,Laguna,CNPC - Corporación Nacional de Petróleos de China S.A.,Etapa I - COSAPI,No supervisada,0.0,1ra Evaluacion,,2023.0,Observado,PIURA,TALARA,EL ALTO
-81.10248,-4.23137,EA6447,Laguna,CNPC - Corporación Nacional de Petróleos de China S.A.,Etapa I - COSAPI,Sin afectación,0.0,1ra Evaluacion,,2025.0,Supervisado,PIURA,TALARA,EL ALTO
-81.09416,-4.22057,MNF-MC01-LA07,Laguna,CNPC - Corporación Nacional de Petróleos de China S.A.,Etapa I - COSAPI,Sin afectación,0.0,1ra Evaluacion,,2025.0,Supervisado,PIURA,TALARA,LOS ORGANOS
-81.18601,-4.25753,EA5998,Ballena,CNPC - Corporación Nacional de Petróleos de China S.A.,Etapa I - COSAPI,Con afectación,0.0,,2,2024.0,Supervisado,PIURA,TALARA,EL ALTO
-81.18221,-4.2581,EA5898,Ballena,CNPC - Corporación Nacional de Petróleos de China S.A.,Etapa I - COSAPI,Sin afectación,0.0,1ra Evaluacion,,2023.0,Supervisado,PIURA,TALARA,EL ALTO
-81.18938,-4.2604,EA5937,Ballena,CNPC - Corporación Nacional de Petróleos de China S.A.,Etapa I - COSAPI,Sin afectación,0.0,1ra Evaluacion,,2023.0,Supervisado,PIURA,TALARA,EL ALTO
-81.18452,-4.26087,EA1690,Ballena,CNPC - Corporación Nacional de Petróleos de China S.A.,Etapa I - COSAPI,Sin afectación,0.0,1ra Evaluacion,,2023.0,Supervisado,PIURA,TALARA,EL ALTO
-81.10003,-4.21608,QDA-BAT-LA07,Laguna,CNPC - Corporación Nacional de Petróleos de China S.A.,Etapa I - COSAPI,Sin afectación,0.0,1ra Evaluacion,,2025.0,Supervisado,PIURA,TALARA,LOS ORGANOS
-81.114,-4.22694,EA2329,Laguna,CNPC - Corporación Nacional de Petróleos de China S.A.,Etapa I - COSAPI,No supervisada,0.0,1ra Evaluacion,,2023.0,Observado,PIURA,TALARA,EL ALTO
-81.11558,-4.22367,EA6169,Somatito,CNPC - Corporación Nacional de Petróleos de China S.A.,Etapa I - COSAPI,No supervisada,0.0,1ra Evaluacion,,2023.0,Observado,PIURA,TALARA,LOS ORGANOS
-81.11227,-4.23743,EA7087,Laguna,CNPC - Corporación Nacional de Petróleos de China S.A.,Etapa I - COSAPI,Sin afectación,0.0,1ra Evaluacion,,2023.0,Supervisado,PIURA,TALARA,EL ALTO
-81.12831,-4.23265,EA2378E,Somatito,CNPC - Corporación Nacional de Petróleos de China S.A.,Etapa I - COSAPI,Sin afectación,0.0,1ra Evaluacion,,2025.0,Supervisado,PIURA,TALARA,EL ALTO
-81.11236,-4.23016,EA2311,Laguna,CNPC - Corporación Nacional de Petróleos de China S.A.,Etapa I - COSAPI,No supervisada,0.0,1ra Evaluacion,,2023.0,Observado,PIURA,TALARA,EL ALTO
-81.12793,-4.23283,EA10142,Somatito,CNPC - Corporación Nacional de Petróleos de China S.A.,Etapa I - COSAPI,Sin afectación,0.0,1ra Evaluacion,,2025.0,Supervisado,PIURA,TALARA,EL ALTO
-81.1135,-4.22539,EA6132,Laguna,CNPC - Corporación Nacional de Petróleos de China S.A.,Etapa I - COSAPI,No supervisada,0.0,1ra Evaluacion,,,Observado,PIURA,TALARA,LOS ORGANOS
-81.11119,-4.23884,EA7586,Laguna,CNPC - Corporación Nacional de Petróleos de China S.A.,Etapa I - COSAPI,No supervisada,0.0,1ra Evaluacion,,2023.0,Observado,PIURA,TALARA,EL ALTO
-81.1098,-4.23392,EA5852,Laguna,CNPC - Corporación Nacional de Petróleos de China S.A.,Etapa I - COSAPI,No supervisada,0.0,1ra Evaluacion,,2023.0,Observado,PIURA,TALARA,EL ALTO
-81.11662,-4.23229,EA9426,Somatito,CNPC - Corporación Nacional de Petróleos de China S.A.,Etapa I - COSAPI,Sin afectación,0.0,1ra Evaluacion,,2023.0,Supervisado,PIURA,TALARA,EL ALTO
-81.11035,-4.24023,EA2437,Laguna,CNPC - Corporación Nacional de Petróleos de China S.A.,Etapa I - COSAPI,No supervisada,0.0,1ra Evaluacion,,2023.0,Observado,PIURA,TALARA,EL ALTO
-81.11406,-4.24022,EA6228,Laguna,CNPC - Corporación Nacional de Petróleos de China S.A.,Etapa I - COSAPI,Sin afectación,0.0,1ra Evaluacion,,2023.0,Supervisado,PIURA,TALARA,EL ALTO
-81.11314,-4.23489,EA2324,Laguna,CNPC - Corporación Nacional de Petróleos de China S.A.,Etapa I - COSAPI,Sin afectación,0.0,1ra Evaluacion,,2023.0,Supervisado,PIURA,TALARA,EL ALTO
-81.11577,-4.23036,EA9477,Somatito,CNPC - Corporación Nacional de Petróleos de China S.A.,Etapa I - COSAPI,Sin afectación,0.0,1ra Evaluacion,,2023.0,Supervisado,PIURA,TALARA,EL ALTO
-81.12023,-4.22898,EA1263,Somatito,CNPC - Corporación Nacional de Petróleos de China S.A.,Etapa I - COSAPI,Sin afectación,0.0,1ra Evaluacion,,2025.0,Supervisado,PIURA,TALARA,EL ALTO
-81.12212,-4.22783,EA9437,Somatito,CNPC - Corporación Nacional de Petróleos de China S.A.,Etapa I - COSAPI,Sin afectación,0.0,1ra Evaluacion,,2025.0,Supervisado,PIURA,TALARA,EL ALTO
-81.11506,-4.24531,EA6229,Somatito,CNPC - Corporación Nacional de Petróleos de China S.A.,Etapa I - COSAPI,No supervisada,0.0,1ra Evaluacion,,2023.0,Observado,PIURA,TALARA,EL ALTO
-81.11205,-4.24317,EA2414E,Laguna,CNPC - Corporación Nacional de Petróleos de China S.A.,Etapa I - COSAPI,Sin afectación,0.0,1ra Evaluacion,,2023.0,Supervisado,PIURA,TALARA,EL ALTO
-81.1226,-4.2338,EA9406,Somatito,CNPC - Corporación Nacional de Petróleos de China S.A.,Etapa I - COSAPI,Sin afectación,0.0,1ra Evaluacion,,2025.0,Supervisado,PIURA,TALARA,EL ALTO
-81.12483,-4.23498,EA1759,Somatito,CNPC - Corporación Nacional de Petróleos de China S.A.,Etapa I - COSAPI,Sin afectación,0.0,1ra Evaluacion,,2025.0,Supervisado,PIURA,TALARA,EL ALTO
-81.12033,-4.23091,EA2323E,Somatito,CNPC - Corporación Nacional de Petróleos de China S.A.,Etapa I - COSAPI,Con afectación,54.47,1ra Evaluacion,1,2023.0,Supervisado,PIURA,TALARA,EL ALTO
-81.11201,-4.25112,EA6384,Laguna,CNPC - Corporación Nacional de Petróleos de China S.A.,Etapa I - COSAPI,No supervisada,0.0,1ra Evaluacion,,,Observado,PIURA,TALARA,EL ALTO
-81.12417,-4.23012,EA9479,Somatito,CNPC - Corporación Nacional de Petróleos de China S.A.,Etapa I - COSAPI,Sin afectación,0.0,1ra Evaluacion,,2025.0,Supervisado,PIURA,TALARA,EL ALTO
-81.12382,-4.22848,EA1792,Somatito,CNPC - Corporación Nacional de Petróleos de China S.A.,Etapa I - COSAPI,Sin afectación,0.0,1ra Evaluacion,,2025.0,Supervisado,PIURA,TALARA,EL ALTO
-81.12572,-4.22967,EA1311,Somatito,CNPC - Corporación Nacional de Petróleos de China S.A.,Etapa I - COSAPI,Sin afectación,0.0,1ra Evaluacion,,2025.0,Supervisado,PIURA,TALARA,EL ALTO
-81.11682,-4.22538,EA1303,Somatito,CNPC - Corporación Nacional de Petróleos de China S.A.,Etapa I - COSAPI,No supervisada,0.0,1ra Evaluacion,,,Observado,PIURA,TALARA,LOS ORGANOS
-81.12145,-4.22926,EA1961,Somatito,CNPC - Corporación Nacional de Petróleos de China S.A.,Etapa I - COSAPI,Sin afectación,0.0,1ra Evaluacion,,2025.0,Supervisado,PIURA,TALARA,EL ALTO
-81.12506,-4.23152,EA9602,Somatito,CNPC - Corporación Nacional de Petróleos de China S.A.,Etapa I - COSAPI,Sin afectación,0.0,1ra Evaluacion,,2025.0,Supervisado,PIURA,TALARA,EL ALTO
-81.12195,-4.23233,PQA-EA9476,Somatito,CNPC - Corporación Nacional de Petróleos de China S.A.,Etapa I - COSAPI,Sin afectación,0.0,1ra Evaluacion,,2025.0,Supervisado,PIURA,TALARA,EL ALTO
-81.12531,-4.23369,PQA-EA9474,Somatito,CNPC - Corporación Nacional de Petróleos de China S.A.,Etapa I - COSAPI,No supervisada,0.0,1ra Evaluacion,,,Observado,PIURA,TALARA,EL ALTO
-81.11547,-4.22723,EA2389,Somatito,CNPC - Corporación Nacional de Petróleos de China S.A.,Etapa I - COSAPI,No supervisada,0.0,1ra Evaluacion,,,Observado,PIURA,TALARA,EL ALTO
-81.1188,-4.22372,EA2206,Somatito,CNPC - Corporación Nacional de Petróleos de China S.A.,Etapa I - COSAPI,No supervisada,0.0,1ra Evaluacion,,,Observado,PIURA,TALARA,LOS ORGANOS
-81.10741,-4.21518,EA1349,Laguna,CNPC - Corporación Nacional de Petróleos de China S.A.,Etapa I - COSAPI,Sin afectación,0.0,1ra Evaluacion,,2025.0,Supervisado,PIURA,TALARA,LOS ORGANOS
-81.1117,-4.222,EA10426,Laguna,CNPC - Corporación Nacional de Petróleos de China S.A.,Etapa I - COSAPI,Sin afectación,0.0,1ra Evaluacion,,2025.0,Supervisado,PIURA,TALARA,LOS ORGANOS
-81.1088,-4.21738,EA10429,Laguna,CNPC - Corporación Nacional de Petróleos de China S.A.,Etapa I - COSAPI,Sin afectación,0.0,1ra Evaluacion,,2025.0,Supervisado,PIURA,TALARA,LOS ORGANOS
-81.11749,-4.22396,EA10541,Somatito,CNPC - Corporación Nacional de Petróleos de China S.A.,Etapa I - COSAPI,Sin afectación,0.0,1ra Evaluacion,,2025.0,Supervisado,PIURA,TALARA,LOS ORGANOS
-81.12071,-4.23166,PQA-EA1949,Somatito,CNPC - Corporación Nacional de Petróleos de China S.A.,Etapa I - COSAPI,No supervisada,0.0,1ra Evaluacion,,,Observado,PIURA,TALARA,EL ALTO
-81.11683,-4.24183,EA6263,Somatito,CNPC - Corporación Nacional de Petróleos de China S.A.,Etapa I - COSAPI,No supervisada,0.0,1ra Evaluacion,,2023.0,Observado,PIURA,TALARA,EL ALTO
-81.09812,-4.22147,BAT-LA07,Laguna,CNPC - Corporación Nacional de Petróleos de China S.A.,Etapa I - COSAPI,Con afectación,10.0,1ra Evaluacion,2,2025.0,Supervisado,PIURA,TALARA,LOS ORGANOS
-81.12825,-4.2365,EA7119,Somatito,CNPC - Corporación Nacional de Petróleos de China S.A.,Etapa I - COSAPI,Sin afectación,0.0,1ra Evaluacion,,2025.0,Supervisado,PIURA,TALARA,EL ALTO
-81.11601,-4.23706,EA2277E,Somatito,CNPC - Corporación Nacional de Petróleos de China S.A.,Etapa I - COSAPI,Sin afectación,0.0,1ra Evaluacion,,2022.0,Supervisado,PIURA,TALARA,EL ALTO
-81.11076,-4.22058,PQA-EA9438,Laguna,CNPC - Corporación Nacional de Petróleos de China S.A.,Etapa I - COSAPI,No supervisada,0.0,1ra Evaluacion,,,Observado,PIURA,TALARA,LOS ORGANOS
-81.11246,-4.2133,EA1856,Laguna,CNPC - Corporación Nacional de Petróleos de China S.A.,Etapa I - COSAPI,Sin afectación,0.0,1ra Evaluacion,,2025.0,Supervisado,PIURA,TALARA,LOS ORGANOS
-81.12674,-4.23731,EA9106,Somatito,CNPC - Corporación Nacional de Petróleos de China S.A.,Etapa I - COSAPI,Sin afectación,0.0,1ra Evaluacion,,2023.0,Supervisado,PIURA,TALARA,EL ALTO
-81.12088,-4.23328,EA9421,Somatito,CNPC - Corporación Nacional de Petróleos de China S.A.,Etapa I - COSAPI,Sin afectación,0.0,1ra Evaluacion,,2025.0,Supervisado,PIURA,TALARA,EL ALTO
-81.12683,-4.23132,PQA-EA9436,Somatito,CNPC - Corporación Nacional de Petróleos de China S.A.,Etapa I - COSAPI,Sin afectación,0.0,1ra Evaluacion,,2025.0,Supervisado,PIURA,TALARA,EL ALTO
-81.12895,-4.23422,PQA-EA1989,Somatito,CNPC - Corporación Nacional de Petróleos de China S.A.,Etapa I - COSAPI,No supervisada,0.0,1ra Evaluacion,,,Observado,PIURA,TALARA,EL ALTO
-81.12044,-4.2255,PQA-EA9496,Somatito,CNPC - Corporación Nacional de Petróleos de China S.A.,Etapa I - COSAPI,No supervisada,0.0,1ra Evaluacion,,,Observado,PIURA,TALARA,LOS ORGANOS
-81.12794,-4.23843,EA9448,Somatito,CNPC - Corporación Nacional de Petróleos de China S.A.,Etapa I - COSAPI,No supervisada,0.0,1ra Evaluacion,,,Observado,PIURA,TALARA,EL ALTO
-81.1273,-4.23588,EA1327,Somatito,CNPC - Corporación Nacional de Petróleos de China S.A.,Etapa I - COSAPI,No supervisada,0.0,1ra Evaluacion,,,Observado,PIURA,TALARA,EL ALTO
-81.12545,-4.23603,EA9446,Somatito,CNPC - Corporación Nacional de Petróleos de China S.A.,Etapa I - COSAPI,Sin afectación,0.0,1ra Evaluacion,,2023.0,Supervisado,PIURA,TALARA,EL ALTO
-81.13084,-4.23508,EA1350,Somatito,CNPC - Corporación Nacional de Petróleos de China S.A.,Etapa I - COSAPI,Con afectación,3.5,1ra Evaluacion,1,2025.0,Supervisado,PIURA,TALARA,EL ALTO
-81.1115,-4.21808,PQA-EA1272,Laguna,CNPC - Corporación Nacional de Petróleos de China S.A.,Etapa I - COSAPI,No supervisada,0.0,1ra Evaluacion,,,Observado,PIURA,TALARA,LOS ORGANOS
-81.11401,-4.23482,EA1273,Laguna,CNPC - Corporación Nacional de Petróleos de China S.A.,Etapa I - COSAPI,Sin afectación,0.0,1ra Evaluacion,,2023.0,Supervisado,PIURA,TALARA,EL ALTO
-81.12184,-4.27282,PQA-EA2364E,Zapotal,CNPC - Corporación Nacional de Petróleos de China S.A.,Etapa I - COSAPI,No supervisada,0.0,,,,Verificado,PIURA,TALARA,EL ALTO
-81.12923,-4.23629,EA9444,Somatito,CNPC - Corporación Nacional de Petróleos de China S.A.,Etapa I - COSAPI,No supervisada,0.0,1ra Evaluacion,,,Observado,PIURA,TALARA,EL ALTO
-81.12005,-4.23731,EA7171,Somatito,CNPC - Corporación Nacional de Petróleos de China S.A.,Etapa I - COSAPI,Sin afectación,0.0,1ra Evaluacion,,2023.0,Supervisado,PIURA,TALARA,EL ALTO
-81.11824,-4.23385,EA2333,Somatito,CNPC - Corporación Nacional de Petróleos de China S.A.,Etapa I - COSAPI,Sin afectación,0.0,1ra Evaluacion,,2023.0,Supervisado,PIURA,TALARA,EL ALTO
-81.13418,-4.27749,PQA-EA9684,Zapotal,CNPC - Corporación Nacional de Petróleos de China S.A.,Etapa I - COSAPI,No supervisada,0.0,1ra Evaluacion,,,Observado,PIURA,TALARA,EL ALTO
-81.11969,-4.28443,PQA-EA9596,Zapotal,CNPC - Corporación Nacional de Petróleos de China S.A.,Etapa I - COSAPI,Con afectación,8.0,1ra Evaluacion,2,2025.0,Supervisado,PIURA,TALARA,EL ALTO
-81.1191,-4.23924,EA2312,Somatito,CNPC - Corporación Nacional de Petróleos de China S.A.,Etapa I - COSAPI,No supervisada,0.0,1ra Evaluacion,,2023.0,Observado,PIURA,TALARA,EL ALTO
-81.11822,-4.23119,EA7096,Somatito,CNPC - Corporación Nacional de Petróleos de China S.A.,Etapa I - COSAPI,Sin afectación,0.0,1ra Evaluacion,,2025.0,Supervisado,PIURA,TALARA,EL ALTO
-81.11896,-4.23373,EA1225,Somatito,CNPC - Corporación Nacional de Petróleos de China S.A.,Etapa I - COSAPI,Sin afectación,0.0,1ra Evaluacion,,2025.0,Supervisado,PIURA,TALARA,EL ALTO
-81.11841,-4.23195,EA9112,Somatito,CNPC - Corporación Nacional de Petróleos de China S.A.,Etapa I - COSAPI,Sin afectación,0.0,1ra Evaluacion,,2022.0,Supervisado,PIURA,TALARA,EL ALTO
-81.1233,-4.23518,EA9447,Somatito,CNPC - Corporación Nacional de Petróleos de China S.A.,Etapa I - COSAPI,Sin afectación,0.0,1ra Evaluacion,,2025.0,Supervisado,PIURA,TALARA,EL ALTO
-81.12226,-4.27966,PQA-EA2398,Zapotal,CNPC - Corporación Nacional de Petróleos de China S.A.,Etapa I - COSAPI,No supervisada,0.0,1ra Evaluacion,,,Planificado,PIURA,TALARA,EL ALTO
-81.1159,-4.23907,EA7184,Somatito,CNPC - Corporación Nacional de Petróleos de China S.A.,Etapa I - COSAPI,No supervisada,0.0,1ra Evaluacion,,2023.0,Observado,PIURA,TALARA,EL ALTO
-81.12474,-4.23768,EA2383,Somatito,CNPC - Corporación Nacional de Petróleos de China S.A.,Etapa I - COSAPI,Sin afectación,0.0,1ra Evaluacion,,2025.0,Supervisado,PIURA,TALARA,EL ALTO
-81.1218,-4.23554,PQA-EA2353,Somatito,CNPC - Corporación Nacional de Petróleos de China S.A.,Etapa I - COSAPI,No supervisada,0.0,1ra Evaluacion,,,Observado,PIURA,TALARA,EL ALTO
-81.12202,-4.24124,EA6149,Somatito,CNPC - Corporación Nacional de Petróleos de China S.A.,Etapa I - COSAPI,Con afectación,87.27,1ra Evaluacion,1,2023.0,Supervisado,PIURA,TALARA,EL ALTO
-81.12395,-4.23644,EA9113,Somatito,CNPC - Corporación Nacional de Petróleos de China S.A.,Etapa I - COSAPI,Sin afectación,0.0,1ra Evaluacion,,2025.0,Supervisado,PIURA,TALARA,EL ALTO
-81.1211,-4.24019,EA2024,Somatito,CNPC - Corporación Nacional de Petróleos de China S.A.,Etapa I - COSAPI,Con afectación,32.22,1ra Evaluacion,2,2023.0,Supervisado,PIURA,TALARA,EL ALTO
-81.11859,-4.2401,EA7509,Somatito,CNPC - Corporación Nacional de Petróleos de China S.A.,Etapa I - COSAPI,Sin afectación,0.0,1ra Evaluacion,,2023.0,Supervisado,PIURA,TALARA,EL ALTO
-81.12192,-4.23573,MNF-MC02-LA06,Somatito,CNPC - Corporación Nacional de Petróleos de China S.A.,Etapa I - COSAPI,Sin afectación,0.0,1ra Evaluacion,,2025.0,Supervisado,PIURA,TALARA,EL ALTO
-81.1188,-4.2488,EA1520,Somatito,CNPC - Corporación Nacional de Petróleos de China S.A.,Etapa I - COSAPI,Sin afectación,0.0,1ra Evaluacion,,2023.0,Supervisado,PIURA,TALARA,EL ALTO
-81.12149,-4.23801,EA1572,Somatito,CNPC - Corporación Nacional de Petróleos de China S.A.,Etapa I - COSAPI,Con afectación,26.49,1ra Evaluacion,1,2023.0,Supervisado,PIURA,TALARA,EL ALTO
-81.11621,-4.25427,EA5675,Somatito,CNPC - Corporación Nacional de Petróleos de China S.A.,Etapa I - COSAPI,Con afectación,10.0,1ra Evaluacion,2,2025.0,Supervisado,PIURA,TALARA,EL ALTO
-81.11676,-4.23549,EA9493,Somatito,CNPC - Corporación Nacional de Petróleos de China S.A.,Etapa I - COSAPI,No supervisada,0.0,1ra Evaluacion,,2023.0,Observado,PIURA,TALARA,EL ALTO
-81.11865,-4.242,EA7176,Somatito,CNPC - Corporación Nacional de Petróleos de China S.A.,Etapa I - COSAPI,Sin afectación,0.0,1ra Evaluacion,,2023.0,Supervisado,PIURA,TALARA,EL ALTO
-81.1247,-4.24373,EA6341,Somatito,CNPC - Corporación Nacional de Petróleos de China S.A.,Etapa I - COSAPI,Con afectación,5.0,1ra Evaluacion,1,2025.0,Supervisado,PIURA,TALARA,EL ALTO
-81.12823,-4.24916,EA1240,Somatito,CNPC - Corporación Nacional de Petróleos de China S.A.,Etapa I - COSAPI,Sin afectación,0.0,1ra Evaluacion,,2025.0,Supervisado,PIURA,TALARA,EL ALTO
-81.12172,-4.24259,EA1302,Somatito,CNPC - Corporación Nacional de Petróleos de China S.A.,Etapa I - COSAPI,Sin afectación,0.0,1ra Evaluacion,,2023.0,Supervisado,PIURA,TALARA,EL ALTO
-81.12575,-4.24811,EA1777,Somatito,CNPC - Corporación Nacional de Petróleos de China S.A.,Etapa I - COSAPI,No supervisada,0.0,1ra Evaluacion,,,Observado,PIURA,TALARA,EL ALTO
-81.12069,-4.24127,EA10302,Somatito,CNPC - Corporación Nacional de Petróleos de China S.A.,Etapa I - COSAPI,No supervisada,0.0,1ra Evaluacion,,2023.0,Observado,PIURA,TALARA,EL ALTO
-81.12559,-4.24629,MNF-MC01-LA08,Somatito,CNPC - Corporación Nacional de Petróleos de China S.A.,Etapa I - COSAPI,Sin afectación,0.0,1ra Evaluacion,,2025.0,Supervisado,PIURA,TALARA,EL ALTO
-81.12467,-4.24528,EA1261,Somatito,CNPC - Corporación Nacional de Petróleos de China S.A.,Etapa I - COSAPI,No supervisada,0.0,1ra Evaluacion,,2023.0,Observado,PIURA,TALARA,EL ALTO
-81.12201,-4.24665,EA7048,Somatito,CNPC - Corporación Nacional de Petróleos de China S.A.,Etapa I - COSAPI,Con afectación,40.57,1ra Evaluacion,1,2023.0,Supervisado,PIURA,TALARA,EL ALTO
-81.11768,-4.2386,EA1262,Somatito,CNPC - Corporación Nacional de Petróleos de China S.A.,Etapa I - COSAPI,No supervisada,0.0,1ra Evaluacion,,,Por definir,PIURA,TALARA,EL ALTO
-81.12299,-4.24551,EA10163,Somatito,CNPC - Corporación Nacional de Petróleos de China S.A.,Etapa I - COSAPI,Sin afectación,0.0,1ra Evaluacion,,2023.0,Supervisado,PIURA,TALARA,EL ALTO
-81.12741,-4.24606,EA1527,Somatito,CNPC - Corporación Nacional de Petróleos de China S.A.,Etapa I - COSAPI,Sin afectación,0.0,1ra Evaluacion,,2023.0,Supervisado,PIURA,TALARA,EL ALTO
-81.12893,-4.24747,EA9456,Somatito,CNPC - Corporación Nacional de Petróleos de China S.A.,Etapa I - COSAPI,No supervisada,0.0,1ra Evaluacion,,,Observado,PIURA,TALARA,EL ALTO
-81.11986,-4.25434,EA5972,Somatito,CNPC - Corporación Nacional de Petróleos de China S.A.,Etapa I - COSAPI,Con afectación,34.63,1ra Evaluacion,1,2023.0,Supervisado,PIURA,TALARA,EL ALTO
-81.11593,-4.24988,EA5838,Somatito,CNPC - Corporación Nacional de Petróleos de China S.A.,Etapa I - COSAPI,No supervisada,0.0,1ra Evaluacion,,2023.0,Observado,PIURA,TALARA,EL ALTO
-81.13204,-4.23933,EA9497,Somatito,CNPC - Corporación Nacional de Petróleos de China S.A.,Etapa I - COSAPI,No supervisada,0.0,1ra Evaluacion,,,Observado,PIURA,TALARA,EL ALTO
-81.11841,-4.25229,EA2384E,Somatito,CNPC - Corporación Nacional de Petróleos de China S.A.,Etapa I - COSAPI,No supervisada,0.0,1ra Evaluacion,,,Observado,PIURA,TALARA,EL ALTO
-81.1159,-4.2479,EA7528,Somatito,CNPC - Corporación Nacional de Petróleos de China S.A.,Etapa I - COSAPI,No supervisada,0.0,1ra Evaluacion,,2023.0,Observado,PIURA,TALARA,EL ALTO
-81.12239,-4.24486,EA2003,Somatito,CNPC - Corporación Nacional de Petróleos de China S.A.,Etapa I - COSAPI,Sin afectación,0.0,1ra Evaluacion,,2025.0,Supervisado,PIURA,TALARA,EL ALTO
-81.12442,-4.2533,EA7517,Somatito,CNPC - Corporación Nacional de Petróleos de China S.A.,Etapa I - COSAPI,No supervisada,0.0,1ra Evaluacion,,,Observado,PIURA,TALARA,EL ALTO
-81.12663,-4.24369,EA2221,Somatito,CNPC - Corporación Nacional de Petróleos de China S.A.,Etapa I - COSAPI,Sin afectación,0.0,1ra Evaluacion,,2023.0,Supervisado,PIURA,TALARA,EL ALTO
-81.12536,-4.24457,PQA-EA9107,Somatito,CNPC - Corporación Nacional de Petróleos de China S.A.,Etapa I - COSAPI,No supervisada,0.0,1ra Evaluacion,,2023.0,Observado,PIURA,TALARA,EL ALTO
-81.12579,-4.24069,EA1218,Somatito,CNPC - Corporación Nacional de Petróleos de China S.A.,Etapa I - COSAPI,Sin afectación,0.0,1ra Evaluacion,,2023.0,Supervisado,PIURA,TALARA,EL ALTO
-81.12165,-4.23514,PQA-EA1929,Somatito,CNPC - Corporación Nacional de Petróleos de China S.A.,Etapa I - COSAPI,Sin afectación,0.0,1ra Evaluacion,,2025.0,Supervisado,PIURA,TALARA,EL ALTO
-81.11975,-4.2351,EA9121,Somatito,CNPC - Corporación Nacional de Petróleos de China S.A.,Etapa I - COSAPI,Sin afectación,0.0,1ra Evaluacion,,2022.0,Supervisado,PIURA,TALARA,EL ALTO
-81.13003,-4.24344,EA2023,Somatito,CNPC - Corporación Nacional de Petróleos de China S.A.,Etapa I - COSAPI,Sin afectación,0.0,1ra Evaluacion,,2023.0,Supervisado,PIURA,TALARA,EL ALTO
-81.13496,-4.24243,EA1685,Somatito,CNPC - Corporación Nacional de Petróleos de China S.A.,Etapa I - COSAPI,Sin afectación,0.0,1ra Evaluacion,,2025.0,Supervisado,PIURA,TALARA,EL ALTO
-81.12112,-4.23513,BAT-LA06,Somatito,CNPC - Corporación Nacional de Petróleos de China S.A.,Etapa I - COSAPI,Sin afectación,0.0,1ra Evaluacion,,2025.0,Supervisado,PIURA,TALARA,EL ALTO
-81.12874,-4.24365,EA9492,Somatito,CNPC - Corporación Nacional de Petróleos de China S.A.,Etapa I - COSAPI,Sin afectación,0.0,1ra Evaluacion,,2022.0,Supervisado,PIURA,TALARA,EL ALTO
-81.14239,-4.25914,EA10003,Somatito,CNPC - Corporación Nacional de Petróleos de China S.A.,Etapa I - COSAPI,Con afectación,31.47,1ra Evaluacion,1,2023.0,Supervisado,PIURA,TALARA,EL ALTO
-81.13844,-4.24582,EA9429,Somatito,CNPC - Corporación Nacional de Petróleos de China S.A.,Etapa I - COSAPI,Sin afectación,0.0,1ra Evaluacion,,2022.0,Supervisado,PIURA,TALARA,EL ALTO
-81.13742,-4.24232,PQA-EA1705,Somatito,CNPC - Corporación Nacional de Petróleos de China S.A.,Etapa I - COSAPI,Con afectación,54.94,1ra Evaluacion,2,2023.0,Supervisado,PIURA,TALARA,EL ALTO
-81.12103,-4.23504,MNF-MC989-LA06,Laguna,CNPC - Corporación Nacional de Petróleos de China S.A.,Etapa I - COSAPI,No supervisada,0.0,1ra Evaluacion,,,Verificado,PIURA,TALARA,EL ALTO
-81.13869,-4.24366,EA9511,Somatito,CNPC - Corporación Nacional de Petróleos de China S.A.,Etapa I - COSAPI,Sin afectación,0.0,1ra Evaluacion,,2025.0,Supervisado,PIURA,TALARA,EL ALTO
-81.13292,-4.24026,PQA-EA1972,Somatito,CNPC - Corporación Nacional de Petróleos de China S.A.,Etapa I - COSAPI,No supervisada,0.0,1ra Evaluacion,,,Observado,PIURA,TALARA,EL ALTO
-81.13749,-4.24454,PQA-EA9114,Somatito,CNPC - Corporación Nacional de Petróleos de China S.A.,Etapa I - COSAPI,No supervisada,0.0,1ra Evaluacion,,,Observado,PIURA,TALARA,EL ALTO
-81.13071,-4.24812,EA1573,Somatito,CNPC - Corporación Nacional de Petróleos de China S.A.,Etapa I - COSAPI,Sin afectación,0.0,1ra Evaluacion,,2023.0,Supervisado,PIURA,TALARA,EL ALTO
-81.14316,-4.24173,PQA-EA2156,Somatito,CNPC - Corporación Nacional de Petróleos de China S.A.,Etapa I - COSAPI,Sin afectación,0.0,1ra Evaluacion,,2025.0,Supervisado,PIURA,TALARA,EL ALTO
-81.14701,-4.24211,PQA-EA9523,Somatito,CNPC - Corporación Nacional de Petróleos de China S.A.,Etapa I - COSAPI,Sin afectación,0.0,1ra Evaluacion,,2025.0,Supervisado,PIURA,TALARA,EL ALTO
-81.14073,-4.24646,EA9427,Somatito,CNPC - Corporación Nacional de Petróleos de China S.A.,Etapa I - COSAPI,Sin afectación,0.0,1ra Evaluacion,,2023.0,Supervisado,PIURA,TALARA,EL ALTO
-81.1303,-4.2496,EA9451,Somatito,CNPC - Corporación Nacional de Petróleos de China S.A.,Etapa I - COSAPI,Sin afectación,0.0,1ra Evaluacion,,2025.0,Supervisado,PIURA,TALARA,EL ALTO
-81.14221,-4.24569,EA2209,Somatito,CNPC - Corporación Nacional de Petróleos de China S.A.,Etapa I - COSAPI,Sin afectación,0.0,1ra Evaluacion,,2025.0,Supervisado,PIURA,TALARA,EL ALTO
-81.14958,-4.24021,EA1289,Somatito,CNPC - Corporación Nacional de Petróleos de China S.A.,Etapa I - COSAPI,Sin afectación,0.0,2da Evaluacion,,2025.0,Supervisado,PIURA,TALARA,EL ALTO
-81.13364,-4.2475,EA1112,Somatito,CNPC - Corporación Nacional de Petróleos de China S.A.,Etapa I - COSAPI,No supervisada,0.0,1ra Evaluacion,,,Observado,PIURA,TALARA,EL ALTO
-81.1422,-4.23864,EA2129,Somatito,CNPC - Corporación Nacional de Petróleos de China S.A.,Etapa I - COSAPI,Sin afectación,0.0,1ra Evaluacion,,2023.0,Supervisado,PIURA,TALARA,EL ALTO
-81.14428,-4.23976,PQA-EA2131,Somatito,CNPC - Corporación Nacional de Petróleos de China S.A.,Etapa I - COSAPI,Sin afectación,0.0,1ra Evaluacion,,2025.0,Supervisado,PIURA,TALARA,EL ALTO
-81.13807,-4.25835,MNF-MC08-ZA01,Somatito,CNPC - Corporación Nacional de Petróleos de China S.A.,Etapa I - COSAPI,Sin afectación,0.0,1ra Evaluacion,,2023.0,Supervisado,PIURA,TALARA,EL ALTO
-81.1463,-4.24436,EA9522,Somatito,CNPC - Corporación Nacional de Petróleos de China S.A.,Etapa I - COSAPI,Sin afectación,0.0,1ra Evaluacion,,2023.0,Supervisado,PIURA,TALARA,EL ALTO
-81.14569,-4.23817,EA2157,Somatito,CNPC - Corporación Nacional de Petróleos de China S.A.,Etapa I - COSAPI,Sin afectación,0.0,1ra Evaluacion,,2025.0,Supervisado,PIURA,TALARA,EL ALTO
-81.14725,-4.23751,EA9491,Somatito,CNPC - Corporación Nacional de Petróleos de China S.A.,Etapa I - COSAPI,Sin afectación,0.0,1ra Evaluacion,,2022.0,Supervisado,PIURA,TALARA,EL ALTO
-81.14562,-4.23637,EA9464,Somatito,CNPC - Corporación Nacional de Petróleos de China S.A.,Etapa I - COSAPI,Sin afectación,0.0,1ra Evaluacion,,2025.0,Supervisado,PIURA,TALARA,EL ALTO
-81.13211,-4.24499,EA2393,Somatito,CNPC - Corporación Nacional de Petróleos de China S.A.,Etapa I - COSAPI,Sin afectación,0.0,1ra Evaluacion,,2023.0,Supervisado,PIURA,TALARA,EL ALTO
-81.12976,-4.24584,EA1910,Somatito,CNPC - Corporación Nacional de Petróleos de China S.A.,Etapa I - COSAPI,Sin afectación,0.0,1ra Evaluacion,,2023.0,Supervisado,PIURA,TALARA,EL ALTO
-81.13294,-4.24984,PQA-EA1219,Somatito,CNPC - Corporación Nacional de Petróleos de China S.A.,Etapa I - COSAPI,Sin afectación,0.0,1ra Evaluacion,,2025.0,Supervisado,PIURA,TALARA,EL ALTO
-81.14258,-4.24349,PQA-EA299,Somatito,CNPC - Corporación Nacional de Petróleos de China S.A.,Etapa I - COSAPI,Sin afectación,0.0,1ra Evaluacion,,2025.0,Supervisado,PIURA,TALARA,EL ALTO
-81.13493,-4.25588,EA1343,Somatito,CNPC - Corporación Nacional de Petróleos de China S.A.,Etapa I - COSAPI,Sin afectación,0.0,1ra Evaluacion,,2025.0,Supervisado,PIURA,TALARA,EL ALTO
-81.13285,-4.2544,EA9439,Somatito,CNPC - Corporación Nacional de Petróleos de China S.A.,Etapa I - COSAPI,Sin afectación,0.0,1ra Evaluacion,,2023.0,Supervisado,PIURA,TALARA,EL ALTO
-81.1348,-4.25455,EA10306,Somatito,CNPC - Corporación Nacional de Petróleos de China S.A.,Etapa I - COSAPI,Sin afectación,0.0,1ra Evaluacion,,2023.0,Supervisado,PIURA,TALARA,EL ALTO
-81.09263,-4.23396,BAT-LA09,Laguna,CNPC - Corporación Nacional de Petróleos de China S.A.,Etapa I - COSAPI,No supervisada,0.0,1ra Evaluacion,,,Verificado,PIURA,TALARA,EL ALTO
-81.14496,-4.2414,PQA-EA9054,Somatito,CNPC - Corporación Nacional de Petróleos de China S.A.,Etapa I - COSAPI,Sin afectación,0.0,1ra Evaluacion,,2025.0,Supervisado,PIURA,TALARA,EL ALTO
-81.13174,-4.25254,EA1278,Somatito,CNPC - Corporación Nacional de Petróleos de China S.A.,Etapa I - COSAPI,Sin afectación,0.0,1ra Evaluacion,,2025.0,Supervisado,PIURA,TALARA,EL ALTO
-81.13651,-4.25135,EA1221,Somatito,CNPC - Corporación Nacional de Petróleos de China S.A.,Etapa I - COSAPI,Sin afectación,0.0,1ra Evaluacion,,2025.0,Supervisado,PIURA,TALARA,EL ALTO
-81.14182,-4.26755,MNF-EX-MC01-ZA01,Zapotal,CNPC - Corporación Nacional de Petróleos de China S.A.,Etapa I - COSAPI,Sin afectación,0.0,1ra Evaluacion,,2025.0,Supervisado,PIURA,TALARA,EL ALTO
-81.13416,-4.25234,EA1758,Somatito,CNPC - Corporación Nacional de Petróleos de China S.A.,Etapa I - COSAPI,Sin afectación,0.0,1ra Evaluacion,,2025.0,Supervisado,PIURA,TALARA,EL ALTO
-81.14476,-4.24791,EA9109,Somatito,CNPC - Corporación Nacional de Petróleos de China S.A.,Etapa I - COSAPI,Sin afectación,0.0,1ra Evaluacion,,2023.0,Supervisado,PIURA,TALARA,EL ALTO
-81.14331,-4.24873,PQA-EA1518,Somatito,CNPC - Corporación Nacional de Petróleos de China S.A.,Etapa I - COSAPI,Sin afectación,0.0,1ra Evaluacion,,2025.0,Supervisado,PIURA,TALARA,EL ALTO
-81.1439,-4.24416,EA9323,Somatito,CNPC - Corporación Nacional de Petróleos de China S.A.,Etapa I - COSAPI,Sin afectación,0.0,1ra Evaluacion,,2025.0,Supervisado,PIURA,TALARA,EL ALTO
-81.1506,-4.24888,EA9472,Ballena,CNPC - Corporación Nacional de Petróleos de China S.A.,Etapa I - COSAPI,Sin afectación,0.0,1ra Evaluacion,,2022.0,Supervisado,PIURA,TALARA,EL ALTO
-81.14774,-4.24778,PQA-EA9506,Somatito,CNPC - Corporación Nacional de Petróleos de China S.A.,Etapa I - COSAPI,No supervisada,0.0,1ra Evaluacion,,,Observado,PIURA,TALARA,EL ALTO
-81.15101,-4.24453,EA9462,Ballena,CNPC - Corporación Nacional de Petróleos de China S.A.,Etapa I - COSAPI,Sin afectación,0.0,1ra Evaluacion,,2023.0,Supervisado,PIURA,TALARA,EL ALTO
-81.13034,-4.25211,EA9453,Somatito,CNPC - Corporación Nacional de Petróleos de China S.A.,Etapa I - COSAPI,Sin afectación,0.0,1ra Evaluacion,,2025.0,Supervisado,PIURA,TALARA,EL ALTO
-81.11349,-4.24886,EA1554,Laguna,CNPC - Corporación Nacional de Petróleos de China S.A.,Etapa I - COSAPI,No supervisada,0.0,1ra Evaluacion,,,Observado,PIURA,TALARA,EL ALTO
-81.13005,-4.25077,EA1619,Somatito,CNPC - Corporación Nacional de Petróleos de China S.A.,Etapa I - COSAPI,Sin afectación,0.0,1ra Evaluacion,,2025.0,Supervisado,PIURA,TALARA,EL ALTO
-81.14781,-4.24332,EA2531,Somatito,CNPC - Corporación Nacional de Petróleos de China S.A.,Etapa I - COSAPI,Sin afectación,0.0,1ra Evaluacion,,2025.0,Supervisado,PIURA,TALARA,EL ALTO
-81.13528,-4.24903,EA1220,Somatito,CNPC - Corporación Nacional de Petróleos de China S.A.,Etapa I - COSAPI,Sin afectación,0.0,1ra Evaluacion,,2022.0,Supervisado,PIURA,TALARA,EL ALTO
-81.13955,-4.24516,PQA-EA2161,Somatito,CNPC - Corporación Nacional de Petróleos de China S.A.,Etapa I - COSAPI,Sin afectación,0.0,1ra Evaluacion,,2023.0,Supervisado,PIURA,TALARA,EL ALTO
-81.13467,-4.25069,PQA-EA9507,Somatito,CNPC - Corporación Nacional de Petróleos de China S.A.,Etapa I - COSAPI,Sin afectación,0.0,1ra Evaluacion,,2025.0,Supervisado,PIURA,TALARA,EL ALTO
-81.13575,-4.24657,EA2412,Somatito,CNPC - Corporación Nacional de Petróleos de China S.A.,Etapa I - COSAPI,Con afectación,303.05,2da Evaluacion,1,2023.0,Supervisado,PIURA,TALARA,EL ALTO
-81.13194,-4.24649,PQA-EA9111,Somatito,CNPC - Corporación Nacional de Petróleos de China S.A.,Etapa I - COSAPI,No supervisada,0.0,1ra Evaluacion,,,Observado,PIURA,TALARA,EL ALTO
-81.12835,-4.25064,EA9454,Somatito,CNPC - Corporación Nacional de Petróleos de China S.A.,Etapa I - COSAPI,Sin afectación,0.0,1ra Evaluacion,,2023.0,Supervisado,PIURA,TALARA,EL ALTO
-81.14654,-4.24102,PQA-EA2216,Somatito,CNPC - Corporación Nacional de Petróleos de China S.A.,Etapa I - COSAPI,Sin afectación,0.0,1ra Evaluacion,,2025.0,Supervisado,PIURA,TALARA,EL ALTO
-81.1317,-4.24992,EA10034,Somatito,CNPC - Corporación Nacional de Petróleos de China S.A.,Etapa I - COSAPI,Sin afectación,0.0,1ra Evaluacion,,2025.0,Supervisado,PIURA,TALARA,EL ALTO
-81.14953,-4.24428,PQA-EA9432,Somatito,CNPC - Corporación Nacional de Petróleos de China S.A.,Etapa I - COSAPI,Sin afectación,0.0,1ra Evaluacion,,2025.0,Supervisado,PIURA,TALARA,EL ALTO
-81.14921,-4.24214,EA9441,Somatito,CNPC - Corporación Nacional de Petróleos de China S.A.,Etapa I - COSAPI,Con afectación,3.5,1ra Evaluacion,1,2025.0,Supervisado,PIURA,TALARA,EL ALTO
-81.15052,-4.2426,EA9463,Ballena,CNPC - Corporación Nacional de Petróleos de China S.A.,Etapa I - COSAPI,Sin afectación,0.0,1ra Evaluacion,,2023.0,Supervisado,PIURA,TALARA,EL ALTO
-81.13468,-4.24521,PQA-EA9519,Somatito,CNPC - Corporación Nacional de Petróleos de China S.A.,Etapa I - COSAPI,Sin afectación,0.0,1ra Evaluacion,,2023.0,Supervisado,PIURA,TALARA,EL ALTO
-81.13563,-4.24395,EA9442,Somatito,CNPC - Corporación Nacional de Petróleos de China S.A.,Etapa I - COSAPI,Sin afectación,0.0,1ra Evaluacion,,2023.0,Supervisado,PIURA,TALARA,EL ALTO
-81.14563,-4.24948,EA2153,Somatito,CNPC - Corporación Nacional de Petróleos de China S.A.,Etapa I - COSAPI,Sin afectación,0.0,1ra Evaluacion,,2023.0,Supervisado,PIURA,TALARA,EL ALTO
-81.14464,-4.24557,EA2211,Somatito,CNPC - Corporación Nacional de Petróleos de China S.A.,Etapa I - COSAPI,Con afectación,66.35,1ra Evaluacion,1,2023.0,Supervisado,PIURA,TALARA,EL ALTO
-81.13814,-4.25078,EA10041,Somatito,CNPC - Corporación Nacional de Petróleos de China S.A.,Etapa I - COSAPI,No supervisada,0.0,1ra Evaluacion,,,Observado,PIURA,TALARA,EL ALTO
-81.1392,-4.25177,EA1571,Somatito,CNPC - Corporación Nacional de Petróleos de China S.A.,Etapa I - COSAPI,Sin afectación,0.0,1ra Evaluacion,,2023.0,Supervisado,PIURA,TALARA,EL ALTO
-81.13969,-4.25035,EA9322,Somatito,CNPC - Corporación Nacional de Petróleos de China S.A.,Etapa I - COSAPI,Sin afectación,0.0,1ra Evaluacion,,2025.0,Supervisado,PIURA,TALARA,EL ALTO
-81.13939,-4.24761,EA2033,Somatito,CNPC - Corporación Nacional de Petróleos de China S.A.,Etapa I - COSAPI,Sin afectación,0.0,1ra Evaluacion,,2023.0,Supervisado,PIURA,TALARA,EL ALTO
-81.13578,-4.24747,PQA-EA9486,Somatito,CNPC - Corporación Nacional de Petróleos de China S.A.,Etapa I - COSAPI,No supervisada,0.0,1ra Evaluacion,,,Observado,PIURA,TALARA,EL ALTO
-81.13992,-4.25468,EA1107,Somatito,CNPC - Corporación Nacional de Petróleos de China S.A.,Etapa I - COSAPI,Sin afectación,0.0,1ra Evaluacion,,2025.0,Supervisado,PIURA,TALARA,EL ALTO
-81.144,-4.25031,PQA-EA9508,Somatito,CNPC - Corporación Nacional de Petróleos de China S.A.,Etapa I - COSAPI,Sin afectación,0.0,1ra Evaluacion,,2025.0,Supervisado,PIURA,TALARA,EL ALTO
-81.13749,-4.24791,PQA-EA9108,Somatito,CNPC - Corporación Nacional de Petróleos de China S.A.,Etapa I - COSAPI,Sin afectación,0.0,1ra Evaluacion,,2025.0,Supervisado,PIURA,TALARA,EL ALTO
-81.14123,-4.24985,EA1238,Somatito,CNPC - Corporación Nacional de Petróleos de China S.A.,Etapa I - COSAPI,Sin afectación,0.0,1ra Evaluacion,,2025.0,Supervisado,PIURA,TALARA,EL ALTO
-81.14281,-4.25182,EA2038,Somatito,CNPC - Corporación Nacional de Petróleos de China S.A.,Etapa I - COSAPI,Sin afectación,0.0,1ra Evaluacion,,2025.0,Supervisado,PIURA,TALARA,EL ALTO
-81.13769,-4.25033,MNF-MC05-LA08,Somatito,CNPC - Corporación Nacional de Petróleos de China S.A.,Etapa I - COSAPI,No supervisada,0.0,1ra Evaluacion,,,Observado,PIURA,TALARA,EL ALTO
-81.1623,-4.24505,EA2032,Ballena,CNPC - Corporación Nacional de Petróleos de China S.A.,Etapa I - COSAPI,Sin afectación,0.0,1ra Evaluacion,,2023.0,Supervisado,PIURA,TALARA,EL ALTO
-81.14003,-4.25322,EA10039,Somatito,CNPC - Corporación Nacional de Petróleos de China S.A.,Etapa I - COSAPI,Sin afectación,0.0,1ra Evaluacion,,2025.0,Supervisado,PIURA,TALARA,EL ALTO
-81.14236,-4.25,EA9488,Somatito,CNPC - Corporación Nacional de Petróleos de China S.A.,Etapa I - COSAPI,Sin afectación,0.0,1ra Evaluacion,,2025.0,Supervisado,PIURA,TALARA,EL ALTO
-81.179,-4.24005,EA6903,Ballena,CNPC - Corporación Nacional de Petróleos de China S.A.,Etapa I - COSAPI,Sin afectación,0.0,1ra Evaluacion,,2023.0,Supervisado,PIURA,TALARA,EL ALTO
-81.1788,-4.24753,EA1700 / QDA-EA1700,Ballena,CNPC - Corporación Nacional de Petróleos de China S.A.,Etapa I - COSAPI,Sin afectación,0.0,1ra Evaluacion,,2023.0,Supervisado,PIURA,TALARA,EL ALTO
-81.18161,-4.24261,EA7282,Ballena,CNPC - Corporación Nacional de Petróleos de China S.A.,Etapa I - COSAPI,Sin afectación,0.0,1ra Evaluacion,,2023.0,Supervisado,PIURA,TALARA,EL ALTO
-81.1853,-4.24491,EA6914,Ballena,CNPC - Corporación Nacional de Petróleos de China S.A.,Etapa I - COSAPI,Sin afectación,0.0,1ra Evaluacion,,2023.0,Supervisado,PIURA,TALARA,EL ALTO
-81.18349,-4.24638,EA1529,Ballena,CNPC - Corporación Nacional de Petróleos de China S.A.,Etapa I - COSAPI,Sin afectación,0.0,1ra Evaluacion,,2023.0,Supervisado,PIURA,TALARA,EL ALTO
-81.17785,-4.24352,EA7256,Ballena,CNPC - Corporación Nacional de Petróleos de China S.A.,Etapa I - COSAPI,Sin afectación,0.0,1ra Evaluacion,,2023.0,Supervisado,PIURA,TALARA,EL ALTO
-81.17795,-4.24418,EA1115,Ballena,CNPC - Corporación Nacional de Petróleos de China S.A.,Etapa I - COSAPI,Con afectación,31.35,1ra Evaluacion,1,2023.0,Supervisado,PIURA,TALARA,EL ALTO
-81.17981,-4.24219,EA5718,Ballena,CNPC - Corporación Nacional de Petróleos de China S.A.,Etapa I - COSAPI,Sin afectación,0.0,1ra Evaluacion,,2023.0,Supervisado,PIURA,TALARA,EL ALTO
-81.17305,-4.2429,EA5611,Ballena,CNPC - Corporación Nacional de Petróleos de China S.A.,Etapa I - COSAPI,Con afectación,136.23,1ra Evaluacion,2,2023.0,Supervisado,PIURA,TALARA,EL ALTO
-81.17537,-4.24402,EA5649,Ballena,CNPC - Corporación Nacional de Petróleos de China S.A.,Etapa I - COSAPI,Sin afectación,0.0,1ra Evaluacion,,2023.0,Supervisado,PIURA,TALARA,EL ALTO
-81.16964,-4.23928,EA6218,Ballena,CNPC - Corporación Nacional de Petróleos de China S.A.,Etapa I - COSAPI,Sin afectación,0.0,1ra Evaluacion,,2023.0,Supervisado,PIURA,TALARA,EL ALTO
-81.13666,-4.24968,PQA-EA9103,Somatito,CNPC - Corporación Nacional de Petróleos de China S.A.,Etapa I - COSAPI,Sin afectación,0.0,1ra Evaluacion,,2023.0,Supervisado,PIURA,TALARA,EL ALTO
-81.17472,-4.24085,EA1352,Ballena,CNPC - Corporación Nacional de Petróleos de China S.A.,Etapa I - COSAPI,Sin afectación,0.0,1ra Evaluacion,,2023.0,Supervisado,PIURA,TALARA,EL ALTO
-81.17213,-4.24002,EA6176,Ballena,CNPC - Corporación Nacional de Petróleos de China S.A.,Etapa I - COSAPI,Con afectación,18.91,1ra Evaluacion,1,2022.0,Supervisado,PIURA,TALARA,EL ALTO
-81.15273,-4.24481,EA2296E,Ballena,CNPC - Corporación Nacional de Petróleos de China S.A.,Etapa I - COSAPI,Con afectación,32.36,1ra Evaluacion,1,2023.0,Supervisado,PIURA,TALARA,EL ALTO
-81.18269,-4.24332,EA1363,Ballena,CNPC - Corporación Nacional de Petróleos de China S.A.,Etapa I - COSAPI,Sin afectación,0.0,1ra Evaluacion,,2023.0,Supervisado,PIURA,TALARA,EL ALTO
-81.14136,-4.25289,EA9443,Somatito,CNPC - Corporación Nacional de Petróleos de China S.A.,Etapa I - COSAPI,Sin afectación,0.0,1ra Evaluacion,,2025.0,Supervisado,PIURA,TALARA,EL ALTO
-81.15217,-4.24731,EA2321,Ballena,CNPC - Corporación Nacional de Petróleos de China S.A.,Etapa I - COSAPI,Sin afectación,0.0,1ra Evaluacion,,2025.0,Supervisado,PIURA,TALARA,EL ALTO
-81.16658,-4.24438,EA2011,Ballena,CNPC - Corporación Nacional de Petróleos de China S.A.,Etapa I - COSAPI,Con afectación,142.69,1ra Evaluacion,1,2023.0,Supervisado,PIURA,TALARA,EL ALTO
-81.18288,-4.24958,EA5828,Ballena,CNPC - Corporación Nacional de Petróleos de China S.A.,Etapa I - COSAPI,No supervisada,0.0,,,2024.0,Observado,PIURA,TALARA,EL ALTO
-81.17793,-4.24103,EA6808,Ballena,CNPC - Corporación Nacional de Petróleos de China S.A.,Etapa I - COSAPI,Sin afectación,0.0,1ra Evaluacion,,2023.0,Supervisado,PIURA,TALARA,EL ALTO
-81.18012,-4.24529,EA5672,Ballena,CNPC - Corporación Nacional de Petróleos de China S.A.,Etapa I - COSAPI,Sin afectación,0.0,1ra Evaluacion,,2023.0,Supervisado,PIURA,TALARA,EL ALTO
-81.18041,-4.24754,EX-TANQUE-BA34,Ballena,CNPC - Corporación Nacional de Petróleos de China S.A.,Etapa I - COSAPI,No supervisada,0.0,1ra Evaluacion,,,Verificado,PIURA,TALARA,EL ALTO
-81.16431,-4.24431,EA6628,Ballena,CNPC - Corporación Nacional de Petróleos de China S.A.,Etapa I - COSAPI,Sin afectación,0.0,1ra Evaluacion,,2023.0,Supervisado,PIURA,TALARA,EL ALTO
-81.1463,-4.24675,EA9324,Somatito,CNPC - Corporación Nacional de Petróleos de China S.A.,Etapa I - COSAPI,Sin afectación,0.0,1ra Evaluacion,,2025.0,Supervisado,PIURA,TALARA,EL ALTO
-81.15056,-4.24581,EA9512,Ballena,CNPC - Corporación Nacional de Petróleos de China S.A.,Etapa I - COSAPI,Sin afectación,0.0,1ra Evaluacion,,2023.0,Supervisado,PIURA,TALARA,EL ALTO
-81.1385,-4.24949,EA2152,Somatito,CNPC - Corporación Nacional de Petróleos de China S.A.,Etapa I - COSAPI,Con afectación,5.0,1ra Evaluacion,1,2025.0,Supervisado,PIURA,TALARA,EL ALTO
-81.18512,-4.25195,EA1133,Ballena,CNPC - Corporación Nacional de Petróleos de China S.A.,Etapa I - COSAPI,Con afectación,326.36,1ra Evaluacion,2,2023.0,Supervisado,PIURA,TALARA,EL ALTO
-81.18927,-4.25604,MNF-MC03-BA34,Ballena,CNPC - Corporación Nacional de Petróleos de China S.A.,Etapa I - COSAPI,En ejecución,0.0,1ra Evaluacion,,,Planificado,PIURA,TALARA,EL ALTO
-81.17608,-4.2465,EA1508,Ballena,CNPC - Corporación Nacional de Petróleos de China S.A.,Etapa I - COSAPI,Sin afectación,0.0,1ra Evaluacion,,2023.0,Supervisado,PIURA,TALARA,EL ALTO
-81.10724,-4.27945,API-EX-BAT-900,Zapotal,CNPC - Corporación Nacional de Petróleos de China S.A.,Etapa I - COSAPI,No supervisada,0.0,1ra Evaluacion,,,Verificado,PIURA,TALARA,EL ALTO
-81.20244,-4.39387,API-BAT-CA23,Carrizo,CNPC - Corporación Nacional de Petróleos de China S.A.,Etapa I - COSAPI,No supervisada,0.0,1ra Evaluacion,,,No supervisado,PIURA,TALARA,LOBITOS
-81.13125,-4.33935,API-BAT-CA18,La Tuna,CNPC - Corporación Nacional de Petróleos de China S.A.,Etapa I - COSAPI,No supervisada,0.0,1ra Evaluacion,,,No supervisado,PIURA,TALARA,EL ALTO
-81.16827,-4.24129,EA2533,Ballena,CNPC - Corporación Nacional de Petróleos de China S.A.,Etapa I - COSAPI,Sin afectación,0.0,1ra Evaluacion,,2023.0,Supervisado,PIURA,TALARA,EL ALTO
-81.17077,-4.24183,EA5647,Ballena,CNPC - Corporación Nacional de Petróleos de China S.A.,Etapa I - COSAPI,Sin afectación,0.0,1ra Evaluacion,,2023.0,Supervisado,PIURA,TALARA,EL ALTO
-81.18957,-4.25137,EA5909,Ballena,CNPC - Corporación Nacional de Petróleos de China S.A.,Etapa I - COSAPI,Con afectación,25.83,1ra Evaluacion,1,2023.0,Supervisado,PIURA,TALARA,EL ALTO
-81.16584,-4.24162,EA5837,Ballena,CNPC - Corporación Nacional de Petróleos de China S.A.,Etapa I - COSAPI,Sin afectación,0.0,1ra Evaluacion,,2023.0,Supervisado,PIURA,TALARA,EL ALTO
-81.19335,-4.25293,EA7777,Ballena,CNPC - Corporación Nacional de Petróleos de China S.A.,Etapa I - COSAPI,Sin afectación,0.0,1ra Evaluacion,,2023.0,Supervisado,PIURA,TALARA,EL ALTO
-81.19175,-4.25154,EA7776,Ballena,CNPC - Corporación Nacional de Petróleos de China S.A.,Etapa I - COSAPI,Con afectación,122.04,1ra Evaluacion,1,2023.0,Supervisado,PIURA,TALARA,EL ALTO
-81.19202,-4.25852,EA741,Ballena,CNPC - Corporación Nacional de Petróleos de China S.A.,Etapa I - COSAPI,Con afectación,35.94,1ra Evaluacion,1,2024.0,Supervisado,PIURA,TALARA,EL ALTO
-81.19212,-4.25538,EA6787,Ballena,CNPC - Corporación Nacional de Petróleos de China S.A.,Etapa I - COSAPI,Con afectación,37.04,1ra Evaluacion,1,2023.0,Supervisado,PIURA,TALARA,EL ALTO
-81.187,-4.24884,EA6878,Ballena,CNPC - Corporación Nacional de Petróleos de China S.A.,Etapa I - COSAPI,Sin afectación,0.0,1ra Evaluacion,,2023.0,Supervisado,PIURA,TALARA,EL ALTO
-81.1731,-4.24576,EA1285,Ballena,CNPC - Corporación Nacional de Petróleos de China S.A.,Etapa I - COSAPI,Sin afectación,0.0,1ra Evaluacion,,2023.0,Supervisado,PIURA,TALARA,EL ALTO
-81.17395,-4.24318,MNF-MC01-BA34,Ballena,CNPC - Corporación Nacional de Petróleos de China S.A.,Etapa I - COSAPI,No supervisada,0.0,1ra Evaluacion,,,Verificado,PIURA,TALARA,EL ALTO
-81.19083,-4.25912,EA7953,Ballena,CNPC - Corporación Nacional de Petróleos de China S.A.,Etapa I - COSAPI,Sin afectación,0.0,1ra Evaluacion,,2023.0,Supervisado,PIURA,TALARA,EL ALTO
-81.18713,-4.25998,EA1502,Ballena,CNPC - Corporación Nacional de Petróleos de China S.A.,Etapa I - COSAPI,Sin afectación,0.0,1ra Evaluacion,,2023.0,Supervisado,PIURA,TALARA,EL ALTO
-81.14759,-4.24583,PQA-EA2214,Somatito,CNPC - Corporación Nacional de Petróleos de China S.A.,Etapa I - COSAPI,Sin afectación,0.0,1ra Evaluacion,,2023.0,Supervisado,PIURA,TALARA,EL ALTO
-81.189,-4.25512,EA5622,Ballena,CNPC - Corporación Nacional de Petróleos de China S.A.,Etapa I - COSAPI,Sin afectación,0.0,1ra Evaluacion,,2023.0,Supervisado,PIURA,TALARA,EL ALTO
-81.15884,-4.24535,EA6027,Ballena,CNPC - Corporación Nacional de Petróleos de China S.A.,Etapa I - COSAPI,Sin afectación,0.0,1ra Evaluacion,,2023.0,Supervisado,PIURA,TALARA,EL ALTO
-81.23245,-4.27047,EA6601,Peña Negra,CNPC - Corporación Nacional de Petróleos de China S.A.,Etapa II - HAZCO,Sin afectación,0.0,Unica evaluacion,,2025.0,Supervisado,PIURA,TALARA,EL ALTO
-81.24065,-4.2724,EA6602,Peña Negra,CNPC - Corporación Nacional de Petróleos de China S.A.,Etapa II - HAZCO,Sin afectación,0.0,Unica evaluacion,,2023.0,Supervisado,PIURA,TALARA,EL ALTO
-81.24375,-4.26552,EA6663,Peña Negra,CNPC - Corporación Nacional de Petróleos de China S.A.,Etapa II - HAZCO,Sin afectación,0.0,Unica evaluacion,,2023.0,Supervisado,PIURA,TALARA,EL ALTO
-81.24282,-4.26423,EA6664,Peña Negra,CNPC - Corporación Nacional de Petróleos de China S.A.,Etapa II - HAZCO,Sin afectación,0.0,Unica evaluacion,,2025.0,Supervisado,PIURA,TALARA,EL ALTO
-81.23721,-4.27142,EA6741-I,Peña Negra,CNPC - Corporación Nacional de Petróleos de China S.A.,Etapa II - HAZCO,Sin afectación,0.0,Unica evaluacion,,2022.0,Supervisado,PIURA,TALARA,EL ALTO
-81.24151,-4.26495,EA6789,Peña Negra,CNPC - Corporación Nacional de Petróleos de China S.A.,Etapa II - HAZCO,Sin afectación,0.0,Unica evaluacion,,2023.0,Supervisado,PIURA,TALARA,EL ALTO
-81.24285,-4.26916,EA6791,Peña Negra,CNPC - Corporación Nacional de Petróleos de China S.A.,Etapa II - HAZCO,Sin afectación,0.0,Unica evaluacion,,2023.0,Supervisado,PIURA,TALARA,EL ALTO
-81.24387,-4.26893,EA6856,Peña Negra,CNPC - Corporación Nacional de Petróleos de China S.A.,Etapa II - HAZCO,Sin afectación,0.0,Unica evaluacion,,2025.0,Supervisado,PIURA,TALARA,EL ALTO
-81.24413,-4.271,EA6857,Peña Negra,CNPC - Corporación Nacional de Petróleos de China S.A.,Etapa II - HAZCO,Sin afectación,0.0,Unica evaluacion,,2023.0,Supervisado,PIURA,TALARA,EL ALTO
-81.23485,-4.27245,EA6871,Peña Negra,CNPC - Corporación Nacional de Petróleos de China S.A.,Etapa II - HAZCO,Sin afectación,0.0,Unica evaluacion,,2025.0,Supervisado,PIURA,TALARA,EL ALTO
-81.24756,-4.26907,EA7206,Peña Negra,CNPC - Corporación Nacional de Petróleos de China S.A.,Etapa II - HAZCO,Sin afectación,0.0,Unica evaluacion,,2023.0,Supervisado,PIURA,TALARA,EL ALTO
-81.23947,-4.27683,EA7244,Peña Negra,CNPC - Corporación Nacional de Petróleos de China S.A.,Etapa II - HAZCO,En ejecución,0.0,Unica evaluacion,,,Planificado,PIURA,TALARA,EL ALTO
-81.23657,-4.26877,EA7261,Peña Negra,CNPC - Corporación Nacional de Petróleos de China S.A.,Etapa II - HAZCO,Sin afectación,0.0,Unica evaluacion,,2023.0,Supervisado,PIURA,TALARA,EL ALTO
-81.23914,-4.27863,EA7563,Peña Negra,CNPC - Corporación Nacional de Petróleos de China S.A.,Etapa II - HAZCO,En ejecución,0.0,Unica evaluacion,,,Planificado,PIURA,TALARA,EL ALTO
-81.23401,-4.27702,EA7571,Peña Negra,CNPC - Corporación Nacional de Petróleos de China S.A.,Etapa II - HAZCO,En ejecución,0.0,Unica evaluacion,,,Planificado,PIURA,TALARA,EL ALTO
-81.2419,-4.27402,EA7999,Peña Negra,CNPC - Corporación Nacional de Petróleos de China S.A.,Etapa II - HAZCO,Sin afectación,0.0,Unica evaluacion,,2022.0,Supervisado,PIURA,TALARA,EL ALTO
-81.23259,-4.25673,EA1549,Peña Negra,CNPC - Corporación Nacional de Petróleos de China S.A.,Etapa II - HAZCO,En ejecución,0.0,Unica evaluacion,,,Planificado,PIURA,TALARA,EL ALTO
-81.23512,-4.25408,EA1583,Peña Negra,CNPC - Corporación Nacional de Petróleos de China S.A.,Etapa II - HAZCO,Sin afectación,0.0,Unica evaluacion,,2022.0,Supervisado,PIURA,TALARA,EL ALTO
-81.23191,-4.25689,EA1618,Peña Negra,CNPC - Corporación Nacional de Petróleos de China S.A.,Etapa II - HAZCO,Sin afectación,0.0,Unica evaluacion,,2023.0,Supervisado,PIURA,TALARA,EL ALTO
-81.2152,-4.25085,EA1626,Peña Negra,CNPC - Corporación Nacional de Petróleos de China S.A.,Etapa II - HAZCO,Sin afectación,0.0,Unica evaluacion,,2023.0,Supervisado,PIURA,TALARA,EL ALTO
-81.2293,-4.25979,EA1647,Peña Negra,CNPC - Corporación Nacional de Petróleos de China S.A.,Etapa II - HAZCO,En ejecución,0.0,Unica evaluacion,,,Planificado,PIURA,TALARA,EL ALTO
-81.22675,-4.25667,EA1684,Peña Negra,CNPC - Corporación Nacional de Petróleos de China S.A.,Etapa II - HAZCO,Sin afectación,0.0,Unica evaluacion,,2023.0,Supervisado,PIURA,TALARA,EL ALTO
-81.22675,-4.25667,BAT PN33,Peña Negra,CNPC - Corporación Nacional de Petróleos de China S.A.,Etapa II - HAZCO,No concluyeron,0.0,Unica evaluacion,,,Por definir,PIURA,TALARA,EL ALTO
-81.22399,-4.24853,EA1710D,Peña Negra,CNPC - Corporación Nacional de Petróleos de China S.A.,Etapa II - HAZCO,Sin afectación,0.0,Unica evaluacion,,2022.0,Supervisado,PIURA,TALARA,EL ALTO
-81.229,-4.25969,EA1729,Peña Negra,CNPC - Corporación Nacional de Petróleos de China S.A.,Etapa II - HAZCO,Sin afectación,0.0,Unica evaluacion,,2023.0,Supervisado,PIURA,TALARA,EL ALTO
-81.22024,-4.25641,EA1732,Peña Negra,CNPC - Corporación Nacional de Petróleos de China S.A.,Etapa II - HAZCO,Sin afectación,0.0,Unica evaluacion,,2022.0,Supervisado,PIURA,TALARA,EL ALTO
-81.22348,-4.25286,EA1817,Peña Negra,CNPC - Corporación Nacional de Petróleos de China S.A.,Etapa II - HAZCO,Sin afectación,0.0,Unica evaluacion,,2022.0,Supervisado,PIURA,TALARA,EL ALTO
-81.21363,-4.24355,EA2028,Peña Negra,CNPC - Corporación Nacional de Petróleos de China S.A.,Etapa II - HAZCO,Con afectación,4.0,Unica evaluacion,1,2025.0,Supervisado,PIURA,TALARA,EL ALTO
-81.23207,-4.25202,EA2488,Peña Negra,CNPC - Corporación Nacional de Petróleos de China S.A.,Etapa II - HAZCO,Sin afectación,0.0,Unica evaluacion,,2022.0,Supervisado,PIURA,TALARA,EL ALTO
-81.21864,-4.24654,EA2504,Peña Negra,CNPC - Corporación Nacional de Petróleos de China S.A.,Etapa II - HAZCO,Sin afectación,0.0,Unica evaluacion,,2025.0,Supervisado,PIURA,TALARA,EL ALTO
-81.22651,-4.25111,EA2521,Peña Negra,CNPC - Corporación Nacional de Petróleos de China S.A.,Etapa II - HAZCO,Sin afectación,0.0,Unica evaluacion,,2022.0,Supervisado,PIURA,TALARA,EL ALTO
-81.21128,-4.24266,EA5847,Peña Negra,CNPC - Corporación Nacional de Petróleos de China S.A.,Etapa II - HAZCO,Con afectación,4.0,Unica evaluacion,1,2025.0,Supervisado,PIURA,TALARA,EL ALTO
-81.21663,-4.24597,EA6123,Peña Negra,CNPC - Corporación Nacional de Petróleos de China S.A.,Etapa II - HAZCO,Con afectación,16.0,Unica evaluacion,4,2025.0,Supervisado,PIURA,TALARA,EL ALTO
-81.21199,-4.24027,EA6181,Peña Negra,CNPC - Corporación Nacional de Petróleos de China S.A.,Etapa II - HAZCO,Sin afectación,0.0,Unica evaluacion,,2025.0,Supervisado,PIURA,TALARA,EL ALTO
-81.21374,-4.24597,EA6183,Peña Negra,CNPC - Corporación Nacional de Petróleos de China S.A.,Etapa II - HAZCO,Sin afectación,0.0,Unica evaluacion,,2025.0,Supervisado,PIURA,TALARA,EL ALTO
-81.22634,-4.25371,EA6204,Peña Negra,CNPC - Corporación Nacional de Petróleos de China S.A.,Etapa II - HAZCO,Sin afectación,0.0,Unica evaluacion,,2022.0,Supervisado,PIURA,TALARA,EL ALTO
-81.22312,-4.25858,EA6217,Peña Negra,Lote X,Etapa II - HAZCO,Sin afectación,0.0,Unica evaluacion,,2022.0,Supervisado,PIURA,TALARA,EL ALTO
-81.22446,-4.25531,EA6278,Peña Negra,CNPC - Corporación Nacional de Petróleos de China S.A.,Etapa II - HAZCO,Sin afectación,0.0,Unica evaluacion,,2023.0,Supervisado,PIURA,TALARA,EL ALTO
-81.22953,-4.25407,EA6279,Peña Negra,CNPC - Corporación Nacional de Petróleos de China S.A.,Etapa II - HAZCO,Sin afectación,0.0,Unica evaluacion,,2022.0,Supervisado,PIURA,TALARA,EL ALTO
-81.21531,-4.24799,EA6339,Peña Negra,CNPC - Corporación Nacional de Petróleos de China S.A.,Etapa II - HAZCO,Sin afectación,0.0,Unica evaluacion,,2025.0,Supervisado,PIURA,TALARA,EL ALTO
-81.21784,-4.24878,EA6457,Peña Negra,CNPC - Corporación Nacional de Petróleos de China S.A.,Etapa II - HAZCO,Sin afectación,0.0,Unica evaluacion,,2025.0,Supervisado,PIURA,TALARA,EL ALTO
-81.22049,-4.24743,EA6604,Peña Negra,CNPC - Corporación Nacional de Petróleos de China S.A.,Etapa II - HAZCO,Con afectación,4.0,Unica evaluacion,1,2025.0,Supervisado,PIURA,TALARA,EL ALTO
-81.21884,-4.25055,EA6607,Peña Negra,CNPC - Corporación Nacional de Petróleos de China S.A.,Etapa II - HAZCO,Sin afectación,0.0,Unica evaluacion,,2025.0,Supervisado,PIURA,TALARA,EL ALTO
-81.21549,-4.24322,EA6677,Peña Negra,CNPC - Corporación Nacional de Petróleos de China S.A.,Etapa II - HAZCO,Sin afectación,0.0,Unica evaluacion,,2025.0,Supervisado,PIURA,TALARA,EL ALTO
-81.22934,-4.25708,EA6849,Peña Negra,CNPC - Corporación Nacional de Petróleos de China S.A.,Etapa II - HAZCO,Sin afectación,0.0,Unica evaluacion,,2023.0,Supervisado,PIURA,TALARA,EL ALTO
-81.22042,-4.25227,EA6854,Peña Negra,CNPC - Corporación Nacional de Petróleos de China S.A.,Etapa II - HAZCO,Con afectación,4.0,Unica evaluacion,1,2025.0,Supervisado,PIURA,TALARA,EL ALTO
-81.22907,-4.25563,Patio de tanques El Alto,Taiman,CNPC - Corporación Nacional de Petróleos de China S.A.,Etapa II - HAZCO,No supervisada,0.0,Unica evaluacion,,,No supervisado,PIURA,TALARA,EL ALTO
-81.17213,-4.25564,EBA 35,Ballena,CNPC - Corporación Nacional de Petróleos de China S.A.,Etapa II - HAZCO,No supervisada,0.0,Unica evaluacion,,,Observado,PIURA,TALARA,EL ALTO
-81.22002,-4.24451,,,,,,,,,,,PIURA,TALARA,LOBITOS
-81.24323,-4.25519,,,,,,,,,,,PIURA,TALARA,LOBITOS
-81.21795,-4.24391,,,,,,,,,,,PIURA,TALARA,LOBITOS
-81.22002,-4.24451,,,,,,,,,,,PIURA,TALARA,LOBITOS
-81.21852,-4.24462,,,,,,,,,,,PIURA,TALARA,LOBITOS
